game_id,comp,season,date_utc,stage,venue,home_name,home_code,away_name,away_code,home_score,away_score,status,source,first_seen
mlb-5057771,MLB,2026,2026-03-26T00:05:00Z,Regular,Oracle Park,San Francisco Giants,SF,New York Yankees,NYY,0,7,FINISHED,balldontlie,2026-08-23T20:56:09+00:00
mlb-5057772,MLB,2026,2026-03-26T17:15:00Z,Regular,Citi Field,New York Mets,NYM,Pittsburgh Pirates,PIT,11,7,FINISHED,balldontlie,2026-08-23T20:56:09+00:00
mlb-5057773,MLB,2026,2026-03-26T18:10:00Z,Regular,American Family Field,Milwaukee Brewers,MIL,Chicago White Sox,CHW,14,2,FINISHED,balldontlie,2026-08-23T20:56:09+00:00
mlb-5057774,MLB,2026,2026-03-26T18:20:00Z,Regular,Wrigley Field,Chicago Cubs,CHC,Washington Nationals,WSH,4,10,FINISHED,balldontlie,2026-08-23T20:56:09+00:00
mlb-5057775,MLB,2026,2026-03-26T19:05:00Z,Regular,Oriole Park at Camden Yards,Baltimore Orioles,BAL,Minnesota Twins,MIN,2,1,FINISHED,balldontlie,2026-08-23T20:56:09+00:00
mlb-5057776,MLB,2026,2026-03-26T20:10:00Z,Regular,Great American Ball Park,Cincinnati Reds,CIN,Boston Red Sox,BOS,0,3,FINISHED,balldontlie,2026-08-23T20:56:09+00:00
mlb-5057777,MLB,2026,2026-03-26T20:10:00Z,Regular,Daikin Park,Houston Astros,HOU,Los Angeles Angels,LAA,0,3,FINISHED,balldontlie,2026-08-23T20:56:09+00:00
mlb-5057778,MLB,2026,2026-03-26T20:10:00Z,Regular,Petco Park,San Diego Padres,SD,Detroit Tigers,DET,2,8,FINISHED,balldontlie,2026-08-23T20:56:09+00:00
mlb-5057779,MLB,2026,2026-03-26T20:15:00Z,Regular,Citizens Bank Park,Philadelphia Phillies,PHI,Texas Rangers,TEX,5,3,FINISHED,balldontlie,2026-08-23T20:56:09+00:00
mlb-5057780,MLB,2026,2026-03-26T20:15:00Z,Regular,Busch Stadium,St. Louis Cardinals,STL,Tampa Bay Rays,TB,9,7,FINISHED,balldontlie,2026-08-23T20:56:09+00:00
mlb-5057781,MLB,2026,2026-03-27T00:30:00Z,Regular,Dodger Stadium,Los Angeles Dodgers,LAD,Arizona Diamondbacks,ARI,8,2,FINISHED,balldontlie,2026-08-23T20:56:09+00:00
mlb-5057782,MLB,2026,2026-03-27T02:10:00Z,Regular,T-Mobile Park,Seattle Mariners,SEA,Cleveland Guardians,CLE,4,6,FINISHED,balldontlie,2026-08-23T20:56:09+00:00
mlb-5057783,MLB,2026,2026-03-27T20:35:00Z,Regular,Oracle Park,San Francisco Giants,SF,New York Yankees,NYY,0,3,FINISHED,balldontlie,2026-08-23T20:56:09+00:00
mlb-5057784,MLB,2026,2026-03-27T23:07:00Z,Regular,Rogers Centre,Toronto Blue Jays,TOR,Oakland Athletics,OAK,3,2,FINISHED,balldontlie,2026-08-23T20:56:09+00:00
mlb-5057785,MLB,2026,2026-03-27T23:10:00Z,Regular,loanDepot park,Miami Marlins,MIA,Colorado Rockies,COL,2,1,FINISHED,balldontlie,2026-08-23T20:56:09+00:00
mlb-5057786,MLB,2026,2026-03-27T23:15:00Z,Regular,Truist Park,Atlanta Braves,ATL,Kansas City Royals,KC,6,0,FINISHED,balldontlie,2026-08-23T20:56:09+00:00
mlb-5057787,MLB,2026,2026-03-28T00:10:00Z,Regular,Daikin Park,Houston Astros,HOU,Los Angeles Angels,LAA,2,6,FINISHED,balldontlie,2026-08-23T20:56:09+00:00
mlb-5057788,MLB,2026,2026-03-28T01:40:00Z,Regular,T-Mobile Park,Seattle Mariners,SEA,Cleveland Guardians,CLE,5,1,FINISHED,balldontlie,2026-08-23T20:56:09+00:00
mlb-5057789,MLB,2026,2026-03-28T01:40:00Z,Regular,Petco Park,San Diego Padres,SD,Detroit Tigers,DET,2,5,FINISHED,balldontlie,2026-08-23T20:56:09+00:00
mlb-5057790,MLB,2026,2026-03-28T02:10:00Z,Regular,Dodger Stadium,Los Angeles Dodgers,LAD,Arizona Diamondbacks,ARI,5,4,FINISHED,balldontlie,2026-08-23T20:56:09+00:00
mlb-5057791,MLB,2026,2026-03-28T18:15:00Z,Regular,Busch Stadium,St. Louis Cardinals,STL,Tampa Bay Rays,TB,6,5,FINISHED,balldontlie,2026-08-23T20:56:09+00:00
mlb-5057792,MLB,2026,2026-03-28T18:20:00Z,Regular,Wrigley Field,Chicago Cubs,CHC,Washington Nationals,WSH,10,2,FINISHED,balldontlie,2026-08-23T20:56:09+00:00
mlb-5057793,MLB,2026,2026-03-28T19:07:00Z,Regular,Rogers Centre,Toronto Blue Jays,TOR,Oakland Athletics,OAK,8,7,FINISHED,balldontlie,2026-08-23T20:56:09+00:00
mlb-5057794,MLB,2026,2026-03-28T20:05:00Z,Regular,Oriole Park at Camden Yards,Baltimore Orioles,BAL,Minnesota Twins,MIN,1,4,FINISHED,balldontlie,2026-08-23T20:56:09+00:00
mlb-5057795,MLB,2026,2026-03-28T20:05:00Z,Regular,Citizens Bank Park,Philadelphia Phillies,PHI,Texas Rangers,TEX,4,5,FINISHED,balldontlie,2026-08-23T20:56:09+00:00
mlb-5057796,MLB,2026,2026-03-28T20:10:00Z,Regular,Great American Ball Park,Cincinnati Reds,CIN,Boston Red Sox,BOS,6,5,FINISHED,balldontlie,2026-08-23T20:56:09+00:00
mlb-5057797,MLB,2026,2026-03-28T20:10:00Z,Regular,loanDepot park,Miami Marlins,MIA,Colorado Rockies,COL,4,3,FINISHED,balldontlie,2026-08-23T20:56:09+00:00
mlb-5057798,MLB,2026,2026-03-28T20:10:00Z,Regular,Citi Field,New York Mets,NYM,Pittsburgh Pirates,PIT,4,2,FINISHED,balldontlie,2026-08-23T20:56:09+00:00
mlb-5057799,MLB,2026,2026-03-28T23:10:00Z,Regular,Daikin Park,Houston Astros,HOU,Los Angeles Angels,LAA,11,9,FINISHED,balldontlie,2026-08-23T20:56:09+00:00
mlb-5057800,MLB,2026,2026-03-28T23:10:00Z,Regular,American Family Field,Milwaukee Brewers,MIL,Chicago White Sox,CHW,6,1,FINISHED,balldontlie,2026-08-23T20:56:09+00:00
mlb-5057801,MLB,2026,2026-03-28T23:15:00Z,Regular,Truist Park,Atlanta Braves,ATL,Kansas City Royals,KC,6,2,FINISHED,balldontlie,2026-08-23T20:56:09+00:00
mlb-5057802,MLB,2026,2026-03-28T23:15:00Z,Regular,Oracle Park,San Francisco Giants,SF,New York Yankees,NYY,1,3,FINISHED,balldontlie,2026-08-23T20:56:09+00:00
mlb-5057803,MLB,2026,2026-03-29T00:40:00Z,Regular,Petco Park,San Diego Padres,SD,Detroit Tigers,DET,3,0,FINISHED,balldontlie,2026-08-23T20:56:09+00:00
mlb-5057804,MLB,2026,2026-03-29T01:10:00Z,Regular,Dodger Stadium,Los Angeles Dodgers,LAD,Arizona Diamondbacks,ARI,3,2,FINISHED,balldontlie,2026-08-23T20:56:09+00:00
mlb-5057805,MLB,2026,2026-03-29T01:40:00Z,Regular,T-Mobile Park,Seattle Mariners,SEA,Cleveland Guardians,CLE,5,6,FINISHED,balldontlie,2026-08-23T20:56:09+00:00
mlb-5057806,MLB,2026,2026-03-29T17:35:00Z,Regular,Truist Park,Atlanta Braves,ATL,Kansas City Royals,KC,1,4,FINISHED,balldontlie,2026-08-23T20:56:09+00:00
mlb-5057807,MLB,2026,2026-03-29T17:35:00Z,Regular,Oriole Park at Camden Yards,Baltimore Orioles,BAL,Minnesota Twins,MIN,8,6,FINISHED,balldontlie,2026-08-23T20:56:09+00:00
mlb-5057808,MLB,2026,2026-03-29T17:35:00Z,Regular,Citizens Bank Park,Philadelphia Phillies,PHI,Texas Rangers,TEX,3,8,FINISHED,balldontlie,2026-08-23T20:56:09+00:00
mlb-5057809,MLB,2026,2026-03-29T17:37:00Z,Regular,Rogers Centre,Toronto Blue Jays,TOR,Oakland Athletics,OAK,5,2,FINISHED,balldontlie,2026-08-23T20:56:09+00:00
mlb-5057810,MLB,2026,2026-03-29T17:40:00Z,Regular,Great American Ball Park,Cincinnati Reds,CIN,Boston Red Sox,BOS,3,2,FINISHED,balldontlie,2026-08-23T20:56:09+00:00
mlb-5057811,MLB,2026,2026-03-29T17:40:00Z,Regular,loanDepot park,Miami Marlins,MIA,Colorado Rockies,COL,4,3,FINISHED,balldontlie,2026-08-23T20:56:09+00:00
mlb-5057812,MLB,2026,2026-03-29T17:40:00Z,Regular,Citi Field,New York Mets,NYM,Pittsburgh Pirates,PIT,3,4,FINISHED,balldontlie,2026-08-23T20:56:09+00:00
mlb-5057813,MLB,2026,2026-03-29T18:10:00Z,Regular,Daikin Park,Houston Astros,HOU,Los Angeles Angels,LAA,9,7,FINISHED,balldontlie,2026-08-23T20:56:09+00:00
mlb-5057814,MLB,2026,2026-03-29T18:10:00Z,Regular,American Family Field,Milwaukee Brewers,MIL,Chicago White Sox,CHW,9,7,FINISHED,balldontlie,2026-08-23T20:56:09+00:00
mlb-5057815,MLB,2026,2026-03-29T18:15:00Z,Regular,Busch Stadium,St. Louis Cardinals,STL,Tampa Bay Rays,TB,7,11,FINISHED,balldontlie,2026-08-23T20:56:09+00:00
mlb-5057816,MLB,2026,2026-03-29T18:20:00Z,Regular,Wrigley Field,Chicago Cubs,CHC,Washington Nationals,WSH,3,6,FINISHED,balldontlie,2026-08-23T20:56:09+00:00
mlb-5057817,MLB,2026,2026-03-29T23:20:00Z,Regular,T-Mobile Park,Seattle Mariners,SEA,Cleveland Guardians,CLE,8,0,FINISHED,balldontlie,2026-08-23T20:56:09+00:00
mlb-5057818,MLB,2026,2026-03-30T20:10:00Z,Regular,Kauffman Stadium,Kansas City Royals,KC,Minnesota Twins,MIN,3,1,FINISHED,balldontlie,2026-08-23T20:56:09+00:00
mlb-5057819,MLB,2026,2026-03-30T22:35:00Z,Regular,Oriole Park at Camden Yards,Baltimore Orioles,BAL,Texas Rangers,TEX,2,5,FINISHED,balldontlie,2026-08-23T20:56:09+00:00
mlb-5057820,MLB,2026,2026-03-30T22:40:00Z,Regular,loanDepot park,Miami Marlins,MIA,Chicago White Sox,CHW,4,9,FINISHED,balldontlie,2026-08-23T20:56:09+00:00
mlb-5057821,MLB,2026,2026-03-30T22:40:00Z,Regular,Great American Ball Park,Cincinnati Reds,CIN,Pittsburgh Pirates,PIT,2,0,FINISHED,balldontlie,2026-08-23T20:56:09+00:00
mlb-5057822,MLB,2026,2026-03-30T22:40:00Z,Regular,Citizens Bank Park,Philadelphia Phillies,PHI,Washington Nationals,WSH,2,13,FINISHED,balldontlie,2026-08-23T20:56:09+00:00
mlb-5057823,MLB,2026,2026-03-30T23:07:00Z,Regular,Rogers Centre,Toronto Blue Jays,TOR,Colorado Rockies,COL,5,14,FINISHED,balldontlie,2026-08-23T20:56:09+00:00
mlb-5057824,MLB,2026,2026-03-30T23:15:00Z,Regular,Truist Park,Atlanta Braves,ATL,Oakland Athletics,OAK,4,0,FINISHED,balldontlie,2026-08-23T20:56:09+00:00
mlb-5057825,MLB,2026,2026-03-30T23:40:00Z,Regular,Wrigley Field,Chicago Cubs,CHC,Los Angeles Angels,LAA,7,2,FINISHED,balldontlie,2026-08-23T20:56:09+00:00
mlb-5057826,MLB,2026,2026-03-30T23:40:00Z,Regular,American Family Field,Milwaukee Brewers,MIL,Tampa Bay Rays,TB,2,3,FINISHED,balldontlie,2026-08-23T20:56:09+00:00
mlb-5057827,MLB,2026,2026-03-30T23:45:00Z,Regular,Busch Stadium,St. Louis Cardinals,STL,New York Mets,NYM,2,4,FINISHED,balldontlie,2026-08-23T20:56:09+00:00
mlb-5057828,MLB,2026,2026-03-31T00:10:00Z,Regular,Daikin Park,Houston Astros,HOU,Boston Red Sox,BOS,8,1,FINISHED,balldontlie,2026-08-23T20:56:09+00:00
mlb-5057829,MLB,2026,2026-03-31T01:40:00Z,Regular,T-Mobile Park,Seattle Mariners,SEA,New York Yankees,NYY,2,1,FINISHED,balldontlie,2026-08-23T20:56:09+00:00
mlb-5057830,MLB,2026,2026-03-31T01:40:00Z,Regular,Petco Park,San Diego Padres,SD,San Francisco Giants,SF,2,3,FINISHED,balldontlie,2026-08-23T20:56:09+00:00
mlb-5057831,MLB,2026,2026-03-31T02:10:00Z,Regular,Dodger Stadium,Los Angeles Dodgers,LAD,Cleveland Guardians,CLE,2,4,FINISHED,balldontlie,2026-08-23T20:56:09+00:00
mlb-5057832,MLB,2026,2026-03-31T02:10:00Z,Regular,Chase Field,Arizona Diamondbacks,ARI,Detroit Tigers,DET,9,6,FINISHED,balldontlie,2026-08-23T20:56:09+00:00
mlb-5057833,MLB,2026,2026-03-31T22:35:00Z,Regular,Oriole Park at Camden Yards,Baltimore Orioles,BAL,Texas Rangers,TEX,5,8,FINISHED,balldontlie,2026-08-23T20:56:09+00:00
mlb-5057834,MLB,2026,2026-03-31T22:40:00Z,Regular,loanDepot park,Miami Marlins,MIA,Chicago White Sox,CHW,9,2,FINISHED,balldontlie,2026-08-23T20:56:09+00:00
mlb-5057835,MLB,2026,2026-03-31T22:40:00Z,Regular,Great American Ball Park,Cincinnati Reds,CIN,Pittsburgh Pirates,PIT,3,8,FINISHED,balldontlie,2026-08-23T20:56:09+00:00
mlb-5057836,MLB,2026,2026-03-31T22:40:00Z,Regular,Citizens Bank Park,Philadelphia Phillies,PHI,Washington Nationals,WSH,3,2,FINISHED,balldontlie,2026-08-23T20:56:09+00:00
mlb-5057837,MLB,2026,2026-03-31T23:07:00Z,Regular,Rogers Centre,Toronto Blue Jays,TOR,Colorado Rockies,COL,5,1,FINISHED,balldontlie,2026-08-23T20:56:09+00:00
mlb-5057838,MLB,2026,2026-03-31T23:15:00Z,Regular,Truist Park,Atlanta Braves,ATL,Oakland Athletics,OAK,2,5,FINISHED,balldontlie,2026-08-23T20:56:09+00:00
mlb-5057839,MLB,2026,2026-03-31T23:40:00Z,Regular,Wrigley Field,Chicago Cubs,CHC,Los Angeles Angels,LAA,0,2,FINISHED,balldontlie,2026-08-23T20:56:09+00:00
mlb-5057840,MLB,2026,2026-03-31T23:40:00Z,Regular,American Family Field,Milwaukee Brewers,MIL,Tampa Bay Rays,TB,6,2,FINISHED,balldontlie,2026-08-23T20:56:09+00:00
mlb-5057841,MLB,2026,2026-03-31T23:45:00Z,Regular,Busch Stadium,St. Louis Cardinals,STL,New York Mets,NYM,3,0,FINISHED,balldontlie,2026-08-23T20:56:09+00:00
mlb-5057842,MLB,2026,2026-04-01T00:10:00Z,Regular,Daikin Park,Houston Astros,HOU,Boston Red Sox,BOS,9,2,FINISHED,balldontlie,2026-08-23T20:56:09+00:00
mlb-5057843,MLB,2026,2026-04-01T01:40:00Z,Regular,Chase Field,Arizona Diamondbacks,ARI,Detroit Tigers,DET,7,5,FINISHED,balldontlie,2026-08-23T20:56:09+00:00
mlb-5057844,MLB,2026,2026-04-01T01:40:00Z,Regular,T-Mobile Park,Seattle Mariners,SEA,New York Yankees,NYY,0,5,FINISHED,balldontlie,2026-08-23T20:56:09+00:00
mlb-5057845,MLB,2026,2026-04-01T01:40:00Z,Regular,Petco Park,San Diego Padres,SD,San Francisco Giants,SF,3,9,FINISHED,balldontlie,2026-08-23T20:56:09+00:00
mlb-5057846,MLB,2026,2026-04-01T02:10:00Z,Regular,Dodger Stadium,Los Angeles Dodgers,LAD,Cleveland Guardians,CLE,4,1,FINISHED,balldontlie,2026-08-23T20:56:09+00:00
mlb-5057847,MLB,2026,2026-04-01T16:15:00Z,Regular,Truist Park,Atlanta Braves,ATL,Oakland Athletics,OAK,5,1,FINISHED,balldontlie,2026-08-23T20:56:09+00:00
mlb-5057848,MLB,2026,2026-04-01T16:35:00Z,Regular,Oriole Park at Camden Yards,Baltimore Orioles,BAL,Texas Rangers,TEX,8,3,FINISHED,balldontlie,2026-08-23T20:56:09+00:00
mlb-5057849,MLB,2026,2026-04-01T16:40:00Z,Regular,Great American Ball Park,Cincinnati Reds,CIN,Pittsburgh Pirates,PIT,3,8,FINISHED,balldontlie,2026-08-23T20:56:09+00:00
mlb-5057850,MLB,2026,2026-04-01T17:05:00Z,Regular,Citizens Bank Park,Philadelphia Phillies,PHI,Washington Nationals,WSH,6,5,FINISHED,balldontlie,2026-08-23T20:56:09+00:00
mlb-5057851,MLB,2026,2026-04-01T17:07:00Z,Regular,Rogers Centre,Toronto Blue Jays,TOR,Colorado Rockies,COL,1,2,FINISHED,balldontlie,2026-08-23T20:56:09+00:00
mlb-5057852,MLB,2026,2026-04-01T17:10:00Z,Regular,loanDepot park,Miami Marlins,MIA,Chicago White Sox,CHW,10,0,FINISHED,balldontlie,2026-08-23T20:56:09+00:00
mlb-5057853,MLB,2026,2026-04-01T17:15:00Z,Regular,Busch Stadium,St. Louis Cardinals,STL,New York Mets,NYM,2,1,FINISHED,balldontlie,2026-08-23T20:56:09+00:00
mlb-5057854,MLB,2026,2026-04-01T17:40:00Z,Regular,American Family Field,Milwaukee Brewers,MIL,Tampa Bay Rays,TB,8,2,FINISHED,balldontlie,2026-08-23T20:56:09+00:00
mlb-5057855,MLB,2026,2026-04-01T18:10:00Z,Regular,Daikin Park,Houston Astros,HOU,Boston Red Sox,BOS,6,4,FINISHED,balldontlie,2026-08-23T20:56:09+00:00
mlb-5057856,MLB,2026,2026-04-01T18:20:00Z,Regular,Wrigley Field,Chicago Cubs,CHC,Los Angeles Angels,LAA,6,2,FINISHED,balldontlie,2026-08-23T20:56:09+00:00
mlb-5057857,MLB,2026,2026-04-01T19:40:00Z,Regular,Chase Field,Arizona Diamondbacks,ARI,Detroit Tigers,DET,1,0,FINISHED,balldontlie,2026-08-23T20:56:09+00:00
mlb-5057858,MLB,2026,2026-04-01T20:10:00Z,Regular,T-Mobile Park,Seattle Mariners,SEA,New York Yankees,NYY,3,5,FINISHED,balldontlie,2026-08-23T20:56:09+00:00
mlb-5057859,MLB,2026,2026-04-01T20:10:00Z,Regular,Petco Park,San Diego Padres,SD,San Francisco Giants,SF,7,1,FINISHED,balldontlie,2026-08-23T20:56:09+00:00
mlb-5057860,MLB,2026,2026-04-01T23:40:00Z,Regular,Kauffman Stadium,Kansas City Royals,KC,Minnesota Twins,MIN,13,9,FINISHED,balldontlie,2026-08-23T20:56:09+00:00
mlb-5057861,MLB,2026,2026-04-02T00:20:00Z,Regular,Dodger Stadium,Los Angeles Dodgers,LAD,Cleveland Guardians,CLE,1,4,FINISHED,balldontlie,2026-08-23T20:56:09+00:00
mlb-5057862,MLB,2026,2026-04-02T18:10:00Z,Regular,Kauffman Stadium,Kansas City Royals,KC,Minnesota Twins,MIN,1,5,FINISHED,balldontlie,2026-08-23T20:56:09+00:00
mlb-5057864,MLB,2026,2026-04-03T01:40:00Z,Regular,Chase Field,Arizona Diamondbacks,ARI,Atlanta Braves,ATL,2,17,FINISHED,balldontlie,2026-08-23T20:56:09+00:00
mlb-5057865,MLB,2026,2026-04-03T01:45:00Z,Regular,Oracle Park,San Francisco Giants,SF,New York Mets,NYM,7,2,FINISHED,balldontlie,2026-08-23T20:56:09+00:00
mlb-5057866,MLB,2026,2026-04-03T17:05:00Z,Regular,Nationals Park,Washington Nationals,WSH,Los Angeles Dodgers,LAD,6,13,FINISHED,balldontlie,2026-08-23T20:56:09+00:00
mlb-5057867,MLB,2026,2026-04-03T17:10:00Z,Regular,Comerica Park,Detroit Tigers,DET,St. Louis Cardinals,STL,4,0,FINISHED,balldontlie,2026-08-23T20:56:09+00:00
mlb-5057868,MLB,2026,2026-04-03T17:35:00Z,Regular,Yankee Stadium,New York Yankees,NYY,Miami Marlins,MIA,8,2,FINISHED,balldontlie,2026-08-23T20:56:09+00:00
mlb-5057869,MLB,2026,2026-04-03T18:10:00Z,Regular,Fenway Park,Boston Red Sox,BOS,San Diego Padres,SD,5,2,FINISHED,balldontlie,2026-08-23T20:56:09+00:00
mlb-6041984,MLB,2026,2026-04-03T18:10:00Z,Regular,Rate Field,Chicago White Sox,CHW,Toronto Blue Jays,TOR,5,4,FINISHED,balldontlie,2026-08-23T20:56:09+00:00
mlb-5057870,MLB,2026,2026-04-03T20:05:00Z,Regular,Globe Life Field,Texas Rangers,TEX,Cincinnati Reds,CIN,3,5,FINISHED,balldontlie,2026-08-23T20:56:09+00:00
mlb-5057871,MLB,2026,2026-04-03T20:10:00Z,Regular,Progressive Field,Cleveland Guardians,CLE,Chicago Cubs,CHC,4,1,FINISHED,balldontlie,2026-08-23T20:56:09+00:00
mlb-5057873,MLB,2026,2026-04-03T20:10:00Z,Regular,Coors Field,Colorado Rockies,COL,Philadelphia Phillies,PHI,1,10,FINISHED,balldontlie,2026-08-23T20:56:09+00:00
mlb-5057874,MLB,2026,2026-04-03T20:12:00Z,Regular,PNC Park,Pittsburgh Pirates,PIT,Baltimore Orioles,BAL,5,4,FINISHED,balldontlie,2026-08-23T20:56:09+00:00
mlb-5057872,MLB,2026,2026-04-03T21:05:00Z,Regular,Target Field,Minnesota Twins,MIN,Tampa Bay Rays,TB,10,4,FINISHED,balldontlie,2026-08-23T20:56:09+00:00
mlb-5057876,MLB,2026,2026-04-04T01:38:00Z,Regular,Angel Stadium,Los Angeles Angels,LAA,Seattle Mariners,SEA,1,3,FINISHED,balldontlie,2026-08-23T20:56:09+00:00
mlb-5057877,MLB,2026,2026-04-04T01:40:00Z,Regular,Chase Field,Arizona Diamondbacks,ARI,Atlanta Braves,ATL,0,2,FINISHED,balldontlie,2026-08-23T20:56:09+00:00
mlb-5057878,MLB,2026,2026-04-04T01:40:00Z,Regular,Sutter Health Park,Oakland Athletics,OAK,Houston Astros,HOU,11,4,FINISHED,balldontlie,2026-08-23T20:56:09+00:00
mlb-5057879,MLB,2026,2026-04-04T02:15:00Z,Regular,Oracle Park,San Francisco Giants,SF,New York Mets,NYM,3,10,FINISHED,balldontlie,2026-08-23T20:56:09+00:00
mlb-5057880,MLB,2026,2026-04-04T17:10:00Z,Regular,Comerica Park,Detroit Tigers,DET,St. Louis Cardinals,STL,11,6,FINISHED,balldontlie,2026-08-23T20:56:09+00:00
mlb-5057881,MLB,2026,2026-04-04T18:10:00Z,Regular,Rate Field,Chicago White Sox,CHW,Toronto Blue Jays,TOR,6,3,FINISHED,balldontlie,2026-08-23T20:56:09+00:00
mlb-5057886,MLB,2026,2026-04-04T18:10:00Z,Regular,Kauffman Stadium,Kansas City Royals,KC,Milwaukee Brewers,MIL,2,5,FINISHED,balldontlie,2026-08-23T20:56:09+00:00
mlb-5057882,MLB,2026,2026-04-04T20:05:00Z,Regular,PNC Park,Pittsburgh Pirates,PIT,Baltimore Orioles,BAL,3,2,FINISHED,balldontlie,2026-08-23T20:56:09+00:00
mlb-5057883,MLB,2026,2026-04-04T20:05:00Z,Regular,Nationals Park,Washington Nationals,WSH,Los Angeles Dodgers,LAD,5,10,FINISHED,balldontlie,2026-08-23T20:56:09+00:00
mlb-5057884,MLB,2026,2026-04-04T20:05:00Z,Regular,Sutter Health Park,Oakland Athletics,OAK,Houston Astros,HOU,0,11,FINISHED,balldontlie,2026-08-23T20:56:09+00:00
mlb-5057885,MLB,2026,2026-04-04T20:10:00Z,Regular,Fenway Park,Boston Red Sox,BOS,San Diego Padres,SD,2,3,FINISHED,balldontlie,2026-08-23T20:56:09+00:00
mlb-5057887,MLB,2026,2026-04-04T23:05:00Z,Regular,Yankee Stadium,New York Yankees,NYY,Miami Marlins,MIA,9,7,FINISHED,balldontlie,2026-08-23T20:56:09+00:00
mlb-5057888,MLB,2026,2026-04-04T23:05:00Z,Regular,Globe Life Field,Texas Rangers,TEX,Cincinnati Reds,CIN,0,2,FINISHED,balldontlie,2026-08-23T20:56:09+00:00
mlb-5057889,MLB,2026,2026-04-04T23:10:00Z,Regular,Target Field,Minnesota Twins,MIN,Tampa Bay Rays,TB,1,7,FINISHED,balldontlie,2026-08-23T20:56:09+00:00
mlb-6096942,MLB,2026,2026-04-04T23:10:00Z,Regular,Kauffman Stadium,Kansas City Royals,KC,Milwaukee Brewers,MIL,8,2,FINISHED,balldontlie,2026-08-23T20:56:09+00:00
mlb-5057891,MLB,2026,2026-04-04T23:15:00Z,Regular,Chase Field,Arizona Diamondbacks,ARI,Atlanta Braves,ATL,2,1,FINISHED,balldontlie,2026-08-23T20:56:09+00:00
mlb-5057892,MLB,2026,2026-04-05T00:10:00Z,Regular,Coors Field,Colorado Rockies,COL,Philadelphia Phillies,PHI,1,2,FINISHED,balldontlie,2026-08-23T20:56:09+00:00
mlb-5057893,MLB,2026,2026-04-05T01:05:00Z,Regular,Oracle Park,San Francisco Giants,SF,New York Mets,NYM,0,9,FINISHED,balldontlie,2026-08-23T20:56:09+00:00
mlb-5057894,MLB,2026,2026-04-05T01:38:00Z,Regular,Angel Stadium,Los Angeles Angels,LAA,Seattle Mariners,SEA,1,0,FINISHED,balldontlie,2026-08-23T20:56:09+00:00
mlb-5057899,MLB,2026,2026-04-05T17:10:00Z,Regular,Progressive Field,Cleveland Guardians,CLE,Chicago Cubs,CHC,0,1,FINISHED,balldontlie,2026-08-23T20:56:09+00:00
mlb-5057895,MLB,2026,2026-04-05T17:35:00Z,Regular,PNC Park,Pittsburgh Pirates,PIT,Baltimore Orioles,BAL,8,2,FINISHED,balldontlie,2026-08-23T20:56:09+00:00
mlb-5057896,MLB,2026,2026-04-05T17:35:00Z,Regular,Nationals Park,Washington Nationals,WSH,Los Angeles Dodgers,LAD,6,8,FINISHED,balldontlie,2026-08-23T20:56:09+00:00
mlb-5057897,MLB,2026,2026-04-05T17:35:00Z,Regular,Yankee Stadium,New York Yankees,NYY,Miami Marlins,MIA,6,7,FINISHED,balldontlie,2026-08-23T20:56:09+00:00
mlb-5057898,MLB,2026,2026-04-05T17:35:00Z,Regular,Fenway Park,Boston Red Sox,BOS,San Diego Padres,SD,6,8,FINISHED,balldontlie,2026-08-23T20:56:09+00:00
mlb-5057900,MLB,2026,2026-04-05T18:10:00Z,Regular,Kauffman Stadium,Kansas City Royals,KC,Milwaukee Brewers,MIL,5,8,FINISHED,balldontlie,2026-08-23T20:56:09+00:00
mlb-5057901,MLB,2026,2026-04-05T18:10:00Z,Regular,Target Field,Minnesota Twins,MIN,Tampa Bay Rays,TB,1,4,FINISHED,balldontlie,2026-08-23T20:56:09+00:00
mlb-5057902,MLB,2026,2026-04-05T18:10:00Z,Regular,Rate Field,Chicago White Sox,CHW,Toronto Blue Jays,TOR,3,0,FINISHED,balldontlie,2026-08-23T20:56:09+00:00
mlb-5057903,MLB,2026,2026-04-05T18:35:00Z,Regular,Globe Life Field,Texas Rangers,TEX,Cincinnati Reds,CIN,1,2,FINISHED,balldontlie,2026-08-23T20:56:09+00:00
mlb-5057904,MLB,2026,2026-04-05T19:10:00Z,Regular,Coors Field,Colorado Rockies,COL,Philadelphia Phillies,PHI,4,1,FINISHED,balldontlie,2026-08-23T20:56:09+00:00
mlb-5057905,MLB,2026,2026-04-05T20:05:00Z,Regular,Sutter Health Park,Oakland Athletics,OAK,Houston Astros,HOU,12,10,FINISHED,balldontlie,2026-08-23T20:56:09+00:00
mlb-5057906,MLB,2026,2026-04-05T20:05:00Z,Regular,Oracle Park,San Francisco Giants,SF,New York Mets,NYM,2,5,FINISHED,balldontlie,2026-08-23T20:56:09+00:00
mlb-5057907,MLB,2026,2026-04-05T20:07:00Z,Regular,Angel Stadium,Los Angeles Angels,LAA,Seattle Mariners,SEA,8,7,FINISHED,balldontlie,2026-08-23T20:56:09+00:00
mlb-5057908,MLB,2026,2026-04-05T20:10:00Z,Regular,Chase Field,Arizona Diamondbacks,ARI,Atlanta Braves,ATL,6,5,FINISHED,balldontlie,2026-08-23T20:56:09+00:00
mlb-6127497,MLB,2026,2026-04-05T20:30:00Z,Regular,Progressive Field,Cleveland Guardians,CLE,Chicago Cubs,CHC,6,5,FINISHED,balldontlie,2026-08-23T20:56:09+00:00
mlb-5057909,MLB,2026,2026-04-05T23:20:00Z,Regular,Comerica Park,Detroit Tigers,DET,St. Louis Cardinals,STL,3,5,FINISHED,balldontlie,2026-08-23T20:56:09+00:00
mlb-5057910,MLB,2026,2026-04-06T20:10:00Z,Regular,Tropicana Field,Tampa Bay Rays,TB,Chicago Cubs,CHC,6,4,FINISHED,balldontlie,2026-08-23T20:56:09+00:00
mlb-5057911,MLB,2026,2026-04-06T22:10:00Z,Regular,Progressive Field,Cleveland Guardians,CLE,Kansas City Royals,KC,2,4,FINISHED,balldontlie,2026-08-23T20:56:09+00:00
mlb-5057912,MLB,2026,2026-04-06T22:40:00Z,Regular,loanDepot park,Miami Marlins,MIA,Cincinnati Reds,CIN,0,2,FINISHED,balldontlie,2026-08-23T20:56:09+00:00
mlb-5057913,MLB,2026,2026-04-06T22:40:00Z,Regular,PNC Park,Pittsburgh Pirates,PIT,San Diego Padres,SD,0,5,FINISHED,balldontlie,2026-08-23T20:56:09+00:00
mlb-5057914,MLB,2026,2026-04-06T22:45:00Z,Regular,Fenway Park,Boston Red Sox,BOS,Milwaukee Brewers,MIL,6,8,FINISHED,balldontlie,2026-08-23T20:56:09+00:00
mlb-5057915,MLB,2026,2026-04-06T22:45:00Z,Regular,Nationals Park,Washington Nationals,WSH,St. Louis Cardinals,STL,9,6,FINISHED,balldontlie,2026-08-23T20:56:09+00:00
mlb-5057916,MLB,2026,2026-04-06T23:07:00Z,Regular,Rogers Centre,Toronto Blue Jays,TOR,Los Angeles Dodgers,LAD,2,14,FINISHED,balldontlie,2026-08-23T20:56:09+00:00
mlb-5057917,MLB,2026,2026-04-06T23:40:00Z,Regular,Rate Field,Chicago White Sox,CHW,Baltimore Orioles,BAL,1,2,FINISHED,balldontlie,2026-08-23T20:56:09+00:00
mlb-5057918,MLB,2026,2026-04-06T23:40:00Z,Regular,Target Field,Minnesota Twins,MIN,Detroit Tigers,DET,7,3,FINISHED,balldontlie,2026-08-23T20:56:09+00:00
mlb-5057919,MLB,2026,2026-04-07T00:05:00Z,Regular,Globe Life Field,Texas Rangers,TEX,Seattle Mariners,SEA,2,1,FINISHED,balldontlie,2026-08-23T20:56:09+00:00
mlb-5057920,MLB,2026,2026-04-07T00:40:00Z,Regular,Coors Field,Colorado Rockies,COL,Houston Astros,HOU,9,7,FINISHED,balldontlie,2026-08-23T20:56:09+00:00
mlb-5057921,MLB,2026,2026-04-07T01:38:00Z,Regular,Angel Stadium,Los Angeles Angels,LAA,Atlanta Braves,ATL,6,2,FINISHED,balldontlie,2026-08-23T20:56:09+00:00
mlb-5057922,MLB,2026,2026-04-07T01:45:00Z,Regular,Oracle Park,San Francisco Giants,SF,Philadelphia Phillies,PHI,4,6,FINISHED,balldontlie,2026-08-23T20:56:09+00:00
mlb-5057923,MLB,2026,2026-04-07T17:10:00Z,Regular,Progressive Field,Cleveland Guardians,CLE,Kansas City Royals,KC,2,1,FINISHED,balldontlie,2026-08-23T20:56:09+00:00
mlb-5057932,MLB,2026,2026-04-07T19:10:00Z,Regular,Rate Field,Chicago White Sox,CHW,Baltimore Orioles,BAL,2,4,FINISHED,balldontlie,2026-08-23T20:56:09+00:00
mlb-5057931,MLB,2026,2026-04-07T20:10:00Z,Regular,Citi Field,New York Mets,NYM,Arizona Diamondbacks,ARI,4,3,FINISHED,balldontlie,2026-08-23T20:56:09+00:00
mlb-5057924,MLB,2026,2026-04-07T22:40:00Z,Regular,Tropicana Field,Tampa Bay Rays,TB,Chicago Cubs,CHC,2,9,FINISHED,balldontlie,2026-08-23T20:56:09+00:00
mlb-5057925,MLB,2026,2026-04-07T22:40:00Z,Regular,loanDepot park,Miami Marlins,MIA,Cincinnati Reds,CIN,3,6,FINISHED,balldontlie,2026-08-23T20:56:09+00:00
mlb-5057926,MLB,2026,2026-04-07T22:40:00Z,Regular,PNC Park,Pittsburgh Pirates,PIT,San Diego Padres,SD,7,1,FINISHED,balldontlie,2026-08-23T20:56:09+00:00
mlb-5057927,MLB,2026,2026-04-07T22:45:00Z,Regular,Fenway Park,Boston Red Sox,BOS,Milwaukee Brewers,MIL,3,2,FINISHED,balldontlie,2026-08-23T20:56:09+00:00
mlb-5057928,MLB,2026,2026-04-07T22:45:00Z,Regular,Nationals Park,Washington Nationals,WSH,St. Louis Cardinals,STL,6,7,FINISHED,balldontlie,2026-08-23T20:56:09+00:00
mlb-5057929,MLB,2026,2026-04-07T23:05:00Z,Regular,Yankee Stadium,New York Yankees,NYY,Oakland Athletics,OAK,5,3,FINISHED,balldontlie,2026-08-23T20:56:09+00:00
mlb-5057930,MLB,2026,2026-04-07T23:07:00Z,Regular,Rogers Centre,Toronto Blue Jays,TOR,Los Angeles Dodgers,LAD,1,4,FINISHED,balldontlie,2026-08-23T20:56:09+00:00
mlb-5057933,MLB,2026,2026-04-07T23:40:00Z,Regular,Target Field,Minnesota Twins,MIN,Detroit Tigers,DET,4,2,FINISHED,balldontlie,2026-08-23T20:56:09+00:00
mlb-5057934,MLB,2026,2026-04-08T00:05:00Z,Regular,Globe Life Field,Texas Rangers,TEX,Seattle Mariners,SEA,3,2,FINISHED,balldontlie,2026-08-23T20:56:09+00:00
mlb-5057935,MLB,2026,2026-04-08T00:40:00Z,Regular,Coors Field,Colorado Rockies,COL,Houston Astros,HOU,5,1,FINISHED,balldontlie,2026-08-23T20:56:09+00:00
mlb-5057936,MLB,2026,2026-04-08T01:38:00Z,Regular,Angel Stadium,Los Angeles Angels,LAA,Atlanta Braves,ATL,2,7,FINISHED,balldontlie,2026-08-23T20:56:09+00:00
mlb-5057937,MLB,2026,2026-04-08T01:45:00Z,Regular,Oracle Park,San Francisco Giants,SF,Philadelphia Phillies,PHI,6,0,FINISHED,balldontlie,2026-08-23T20:56:09+00:00
mlb-5057938,MLB,2026,2026-04-08T16:35:00Z,Regular,PNC Park,Pittsburgh Pirates,PIT,San Diego Padres,SD,2,8,FINISHED,balldontlie,2026-08-23T20:56:09+00:00
mlb-5057939,MLB,2026,2026-04-08T17:10:00Z,Regular,Progressive Field,Cleveland Guardians,CLE,Kansas City Royals,KC,10,2,FINISHED,balldontlie,2026-08-23T20:56:09+00:00
mlb-5057940,MLB,2026,2026-04-08T17:35:00Z,Regular,Fenway Park,Boston Red Sox,BOS,Milwaukee Brewers,MIL,5,0,FINISHED,balldontlie,2026-08-23T20:56:09+00:00
mlb-5057941,MLB,2026,2026-04-08T18:10:00Z,Regular,Rate Field,Chicago White Sox,CHW,Baltimore Orioles,BAL,3,5,FINISHED,balldontlie,2026-08-23T20:56:09+00:00
mlb-5057942,MLB,2026,2026-04-08T18:35:00Z,Regular,Globe Life Field,Texas Rangers,TEX,Seattle Mariners,SEA,3,0,FINISHED,balldontlie,2026-08-23T20:56:09+00:00
mlb-5057943,MLB,2026,2026-04-08T19:07:00Z,Regular,Rogers Centre,Toronto Blue Jays,TOR,Los Angeles Dodgers,LAD,4,3,FINISHED,balldontlie,2026-08-23T20:56:09+00:00
mlb-5057944,MLB,2026,2026-04-08T19:10:00Z,Regular,Coors Field,Colorado Rockies,COL,Houston Astros,HOU,9,1,FINISHED,balldontlie,2026-08-23T20:56:09+00:00
mlb-5057945,MLB,2026,2026-04-08T19:45:00Z,Regular,Oracle Park,San Francisco Giants,SF,Philadelphia Phillies,PHI,5,0,FINISHED,balldontlie,2026-08-23T20:56:09+00:00
mlb-5057946,MLB,2026,2026-04-08T20:05:00Z,Regular,Nationals Park,Washington Nationals,WSH,St. Louis Cardinals,STL,1,6,FINISHED,balldontlie,2026-08-23T20:56:09+00:00
mlb-5057947,MLB,2026,2026-04-08T20:07:00Z,Regular,Angel Stadium,Los Angeles Angels,LAA,Atlanta Braves,ATL,2,8,FINISHED,balldontlie,2026-08-23T20:56:09+00:00
mlb-5057951,MLB,2026,2026-04-08T20:10:00Z,Regular,Citi Field,New York Mets,NYM,Arizona Diamondbacks,ARI,2,7,FINISHED,balldontlie,2026-08-23T20:56:09+00:00
mlb-5057948,MLB,2026,2026-04-08T22:40:00Z,Regular,Tropicana Field,Tampa Bay Rays,TB,Chicago Cubs,CHC,2,6,FINISHED,balldontlie,2026-08-23T20:56:09+00:00
mlb-5057949,MLB,2026,2026-04-08T22:40:00Z,Regular,loanDepot park,Miami Marlins,MIA,Cincinnati Reds,CIN,7,4,FINISHED,balldontlie,2026-08-23T20:56:09+00:00
mlb-5057950,MLB,2026,2026-04-08T23:05:00Z,Regular,Yankee Stadium,New York Yankees,NYY,Oakland Athletics,OAK,2,3,FINISHED,balldontlie,2026-08-23T20:56:09+00:00
mlb-5057952,MLB,2026,2026-04-08T23:40:00Z,Regular,Target Field,Minnesota Twins,MIN,Detroit Tigers,DET,8,6,FINISHED,balldontlie,2026-08-23T20:56:09+00:00
mlb-5057953,MLB,2026,2026-04-09T16:10:00Z,Regular,loanDepot park,Miami Marlins,MIA,Cincinnati Reds,CIN,8,1,FINISHED,balldontlie,2026-08-23T20:56:09+00:00
mlb-5057954,MLB,2026,2026-04-09T17:35:00Z,Regular,Yankee Stadium,New York Yankees,NYY,Oakland Athletics,OAK,0,1,FINISHED,balldontlie,2026-08-23T20:56:09+00:00
mlb-5057955,MLB,2026,2026-04-09T17:40:00Z,Regular,Target Field,Minnesota Twins,MIN,Detroit Tigers,DET,3,1,FINISHED,balldontlie,2026-08-23T20:56:09+00:00
mlb-5057956,MLB,2026,2026-04-09T23:10:00Z,Regular,Citi Field,New York Mets,NYM,Arizona Diamondbacks,ARI,1,7,FINISHED,balldontlie,2026-08-23T20:56:09+00:00
mlb-5057957,MLB,2026,2026-04-09T23:40:00Z,Regular,Kauffman Stadium,Kansas City Royals,KC,Chicago White Sox,CHW,0,2,FINISHED,balldontlie,2026-08-23T20:56:09+00:00
mlb-5057958,MLB,2026,2026-04-10T01:40:00Z,Regular,Petco Park,San Diego Padres,SD,Colorado Rockies,COL,7,3,FINISHED,balldontlie,2026-08-23T20:56:09+00:00
mlb-5057959,MLB,2026,2026-04-10T18:20:00Z,Regular,Wrigley Field,Chicago Cubs,CHC,Pittsburgh Pirates,PIT,0,2,FINISHED,balldontlie,2026-08-23T20:56:09+00:00
mlb-5057961,MLB,2026,2026-04-10T22:40:00Z,Regular,Citizens Bank Park,Philadelphia Phillies,PHI,Arizona Diamondbacks,ARI,4,5,FINISHED,balldontlie,2026-08-23T20:56:09+00:00
mlb-5057962,MLB,2026,2026-04-10T22:40:00Z,Regular,Comerica Park,Detroit Tigers,DET,Miami Marlins,MIA,2,0,FINISHED,balldontlie,2026-08-23T20:56:09+00:00
mlb-5057960,MLB,2026,2026-04-10T22:45:00Z,Regular,Great American Ball Park,Cincinnati Reds,CIN,Los Angeles Angels,LAA,2,10,FINISHED,balldontlie,2026-08-23T20:56:09+00:00
mlb-5057964,MLB,2026,2026-04-10T23:07:00Z,Regular,Rogers Centre,Toronto Blue Jays,TOR,Minnesota Twins,MIN,10,4,FINISHED,balldontlie,2026-08-23T20:56:09+00:00
mlb-5057965,MLB,2026,2026-04-10T23:10:00Z,Regular,Citi Field,New York Mets,NYM,Oakland Athletics,OAK,0,4,FINISHED,balldontlie,2026-08-23T20:56:09+00:00
mlb-5057966,MLB,2026,2026-04-10T23:10:00Z,Regular,Tropicana Field,Tampa Bay Rays,TB,New York Yankees,NYY,5,3,FINISHED,balldontlie,2026-08-23T20:56:09+00:00
mlb-5057963,MLB,2026,2026-04-10T23:15:00Z,Regular,Oriole Park at Camden Yards,Baltimore Orioles,BAL,San Francisco Giants,SF,3,6,FINISHED,balldontlie,2026-08-23T20:56:09+00:00
mlb-5057967,MLB,2026,2026-04-10T23:15:00Z,Regular,Truist Park,Atlanta Braves,ATL,Cleveland Guardians,CLE,11,5,FINISHED,balldontlie,2026-08-23T20:56:09+00:00
mlb-5057968,MLB,2026,2026-04-10T23:40:00Z,Regular,Kauffman Stadium,Kansas City Royals,KC,Chicago White Sox,CHW,2,0,FINISHED,balldontlie,2026-08-23T20:56:09+00:00
mlb-5057969,MLB,2026,2026-04-10T23:40:00Z,Regular,American Family Field,Milwaukee Brewers,MIL,Washington Nationals,WSH,3,7,FINISHED,balldontlie,2026-08-23T20:56:09+00:00
mlb-5057970,MLB,2026,2026-04-11T00:15:00Z,Regular,Busch Stadium,St. Louis Cardinals,STL,Boston Red Sox,BOS,3,2,FINISHED,balldontlie,2026-08-23T20:56:09+00:00
mlb-5057971,MLB,2026,2026-04-11T01:40:00Z,Regular,Petco Park,San Diego Padres,SD,Colorado Rockies,COL,5,2,FINISHED,balldontlie,2026-08-23T20:56:09+00:00
mlb-5057972,MLB,2026,2026-04-11T01:40:00Z,Regular,T-Mobile Park,Seattle Mariners,SEA,Houston Astros,HOU,9,6,FINISHED,balldontlie,2026-08-23T20:56:09+00:00
mlb-5057973,MLB,2026,2026-04-11T02:10:00Z,Regular,Dodger Stadium,Los Angeles Dodgers,LAD,Texas Rangers,TEX,8,7,FINISHED,balldontlie,2026-08-23T20:56:09+00:00
mlb-5057974,MLB,2026,2026-04-11T17:05:00Z,Regular,Citizens Bank Park,Philadelphia Phillies,PHI,Arizona Diamondbacks,ARI,4,3,FINISHED,balldontlie,2026-08-23T20:56:09+00:00
mlb-5057975,MLB,2026,2026-04-11T17:10:00Z,Regular,Comerica Park,Detroit Tigers,DET,Miami Marlins,MIA,6,1,FINISHED,balldontlie,2026-08-23T20:56:09+00:00
mlb-5057976,MLB,2026,2026-04-11T18:20:00Z,Regular,Wrigley Field,Chicago Cubs,CHC,Pittsburgh Pirates,PIT,3,4,FINISHED,balldontlie,2026-08-23T20:56:09+00:00
mlb-5057977,MLB,2026,2026-04-11T19:07:00Z,Regular,Rogers Centre,Toronto Blue Jays,TOR,Minnesota Twins,MIN,4,7,FINISHED,balldontlie,2026-08-23T20:56:09+00:00
mlb-5057978,MLB,2026,2026-04-11T20:10:00Z,Regular,Great American Ball Park,Cincinnati Reds,CIN,Los Angeles Angels,LAA,7,3,FINISHED,balldontlie,2026-08-23T20:56:09+00:00
mlb-5057979,MLB,2026,2026-04-11T20:10:00Z,Regular,Citi Field,New York Mets,NYM,Oakland Athletics,OAK,6,11,FINISHED,balldontlie,2026-08-23T20:56:09+00:00
mlb-5057980,MLB,2026,2026-04-11T20:10:00Z,Regular,Kauffman Stadium,Kansas City Royals,KC,Chicago White Sox,CHW,2,0,FINISHED,balldontlie,2026-08-23T20:56:09+00:00
mlb-5057981,MLB,2026,2026-04-11T22:10:00Z,Regular,Tropicana Field,Tampa Bay Rays,TB,New York Yankees,NYY,5,4,FINISHED,balldontlie,2026-08-23T20:56:09+00:00
mlb-5057982,MLB,2026,2026-04-11T23:10:00Z,Regular,American Family Field,Milwaukee Brewers,MIL,Washington Nationals,WSH,1,3,FINISHED,balldontlie,2026-08-23T20:56:09+00:00
mlb-5057983,MLB,2026,2026-04-11T23:15:00Z,Regular,Truist Park,Atlanta Braves,ATL,Cleveland Guardians,CLE,0,6,FINISHED,balldontlie,2026-08-23T20:56:09+00:00
mlb-5057984,MLB,2026,2026-04-11T23:15:00Z,Regular,Oriole Park at Camden Yards,Baltimore Orioles,BAL,San Francisco Giants,SF,6,2,FINISHED,balldontlie,2026-08-23T20:56:09+00:00
mlb-5057985,MLB,2026,2026-04-11T23:15:00Z,Regular,Busch Stadium,St. Louis Cardinals,STL,Boston Red Sox,BOS,1,7,FINISHED,balldontlie,2026-08-23T20:56:09+00:00
mlb-5057986,MLB,2026,2026-04-12T00:40:00Z,Regular,Petco Park,San Diego Padres,SD,Colorado Rockies,COL,9,5,FINISHED,balldontlie,2026-08-23T20:56:09+00:00
mlb-5057987,MLB,2026,2026-04-12T01:10:00Z,Regular,Dodger Stadium,Los Angeles Dodgers,LAD,Texas Rangers,TEX,6,3,FINISHED,balldontlie,2026-08-23T20:56:09+00:00
mlb-5057988,MLB,2026,2026-04-12T01:40:00Z,Regular,T-Mobile Park,Seattle Mariners,SEA,Houston Astros,HOU,8,7,FINISHED,balldontlie,2026-08-23T20:56:09+00:00
mlb-5057989,MLB,2026,2026-04-12T17:35:00Z,Regular,Citizens Bank Park,Philadelphia Phillies,PHI,Arizona Diamondbacks,ARI,3,4,FINISHED,balldontlie,2026-08-23T20:56:09+00:00
mlb-5057990,MLB,2026,2026-04-12T17:35:00Z,Regular,Oriole Park at Camden Yards,Baltimore Orioles,BAL,San Francisco Giants,SF,6,2,FINISHED,balldontlie,2026-08-23T20:56:09+00:00
mlb-5057991,MLB,2026,2026-04-12T17:37:00Z,Regular,Rogers Centre,Toronto Blue Jays,TOR,Minnesota Twins,MIN,2,8,FINISHED,balldontlie,2026-08-23T20:56:09+00:00
mlb-5057992,MLB,2026,2026-04-12T17:40:00Z,Regular,Great American Ball Park,Cincinnati Reds,CIN,Los Angeles Angels,LAA,6,9,FINISHED,balldontlie,2026-08-23T20:56:09+00:00
mlb-5057993,MLB,2026,2026-04-12T17:40:00Z,Regular,Citi Field,New York Mets,NYM,Oakland Athletics,OAK,0,1,FINISHED,balldontlie,2026-08-23T20:56:09+00:00
mlb-5057994,MLB,2026,2026-04-12T17:40:00Z,Regular,Comerica Park,Detroit Tigers,DET,Miami Marlins,MIA,8,2,FINISHED,balldontlie,2026-08-23T20:56:09+00:00
mlb-5057995,MLB,2026,2026-04-12T17:40:00Z,Regular,Tropicana Field,Tampa Bay Rays,TB,New York Yankees,NYY,5,4,FINISHED,balldontlie,2026-08-23T20:56:09+00:00
mlb-5057996,MLB,2026,2026-04-12T18:10:00Z,Regular,Kauffman Stadium,Kansas City Royals,KC,Chicago White Sox,CHW,5,6,FINISHED,balldontlie,2026-08-23T20:56:09+00:00
mlb-5057997,MLB,2026,2026-04-12T18:10:00Z,Regular,American Family Field,Milwaukee Brewers,MIL,Washington Nationals,WSH,6,8,FINISHED,balldontlie,2026-08-23T20:56:09+00:00
mlb-5057998,MLB,2026,2026-04-12T18:15:00Z,Regular,Busch Stadium,St. Louis Cardinals,STL,Boston Red Sox,BOS,3,9,FINISHED,balldontlie,2026-08-23T20:56:09+00:00
mlb-5057999,MLB,2026,2026-04-12T18:20:00Z,Regular,Wrigley Field,Chicago Cubs,CHC,Pittsburgh Pirates,PIT,7,6,FINISHED,balldontlie,2026-08-23T20:56:09+00:00
mlb-5058000,MLB,2026,2026-04-12T20:10:00Z,Regular,Petco Park,San Diego Padres,SD,Colorado Rockies,COL,7,2,FINISHED,balldontlie,2026-08-23T20:56:09+00:00
mlb-5058001,MLB,2026,2026-04-12T20:10:00Z,Regular,T-Mobile Park,Seattle Mariners,SEA,Houston Astros,HOU,6,1,FINISHED,balldontlie,2026-08-23T20:56:09+00:00
mlb-5058002,MLB,2026,2026-04-12T20:10:00Z,Regular,Dodger Stadium,Los Angeles Dodgers,LAD,Texas Rangers,TEX,2,5,FINISHED,balldontlie,2026-08-23T20:56:09+00:00
mlb-5058003,MLB,2026,2026-04-12T23:20:00Z,Regular,Truist Park,Atlanta Braves,ATL,Cleveland Guardians,CLE,13,1,FINISHED,balldontlie,2026-08-23T20:56:09+00:00
mlb-5058004,MLB,2026,2026-04-13T20:10:00Z,Regular,T-Mobile Park,Seattle Mariners,SEA,Houston Astros,HOU,6,2,FINISHED,balldontlie,2026-08-23T20:56:09+00:00
mlb-5058005,MLB,2026,2026-04-13T22:35:00Z,Regular,Oriole Park at Camden Yards,Baltimore Orioles,BAL,Arizona Diamondbacks,ARI,9,7,FINISHED,balldontlie,2026-08-23T20:56:09+00:00
mlb-5058006,MLB,2026,2026-04-13T22:40:00Z,Regular,Citizens Bank Park,Philadelphia Phillies,PHI,Chicago Cubs,CHC,13,7,FINISHED,balldontlie,2026-08-23T20:56:09+00:00
mlb-5058007,MLB,2026,2026-04-13T22:40:00Z,Regular,PNC Park,Pittsburgh Pirates,PIT,Washington Nationals,WSH,16,5,FINISHED,balldontlie,2026-08-23T20:56:09+00:00
mlb-5058008,MLB,2026,2026-04-13T23:05:00Z,Regular,Yankee Stadium,New York Yankees,NYY,Los Angeles Angels,LAA,11,10,FINISHED,balldontlie,2026-08-23T20:56:09+00:00
mlb-5058009,MLB,2026,2026-04-13T23:15:00Z,Regular,Truist Park,Atlanta Braves,ATL,Miami Marlins,MIA,4,10,FINISHED,balldontlie,2026-08-23T20:56:09+00:00
mlb-5058010,MLB,2026,2026-04-13T23:40:00Z,Regular,Target Field,Minnesota Twins,MIN,Boston Red Sox,BOS,13,6,FINISHED,balldontlie,2026-08-23T20:56:09+00:00
mlb-5058011,MLB,2026,2026-04-13T23:45:00Z,Regular,Busch Stadium,St. Louis Cardinals,STL,Cleveland Guardians,CLE,3,9,FINISHED,balldontlie,2026-08-23T20:56:09+00:00
mlb-5058012,MLB,2026,2026-04-14T01:40:00Z,Regular,Sutter Health Park,Oakland Athletics,OAK,Texas Rangers,TEX,1,8,FINISHED,balldontlie,2026-08-23T20:56:09+00:00
mlb-5058013,MLB,2026,2026-04-14T02:10:00Z,Regular,Dodger Stadium,Los Angeles Dodgers,LAD,New York Mets,NYM,4,0,FINISHED,balldontlie,2026-08-23T20:56:09+00:00
mlb-5058014,MLB,2026,2026-04-14T22:35:00Z,Regular,Oriole Park at Camden Yards,Baltimore Orioles,BAL,Arizona Diamondbacks,ARI,3,4,FINISHED,balldontlie,2026-08-23T20:56:09+00:00
mlb-5058015,MLB,2026,2026-04-14T22:40:00Z,Regular,Citizens Bank Park,Philadelphia Phillies,PHI,Chicago Cubs,CHC,4,10,FINISHED,balldontlie,2026-08-23T20:56:09+00:00
mlb-5058016,MLB,2026,2026-04-14T22:40:00Z,Regular,Comerica Park,Detroit Tigers,DET,Kansas City Royals,KC,2,1,FINISHED,balldontlie,2026-08-23T20:56:09+00:00
mlb-5058017,MLB,2026,2026-04-14T22:40:00Z,Regular,Great American Ball Park,Cincinnati Reds,CIN,San Francisco Giants,SF,2,1,FINISHED,balldontlie,2026-08-23T20:56:09+00:00
mlb-5058018,MLB,2026,2026-04-14T22:40:00Z,Regular,PNC Park,Pittsburgh Pirates,PIT,Washington Nationals,WSH,4,5,FINISHED,balldontlie,2026-08-23T20:56:09+00:00
mlb-5058019,MLB,2026,2026-04-14T23:05:00Z,Regular,Yankee Stadium,New York Yankees,NYY,Los Angeles Angels,LAA,1,7,FINISHED,balldontlie,2026-08-23T20:56:09+00:00
mlb-5058020,MLB,2026,2026-04-14T23:15:00Z,Regular,Truist Park,Atlanta Braves,ATL,Miami Marlins,MIA,6,5,FINISHED,balldontlie,2026-08-23T20:56:09+00:00
mlb-5058021,MLB,2026,2026-04-14T23:40:00Z,Regular,Target Field,Minnesota Twins,MIN,Boston Red Sox,BOS,6,0,FINISHED,balldontlie,2026-08-23T20:56:09+00:00
mlb-5058022,MLB,2026,2026-04-14T23:40:00Z,Regular,Rate Field,Chicago White Sox,CHW,Tampa Bay Rays,TB,5,8,FINISHED,balldontlie,2026-08-23T20:56:09+00:00
mlb-5058023,MLB,2026,2026-04-14T23:40:00Z,Regular,American Family Field,Milwaukee Brewers,MIL,Toronto Blue Jays,TOR,7,9,FINISHED,balldontlie,2026-08-23T20:56:09+00:00
mlb-5058024,MLB,2026,2026-04-14T23:45:00Z,Regular,Busch Stadium,St. Louis Cardinals,STL,Cleveland Guardians,CLE,6,5,FINISHED,balldontlie,2026-08-23T20:56:09+00:00
mlb-5058025,MLB,2026,2026-04-15T00:10:00Z,Regular,Daikin Park,Houston Astros,HOU,Colorado Rockies,COL,7,6,FINISHED,balldontlie,2026-08-23T20:56:09+00:00
mlb-5058026,MLB,2026,2026-04-15T01:40:00Z,Regular,Petco Park,San Diego Padres,SD,Seattle Mariners,SEA,4,1,FINISHED,balldontlie,2026-08-23T20:56:09+00:00
mlb-5058027,MLB,2026,2026-04-15T01:40:00Z,Regular,Sutter Health Park,Oakland Athletics,OAK,Texas Rangers,TEX,2,1,FINISHED,balldontlie,2026-08-23T20:56:09+00:00
mlb-5058028,MLB,2026,2026-04-15T02:10:00Z,Regular,Dodger Stadium,Los Angeles Dodgers,LAD,New York Mets,NYM,2,1,FINISHED,balldontlie,2026-08-23T20:56:09+00:00
mlb-5058029,MLB,2026,2026-04-15T16:35:00Z,Regular,Oriole Park at Camden Yards,Baltimore Orioles,BAL,Arizona Diamondbacks,ARI,5,8,FINISHED,balldontlie,2026-08-23T20:56:09+00:00
mlb-5058030,MLB,2026,2026-04-15T17:15:00Z,Regular,Busch Stadium,St. Louis Cardinals,STL,Cleveland Guardians,CLE,5,3,FINISHED,balldontlie,2026-08-23T20:56:09+00:00
mlb-5058031,MLB,2026,2026-04-15T17:40:00Z,Regular,Target Field,Minnesota Twins,MIN,Boston Red Sox,BOS,5,9,FINISHED,balldontlie,2026-08-23T20:56:09+00:00
mlb-5058032,MLB,2026,2026-04-15T22:40:00Z,Regular,Citizens Bank Park,Philadelphia Phillies,PHI,Chicago Cubs,CHC,2,11,FINISHED,balldontlie,2026-08-23T20:56:09+00:00
mlb-5058033,MLB,2026,2026-04-15T22:40:00Z,Regular,Comerica Park,Detroit Tigers,DET,Kansas City Royals,KC,2,1,FINISHED,balldontlie,2026-08-23T20:56:09+00:00
mlb-5058034,MLB,2026,2026-04-15T22:40:00Z,Regular,Great American Ball Park,Cincinnati Reds,CIN,San Francisco Giants,SF,8,3,FINISHED,balldontlie,2026-08-23T20:56:09+00:00
mlb-5058035,MLB,2026,2026-04-15T22:40:00Z,Regular,PNC Park,Pittsburgh Pirates,PIT,Washington Nationals,WSH,2,0,FINISHED,balldontlie,2026-08-23T20:56:09+00:00
mlb-5058036,MLB,2026,2026-04-15T23:05:00Z,Regular,Yankee Stadium,New York Yankees,NYY,Los Angeles Angels,LAA,5,4,FINISHED,balldontlie,2026-08-23T20:56:09+00:00
mlb-5058037,MLB,2026,2026-04-15T23:15:00Z,Regular,Truist Park,Atlanta Braves,ATL,Miami Marlins,MIA,6,3,FINISHED,balldontlie,2026-08-23T20:56:09+00:00
mlb-5058038,MLB,2026,2026-04-15T23:40:00Z,Regular,Rate Field,Chicago White Sox,CHW,Tampa Bay Rays,TB,3,8,FINISHED,balldontlie,2026-08-23T20:56:09+00:00
mlb-5058039,MLB,2026,2026-04-15T23:40:00Z,Regular,American Family Field,Milwaukee Brewers,MIL,Toronto Blue Jays,TOR,2,1,FINISHED,balldontlie,2026-08-23T20:56:09+00:00
mlb-5058040,MLB,2026,2026-04-16T00:10:00Z,Regular,Daikin Park,Houston Astros,HOU,Colorado Rockies,COL,3,1,FINISHED,balldontlie,2026-08-23T20:56:09+00:00
mlb-5058041,MLB,2026,2026-04-16T01:40:00Z,Regular,Petco Park,San Diego Padres,SD,Seattle Mariners,SEA,7,6,FINISHED,balldontlie,2026-08-23T20:56:09+00:00
mlb-5058042,MLB,2026,2026-04-16T01:40:00Z,Regular,Sutter Health Park,Oakland Athletics,OAK,Texas Rangers,TEX,6,5,FINISHED,balldontlie,2026-08-23T20:56:09+00:00
mlb-5058043,MLB,2026,2026-04-16T02:00:00Z,Regular,Dodger Stadium,Los Angeles Dodgers,LAD,New York Mets,NYM,8,2,FINISHED,balldontlie,2026-08-23T20:56:09+00:00
mlb-5058044,MLB,2026,2026-04-16T16:35:00Z,Regular,PNC Park,Pittsburgh Pirates,PIT,Washington Nationals,WSH,7,8,FINISHED,balldontlie,2026-08-23T20:56:09+00:00
mlb-5058045,MLB,2026,2026-04-16T16:40:00Z,Regular,Great American Ball Park,Cincinnati Reds,CIN,San Francisco Giants,SF,0,3,FINISHED,balldontlie,2026-08-23T20:56:09+00:00
mlb-5058046,MLB,2026,2026-04-16T17:10:00Z,Regular,Comerica Park,Detroit Tigers,DET,Kansas City Royals,KC,10,9,FINISHED,balldontlie,2026-08-23T20:56:09+00:00
mlb-5058047,MLB,2026,2026-04-16T17:35:00Z,Regular,Yankee Stadium,New York Yankees,NYY,Los Angeles Angels,LAA,4,11,FINISHED,balldontlie,2026-08-23T20:56:09+00:00
mlb-5058048,MLB,2026,2026-04-16T17:40:00Z,Regular,American Family Field,Milwaukee Brewers,MIL,Toronto Blue Jays,TOR,2,1,FINISHED,balldontlie,2026-08-23T20:56:09+00:00
mlb-5058049,MLB,2026,2026-04-16T18:10:00Z,Regular,Rate Field,Chicago White Sox,CHW,Tampa Bay Rays,TB,3,5,FINISHED,balldontlie,2026-08-23T20:56:09+00:00
mlb-5058050,MLB,2026,2026-04-16T19:05:00Z,Regular,Sutter Health Park,Oakland Athletics,OAK,Texas Rangers,TEX,6,9,FINISHED,balldontlie,2026-08-23T20:56:09+00:00
mlb-5058051,MLB,2026,2026-04-16T22:10:00Z,Regular,Progressive Field,Cleveland Guardians,CLE,Baltimore Orioles,BAL,4,2,FINISHED,balldontlie,2026-08-23T20:56:09+00:00
mlb-5058052,MLB,2026,2026-04-17T00:10:00Z,Regular,Daikin Park,Houston Astros,HOU,Colorado Rockies,COL,2,3,FINISHED,balldontlie,2026-08-23T20:56:09+00:00
mlb-5058053,MLB,2026,2026-04-17T00:40:00Z,Regular,Petco Park,San Diego Padres,SD,Seattle Mariners,SEA,5,2,FINISHED,balldontlie,2026-08-23T20:56:09+00:00
mlb-5058054,MLB,2026,2026-04-17T18:20:00Z,Regular,Wrigley Field,Chicago Cubs,CHC,New York Mets,NYM,12,4,FINISHED,balldontlie,2026-08-23T20:56:09+00:00
mlb-5058055,MLB,2026,2026-04-17T22:10:00Z,Regular,Progressive Field,Cleveland Guardians,CLE,Baltimore Orioles,BAL,4,6,FINISHED,balldontlie,2026-08-23T20:56:09+00:00
mlb-5058056,MLB,2026,2026-04-17T22:40:00Z,Regular,Citizens Bank Park,Philadelphia Phillies,PHI,Atlanta Braves,ATL,0,9,FINISHED,balldontlie,2026-08-23T20:56:09+00:00
mlb-5058057,MLB,2026,2026-04-17T22:40:00Z,Regular,PNC Park,Pittsburgh Pirates,PIT,Tampa Bay Rays,TB,5,1,FINISHED,balldontlie,2026-08-23T20:56:09+00:00
mlb-5058058,MLB,2026,2026-04-17T22:45:00Z,Regular,Nationals Park,Washington Nationals,WSH,San Francisco Giants,SF,5,10,FINISHED,balldontlie,2026-08-23T20:56:09+00:00
mlb-5058059,MLB,2026,2026-04-17T23:05:00Z,Regular,Yankee Stadium,New York Yankees,NYY,Kansas City Royals,KC,4,2,FINISHED,balldontlie,2026-08-23T20:56:09+00:00
mlb-5058061,MLB,2026,2026-04-17T23:10:00Z,Regular,loanDepot park,Miami Marlins,MIA,Milwaukee Brewers,MIL,5,7,FINISHED,balldontlie,2026-08-23T20:56:09+00:00
mlb-5058060,MLB,2026,2026-04-17T23:15:00Z,Regular,Fenway Park,Boston Red Sox,BOS,Detroit Tigers,DET,1,0,FINISHED,balldontlie,2026-08-23T20:56:09+00:00
mlb-5058062,MLB,2026,2026-04-18T00:10:00Z,Regular,Target Field,Minnesota Twins,MIN,Cincinnati Reds,CIN,1,2,FINISHED,balldontlie,2026-08-23T20:56:09+00:00
mlb-5058063,MLB,2026,2026-04-18T00:10:00Z,Regular,Daikin Park,Houston Astros,HOU,St. Louis Cardinals,STL,4,9,FINISHED,balldontlie,2026-08-23T20:56:09+00:00
mlb-5058064,MLB,2026,2026-04-18T00:40:00Z,Regular,Coors Field,Colorado Rockies,COL,Los Angeles Dodgers,LAD,1,7,FINISHED,balldontlie,2026-08-23T20:56:09+00:00
mlb-5058065,MLB,2026,2026-04-18T01:38:00Z,Regular,Angel Stadium,Los Angeles Angels,LAA,San Diego Padres,SD,8,0,FINISHED,balldontlie,2026-08-23T20:56:09+00:00
mlb-5058066,MLB,2026,2026-04-18T01:40:00Z,Regular,Sutter Health Park,Oakland Athletics,OAK,Chicago White Sox,CHW,2,9,FINISHED,balldontlie,2026-08-23T20:56:09+00:00
mlb-5058067,MLB,2026,2026-04-18T01:40:00Z,Regular,T-Mobile Park,Seattle Mariners,SEA,Texas Rangers,TEX,0,5,FINISHED,balldontlie,2026-08-23T20:56:09+00:00
mlb-5058068,MLB,2026,2026-04-18T01:40:00Z,Regular,Chase Field,Arizona Diamondbacks,ARI,Toronto Blue Jays,TOR,6,3,FINISHED,balldontlie,2026-08-23T20:56:09+00:00
mlb-5058069,MLB,2026,2026-04-18T17:35:00Z,Regular,Yankee Stadium,New York Yankees,NYY,Kansas City Royals,KC,13,4,FINISHED,balldontlie,2026-08-23T20:56:09+00:00
mlb-5058070,MLB,2026,2026-04-18T18:10:00Z,Regular,Target Field,Minnesota Twins,MIN,Cincinnati Reds,CIN,4,5,FINISHED,balldontlie,2026-08-23T20:56:09+00:00
mlb-5058071,MLB,2026,2026-04-18T18:20:00Z,Regular,Wrigley Field,Chicago Cubs,CHC,New York Mets,NYM,4,2,FINISHED,balldontlie,2026-08-23T20:56:09+00:00
mlb-5058073,MLB,2026,2026-04-18T19:30:00Z,Regular,PNC Park,Pittsburgh Pirates,PIT,Tampa Bay Rays,TB,7,8,FINISHED,balldontlie,2026-08-23T20:56:09+00:00
mlb-5058072,MLB,2026,2026-04-18T20:05:00Z,Regular,Nationals Park,Washington Nationals,WSH,San Francisco Giants,SF,6,7,FINISHED,balldontlie,2026-08-23T20:56:09+00:00
mlb-5058074,MLB,2026,2026-04-18T20:05:00Z,Regular,Sutter Health Park,Oakland Athletics,OAK,Chicago White Sox,CHW,7,6,FINISHED,balldontlie,2026-08-23T20:56:09+00:00
mlb-5058075,MLB,2026,2026-04-18T20:10:00Z,Regular,Fenway Park,Boston Red Sox,BOS,Detroit Tigers,DET,1,4,FINISHED,balldontlie,2026-08-23T20:56:09+00:00
mlb-5058076,MLB,2026,2026-04-18T20:10:00Z,Regular,loanDepot park,Miami Marlins,MIA,Milwaukee Brewers,MIL,2,5,FINISHED,balldontlie,2026-08-23T20:56:09+00:00
mlb-5058077,MLB,2026,2026-04-18T22:10:00Z,Regular,Progressive Field,Cleveland Guardians,CLE,Baltimore Orioles,BAL,4,2,FINISHED,balldontlie,2026-08-23T20:56:09+00:00
mlb-5058078,MLB,2026,2026-04-18T23:10:00Z,Regular,Daikin Park,Houston Astros,HOU,St. Louis Cardinals,STL,5,7,FINISHED,balldontlie,2026-08-23T20:56:09+00:00
mlb-5058079,MLB,2026,2026-04-18T23:15:00Z,Regular,Citizens Bank Park,Philadelphia Phillies,PHI,Atlanta Braves,ATL,1,3,FINISHED,balldontlie,2026-08-23T20:56:09+00:00
mlb-5058080,MLB,2026,2026-04-18T23:15:00Z,Regular,T-Mobile Park,Seattle Mariners,SEA,Texas Rangers,TEX,7,3,FINISHED,balldontlie,2026-08-23T20:56:09+00:00
mlb-5058081,MLB,2026,2026-04-19T00:10:00Z,Regular,Coors Field,Colorado Rockies,COL,Los Angeles Dodgers,LAD,4,3,FINISHED,balldontlie,2026-08-23T20:56:09+00:00
mlb-5058082,MLB,2026,2026-04-19T00:10:00Z,Regular,Chase Field,Arizona Diamondbacks,ARI,Toronto Blue Jays,TOR,6,2,FINISHED,balldontlie,2026-08-23T20:56:09+00:00
mlb-5058083,MLB,2026,2026-04-19T01:38:00Z,Regular,Angel Stadium,Los Angeles Angels,LAA,San Diego Padres,SD,1,4,FINISHED,balldontlie,2026-08-23T20:56:09+00:00
mlb-5058085,MLB,2026,2026-04-19T17:35:00Z,Regular,Yankee Stadium,New York Yankees,NYY,Kansas City Royals,KC,7,0,FINISHED,balldontlie,2026-08-23T20:56:09+00:00
mlb-5058086,MLB,2026,2026-04-19T17:35:00Z,Regular,Nationals Park,Washington Nationals,WSH,San Francisco Giants,SF,3,0,FINISHED,balldontlie,2026-08-23T20:56:09+00:00
mlb-5058087,MLB,2026,2026-04-19T17:35:00Z,Regular,PNC Park,Pittsburgh Pirates,PIT,Tampa Bay Rays,TB,6,3,FINISHED,balldontlie,2026-08-23T20:56:09+00:00
mlb-5058088,MLB,2026,2026-04-19T17:40:00Z,Regular,Progressive Field,Cleveland Guardians,CLE,Baltimore Orioles,BAL,8,4,FINISHED,balldontlie,2026-08-23T20:56:09+00:00
mlb-5058089,MLB,2026,2026-04-19T17:40:00Z,Regular,loanDepot park,Miami Marlins,MIA,Milwaukee Brewers,MIL,5,3,FINISHED,balldontlie,2026-08-23T20:56:09+00:00
mlb-5058090,MLB,2026,2026-04-19T18:10:00Z,Regular,Target Field,Minnesota Twins,MIN,Cincinnati Reds,CIN,4,7,FINISHED,balldontlie,2026-08-23T20:56:09+00:00
mlb-5058091,MLB,2026,2026-04-19T18:10:00Z,Regular,Daikin Park,Houston Astros,HOU,St. Louis Cardinals,STL,5,7,FINISHED,balldontlie,2026-08-23T20:56:09+00:00
mlb-5058092,MLB,2026,2026-04-19T18:20:00Z,Regular,Wrigley Field,Chicago Cubs,CHC,New York Mets,NYM,2,1,FINISHED,balldontlie,2026-08-23T20:56:09+00:00
mlb-5058093,MLB,2026,2026-04-19T19:10:00Z,Regular,Coors Field,Colorado Rockies,COL,Los Angeles Dodgers,LAD,9,6,FINISHED,balldontlie,2026-08-23T20:56:09+00:00
mlb-5058094,MLB,2026,2026-04-19T20:05:00Z,Regular,Sutter Health Park,Oakland Athletics,OAK,Chicago White Sox,CHW,4,7,FINISHED,balldontlie,2026-08-23T20:56:09+00:00
mlb-5058095,MLB,2026,2026-04-19T20:07:00Z,Regular,Angel Stadium,Los Angeles Angels,LAA,San Diego Padres,SD,1,2,FINISHED,balldontlie,2026-08-23T20:56:09+00:00
mlb-5058096,MLB,2026,2026-04-19T20:10:00Z,Regular,T-Mobile Park,Seattle Mariners,SEA,Texas Rangers,TEX,5,2,FINISHED,balldontlie,2026-08-23T20:56:09+00:00
mlb-5058097,MLB,2026,2026-04-19T20:10:00Z,Regular,Chase Field,Arizona Diamondbacks,ARI,Toronto Blue Jays,TOR,4,10,FINISHED,balldontlie,2026-08-23T20:56:09+00:00
mlb-5058084,MLB,2026,2026-04-19T20:35:00Z,Regular,Fenway Park,Boston Red Sox,BOS,Detroit Tigers,DET,2,6,FINISHED,balldontlie,2026-08-23T20:56:09+00:00
mlb-5058098,MLB,2026,2026-04-19T23:20:00Z,Regular,Citizens Bank Park,Philadelphia Phillies,PHI,Atlanta Braves,ATL,2,4,FINISHED,balldontlie,2026-08-23T20:56:09+00:00
mlb-5058099,MLB,2026,2026-04-20T15:10:00Z,Regular,Fenway Park,Boston Red Sox,BOS,Detroit Tigers,DET,8,6,FINISHED,balldontlie,2026-08-23T20:56:09+00:00
mlb-5058100,MLB,2026,2026-04-20T22:10:00Z,Regular,Progressive Field,Cleveland Guardians,CLE,Houston Astros,HOU,2,9,FINISHED,balldontlie,2026-08-23T20:56:09+00:00
mlb-5058101,MLB,2026,2026-04-20T22:40:00Z,Regular,Tropicana Field,Tampa Bay Rays,TB,Cincinnati Reds,CIN,1,6,FINISHED,balldontlie,2026-08-23T20:56:09+00:00
mlb-5058102,MLB,2026,2026-04-20T22:40:00Z,Regular,loanDepot park,Miami Marlins,MIA,St. Louis Cardinals,STL,5,3,FINISHED,balldontlie,2026-08-23T20:56:09+00:00
mlb-5058103,MLB,2026,2026-04-20T22:45:00Z,Regular,Nationals Park,Washington Nationals,WSH,Atlanta Braves,ATL,4,9,FINISHED,balldontlie,2026-08-23T20:56:09+00:00
mlb-5058104,MLB,2026,2026-04-20T23:40:00Z,Regular,Kauffman Stadium,Kansas City Royals,KC,Baltimore Orioles,BAL,5,7,FINISHED,balldontlie,2026-08-23T20:56:09+00:00
mlb-5058105,MLB,2026,2026-04-20T23:40:00Z,Regular,Wrigley Field,Chicago Cubs,CHC,Philadelphia Phillies,PHI,5,1,FINISHED,balldontlie,2026-08-23T20:56:09+00:00
mlb-5058106,MLB,2026,2026-04-21T00:40:00Z,Regular,Coors Field,Colorado Rockies,COL,Los Angeles Dodgers,LAD,3,12,FINISHED,balldontlie,2026-08-23T20:56:09+00:00
mlb-5058107,MLB,2026,2026-04-21T01:38:00Z,Regular,Angel Stadium,Los Angeles Angels,LAA,Toronto Blue Jays,TOR,2,5,FINISHED,balldontlie,2026-08-23T20:56:09+00:00
mlb-5058108,MLB,2026,2026-04-21T01:40:00Z,Regular,T-Mobile Park,Seattle Mariners,SEA,Oakland Athletics,OAK,4,6,FINISHED,balldontlie,2026-08-23T20:56:09+00:00
mlb-5058109,MLB,2026,2026-04-21T22:10:00Z,Regular,Progressive Field,Cleveland Guardians,CLE,Houston Astros,HOU,8,5,FINISHED,balldontlie,2026-08-23T20:56:09+00:00
mlb-5058110,MLB,2026,2026-04-21T22:40:00Z,Regular,Tropicana Field,Tampa Bay Rays,TB,Cincinnati Reds,CIN,6,12,FINISHED,balldontlie,2026-08-23T20:56:09+00:00
mlb-5058111,MLB,2026,2026-04-21T22:40:00Z,Regular,Comerica Park,Detroit Tigers,DET,Milwaukee Brewers,MIL,4,12,FINISHED,balldontlie,2026-08-23T20:56:09+00:00
mlb-5058112,MLB,2026,2026-04-21T22:40:00Z,Regular,loanDepot park,Miami Marlins,MIA,St. Louis Cardinals,STL,3,5,FINISHED,balldontlie,2026-08-23T20:56:09+00:00
mlb-5058113,MLB,2026,2026-04-21T22:45:00Z,Regular,Nationals Park,Washington Nationals,WSH,Atlanta Braves,ATL,11,4,FINISHED,balldontlie,2026-08-23T20:56:09+00:00
mlb-5058114,MLB,2026,2026-04-21T22:45:00Z,Regular,Fenway Park,Boston Red Sox,BOS,New York Yankees,NYY,0,4,FINISHED,balldontlie,2026-08-23T20:56:09+00:00
mlb-5058115,MLB,2026,2026-04-21T23:10:00Z,Regular,Citi Field,New York Mets,NYM,Minnesota Twins,MIN,3,5,FINISHED,balldontlie,2026-08-23T20:56:09+00:00
mlb-5058116,MLB,2026,2026-04-21T23:40:00Z,Regular,Kauffman Stadium,Kansas City Royals,KC,Baltimore Orioles,BAL,6,5,FINISHED,balldontlie,2026-08-23T20:56:09+00:00
mlb-5058117,MLB,2026,2026-04-21T23:40:00Z,Regular,Wrigley Field,Chicago Cubs,CHC,Philadelphia Phillies,PHI,7,4,FINISHED,balldontlie,2026-08-23T20:56:09+00:00
mlb-5058118,MLB,2026,2026-04-22T00:05:00Z,Regular,Globe Life Field,Texas Rangers,TEX,Pittsburgh Pirates,PIT,5,1,FINISHED,balldontlie,2026-08-23T20:56:09+00:00
mlb-5058119,MLB,2026,2026-04-22T00:40:00Z,Regular,Coors Field,Colorado Rockies,COL,San Diego Padres,SD,0,1,FINISHED,balldontlie,2026-08-23T20:56:09+00:00
mlb-5058120,MLB,2026,2026-04-22T01:38:00Z,Regular,Angel Stadium,Los Angeles Angels,LAA,Toronto Blue Jays,TOR,2,4,FINISHED,balldontlie,2026-08-23T20:56:09+00:00
mlb-5058121,MLB,2026,2026-04-22T01:40:00Z,Regular,T-Mobile Park,Seattle Mariners,SEA,Oakland Athletics,OAK,2,5,FINISHED,balldontlie,2026-08-23T20:56:09+00:00
mlb-5058122,MLB,2026,2026-04-22T01:40:00Z,Regular,Chase Field,Arizona Diamondbacks,ARI,Chicago White Sox,CHW,5,11,FINISHED,balldontlie,2026-08-23T20:56:09+00:00
mlb-5058123,MLB,2026,2026-04-22T01:45:00Z,Regular,Oracle Park,San Francisco Giants,SF,Los Angeles Dodgers,LAD,3,1,FINISHED,balldontlie,2026-08-23T20:56:09+00:00
mlb-5058124,MLB,2026,2026-04-22T16:10:00Z,Regular,loanDepot park,Miami Marlins,MIA,St. Louis Cardinals,STL,4,1,FINISHED,balldontlie,2026-08-23T20:56:09+00:00
mlb-5058125,MLB,2026,2026-04-22T17:10:00Z,Regular,Tropicana Field,Tampa Bay Rays,TB,Cincinnati Reds,CIN,6,1,FINISHED,balldontlie,2026-08-23T20:56:09+00:00
mlb-5058126,MLB,2026,2026-04-22T17:10:00Z,Regular,Progressive Field,Cleveland Guardians,CLE,Houston Astros,HOU,0,2,FINISHED,balldontlie,2026-08-23T20:56:09+00:00
mlb-5058127,MLB,2026,2026-04-22T18:10:00Z,Regular,Kauffman Stadium,Kansas City Royals,KC,Baltimore Orioles,BAL,6,8,FINISHED,balldontlie,2026-08-23T20:56:09+00:00
mlb-5058128,MLB,2026,2026-04-22T19:07:00Z,Regular,Angel Stadium,Los Angeles Angels,LAA,Toronto Blue Jays,TOR,7,3,FINISHED,balldontlie,2026-08-23T20:56:09+00:00
mlb-5058129,MLB,2026,2026-04-22T20:10:00Z,Regular,T-Mobile Park,Seattle Mariners,SEA,Oakland Athletics,OAK,5,4,FINISHED,balldontlie,2026-08-23T20:56:09+00:00
mlb-5058130,MLB,2026,2026-04-22T22:40:00Z,Regular,Comerica Park,Detroit Tigers,DET,Milwaukee Brewers,MIL,5,2,FINISHED,balldontlie,2026-08-23T20:56:09+00:00
mlb-5058131,MLB,2026,2026-04-22T22:45:00Z,Regular,Nationals Park,Washington Nationals,WSH,Atlanta Braves,ATL,6,8,FINISHED,balldontlie,2026-08-23T20:56:09+00:00
mlb-5058132,MLB,2026,2026-04-22T22:45:00Z,Regular,Fenway Park,Boston Red Sox,BOS,New York Yankees,NYY,1,4,FINISHED,balldontlie,2026-08-23T20:56:09+00:00
mlb-5058133,MLB,2026,2026-04-22T23:10:00Z,Regular,Citi Field,New York Mets,NYM,Minnesota Twins,MIN,3,2,FINISHED,balldontlie,2026-08-23T20:56:09+00:00
mlb-5058134,MLB,2026,2026-04-22T23:40:00Z,Regular,Wrigley Field,Chicago Cubs,CHC,Philadelphia Phillies,PHI,7,2,FINISHED,balldontlie,2026-08-23T20:56:09+00:00
mlb-5058135,MLB,2026,2026-04-23T00:05:00Z,Regular,Globe Life Field,Texas Rangers,TEX,Pittsburgh Pirates,PIT,4,8,FINISHED,balldontlie,2026-08-23T20:56:09+00:00
mlb-5058136,MLB,2026,2026-04-23T00:40:00Z,Regular,Coors Field,Colorado Rockies,COL,San Diego Padres,SD,8,3,FINISHED,balldontlie,2026-08-23T20:56:09+00:00
mlb-5058137,MLB,2026,2026-04-23T01:40:00Z,Regular,Chase Field,Arizona Diamondbacks,ARI,Chicago White Sox,CHW,11,7,FINISHED,balldontlie,2026-08-23T20:56:09+00:00
mlb-5058138,MLB,2026,2026-04-23T01:45:00Z,Regular,Oracle Park,San Francisco Giants,SF,Los Angeles Dodgers,LAD,3,0,FINISHED,balldontlie,2026-08-23T20:56:09+00:00
mlb-5058139,MLB,2026,2026-04-23T17:05:00Z,Regular,Nationals Park,Washington Nationals,WSH,Atlanta Braves,ATL,2,7,FINISHED,balldontlie,2026-08-23T20:56:09+00:00
mlb-5058140,MLB,2026,2026-04-23T17:10:00Z,Regular,Comerica Park,Detroit Tigers,DET,Milwaukee Brewers,MIL,5,4,FINISHED,balldontlie,2026-08-23T20:56:09+00:00
mlb-5058141,MLB,2026,2026-04-23T18:20:00Z,Regular,Wrigley Field,Chicago Cubs,CHC,Philadelphia Phillies,PHI,8,7,FINISHED,balldontlie,2026-08-23T20:56:09+00:00
mlb-5058142,MLB,2026,2026-04-23T19:10:00Z,Regular,Coors Field,Colorado Rockies,COL,San Diego Padres,SD,8,10,FINISHED,balldontlie,2026-08-23T20:56:09+00:00
mlb-5058143,MLB,2026,2026-04-23T19:40:00Z,Regular,Chase Field,Arizona Diamondbacks,ARI,Chicago White Sox,CHW,1,4,FINISHED,balldontlie,2026-08-23T20:56:09+00:00
mlb-5058144,MLB,2026,2026-04-23T19:45:00Z,Regular,Oracle Park,San Francisco Giants,SF,Los Angeles Dodgers,LAD,0,3,FINISHED,balldontlie,2026-08-23T20:56:09+00:00
mlb-5058145,MLB,2026,2026-04-23T22:10:00Z,Regular,Fenway Park,Boston Red Sox,BOS,New York Yankees,NYY,2,4,FINISHED,balldontlie,2026-08-23T20:56:09+00:00
mlb-5058146,MLB,2026,2026-04-23T23:10:00Z,Regular,Citi Field,New York Mets,NYM,Minnesota Twins,MIN,10,8,FINISHED,balldontlie,2026-08-23T20:56:09+00:00
mlb-5058147,MLB,2026,2026-04-24T00:05:00Z,Regular,Globe Life Field,Texas Rangers,TEX,Pittsburgh Pirates,PIT,6,1,FINISHED,balldontlie,2026-08-23T20:56:09+00:00
mlb-5058148,MLB,2026,2026-04-24T22:40:00Z,Regular,Great American Ball Park,Cincinnati Reds,CIN,Detroit Tigers,DET,9,8,FINISHED,balldontlie,2026-08-23T20:56:09+00:00
mlb-5058149,MLB,2026,2026-04-24T23:05:00Z,Regular,Oriole Park at Camden Yards,Baltimore Orioles,BAL,Boston Red Sox,BOS,10,3,FINISHED,balldontlie,2026-08-23T20:56:09+00:00
mlb-5058150,MLB,2026,2026-04-24T23:07:00Z,Regular,Rogers Centre,Toronto Blue Jays,TOR,Cleveland Guardians,CLE,6,8,FINISHED,balldontlie,2026-08-23T20:56:09+00:00
mlb-5058151,MLB,2026,2026-04-24T23:10:00Z,Regular,Citi Field,New York Mets,NYM,Colorado Rockies,COL,3,4,FINISHED,balldontlie,2026-08-23T20:56:09+00:00
mlb-5058152,MLB,2026,2026-04-24T23:10:00Z,Regular,Tropicana Field,Tampa Bay Rays,TB,Minnesota Twins,MIN,6,2,FINISHED,balldontlie,2026-08-23T20:56:09+00:00
mlb-5058153,MLB,2026,2026-04-24T23:15:00Z,Regular,Truist Park,Atlanta Braves,ATL,Philadelphia Phillies,PHI,5,3,FINISHED,balldontlie,2026-08-23T20:56:09+00:00
mlb-5058154,MLB,2026,2026-04-24T23:40:00Z,Regular,Kauffman Stadium,Kansas City Royals,KC,Los Angeles Angels,LAA,6,3,FINISHED,balldontlie,2026-08-23T20:56:09+00:00
mlb-5058155,MLB,2026,2026-04-24T23:40:00Z,Regular,American Family Field,Milwaukee Brewers,MIL,Pittsburgh Pirates,PIT,0,6,FINISHED,balldontlie,2026-08-23T20:56:09+00:00
mlb-5058156,MLB,2026,2026-04-24T23:40:00Z,Regular,Rate Field,Chicago White Sox,CHW,Washington Nationals,WSH,5,4,FINISHED,balldontlie,2026-08-23T20:56:09+00:00
mlb-5058157,MLB,2026,2026-04-25T00:05:00Z,Regular,Globe Life Field,Texas Rangers,TEX,Oakland Athletics,OAK,1,8,FINISHED,balldontlie,2026-08-23T20:56:09+00:00
mlb-5058158,MLB,2026,2026-04-25T00:10:00Z,Regular,Daikin Park,Houston Astros,HOU,New York Yankees,NYY,4,12,FINISHED,balldontlie,2026-08-23T20:56:09+00:00
mlb-5058159,MLB,2026,2026-04-25T00:15:00Z,Regular,Busch Stadium,St. Louis Cardinals,STL,Seattle Mariners,SEA,2,3,FINISHED,balldontlie,2026-08-23T20:56:09+00:00
mlb-5058160,MLB,2026,2026-04-25T02:15:00Z,Regular,Dodger Stadium,Los Angeles Dodgers,LAD,Chicago Cubs,CHC,4,6,FINISHED,balldontlie,2026-08-23T20:56:09+00:00
mlb-5058161,MLB,2026,2026-04-25T02:15:00Z,Regular,Oracle Park,San Francisco Giants,SF,Miami Marlins,MIA,4,9,FINISHED,balldontlie,2026-08-23T20:56:09+00:00
mlb-5058164,MLB,2026,2026-04-25T16:05:00Z,Regular,Oriole Park at Camden Yards,Baltimore Orioles,BAL,Boston Red Sox,BOS,1,17,FINISHED,balldontlie,2026-08-23T20:56:09+00:00
mlb-5058162,MLB,2026,2026-04-25T18:15:00Z,Regular,Busch Stadium,St. Louis Cardinals,STL,Seattle Mariners,SEA,9,11,FINISHED,balldontlie,2026-08-23T20:56:09+00:00
mlb-5058163,MLB,2026,2026-04-25T19:07:00Z,Regular,Rogers Centre,Toronto Blue Jays,TOR,Cleveland Guardians,CLE,5,3,FINISHED,balldontlie,2026-08-23T20:56:09+00:00
mlb-5058165,MLB,2026,2026-04-25T20:05:00Z,Regular,Oracle Park,San Francisco Giants,SF,Miami Marlins,MIA,6,2,FINISHED,balldontlie,2026-08-23T20:56:09+00:00
mlb-5058167,MLB,2026,2026-04-25T20:10:00Z,Regular,Tropicana Field,Tampa Bay Rays,TB,Minnesota Twins,MIN,6,1,FINISHED,balldontlie,2026-08-23T20:56:09+00:00
mlb-5058168,MLB,2026,2026-04-25T20:10:00Z,Regular,Rate Field,Chicago White Sox,CHW,Washington Nationals,WSH,3,6,FINISHED,balldontlie,2026-08-23T20:56:09+00:00
mlb-5058169,MLB,2026,2026-04-25T22:05:00Z,Regular,Estadio Alfredo Harp Helú,Arizona Diamondbacks,ARI,San Diego Padres,SD,4,6,FINISHED,balldontlie,2026-08-23T20:56:09+00:00
mlb-5058170,MLB,2026,2026-04-25T23:05:00Z,Regular,Globe Life Field,Texas Rangers,TEX,Oakland Athletics,OAK,4,3,FINISHED,balldontlie,2026-08-23T20:56:09+00:00
mlb-5058171,MLB,2026,2026-04-25T23:10:00Z,Regular,Kauffman Stadium,Kansas City Royals,KC,Los Angeles Angels,LAA,12,1,FINISHED,balldontlie,2026-08-23T20:56:09+00:00
mlb-5058172,MLB,2026,2026-04-25T23:10:00Z,Regular,Daikin Park,Houston Astros,HOU,New York Yankees,NYY,3,8,FINISHED,balldontlie,2026-08-23T20:56:09+00:00
mlb-5058173,MLB,2026,2026-04-25T23:10:00Z,Regular,American Family Field,Milwaukee Brewers,MIL,Pittsburgh Pirates,PIT,3,6,FINISHED,balldontlie,2026-08-23T20:56:09+00:00
mlb-5058174,MLB,2026,2026-04-25T23:15:00Z,Regular,Great American Ball Park,Cincinnati Reds,CIN,Detroit Tigers,DET,9,2,FINISHED,balldontlie,2026-08-23T20:56:09+00:00
mlb-5058175,MLB,2026,2026-04-25T23:15:00Z,Regular,Truist Park,Atlanta Braves,ATL,Philadelphia Phillies,PHI,5,8,FINISHED,balldontlie,2026-08-23T20:56:09+00:00
mlb-5058176,MLB,2026,2026-04-25T23:15:00Z,Regular,Dodger Stadium,Los Angeles Dodgers,LAD,Chicago Cubs,CHC,12,4,FINISHED,balldontlie,2026-08-23T20:56:09+00:00
mlb-5058177,MLB,2026,2026-04-26T17:35:00Z,Regular,Oriole Park at Camden Yards,Baltimore Orioles,BAL,Boston Red Sox,BOS,3,5,FINISHED,balldontlie,2026-08-23T20:56:09+00:00
mlb-5058178,MLB,2026,2026-04-26T17:35:00Z,Regular,Truist Park,Atlanta Braves,ATL,Philadelphia Phillies,PHI,6,2,FINISHED,balldontlie,2026-08-23T20:56:09+00:00
mlb-5058179,MLB,2026,2026-04-26T17:37:00Z,Regular,Rogers Centre,Toronto Blue Jays,TOR,Cleveland Guardians,CLE,4,2,FINISHED,balldontlie,2026-08-23T20:56:09+00:00
mlb-5058180,MLB,2026,2026-04-26T17:40:00Z,Regular,Citi Field,New York Mets,NYM,Colorado Rockies,COL,1,3,FINISHED,balldontlie,2026-08-23T20:56:09+00:00
mlb-5058181,MLB,2026,2026-04-26T17:40:00Z,Regular,Great American Ball Park,Cincinnati Reds,CIN,Detroit Tigers,DET,3,8,FINISHED,balldontlie,2026-08-23T20:56:09+00:00
mlb-5058182,MLB,2026,2026-04-26T17:40:00Z,Regular,Tropicana Field,Tampa Bay Rays,TB,Minnesota Twins,MIN,4,2,FINISHED,balldontlie,2026-08-23T20:56:09+00:00
mlb-5058183,MLB,2026,2026-04-26T18:10:00Z,Regular,Daikin Park,Houston Astros,HOU,New York Yankees,NYY,7,4,FINISHED,balldontlie,2026-08-23T20:56:09+00:00
mlb-5058184,MLB,2026,2026-04-26T18:10:00Z,Regular,American Family Field,Milwaukee Brewers,MIL,Pittsburgh Pirates,PIT,5,0,FINISHED,balldontlie,2026-08-23T20:56:09+00:00
mlb-5058185,MLB,2026,2026-04-26T18:10:00Z,Regular,Rate Field,Chicago White Sox,CHW,Washington Nationals,WSH,1,2,FINISHED,balldontlie,2026-08-23T20:56:09+00:00
mlb-5058186,MLB,2026,2026-04-26T18:15:00Z,Regular,Busch Stadium,St. Louis Cardinals,STL,Seattle Mariners,SEA,2,3,FINISHED,balldontlie,2026-08-23T20:56:09+00:00
mlb-5058187,MLB,2026,2026-04-26T18:35:00Z,Regular,Globe Life Field,Texas Rangers,TEX,Oakland Athletics,OAK,1,2,FINISHED,balldontlie,2026-08-23T20:56:09+00:00
mlb-5058188,MLB,2026,2026-04-26T20:05:00Z,Regular,Oracle Park,San Francisco Giants,SF,Miami Marlins,MIA,6,3,FINISHED,balldontlie,2026-08-23T20:56:09+00:00
mlb-5058189,MLB,2026,2026-04-26T20:05:00Z,Regular,Estadio Alfredo Harp Helú,Arizona Diamondbacks,ARI,San Diego Padres,SD,12,7,FINISHED,balldontlie,2026-08-23T20:56:09+00:00
mlb-5058190,MLB,2026,2026-04-26T20:10:00Z,Regular,Dodger Stadium,Los Angeles Dodgers,LAD,Chicago Cubs,CHC,6,0,FINISHED,balldontlie,2026-08-23T20:56:09+00:00
mlb-5058191,MLB,2026,2026-04-26T20:10:00Z,Regular,Kauffman Stadium,Kansas City Royals,KC,Los Angeles Angels,LAA,11,9,FINISHED,balldontlie,2026-08-23T20:56:09+00:00
mlb-6978332,MLB,2026,2026-04-26T20:55:00Z,Regular,Citi Field,New York Mets,NYM,Colorado Rockies,COL,0,3,FINISHED,balldontlie,2026-08-23T20:56:09+00:00
mlb-5058192,MLB,2026,2026-04-27T22:10:00Z,Regular,Progressive Field,Cleveland Guardians,CLE,Tampa Bay Rays,TB,2,3,FINISHED,balldontlie,2026-08-23T20:56:09+00:00
mlb-5058193,MLB,2026,2026-04-27T22:40:00Z,Regular,PNC Park,Pittsburgh Pirates,PIT,St. Louis Cardinals,STL,2,4,FINISHED,balldontlie,2026-08-23T20:56:09+00:00
mlb-5058194,MLB,2026,2026-04-27T23:07:00Z,Regular,Rogers Centre,Toronto Blue Jays,TOR,Boston Red Sox,BOS,0,5,FINISHED,balldontlie,2026-08-23T20:56:09+00:00
mlb-5058195,MLB,2026,2026-04-27T23:40:00Z,Regular,Rate Field,Chicago White Sox,CHW,Los Angeles Angels,LAA,8,7,FINISHED,balldontlie,2026-08-23T20:56:09+00:00
mlb-5058196,MLB,2026,2026-04-27T23:40:00Z,Regular,Target Field,Minnesota Twins,MIN,Seattle Mariners,SEA,11,4,FINISHED,balldontlie,2026-08-23T20:56:09+00:00
mlb-5058197,MLB,2026,2026-04-28T00:05:00Z,Regular,Globe Life Field,Texas Rangers,TEX,New York Yankees,NYY,2,4,FINISHED,balldontlie,2026-08-23T20:56:09+00:00
mlb-5058198,MLB,2026,2026-04-28T01:40:00Z,Regular,Petco Park,San Diego Padres,SD,Chicago Cubs,CHC,9,7,FINISHED,balldontlie,2026-08-23T20:56:09+00:00
mlb-5058199,MLB,2026,2026-04-28T02:10:00Z,Regular,Dodger Stadium,Los Angeles Dodgers,LAD,Miami Marlins,MIA,5,4,FINISHED,balldontlie,2026-08-23T20:56:09+00:00
mlb-5058200,MLB,2026,2026-04-28T22:10:00Z,Regular,Progressive Field,Cleveland Guardians,CLE,Tampa Bay Rays,TB,0,1,FINISHED,balldontlie,2026-08-23T20:56:09+00:00
mlb-5058201,MLB,2026,2026-04-28T22:35:00Z,Regular,Oriole Park at Camden Yards,Baltimore Orioles,BAL,Houston Astros,HOU,5,3,FINISHED,balldontlie,2026-08-23T20:56:09+00:00
mlb-5058202,MLB,2026,2026-04-28T22:40:00Z,Regular,Great American Ball Park,Cincinnati Reds,CIN,Colorado Rockies,COL,7,2,FINISHED,balldontlie,2026-08-23T20:56:09+00:00
mlb-5058203,MLB,2026,2026-04-28T22:40:00Z,Regular,Citizens Bank Park,Philadelphia Phillies,PHI,San Francisco Giants,SF,7,0,FINISHED,balldontlie,2026-08-23T20:56:09+00:00
mlb-5058204,MLB,2026,2026-04-28T22:40:00Z,Regular,PNC Park,Pittsburgh Pirates,PIT,St. Louis Cardinals,STL,7,11,FINISHED,balldontlie,2026-08-23T20:56:09+00:00
mlb-5058205,MLB,2026,2026-04-28T23:07:00Z,Regular,Rogers Centre,Toronto Blue Jays,TOR,Boston Red Sox,BOS,3,0,FINISHED,balldontlie,2026-08-23T20:56:09+00:00
mlb-5058206,MLB,2026,2026-04-28T23:10:00Z,Regular,Citi Field,New York Mets,NYM,Washington Nationals,WSH,8,0,FINISHED,balldontlie,2026-08-23T20:56:09+00:00
mlb-5058207,MLB,2026,2026-04-28T23:15:00Z,Regular,Truist Park,Atlanta Braves,ATL,Detroit Tigers,DET,5,2,FINISHED,balldontlie,2026-08-23T20:56:09+00:00
mlb-5058208,MLB,2026,2026-04-28T23:40:00Z,Regular,Rate Field,Chicago White Sox,CHW,Los Angeles Angels,LAA,5,2,FINISHED,balldontlie,2026-08-23T20:56:09+00:00
mlb-5058209,MLB,2026,2026-04-28T23:40:00Z,Regular,American Family Field,Milwaukee Brewers,MIL,Arizona Diamondbacks,ARI,13,2,FINISHED,balldontlie,2026-08-23T20:56:09+00:00
mlb-5058210,MLB,2026,2026-04-28T23:40:00Z,Regular,Target Field,Minnesota Twins,MIN,Seattle Mariners,SEA,1,7,FINISHED,balldontlie,2026-08-23T20:56:09+00:00
mlb-5058211,MLB,2026,2026-04-29T00:05:00Z,Regular,Globe Life Field,Texas Rangers,TEX,New York Yankees,NYY,2,3,FINISHED,balldontlie,2026-08-23T20:56:09+00:00
mlb-5058212,MLB,2026,2026-04-29T01:40:00Z,Regular,Petco Park,San Diego Padres,SD,Chicago Cubs,CHC,3,8,FINISHED,balldontlie,2026-08-23T20:56:09+00:00
mlb-5058213,MLB,2026,2026-04-29T01:40:00Z,Regular,Sutter Health Park,Oakland Athletics,OAK,Kansas City Royals,KC,1,4,FINISHED,balldontlie,2026-08-23T20:56:09+00:00
mlb-5058214,MLB,2026,2026-04-29T02:10:00Z,Regular,Dodger Stadium,Los Angeles Dodgers,LAD,Miami Marlins,MIA,1,2,FINISHED,balldontlie,2026-08-23T20:56:09+00:00
mlb-5058215,MLB,2026,2026-04-29T17:10:00Z,Regular,Progressive Field,Cleveland Guardians,CLE,Tampa Bay Rays,TB,3,1,FINISHED,balldontlie,2026-08-23T20:56:09+00:00
mlb-5058216,MLB,2026,2026-04-29T17:10:00Z,Regular,Rate Field,Chicago White Sox,CHW,Los Angeles Angels,LAA,3,2,FINISHED,balldontlie,2026-08-23T20:56:09+00:00
mlb-5058217,MLB,2026,2026-04-29T17:40:00Z,Regular,Target Field,Minnesota Twins,MIN,Seattle Mariners,SEA,3,5,FINISHED,balldontlie,2026-08-23T20:56:09+00:00
mlb-5058218,MLB,2026,2026-04-29T18:35:00Z,Regular,Globe Life Field,Texas Rangers,TEX,New York Yankees,NYY,3,0,FINISHED,balldontlie,2026-08-23T20:56:09+00:00
mlb-5058219,MLB,2026,2026-04-29T19:07:00Z,Regular,Rogers Centre,Toronto Blue Jays,TOR,Boston Red Sox,BOS,8,1,FINISHED,balldontlie,2026-08-23T20:56:09+00:00
mlb-5058220,MLB,2026,2026-04-29T19:10:00Z,Regular,Dodger Stadium,Los Angeles Dodgers,LAD,Miami Marlins,MIA,2,3,FINISHED,balldontlie,2026-08-23T20:56:09+00:00
mlb-5058221,MLB,2026,2026-04-29T20:10:00Z,Regular,Petco Park,San Diego Padres,SD,Chicago Cubs,CHC,4,5,FINISHED,balldontlie,2026-08-23T20:56:09+00:00
mlb-5058223,MLB,2026,2026-04-29T22:40:00Z,Regular,Great American Ball Park,Cincinnati Reds,CIN,Colorado Rockies,COL,2,13,FINISHED,balldontlie,2026-08-23T20:56:09+00:00
mlb-5058225,MLB,2026,2026-04-29T22:40:00Z,Regular,PNC Park,Pittsburgh Pirates,PIT,St. Louis Cardinals,STL,4,5,FINISHED,balldontlie,2026-08-23T20:56:09+00:00
mlb-5058226,MLB,2026,2026-04-29T23:10:00Z,Regular,Citi Field,New York Mets,NYM,Washington Nationals,WSH,2,14,FINISHED,balldontlie,2026-08-23T20:56:09+00:00
mlb-5058227,MLB,2026,2026-04-29T23:15:00Z,Regular,Truist Park,Atlanta Braves,ATL,Detroit Tigers,DET,4,3,FINISHED,balldontlie,2026-08-23T20:56:09+00:00
mlb-5058228,MLB,2026,2026-04-29T23:40:00Z,Regular,American Family Field,Milwaukee Brewers,MIL,Arizona Diamondbacks,ARI,2,6,FINISHED,balldontlie,2026-08-23T20:56:09+00:00
mlb-5058229,MLB,2026,2026-04-30T01:40:00Z,Regular,Sutter Health Park,Oakland Athletics,OAK,Kansas City Royals,KC,5,2,FINISHED,balldontlie,2026-08-23T20:56:09+00:00
mlb-5058230,MLB,2026,2026-04-30T16:15:00Z,Regular,Truist Park,Atlanta Braves,ATL,Detroit Tigers,DET,2,5,FINISHED,balldontlie,2026-08-23T20:56:09+00:00
mlb-5058231,MLB,2026,2026-04-30T16:35:00Z,Regular,Oriole Park at Camden Yards,Baltimore Orioles,BAL,Houston Astros,HOU,10,3,FINISHED,balldontlie,2026-08-23T20:56:09+00:00
mlb-5058232,MLB,2026,2026-04-30T16:35:00Z,Regular,PNC Park,Pittsburgh Pirates,PIT,St. Louis Cardinals,STL,5,10,FINISHED,balldontlie,2026-08-23T20:56:09+00:00
mlb-5058234,MLB,2026,2026-04-30T16:35:00Z,Regular,Citizens Bank Park,Philadelphia Phillies,PHI,San Francisco Giants,SF,3,2,FINISHED,balldontlie,2026-08-23T20:56:09+00:00
mlb-5058233,MLB,2026,2026-04-30T16:40:00Z,Regular,Great American Ball Park,Cincinnati Reds,CIN,Colorado Rockies,COL,6,4,FINISHED,balldontlie,2026-08-23T20:56:09+00:00
mlb-5058235,MLB,2026,2026-04-30T17:10:00Z,Regular,Citi Field,New York Mets,NYM,Washington Nationals,WSH,4,5,FINISHED,balldontlie,2026-08-23T20:56:09+00:00
mlb-5058236,MLB,2026,2026-04-30T17:40:00Z,Regular,American Family Field,Milwaukee Brewers,MIL,Arizona Diamondbacks,ARI,13,1,FINISHED,balldontlie,2026-08-23T20:56:09+00:00
mlb-5058237,MLB,2026,2026-04-30T19:05:00Z,Regular,Sutter Health Park,Oakland Athletics,OAK,Kansas City Royals,KC,6,3,FINISHED,balldontlie,2026-08-23T20:56:09+00:00
mlb-7345140,MLB,2026,2026-04-30T19:55:00Z,Regular,Oriole Park at Camden Yards,Baltimore Orioles,BAL,Houston Astros,HOU,5,11,FINISHED,balldontlie,2026-08-23T20:56:09+00:00
mlb-7364165,MLB,2026,2026-04-30T21:35:00Z,Regular,Citizens Bank Park,Philadelphia Phillies,PHI,San Francisco Giants,SF,6,5,FINISHED,balldontlie,2026-08-23T20:56:09+00:00
mlb-5058238,MLB,2026,2026-04-30T23:40:00Z,Regular,Target Field,Minnesota Twins,MIN,Toronto Blue Jays,TOR,7,1,FINISHED,balldontlie,2026-08-23T20:56:09+00:00
mlb-5058239,MLB,2026,2026-05-01T18:20:00Z,Regular,Wrigley Field,Chicago Cubs,CHC,Arizona Diamondbacks,ARI,6,5,FINISHED,balldontlie,2026-08-23T20:56:09+00:00
mlb-5058241,MLB,2026,2026-05-01T22:40:00Z,Regular,Comerica Park,Detroit Tigers,DET,Texas Rangers,TEX,4,5,FINISHED,balldontlie,2026-08-23T20:56:09+00:00
mlb-5058240,MLB,2026,2026-05-01T22:45:00Z,Regular,PNC Park,Pittsburgh Pirates,PIT,Cincinnati Reds,CIN,9,1,FINISHED,balldontlie,2026-08-23T20:56:09+00:00
mlb-5058242,MLB,2026,2026-05-01T22:45:00Z,Regular,Nationals Park,Washington Nationals,WSH,Milwaukee Brewers,MIL,1,6,FINISHED,balldontlie,2026-08-23T20:56:09+00:00
mlb-5058243,MLB,2026,2026-05-01T23:05:00Z,Regular,Yankee Stadium,New York Yankees,NYY,Baltimore Orioles,BAL,7,2,FINISHED,balldontlie,2026-08-23T20:56:09+00:00
mlb-5058244,MLB,2026,2026-05-01T23:10:00Z,Regular,Fenway Park,Boston Red Sox,BOS,Houston Astros,HOU,3,1,FINISHED,balldontlie,2026-08-23T20:56:09+00:00
mlb-5058245,MLB,2026,2026-05-01T23:10:00Z,Regular,loanDepot park,Miami Marlins,MIA,Philadelphia Phillies,PHI,5,6,FINISHED,balldontlie,2026-08-23T20:56:09+00:00
mlb-5058246,MLB,2026,2026-05-01T23:10:00Z,Regular,Tropicana Field,Tampa Bay Rays,TB,San Francisco Giants,SF,3,0,FINISHED,balldontlie,2026-08-23T20:56:09+00:00
mlb-5058247,MLB,2026,2026-05-02T00:10:00Z,Regular,Target Field,Minnesota Twins,MIN,Toronto Blue Jays,TOR,3,7,FINISHED,balldontlie,2026-08-23T20:56:09+00:00
mlb-5058248,MLB,2026,2026-05-02T00:15:00Z,Regular,Busch Stadium,St. Louis Cardinals,STL,Los Angeles Dodgers,LAD,7,2,FINISHED,balldontlie,2026-08-23T20:56:09+00:00
mlb-5058249,MLB,2026,2026-05-02T00:40:00Z,Regular,Coors Field,Colorado Rockies,COL,Atlanta Braves,ATL,6,8,FINISHED,balldontlie,2026-08-23T20:56:09+00:00
mlb-5058250,MLB,2026,2026-05-02T01:38:00Z,Regular,Angel Stadium,Los Angeles Angels,LAA,New York Mets,NYM,3,4,FINISHED,balldontlie,2026-08-23T20:56:09+00:00
mlb-5058251,MLB,2026,2026-05-02T01:40:00Z,Regular,Petco Park,San Diego Padres,SD,Chicago White Sox,CHW,2,8,FINISHED,balldontlie,2026-08-23T20:56:09+00:00
mlb-5058252,MLB,2026,2026-05-02T01:40:00Z,Regular,Sutter Health Park,Oakland Athletics,OAK,Cleveland Guardians,CLE,5,8,FINISHED,balldontlie,2026-08-23T20:56:09+00:00
mlb-5058253,MLB,2026,2026-05-02T01:45:00Z,Regular,T-Mobile Park,Seattle Mariners,SEA,Kansas City Royals,KC,6,7,FINISHED,balldontlie,2026-08-23T20:56:09+00:00
mlb-5058254,MLB,2026,2026-05-02T17:35:00Z,Regular,Yankee Stadium,New York Yankees,NYY,Baltimore Orioles,BAL,9,4,FINISHED,balldontlie,2026-08-23T20:56:09+00:00
mlb-5058255,MLB,2026,2026-05-02T18:10:00Z,Regular,Target Field,Minnesota Twins,MIN,Toronto Blue Jays,TOR,4,11,FINISHED,balldontlie,2026-08-23T20:56:09+00:00
mlb-5058256,MLB,2026,2026-05-02T18:20:00Z,Regular,Wrigley Field,Chicago Cubs,CHC,Arizona Diamondbacks,ARI,2,0,FINISHED,balldontlie,2026-08-23T20:56:09+00:00
mlb-5058257,MLB,2026,2026-05-02T20:05:00Z,Regular,PNC Park,Pittsburgh Pirates,PIT,Cincinnati Reds,CIN,17,7,FINISHED,balldontlie,2026-08-23T20:56:09+00:00
mlb-5058258,MLB,2026,2026-05-02T20:05:00Z,Regular,Nationals Park,Washington Nationals,WSH,Milwaukee Brewers,MIL,1,4,FINISHED,balldontlie,2026-08-23T20:56:09+00:00
mlb-5058259,MLB,2026,2026-05-02T20:05:00Z,Regular,Sutter Health Park,Oakland Athletics,OAK,Cleveland Guardians,CLE,6,14,FINISHED,balldontlie,2026-08-23T20:56:09+00:00
mlb-5058260,MLB,2026,2026-05-02T20:10:00Z,Regular,Fenway Park,Boston Red Sox,BOS,Houston Astros,HOU,3,6,FINISHED,balldontlie,2026-08-23T20:56:09+00:00
mlb-5058261,MLB,2026,2026-05-02T20:10:00Z,Regular,loanDepot park,Miami Marlins,MIA,Philadelphia Phillies,PHI,4,0,FINISHED,balldontlie,2026-08-23T20:56:09+00:00
mlb-5058262,MLB,2026,2026-05-02T22:10:00Z,Regular,Tropicana Field,Tampa Bay Rays,TB,San Francisco Giants,SF,5,1,FINISHED,balldontlie,2026-08-23T20:56:09+00:00
mlb-5058263,MLB,2026,2026-05-02T23:15:00Z,Regular,Comerica Park,Detroit Tigers,DET,Texas Rangers,TEX,5,1,FINISHED,balldontlie,2026-08-23T20:56:09+00:00
mlb-5058264,MLB,2026,2026-05-02T23:15:00Z,Regular,Busch Stadium,St. Louis Cardinals,STL,Los Angeles Dodgers,LAD,3,2,FINISHED,balldontlie,2026-08-23T20:56:09+00:00
mlb-5058265,MLB,2026,2026-05-03T00:10:00Z,Regular,Coors Field,Colorado Rockies,COL,Atlanta Braves,ATL,1,9,FINISHED,balldontlie,2026-08-23T20:56:09+00:00
mlb-5058266,MLB,2026,2026-05-03T00:40:00Z,Regular,Petco Park,San Diego Padres,SD,Chicago White Sox,CHW,0,4,FINISHED,balldontlie,2026-08-23T20:56:09+00:00
mlb-5058267,MLB,2026,2026-05-03T01:38:00Z,Regular,Angel Stadium,Los Angeles Angels,LAA,New York Mets,NYM,4,3,FINISHED,balldontlie,2026-08-23T20:56:09+00:00
mlb-5058268,MLB,2026,2026-05-03T01:40:00Z,Regular,T-Mobile Park,Seattle Mariners,SEA,Kansas City Royals,KC,2,3,FINISHED,balldontlie,2026-08-23T20:56:09+00:00
mlb-5058269,MLB,2026,2026-05-03T16:45:00Z,Regular,Target Field,Minnesota Twins,MIN,Toronto Blue Jays,TOR,4,3,FINISHED,balldontlie,2026-08-23T20:56:09+00:00
mlb-5058270,MLB,2026,2026-05-03T17:35:00Z,Regular,Yankee Stadium,New York Yankees,NYY,Baltimore Orioles,BAL,11,3,FINISHED,balldontlie,2026-08-23T20:56:09+00:00
mlb-5058271,MLB,2026,2026-05-03T17:35:00Z,Regular,PNC Park,Pittsburgh Pirates,PIT,Cincinnati Reds,CIN,1,0,FINISHED,balldontlie,2026-08-23T20:56:09+00:00
mlb-5058272,MLB,2026,2026-05-03T17:35:00Z,Regular,Fenway Park,Boston Red Sox,BOS,Houston Astros,HOU,1,3,FINISHED,balldontlie,2026-08-23T20:56:09+00:00
mlb-5058273,MLB,2026,2026-05-03T17:35:00Z,Regular,Nationals Park,Washington Nationals,WSH,Milwaukee Brewers,MIL,3,2,FINISHED,balldontlie,2026-08-23T20:56:09+00:00
mlb-5058274,MLB,2026,2026-05-03T17:40:00Z,Regular,loanDepot park,Miami Marlins,MIA,Philadelphia Phillies,PHI,2,7,FINISHED,balldontlie,2026-08-23T20:56:09+00:00
mlb-5058275,MLB,2026,2026-05-03T17:40:00Z,Regular,Tropicana Field,Tampa Bay Rays,TB,San Francisco Giants,SF,2,1,FINISHED,balldontlie,2026-08-23T20:56:09+00:00
mlb-5058276,MLB,2026,2026-05-03T18:15:00Z,Regular,Busch Stadium,St. Louis Cardinals,STL,Los Angeles Dodgers,LAD,1,4,FINISHED,balldontlie,2026-08-23T20:56:09+00:00
mlb-5058277,MLB,2026,2026-05-03T18:20:00Z,Regular,Wrigley Field,Chicago Cubs,CHC,Arizona Diamondbacks,ARI,8,4,FINISHED,balldontlie,2026-08-23T20:56:09+00:00
mlb-5058278,MLB,2026,2026-05-03T19:10:00Z,Regular,Coors Field,Colorado Rockies,COL,Atlanta Braves,ATL,6,11,FINISHED,balldontlie,2026-08-23T20:56:09+00:00
mlb-5058279,MLB,2026,2026-05-03T20:05:00Z,Regular,Sutter Health Park,Oakland Athletics,OAK,Cleveland Guardians,CLE,7,1,FINISHED,balldontlie,2026-08-23T20:56:09+00:00
mlb-5058280,MLB,2026,2026-05-03T20:07:00Z,Regular,Angel Stadium,Los Angeles Angels,LAA,New York Mets,NYM,1,5,FINISHED,balldontlie,2026-08-23T20:56:09+00:00
mlb-5058281,MLB,2026,2026-05-03T20:10:00Z,Regular,Petco Park,San Diego Padres,SD,Chicago White Sox,CHW,4,3,FINISHED,balldontlie,2026-08-23T20:56:09+00:00
mlb-5058282,MLB,2026,2026-05-03T20:10:00Z,Regular,T-Mobile Park,Seattle Mariners,SEA,Kansas City Royals,KC,1,4,FINISHED,balldontlie,2026-08-23T20:56:09+00:00
mlb-5058283,MLB,2026,2026-05-03T23:20:00Z,Regular,Comerica Park,Detroit Tigers,DET,Texas Rangers,TEX,7,1,FINISHED,balldontlie,2026-08-23T20:56:09+00:00
mlb-5058292,MLB,2026,2026-05-04T21:40:00Z,Regular,Coors Field,Colorado Rockies,COL,New York Mets,NYM,2,4,FINISHED,balldontlie,2026-08-23T20:56:09+00:00
mlb-5058284,MLB,2026,2026-05-04T22:10:00Z,Regular,Comerica Park,Detroit Tigers,DET,Boston Red Sox,BOS,4,5,FINISHED,balldontlie,2026-08-23T20:56:09+00:00
mlb-5058285,MLB,2026,2026-05-04T22:40:00Z,Regular,loanDepot park,Miami Marlins,MIA,Philadelphia Phillies,PHI,0,1,FINISHED,balldontlie,2026-08-23T20:56:09+00:00
mlb-5058286,MLB,2026,2026-05-04T22:40:00Z,Regular,Tropicana Field,Tampa Bay Rays,TB,Toronto Blue Jays,TOR,5,1,FINISHED,balldontlie,2026-08-23T20:56:09+00:00
mlb-5058287,MLB,2026,2026-05-04T23:05:00Z,Regular,Yankee Stadium,New York Yankees,NYY,Baltimore Orioles,BAL,12,1,FINISHED,balldontlie,2026-08-23T20:56:09+00:00
mlb-5058288,MLB,2026,2026-05-04T23:10:00Z,Regular,Wrigley Field,Chicago Cubs,CHC,Cincinnati Reds,CIN,5,4,FINISHED,balldontlie,2026-08-23T20:56:09+00:00
mlb-5058289,MLB,2026,2026-05-04T23:40:00Z,Regular,Kauffman Stadium,Kansas City Royals,KC,Cleveland Guardians,CLE,6,2,FINISHED,balldontlie,2026-08-23T20:56:09+00:00
mlb-5058290,MLB,2026,2026-05-04T23:45:00Z,Regular,Busch Stadium,St. Louis Cardinals,STL,Milwaukee Brewers,MIL,6,3,FINISHED,balldontlie,2026-08-23T20:56:09+00:00
mlb-5058291,MLB,2026,2026-05-05T00:10:00Z,Regular,Daikin Park,Houston Astros,HOU,Los Angeles Dodgers,LAD,3,8,FINISHED,balldontlie,2026-08-23T20:56:09+00:00
mlb-5058293,MLB,2026,2026-05-05T01:38:00Z,Regular,Angel Stadium,Los Angeles Angels,LAA,Chicago White Sox,CHW,0,6,FINISHED,balldontlie,2026-08-23T20:56:09+00:00
mlb-5058294,MLB,2026,2026-05-05T01:40:00Z,Regular,T-Mobile Park,Seattle Mariners,SEA,Atlanta Braves,ATL,5,4,FINISHED,balldontlie,2026-08-23T20:56:09+00:00
mlb-5058295,MLB,2026,2026-05-05T01:45:00Z,Regular,Oracle Park,San Francisco Giants,SF,San Diego Padres,SD,3,2,FINISHED,balldontlie,2026-08-23T20:56:09+00:00
mlb-5058296,MLB,2026,2026-05-05T22:40:00Z,Regular,Citizens Bank Park,Philadelphia Phillies,PHI,Oakland Athletics,OAK,9,1,FINISHED,balldontlie,2026-08-23T20:56:09+00:00
mlb-5058297,MLB,2026,2026-05-05T22:40:00Z,Regular,loanDepot park,Miami Marlins,MIA,Baltimore Orioles,BAL,7,9,FINISHED,balldontlie,2026-08-23T20:56:09+00:00
mlb-5058298,MLB,2026,2026-05-05T22:40:00Z,Regular,Comerica Park,Detroit Tigers,DET,Boston Red Sox,BOS,3,10,FINISHED,balldontlie,2026-08-23T20:56:09+00:00
mlb-5058299,MLB,2026,2026-05-05T22:40:00Z,Regular,Tropicana Field,Tampa Bay Rays,TB,Toronto Blue Jays,TOR,4,3,FINISHED,balldontlie,2026-08-23T20:56:09+00:00
mlb-5058300,MLB,2026,2026-05-05T22:45:00Z,Regular,Nationals Park,Washington Nationals,WSH,Minnesota Twins,MIN,3,11,FINISHED,balldontlie,2026-08-23T20:56:09+00:00
mlb-5058301,MLB,2026,2026-05-05T23:05:00Z,Regular,Yankee Stadium,New York Yankees,NYY,Texas Rangers,TEX,7,4,FINISHED,balldontlie,2026-08-23T20:56:09+00:00
mlb-5058302,MLB,2026,2026-05-05T23:40:00Z,Regular,Wrigley Field,Chicago Cubs,CHC,Cincinnati Reds,CIN,3,2,FINISHED,balldontlie,2026-08-23T20:56:09+00:00
mlb-5058303,MLB,2026,2026-05-05T23:40:00Z,Regular,Kauffman Stadium,Kansas City Royals,KC,Cleveland Guardians,CLE,5,3,FINISHED,balldontlie,2026-08-23T20:56:09+00:00
mlb-5058305,MLB,2026,2026-05-06T00:10:00Z,Regular,Daikin Park,Houston Astros,HOU,Los Angeles Dodgers,LAD,2,1,FINISHED,balldontlie,2026-08-23T20:56:09+00:00
mlb-5058307,MLB,2026,2026-05-06T01:38:00Z,Regular,Angel Stadium,Los Angeles Angels,LAA,Chicago White Sox,CHW,4,3,FINISHED,balldontlie,2026-08-23T20:56:09+00:00
mlb-5058308,MLB,2026,2026-05-06T01:40:00Z,Regular,T-Mobile Park,Seattle Mariners,SEA,Atlanta Braves,ATL,2,3,FINISHED,balldontlie,2026-08-23T20:56:09+00:00
mlb-5058309,MLB,2026,2026-05-06T01:40:00Z,Regular,Chase Field,Arizona Diamondbacks,ARI,Pittsburgh Pirates,PIT,9,0,FINISHED,balldontlie,2026-08-23T20:56:09+00:00
mlb-5058310,MLB,2026,2026-05-06T01:45:00Z,Regular,Oracle Park,San Francisco Giants,SF,San Diego Padres,SD,5,10,FINISHED,balldontlie,2026-08-23T20:56:09+00:00
mlb-5058311,MLB,2026,2026-05-06T17:10:00Z,Regular,Tropicana Field,Tampa Bay Rays,TB,Toronto Blue Jays,TOR,3,0,FINISHED,balldontlie,2026-08-23T20:56:09+00:00
mlb-5058312,MLB,2026,2026-05-06T17:15:00Z,Regular,Busch Stadium,St. Louis Cardinals,STL,Milwaukee Brewers,MIL,2,6,FINISHED,balldontlie,2026-08-23T20:56:09+00:00
mlb-5058313,MLB,2026,2026-05-06T18:10:00Z,Regular,Daikin Park,Houston Astros,HOU,Los Angeles Dodgers,LAD,2,12,FINISHED,balldontlie,2026-08-23T20:56:09+00:00
mlb-5058315,MLB,2026,2026-05-06T19:45:00Z,Regular,Oracle Park,San Francisco Giants,SF,San Diego Padres,SD,1,5,FINISHED,balldontlie,2026-08-23T20:56:09+00:00
mlb-5058316,MLB,2026,2026-05-06T20:07:00Z,Regular,Angel Stadium,Los Angeles Angels,LAA,Chicago White Sox,CHW,8,2,FINISHED,balldontlie,2026-08-23T20:56:09+00:00
mlb-5058317,MLB,2026,2026-05-06T20:10:00Z,Regular,T-Mobile Park,Seattle Mariners,SEA,Atlanta Braves,ATL,3,1,FINISHED,balldontlie,2026-08-23T20:56:09+00:00
mlb-5058318,MLB,2026,2026-05-06T22:40:00Z,Regular,Citizens Bank Park,Philadelphia Phillies,PHI,Oakland Athletics,OAK,6,3,FINISHED,balldontlie,2026-08-23T20:56:09+00:00
mlb-5058319,MLB,2026,2026-05-06T22:40:00Z,Regular,loanDepot park,Miami Marlins,MIA,Baltimore Orioles,BAL,4,7,FINISHED,balldontlie,2026-08-23T20:56:09+00:00
mlb-5058320,MLB,2026,2026-05-06T22:40:00Z,Regular,Comerica Park,Detroit Tigers,DET,Boston Red Sox,BOS,0,4,FINISHED,balldontlie,2026-08-23T20:56:09+00:00
mlb-5058321,MLB,2026,2026-05-06T22:45:00Z,Regular,Nationals Park,Washington Nationals,WSH,Minnesota Twins,MIN,15,2,FINISHED,balldontlie,2026-08-23T20:56:09+00:00
mlb-5058322,MLB,2026,2026-05-06T23:05:00Z,Regular,Yankee Stadium,New York Yankees,NYY,Texas Rangers,TEX,1,6,FINISHED,balldontlie,2026-08-23T20:56:09+00:00
mlb-5058323,MLB,2026,2026-05-06T23:40:00Z,Regular,Wrigley Field,Chicago Cubs,CHC,Cincinnati Reds,CIN,7,6,FINISHED,balldontlie,2026-08-23T20:56:09+00:00
mlb-5058324,MLB,2026,2026-05-06T23:40:00Z,Regular,Kauffman Stadium,Kansas City Royals,KC,Cleveland Guardians,CLE,1,3,FINISHED,balldontlie,2026-08-23T20:56:09+00:00
mlb-5058314,MLB,2026,2026-05-07T01:20:00Z,Regular,Coors Field,Colorado Rockies,COL,New York Mets,NYM,5,10,FINISHED,balldontlie,2026-08-23T20:56:09+00:00
mlb-5058325,MLB,2026,2026-05-07T01:40:00Z,Regular,Chase Field,Arizona Diamondbacks,ARI,Pittsburgh Pirates,PIT,0,1,FINISHED,balldontlie,2026-08-23T20:56:09+00:00
mlb-5058326,MLB,2026,2026-05-07T16:35:00Z,Regular,Yankee Stadium,New York Yankees,NYY,Texas Rangers,TEX,9,2,FINISHED,balldontlie,2026-08-23T20:56:09+00:00
mlb-5058327,MLB,2026,2026-05-07T17:05:00Z,Regular,Nationals Park,Washington Nationals,WSH,Minnesota Twins,MIN,7,5,FINISHED,balldontlie,2026-08-23T20:56:09+00:00
mlb-5058328,MLB,2026,2026-05-07T18:10:00Z,Regular,Kauffman Stadium,Kansas City Royals,KC,Cleveland Guardians,CLE,5,8,FINISHED,balldontlie,2026-08-23T20:56:09+00:00
mlb-5058329,MLB,2026,2026-05-07T18:20:00Z,Regular,Wrigley Field,Chicago Cubs,CHC,Cincinnati Reds,CIN,8,3,FINISHED,balldontlie,2026-08-23T20:56:09+00:00
mlb-7612500,MLB,2026,2026-05-07T19:10:00Z,Regular,Coors Field,Colorado Rockies,COL,New York Mets,NYM,6,2,FINISHED,balldontlie,2026-08-23T20:56:09+00:00
mlb-5058330,MLB,2026,2026-05-07T19:40:00Z,Regular,Chase Field,Arizona Diamondbacks,ARI,Pittsburgh Pirates,PIT,2,4,FINISHED,balldontlie,2026-08-23T20:56:09+00:00
mlb-5058331,MLB,2026,2026-05-07T22:40:00Z,Regular,Citizens Bank Park,Philadelphia Phillies,PHI,Oakland Athletics,OAK,1,12,FINISHED,balldontlie,2026-08-23T20:56:09+00:00
mlb-5058332,MLB,2026,2026-05-07T22:40:00Z,Regular,loanDepot park,Miami Marlins,MIA,Baltimore Orioles,BAL,4,3,FINISHED,balldontlie,2026-08-23T20:56:09+00:00
mlb-5058333,MLB,2026,2026-05-07T23:00:00Z,Regular,Fenway Park,Boston Red Sox,BOS,Tampa Bay Rays,TB,4,8,FINISHED,balldontlie,2026-08-23T20:56:09+00:00
mlb-5058334,MLB,2026,2026-05-08T02:00:00Z,Regular,Petco Park,San Diego Padres,SD,St. Louis Cardinals,STL,1,2,FINISHED,balldontlie,2026-08-23T20:56:09+00:00
mlb-5058336,MLB,2026,2026-05-08T22:10:00Z,Regular,Great American Ball Park,Cincinnati Reds,CIN,Houston Astros,HOU,0,10,FINISHED,balldontlie,2026-08-23T20:56:09+00:00
mlb-5058335,MLB,2026,2026-05-08T22:40:00Z,Regular,Citizens Bank Park,Philadelphia Phillies,PHI,Colorado Rockies,COL,7,9,FINISHED,balldontlie,2026-08-23T20:56:09+00:00
mlb-5058337,MLB,2026,2026-05-08T23:05:00Z,Regular,Oriole Park at Camden Yards,Baltimore Orioles,BAL,Oakland Athletics,OAK,3,4,FINISHED,balldontlie,2026-08-23T20:56:09+00:00
mlb-5058338,MLB,2026,2026-05-08T23:07:00Z,Regular,Rogers Centre,Toronto Blue Jays,TOR,Los Angeles Angels,LAA,2,0,FINISHED,balldontlie,2026-08-23T20:56:09+00:00
mlb-5058340,MLB,2026,2026-05-08T23:10:00Z,Regular,Fenway Park,Boston Red Sox,BOS,Tampa Bay Rays,TB,2,0,FINISHED,balldontlie,2026-08-23T20:56:09+00:00
mlb-5058341,MLB,2026,2026-05-08T23:10:00Z,Regular,loanDepot park,Miami Marlins,MIA,Washington Nationals,WSH,2,3,FINISHED,balldontlie,2026-08-23T20:56:09+00:00
mlb-5058339,MLB,2026,2026-05-08T23:15:00Z,Regular,Progressive Field,Cleveland Guardians,CLE,Minnesota Twins,MIN,6,4,FINISHED,balldontlie,2026-08-23T20:56:09+00:00
mlb-5058342,MLB,2026,2026-05-08T23:40:00Z,Regular,Kauffman Stadium,Kansas City Royals,KC,Detroit Tigers,DET,4,3,FINISHED,balldontlie,2026-08-23T20:56:09+00:00
mlb-5058343,MLB,2026,2026-05-08T23:40:00Z,Regular,American Family Field,Milwaukee Brewers,MIL,New York Yankees,NYY,6,0,FINISHED,balldontlie,2026-08-23T20:56:09+00:00
mlb-5058344,MLB,2026,2026-05-08T23:40:00Z,Regular,Rate Field,Chicago White Sox,CHW,Seattle Mariners,SEA,8,12,FINISHED,balldontlie,2026-08-23T20:56:09+00:00
mlb-5058345,MLB,2026,2026-05-09T00:05:00Z,Regular,Globe Life Field,Texas Rangers,TEX,Chicago Cubs,CHC,1,7,FINISHED,balldontlie,2026-08-23T20:56:09+00:00
mlb-5058346,MLB,2026,2026-05-09T01:40:00Z,Regular,Chase Field,Arizona Diamondbacks,ARI,New York Mets,NYM,1,3,FINISHED,balldontlie,2026-08-23T20:56:09+00:00
mlb-5058347,MLB,2026,2026-05-09T01:45:00Z,Regular,Petco Park,San Diego Padres,SD,St. Louis Cardinals,STL,0,6,FINISHED,balldontlie,2026-08-23T20:56:09+00:00
mlb-5058348,MLB,2026,2026-05-09T02:10:00Z,Regular,Dodger Stadium,Los Angeles Dodgers,LAD,Atlanta Braves,ATL,3,1,FINISHED,balldontlie,2026-08-23T20:56:09+00:00
mlb-5058349,MLB,2026,2026-05-09T02:15:00Z,Regular,Oracle Park,San Francisco Giants,SF,Pittsburgh Pirates,PIT,5,2,FINISHED,balldontlie,2026-08-23T20:56:09+00:00
mlb-5058350,MLB,2026,2026-05-09T19:07:00Z,Regular,Rogers Centre,Toronto Blue Jays,TOR,Los Angeles Angels,LAA,14,1,FINISHED,balldontlie,2026-08-23T20:56:09+00:00
mlb-5058351,MLB,2026,2026-05-09T20:05:00Z,Regular,Oriole Park at Camden Yards,Baltimore Orioles,BAL,Oakland Athletics,OAK,2,6,FINISHED,balldontlie,2026-08-23T20:56:09+00:00
mlb-5058352,MLB,2026,2026-05-09T20:10:00Z,Regular,Great American Ball Park,Cincinnati Reds,CIN,Houston Astros,HOU,3,1,FINISHED,balldontlie,2026-08-23T20:56:09+00:00
mlb-5058354,MLB,2026,2026-05-09T20:10:00Z,Regular,loanDepot park,Miami Marlins,MIA,Washington Nationals,WSH,8,7,FINISHED,balldontlie,2026-08-23T20:56:09+00:00
mlb-5058355,MLB,2026,2026-05-09T22:05:00Z,Regular,Citizens Bank Park,Philadelphia Phillies,PHI,Colorado Rockies,COL,9,3,FINISHED,balldontlie,2026-08-23T20:56:09+00:00
mlb-5058356,MLB,2026,2026-05-09T22:10:00Z,Regular,Progressive Field,Cleveland Guardians,CLE,Minnesota Twins,MIN,1,2,FINISHED,balldontlie,2026-08-23T20:56:09+00:00
mlb-5058357,MLB,2026,2026-05-09T23:05:00Z,Regular,Globe Life Field,Texas Rangers,TEX,Chicago Cubs,CHC,6,0,FINISHED,balldontlie,2026-08-23T20:56:09+00:00
mlb-5058358,MLB,2026,2026-05-09T23:10:00Z,Regular,Kauffman Stadium,Kansas City Royals,KC,Detroit Tigers,DET,5,1,FINISHED,balldontlie,2026-08-23T20:56:09+00:00
mlb-5058359,MLB,2026,2026-05-09T23:10:00Z,Regular,American Family Field,Milwaukee Brewers,MIL,New York Yankees,NYY,4,3,FINISHED,balldontlie,2026-08-23T20:56:09+00:00
mlb-5058360,MLB,2026,2026-05-09T23:10:00Z,Regular,Rate Field,Chicago White Sox,CHW,Seattle Mariners,SEA,6,1,FINISHED,balldontlie,2026-08-23T20:56:09+00:00
mlb-5058361,MLB,2026,2026-05-09T23:15:00Z,Regular,Chase Field,Arizona Diamondbacks,ARI,New York Mets,NYM,2,1,FINISHED,balldontlie,2026-08-23T20:56:09+00:00
mlb-5058362,MLB,2026,2026-05-09T23:15:00Z,Regular,Petco Park,San Diego Padres,SD,St. Louis Cardinals,STL,4,2,FINISHED,balldontlie,2026-08-23T20:56:09+00:00
mlb-5058363,MLB,2026,2026-05-10T01:05:00Z,Regular,Oracle Park,San Francisco Giants,SF,Pittsburgh Pirates,PIT,3,13,FINISHED,balldontlie,2026-08-23T20:56:09+00:00
mlb-5058364,MLB,2026,2026-05-10T01:10:00Z,Regular,Dodger Stadium,Los Angeles Dodgers,LAD,Atlanta Braves,ATL,2,7,FINISHED,balldontlie,2026-08-23T20:56:09+00:00
mlb-5058365,MLB,2026,2026-05-10T16:15:00Z,Regular,loanDepot park,Miami Marlins,MIA,Washington Nationals,WSH,5,2,FINISHED,balldontlie,2026-08-23T20:56:09+00:00
mlb-5058366,MLB,2026,2026-05-10T17:35:00Z,Regular,Oriole Park at Camden Yards,Baltimore Orioles,BAL,Oakland Athletics,OAK,2,1,FINISHED,balldontlie,2026-08-23T20:56:09+00:00
mlb-5058367,MLB,2026,2026-05-10T17:35:00Z,Regular,Citizens Bank Park,Philadelphia Phillies,PHI,Colorado Rockies,COL,6,0,FINISHED,balldontlie,2026-08-23T20:56:09+00:00
mlb-5058368,MLB,2026,2026-05-10T17:35:00Z,Regular,Fenway Park,Boston Red Sox,BOS,Tampa Bay Rays,TB,1,4,FINISHED,balldontlie,2026-08-23T20:56:09+00:00
mlb-5058369,MLB,2026,2026-05-10T17:37:00Z,Regular,Rogers Centre,Toronto Blue Jays,TOR,Los Angeles Angels,LAA,1,6,FINISHED,balldontlie,2026-08-23T20:56:09+00:00
mlb-5058370,MLB,2026,2026-05-10T17:40:00Z,Regular,Great American Ball Park,Cincinnati Reds,CIN,Houston Astros,HOU,5,0,FINISHED,balldontlie,2026-08-23T20:56:09+00:00
mlb-5058371,MLB,2026,2026-05-10T17:40:00Z,Regular,Progressive Field,Cleveland Guardians,CLE,Minnesota Twins,MIN,4,5,FINISHED,balldontlie,2026-08-23T20:56:09+00:00
mlb-5058372,MLB,2026,2026-05-10T18:10:00Z,Regular,American Family Field,Milwaukee Brewers,MIL,New York Yankees,NYY,4,3,FINISHED,balldontlie,2026-08-23T20:56:09+00:00
mlb-5058373,MLB,2026,2026-05-10T18:10:00Z,Regular,Rate Field,Chicago White Sox,CHW,Seattle Mariners,SEA,2,1,FINISHED,balldontlie,2026-08-23T20:56:09+00:00
mlb-5058374,MLB,2026,2026-05-10T18:35:00Z,Regular,Globe Life Field,Texas Rangers,TEX,Chicago Cubs,CHC,3,0,FINISHED,balldontlie,2026-08-23T20:56:09+00:00
mlb-5058375,MLB,2026,2026-05-10T20:05:00Z,Regular,Oracle Park,San Francisco Giants,SF,Pittsburgh Pirates,PIT,7,6,FINISHED,balldontlie,2026-08-23T20:56:09+00:00
mlb-5058376,MLB,2026,2026-05-10T20:10:00Z,Regular,Dodger Stadium,Los Angeles Dodgers,LAD,Atlanta Braves,ATL,2,7,FINISHED,balldontlie,2026-08-23T20:56:09+00:00
mlb-5058377,MLB,2026,2026-05-10T20:10:00Z,Regular,Chase Field,Arizona Diamondbacks,ARI,New York Mets,NYM,5,1,FINISHED,balldontlie,2026-08-23T20:56:09+00:00
mlb-5058378,MLB,2026,2026-05-10T20:10:00Z,Regular,Petco Park,San Diego Padres,SD,St. Louis Cardinals,STL,3,2,FINISHED,balldontlie,2026-08-23T20:56:09+00:00
mlb-5058379,MLB,2026,2026-05-10T23:20:00Z,Regular,Kauffman Stadium,Kansas City Royals,KC,Detroit Tigers,DET,3,6,FINISHED,balldontlie,2026-08-23T20:56:09+00:00
mlb-5058380,MLB,2026,2026-05-11T22:10:00Z,Regular,Progressive Field,Cleveland Guardians,CLE,Los Angeles Angels,LAA,7,2,FINISHED,balldontlie,2026-08-23T20:56:09+00:00
mlb-5058381,MLB,2026,2026-05-11T22:35:00Z,Regular,Oriole Park at Camden Yards,Baltimore Orioles,BAL,New York Yankees,NYY,3,2,FINISHED,balldontlie,2026-08-23T20:56:09+00:00
mlb-5058382,MLB,2026,2026-05-11T23:07:00Z,Regular,Rogers Centre,Toronto Blue Jays,TOR,Tampa Bay Rays,TB,5,8,FINISHED,balldontlie,2026-08-23T20:56:09+00:00
mlb-5058383,MLB,2026,2026-05-12T00:05:00Z,Regular,Globe Life Field,Texas Rangers,TEX,Arizona Diamondbacks,ARI,0,1,FINISHED,balldontlie,2026-08-23T20:56:09+00:00
mlb-5058384,MLB,2026,2026-05-12T00:10:00Z,Regular,Daikin Park,Houston Astros,HOU,Seattle Mariners,SEA,1,3,FINISHED,balldontlie,2026-08-23T20:56:09+00:00
mlb-5058385,MLB,2026,2026-05-12T02:10:00Z,Regular,Dodger Stadium,Los Angeles Dodgers,LAD,San Francisco Giants,SF,3,9,FINISHED,balldontlie,2026-08-23T20:56:09+00:00
mlb-5058386,MLB,2026,2026-05-12T22:10:00Z,Regular,Progressive Field,Cleveland Guardians,CLE,Los Angeles Angels,LAA,3,2,FINISHED,balldontlie,2026-08-23T20:56:09+00:00
mlb-5058387,MLB,2026,2026-05-12T22:35:00Z,Regular,Oriole Park at Camden Yards,Baltimore Orioles,BAL,New York Yankees,NYY,2,6,FINISHED,balldontlie,2026-08-23T20:56:09+00:00
mlb-5058388,MLB,2026,2026-05-12T22:40:00Z,Regular,PNC Park,Pittsburgh Pirates,PIT,Colorado Rockies,COL,3,1,FINISHED,balldontlie,2026-08-23T20:56:09+00:00
mlb-5058389,MLB,2026,2026-05-12T22:40:00Z,Regular,Great American Ball Park,Cincinnati Reds,CIN,Washington Nationals,WSH,4,10,FINISHED,balldontlie,2026-08-23T20:56:09+00:00
mlb-5058390,MLB,2026,2026-05-12T22:45:00Z,Regular,Fenway Park,Boston Red Sox,BOS,Philadelphia Phillies,PHI,1,2,FINISHED,balldontlie,2026-08-23T20:56:09+00:00
mlb-5058391,MLB,2026,2026-05-12T23:07:00Z,Regular,Rogers Centre,Toronto Blue Jays,TOR,Tampa Bay Rays,TB,6,7,FINISHED,balldontlie,2026-08-23T20:56:09+00:00
mlb-5058392,MLB,2026,2026-05-12T23:10:00Z,Regular,Citi Field,New York Mets,NYM,Detroit Tigers,DET,10,2,FINISHED,balldontlie,2026-08-23T20:56:09+00:00
mlb-5058393,MLB,2026,2026-05-12T23:15:00Z,Regular,Truist Park,Atlanta Braves,ATL,Chicago Cubs,CHC,5,2,FINISHED,balldontlie,2026-08-23T20:56:09+00:00
mlb-5058394,MLB,2026,2026-05-12T23:40:00Z,Regular,Rate Field,Chicago White Sox,CHW,Kansas City Royals,KC,6,5,FINISHED,balldontlie,2026-08-23T20:56:09+00:00
mlb-5058395,MLB,2026,2026-05-12T23:40:00Z,Regular,Target Field,Minnesota Twins,MIN,Miami Marlins,MIA,3,0,FINISHED,balldontlie,2026-08-23T20:56:09+00:00
mlb-5058396,MLB,2026,2026-05-12T23:40:00Z,Regular,American Family Field,Milwaukee Brewers,MIL,San Diego Padres,SD,6,4,FINISHED,balldontlie,2026-08-23T20:56:09+00:00
mlb-5058397,MLB,2026,2026-05-13T00:05:00Z,Regular,Globe Life Field,Texas Rangers,TEX,Arizona Diamondbacks,ARI,7,4,FINISHED,balldontlie,2026-08-23T20:56:09+00:00
mlb-5058398,MLB,2026,2026-05-13T00:10:00Z,Regular,Daikin Park,Houston Astros,HOU,Seattle Mariners,SEA,2,10,FINISHED,balldontlie,2026-08-23T20:56:09+00:00
mlb-5058399,MLB,2026,2026-05-13T01:40:00Z,Regular,Sutter Health Park,Oakland Athletics,OAK,St. Louis Cardinals,STL,4,6,FINISHED,balldontlie,2026-08-23T20:56:09+00:00
mlb-5058400,MLB,2026,2026-05-13T02:10:00Z,Regular,Dodger Stadium,Los Angeles Dodgers,LAD,San Francisco Giants,SF,2,6,FINISHED,balldontlie,2026-08-23T20:56:09+00:00
mlb-5058402,MLB,2026,2026-05-13T17:05:00Z,Regular,Oriole Park at Camden Yards,Baltimore Orioles,BAL,New York Yankees,NYY,7,0,FINISHED,balldontlie,2026-08-23T20:56:09+00:00
mlb-5058401,MLB,2026,2026-05-13T17:10:00Z,Regular,Progressive Field,Cleveland Guardians,CLE,Los Angeles Angels,LAA,4,2,FINISHED,balldontlie,2026-08-23T20:56:09+00:00
mlb-5058403,MLB,2026,2026-05-13T22:40:00Z,Regular,PNC Park,Pittsburgh Pirates,PIT,Colorado Rockies,COL,4,10,FINISHED,balldontlie,2026-08-23T20:56:09+00:00
mlb-5058404,MLB,2026,2026-05-13T22:40:00Z,Regular,Great American Ball Park,Cincinnati Reds,CIN,Washington Nationals,WSH,7,8,FINISHED,balldontlie,2026-08-23T20:56:09+00:00
mlb-5058405,MLB,2026,2026-05-13T22:45:00Z,Regular,Fenway Park,Boston Red Sox,BOS,Philadelphia Phillies,PHI,3,1,FINISHED,balldontlie,2026-08-23T20:56:09+00:00
mlb-5058406,MLB,2026,2026-05-13T23:07:00Z,Regular,Rogers Centre,Toronto Blue Jays,TOR,Tampa Bay Rays,TB,5,3,FINISHED,balldontlie,2026-08-23T20:56:09+00:00
mlb-5058407,MLB,2026,2026-05-13T23:10:00Z,Regular,Citi Field,New York Mets,NYM,Detroit Tigers,DET,3,2,FINISHED,balldontlie,2026-08-23T20:56:09+00:00
mlb-5058408,MLB,2026,2026-05-13T23:15:00Z,Regular,Truist Park,Atlanta Braves,ATL,Chicago Cubs,CHC,4,1,FINISHED,balldontlie,2026-08-23T20:56:09+00:00
mlb-5058409,MLB,2026,2026-05-13T23:40:00Z,Regular,Rate Field,Chicago White Sox,CHW,Kansas City Royals,KC,6,5,FINISHED,balldontlie,2026-08-23T20:56:09+00:00
mlb-5058410,MLB,2026,2026-05-13T23:40:00Z,Regular,Target Field,Minnesota Twins,MIN,Miami Marlins,MIA,5,9,FINISHED,balldontlie,2026-08-23T20:56:09+00:00
mlb-5058411,MLB,2026,2026-05-13T23:40:00Z,Regular,American Family Field,Milwaukee Brewers,MIL,San Diego Padres,SD,1,3,FINISHED,balldontlie,2026-08-23T20:56:09+00:00
mlb-5058412,MLB,2026,2026-05-14T00:05:00Z,Regular,Globe Life Field,Texas Rangers,TEX,Arizona Diamondbacks,ARI,6,5,FINISHED,balldontlie,2026-08-23T20:56:09+00:00
mlb-5058413,MLB,2026,2026-05-14T00:10:00Z,Regular,Daikin Park,Houston Astros,HOU,Seattle Mariners,SEA,4,3,FINISHED,balldontlie,2026-08-23T20:56:09+00:00
mlb-5058414,MLB,2026,2026-05-14T01:40:00Z,Regular,Sutter Health Park,Oakland Athletics,OAK,St. Louis Cardinals,STL,6,2,FINISHED,balldontlie,2026-08-23T20:56:09+00:00
mlb-5058415,MLB,2026,2026-05-14T02:10:00Z,Regular,Dodger Stadium,Los Angeles Dodgers,LAD,San Francisco Giants,SF,4,0,FINISHED,balldontlie,2026-08-23T20:56:09+00:00
mlb-5058416,MLB,2026,2026-05-14T16:35:00Z,Regular,PNC Park,Pittsburgh Pirates,PIT,Colorado Rockies,COL,7,2,FINISHED,balldontlie,2026-08-23T20:56:09+00:00
mlb-5058417,MLB,2026,2026-05-14T16:40:00Z,Regular,Great American Ball Park,Cincinnati Reds,CIN,Washington Nationals,WSH,15,1,FINISHED,balldontlie,2026-08-23T20:56:09+00:00
mlb-5058418,MLB,2026,2026-05-14T17:10:00Z,Regular,Citi Field,New York Mets,NYM,Detroit Tigers,DET,9,4,FINISHED,balldontlie,2026-08-23T20:56:09+00:00
mlb-5058419,MLB,2026,2026-05-14T17:40:00Z,Regular,Target Field,Minnesota Twins,MIN,Miami Marlins,MIA,9,1,FINISHED,balldontlie,2026-08-23T20:56:09+00:00
mlb-5058420,MLB,2026,2026-05-14T17:40:00Z,Regular,American Family Field,Milwaukee Brewers,MIL,San Diego Padres,SD,7,1,FINISHED,balldontlie,2026-08-23T20:56:09+00:00
mlb-5058421,MLB,2026,2026-05-14T18:10:00Z,Regular,Daikin Park,Houston Astros,HOU,Seattle Mariners,SEA,3,8,FINISHED,balldontlie,2026-08-23T20:56:09+00:00
mlb-5058422,MLB,2026,2026-05-14T19:05:00Z,Regular,Sutter Health Park,Oakland Athletics,OAK,St. Louis Cardinals,STL,4,5,FINISHED,balldontlie,2026-08-23T20:56:09+00:00
mlb-5058423,MLB,2026,2026-05-14T22:45:00Z,Regular,Fenway Park,Boston Red Sox,BOS,Philadelphia Phillies,PHI,1,3,FINISHED,balldontlie,2026-08-23T20:56:09+00:00
mlb-5058424,MLB,2026,2026-05-14T23:15:00Z,Regular,Truist Park,Atlanta Braves,ATL,Chicago Cubs,CHC,0,2,FINISHED,balldontlie,2026-08-23T20:56:09+00:00
mlb-5058425,MLB,2026,2026-05-14T23:40:00Z,Regular,Rate Field,Chicago White Sox,CHW,Kansas City Royals,KC,6,2,FINISHED,balldontlie,2026-08-23T20:56:09+00:00
mlb-5058426,MLB,2026,2026-05-15T02:10:00Z,Regular,Dodger Stadium,Los Angeles Dodgers,LAD,San Francisco Giants,SF,5,2,FINISHED,balldontlie,2026-08-23T20:56:09+00:00
mlb-5058427,MLB,2026,2026-05-15T22:40:00Z,Regular,PNC Park,Pittsburgh Pirates,PIT,Philadelphia Phillies,PHI,9,11,FINISHED,balldontlie,2026-08-23T20:56:09+00:00
mlb-5058428,MLB,2026,2026-05-15T22:40:00Z,Regular,Comerica Park,Detroit Tigers,DET,Toronto Blue Jays,TOR,3,2,FINISHED,balldontlie,2026-08-23T20:56:09+00:00
mlb-5058429,MLB,2026,2026-05-15T22:45:00Z,Regular,Nationals Park,Washington Nationals,WSH,Baltimore Orioles,BAL,3,2,FINISHED,balldontlie,2026-08-23T20:56:09+00:00
mlb-5058430,MLB,2026,2026-05-15T23:10:00Z,Regular,Progressive Field,Cleveland Guardians,CLE,Cincinnati Reds,CIN,6,7,FINISHED,balldontlie,2026-08-23T20:56:09+00:00
mlb-5058431,MLB,2026,2026-05-15T23:10:00Z,Regular,Tropicana Field,Tampa Bay Rays,TB,Miami Marlins,MIA,7,2,FINISHED,balldontlie,2026-08-23T20:56:09+00:00
mlb-5058435,MLB,2026,2026-05-15T23:10:00Z,Regular,Target Field,Minnesota Twins,MIN,Milwaukee Brewers,MIL,2,3,FINISHED,balldontlie,2026-08-23T20:56:09+00:00
mlb-5058432,MLB,2026,2026-05-15T23:15:00Z,Regular,Citi Field,New York Mets,NYM,New York Yankees,NYY,2,5,FINISHED,balldontlie,2026-08-23T20:56:09+00:00
mlb-5058433,MLB,2026,2026-05-15T23:15:00Z,Regular,Truist Park,Atlanta Braves,ATL,Boston Red Sox,BOS,3,2,FINISHED,balldontlie,2026-08-23T20:56:09+00:00
mlb-5058434,MLB,2026,2026-05-15T23:40:00Z,Regular,Rate Field,Chicago White Sox,CHW,Chicago Cubs,CHC,5,10,FINISHED,balldontlie,2026-08-23T20:56:09+00:00
mlb-5058436,MLB,2026,2026-05-16T00:10:00Z,Regular,Daikin Park,Houston Astros,HOU,Texas Rangers,TEX,2,0,FINISHED,balldontlie,2026-08-23T20:56:09+00:00
mlb-5058437,MLB,2026,2026-05-16T00:15:00Z,Regular,Busch Stadium,St. Louis Cardinals,STL,Kansas City Royals,KC,5,4,FINISHED,balldontlie,2026-08-23T20:56:09+00:00
mlb-5058438,MLB,2026,2026-05-16T00:40:00Z,Regular,Coors Field,Colorado Rockies,COL,Arizona Diamondbacks,ARI,1,9,FINISHED,balldontlie,2026-08-23T20:56:09+00:00
mlb-5058439,MLB,2026,2026-05-16T01:38:00Z,Regular,Angel Stadium,Los Angeles Angels,LAA,Los Angeles Dodgers,LAD,0,6,FINISHED,balldontlie,2026-08-23T20:56:09+00:00
mlb-5058440,MLB,2026,2026-05-16T01:40:00Z,Regular,T-Mobile Park,Seattle Mariners,SEA,San Diego Padres,SD,0,2,FINISHED,balldontlie,2026-08-23T20:56:09+00:00
mlb-5058441,MLB,2026,2026-05-16T01:40:00Z,Regular,Sutter Health Park,Oakland Athletics,OAK,San Francisco Giants,SF,5,2,FINISHED,balldontlie,2026-08-23T20:56:09+00:00
mlb-5058442,MLB,2026,2026-05-16T17:10:00Z,Regular,Comerica Park,Detroit Tigers,DET,Toronto Blue Jays,TOR,1,2,FINISHED,balldontlie,2026-08-23T20:56:09+00:00
mlb-5058443,MLB,2026,2026-05-16T18:15:00Z,Regular,Busch Stadium,St. Louis Cardinals,STL,Kansas City Royals,KC,4,2,FINISHED,balldontlie,2026-08-23T20:56:09+00:00
mlb-5058444,MLB,2026,2026-05-16T19:10:00Z,Regular,Coors Field,Colorado Rockies,COL,Arizona Diamondbacks,ARI,4,2,FINISHED,balldontlie,2026-08-23T20:56:09+00:00
mlb-5058445,MLB,2026,2026-05-16T20:05:00Z,Regular,Nationals Park,Washington Nationals,WSH,Baltimore Orioles,BAL,13,3,FINISHED,balldontlie,2026-08-23T20:56:09+00:00
mlb-5058446,MLB,2026,2026-05-16T20:05:00Z,Regular,PNC Park,Pittsburgh Pirates,PIT,Philadelphia Phillies,PHI,0,6,FINISHED,balldontlie,2026-08-23T20:56:09+00:00
mlb-5058447,MLB,2026,2026-05-16T20:10:00Z,Regular,Tropicana Field,Tampa Bay Rays,TB,Miami Marlins,MIA,5,10,FINISHED,balldontlie,2026-08-23T20:56:09+00:00
mlb-5058448,MLB,2026,2026-05-16T22:10:00Z,Regular,Progressive Field,Cleveland Guardians,CLE,Cincinnati Reds,CIN,7,4,FINISHED,balldontlie,2026-08-23T20:56:09+00:00
mlb-5058449,MLB,2026,2026-05-16T23:10:00Z,Regular,Rate Field,Chicago White Sox,CHW,Chicago Cubs,CHC,8,3,FINISHED,balldontlie,2026-08-23T20:56:09+00:00
mlb-5058450,MLB,2026,2026-05-16T23:10:00Z,Regular,Target Field,Minnesota Twins,MIN,Milwaukee Brewers,MIL,1,2,FINISHED,balldontlie,2026-08-23T20:56:09+00:00
mlb-5058451,MLB,2026,2026-05-16T23:10:00Z,Regular,Daikin Park,Houston Astros,HOU,Texas Rangers,TEX,4,1,FINISHED,balldontlie,2026-08-23T20:56:09+00:00
mlb-5058452,MLB,2026,2026-05-16T23:15:00Z,Regular,Truist Park,Atlanta Braves,ATL,Boston Red Sox,BOS,2,3,FINISHED,balldontlie,2026-08-23T20:56:09+00:00
mlb-5058453,MLB,2026,2026-05-16T23:15:00Z,Regular,Citi Field,New York Mets,NYM,New York Yankees,NYY,6,3,FINISHED,balldontlie,2026-08-23T20:56:09+00:00
mlb-5058454,MLB,2026,2026-05-16T23:15:00Z,Regular,T-Mobile Park,Seattle Mariners,SEA,San Diego Padres,SD,4,7,FINISHED,balldontlie,2026-08-23T20:56:09+00:00
mlb-5058455,MLB,2026,2026-05-17T01:38:00Z,Regular,Angel Stadium,Los Angeles Angels,LAA,Los Angeles Dodgers,LAD,2,15,FINISHED,balldontlie,2026-08-23T20:56:09+00:00
mlb-5058456,MLB,2026,2026-05-17T01:40:00Z,Regular,Sutter Health Park,Oakland Athletics,OAK,San Francisco Giants,SF,4,6,FINISHED,balldontlie,2026-08-23T20:56:09+00:00
mlb-5868557,MLB,2026,2026-05-17T16:15:00Z,Regular,Tropicana Field,Tampa Bay Rays,TB,Miami Marlins,MIA,6,3,FINISHED,balldontlie,2026-08-23T20:56:09+00:00
mlb-5868558,MLB,2026,2026-05-17T17:35:00Z,Regular,Nationals Park,Washington Nationals,WSH,Baltimore Orioles,BAL,3,7,FINISHED,balldontlie,2026-08-23T20:56:09+00:00
mlb-5868559,MLB,2026,2026-05-17T17:35:00Z,Regular,Truist Park,Atlanta Braves,ATL,Boston Red Sox,BOS,8,1,FINISHED,balldontlie,2026-08-23T20:56:09+00:00
mlb-5868560,MLB,2026,2026-05-17T17:35:00Z,Regular,PNC Park,Pittsburgh Pirates,PIT,Philadelphia Phillies,PHI,0,6,FINISHED,balldontlie,2026-08-23T20:56:09+00:00
mlb-5868561,MLB,2026,2026-05-17T17:40:00Z,Regular,Progressive Field,Cleveland Guardians,CLE,Cincinnati Reds,CIN,10,3,FINISHED,balldontlie,2026-08-23T20:56:09+00:00
mlb-5868562,MLB,2026,2026-05-17T17:40:00Z,Regular,Citi Field,New York Mets,NYM,New York Yankees,NYY,7,6,FINISHED,balldontlie,2026-08-23T20:56:09+00:00
mlb-5868563,MLB,2026,2026-05-17T17:40:00Z,Regular,Comerica Park,Detroit Tigers,DET,Toronto Blue Jays,TOR,1,4,FINISHED,balldontlie,2026-08-23T20:56:09+00:00
mlb-5868564,MLB,2026,2026-05-17T18:10:00Z,Regular,Rate Field,Chicago White Sox,CHW,Chicago Cubs,CHC,9,8,FINISHED,balldontlie,2026-08-23T20:56:09+00:00
mlb-5868565,MLB,2026,2026-05-17T18:10:00Z,Regular,Target Field,Minnesota Twins,MIN,Milwaukee Brewers,MIL,5,4,FINISHED,balldontlie,2026-08-23T20:56:09+00:00
mlb-5868566,MLB,2026,2026-05-17T18:10:00Z,Regular,Daikin Park,Houston Astros,HOU,Texas Rangers,TEX,0,8,FINISHED,balldontlie,2026-08-23T20:56:09+00:00
mlb-5868567,MLB,2026,2026-05-17T18:15:00Z,Regular,Busch Stadium,St. Louis Cardinals,STL,Kansas City Royals,KC,0,2,FINISHED,balldontlie,2026-08-23T20:56:09+00:00
mlb-5868568,MLB,2026,2026-05-17T19:10:00Z,Regular,Coors Field,Colorado Rockies,COL,Arizona Diamondbacks,ARI,6,8,FINISHED,balldontlie,2026-08-23T20:56:09+00:00
mlb-5868569,MLB,2026,2026-05-17T20:05:00Z,Regular,Sutter Health Park,Oakland Athletics,OAK,San Francisco Giants,SF,1,10,FINISHED,balldontlie,2026-08-23T20:56:09+00:00
mlb-5868570,MLB,2026,2026-05-17T20:07:00Z,Regular,Angel Stadium,Los Angeles Angels,LAA,Los Angeles Dodgers,LAD,1,10,FINISHED,balldontlie,2026-08-23T20:56:09+00:00
mlb-5868571,MLB,2026,2026-05-17T23:20:00Z,Regular,T-Mobile Park,Seattle Mariners,SEA,San Diego Padres,SD,3,8,FINISHED,balldontlie,2026-08-23T20:56:09+00:00
mlb-5058472,MLB,2026,2026-05-18T22:40:00Z,Regular,loanDepot park,Miami Marlins,MIA,Atlanta Braves,ATL,12,0,FINISHED,balldontlie,2026-08-23T20:56:09+00:00
mlb-5058473,MLB,2026,2026-05-18T22:40:00Z,Regular,Tropicana Field,Tampa Bay Rays,TB,Baltimore Orioles,BAL,16,6,FINISHED,balldontlie,2026-08-23T20:56:09+00:00
mlb-5058474,MLB,2026,2026-05-18T22:40:00Z,Regular,Citizens Bank Park,Philadelphia Phillies,PHI,Cincinnati Reds,CIN,5,4,FINISHED,balldontlie,2026-08-23T20:56:09+00:00
mlb-5058475,MLB,2026,2026-05-18T22:40:00Z,Regular,Comerica Park,Detroit Tigers,DET,Cleveland Guardians,CLE,2,8,FINISHED,balldontlie,2026-08-23T20:56:09+00:00
mlb-5058476,MLB,2026,2026-05-18T22:45:00Z,Regular,Nationals Park,Washington Nationals,WSH,New York Mets,NYM,7,16,FINISHED,balldontlie,2026-08-23T20:56:09+00:00
mlb-5058477,MLB,2026,2026-05-18T23:05:00Z,Regular,Yankee Stadium,New York Yankees,NYY,Toronto Blue Jays,TOR,7,6,FINISHED,balldontlie,2026-08-23T20:56:09+00:00
mlb-5058478,MLB,2026,2026-05-18T23:10:00Z,Regular,Kauffman Stadium,Kansas City Royals,KC,Boston Red Sox,BOS,1,3,FINISHED,balldontlie,2026-08-23T20:56:09+00:00
mlb-5058479,MLB,2026,2026-05-18T23:40:00Z,Regular,Target Field,Minnesota Twins,MIN,Houston Astros,HOU,6,3,FINISHED,balldontlie,2026-08-23T20:56:09+00:00
mlb-5058480,MLB,2026,2026-05-18T23:40:00Z,Regular,Wrigley Field,Chicago Cubs,CHC,Milwaukee Brewers,MIL,3,9,FINISHED,balldontlie,2026-08-23T20:56:09+00:00
mlb-5058481,MLB,2026,2026-05-19T00:40:00Z,Regular,Coors Field,Colorado Rockies,COL,Texas Rangers,TEX,7,6,FINISHED,balldontlie,2026-08-23T20:56:09+00:00
mlb-5058482,MLB,2026,2026-05-19T01:38:00Z,Regular,Angel Stadium,Los Angeles Angels,LAA,Oakland Athletics,OAK,2,1,FINISHED,balldontlie,2026-08-23T20:56:09+00:00
mlb-5058483,MLB,2026,2026-05-19T01:40:00Z,Regular,T-Mobile Park,Seattle Mariners,SEA,Chicago White Sox,CHW,6,1,FINISHED,balldontlie,2026-08-23T20:56:09+00:00
mlb-5058484,MLB,2026,2026-05-19T01:40:00Z,Regular,Petco Park,San Diego Padres,SD,Los Angeles Dodgers,LAD,1,0,FINISHED,balldontlie,2026-08-23T20:56:09+00:00
mlb-5058485,MLB,2026,2026-05-19T01:40:00Z,Regular,Chase Field,Arizona Diamondbacks,ARI,San Francisco Giants,SF,12,2,FINISHED,balldontlie,2026-08-23T20:56:09+00:00
mlb-5058486,MLB,2026,2026-05-19T20:10:00Z,Regular,loanDepot park,Miami Marlins,MIA,Atlanta Braves,ATL,4,8,FINISHED,balldontlie,2026-08-23T20:56:09+00:00
mlb-5058487,MLB,2026,2026-05-19T22:40:00Z,Regular,Tropicana Field,Tampa Bay Rays,TB,Baltimore Orioles,BAL,4,1,FINISHED,balldontlie,2026-08-23T20:56:09+00:00
mlb-5058488,MLB,2026,2026-05-19T22:40:00Z,Regular,Citizens Bank Park,Philadelphia Phillies,PHI,Cincinnati Reds,CIN,1,4,FINISHED,balldontlie,2026-08-23T20:56:09+00:00
mlb-5058489,MLB,2026,2026-05-19T22:40:00Z,Regular,Comerica Park,Detroit Tigers,DET,Cleveland Guardians,CLE,3,4,FINISHED,balldontlie,2026-08-23T20:56:09+00:00
mlb-5058490,MLB,2026,2026-05-19T22:45:00Z,Regular,Nationals Park,Washington Nationals,WSH,New York Mets,NYM,9,6,FINISHED,balldontlie,2026-08-23T20:56:09+00:00
mlb-5058491,MLB,2026,2026-05-19T23:05:00Z,Regular,Yankee Stadium,New York Yankees,NYY,Toronto Blue Jays,TOR,5,4,FINISHED,balldontlie,2026-08-23T20:56:09+00:00
mlb-5058492,MLB,2026,2026-05-19T23:40:00Z,Regular,Kauffman Stadium,Kansas City Royals,KC,Boston Red Sox,BOS,1,7,FINISHED,balldontlie,2026-08-23T20:56:09+00:00
mlb-5058493,MLB,2026,2026-05-19T23:40:00Z,Regular,Target Field,Minnesota Twins,MIN,Houston Astros,HOU,1,2,FINISHED,balldontlie,2026-08-23T20:56:09+00:00
mlb-5058494,MLB,2026,2026-05-19T23:40:00Z,Regular,Wrigley Field,Chicago Cubs,CHC,Milwaukee Brewers,MIL,2,5,FINISHED,balldontlie,2026-08-23T20:56:09+00:00
mlb-5058495,MLB,2026,2026-05-19T23:45:00Z,Regular,Busch Stadium,St. Louis Cardinals,STL,Pittsburgh Pirates,PIT,9,6,FINISHED,balldontlie,2026-08-23T20:56:09+00:00
mlb-5058496,MLB,2026,2026-05-20T00:40:00Z,Regular,Coors Field,Colorado Rockies,COL,Texas Rangers,TEX,0,10,FINISHED,balldontlie,2026-08-23T20:56:09+00:00
mlb-5058497,MLB,2026,2026-05-20T01:38:00Z,Regular,Angel Stadium,Los Angeles Angels,LAA,Oakland Athletics,OAK,6,14,FINISHED,balldontlie,2026-08-23T20:56:09+00:00
mlb-5058498,MLB,2026,2026-05-20T01:40:00Z,Regular,T-Mobile Park,Seattle Mariners,SEA,Chicago White Sox,CHW,1,2,FINISHED,balldontlie,2026-08-23T20:56:09+00:00
mlb-5058499,MLB,2026,2026-05-20T01:40:00Z,Regular,Petco Park,San Diego Padres,SD,Los Angeles Dodgers,LAD,4,5,FINISHED,balldontlie,2026-08-23T20:56:09+00:00
mlb-5058500,MLB,2026,2026-05-20T01:40:00Z,Regular,Chase Field,Arizona Diamondbacks,ARI,San Francisco Giants,SF,5,3,FINISHED,balldontlie,2026-08-23T20:56:09+00:00
mlb-5058501,MLB,2026,2026-05-20T17:05:00Z,Regular,Citizens Bank Park,Philadelphia Phillies,PHI,Cincinnati Reds,CIN,4,9,FINISHED,balldontlie,2026-08-23T20:56:09+00:00
mlb-5058502,MLB,2026,2026-05-20T17:10:00Z,Regular,Tropicana Field,Tampa Bay Rays,TB,Baltimore Orioles,BAL,5,3,FINISHED,balldontlie,2026-08-23T20:56:09+00:00
mlb-5058503,MLB,2026,2026-05-20T17:40:00Z,Regular,Target Field,Minnesota Twins,MIN,Houston Astros,HOU,4,1,FINISHED,balldontlie,2026-08-23T20:56:09+00:00
mlb-5058504,MLB,2026,2026-05-20T19:10:00Z,Regular,Coors Field,Colorado Rockies,COL,Texas Rangers,TEX,4,5,FINISHED,balldontlie,2026-08-23T20:56:09+00:00
mlb-5058505,MLB,2026,2026-05-20T19:40:00Z,Regular,Chase Field,Arizona Diamondbacks,ARI,San Francisco Giants,SF,6,3,FINISHED,balldontlie,2026-08-23T20:56:09+00:00
mlb-5058506,MLB,2026,2026-05-20T20:10:00Z,Regular,T-Mobile Park,Seattle Mariners,SEA,Chicago White Sox,CHW,5,4,FINISHED,balldontlie,2026-08-23T20:56:09+00:00
mlb-5058507,MLB,2026,2026-05-20T22:40:00Z,Regular,loanDepot park,Miami Marlins,MIA,Atlanta Braves,ATL,1,9,FINISHED,balldontlie,2026-08-23T20:56:09+00:00
mlb-5058508,MLB,2026,2026-05-20T22:40:00Z,Regular,Comerica Park,Detroit Tigers,DET,Cleveland Guardians,CLE,2,3,FINISHED,balldontlie,2026-08-23T20:56:09+00:00
mlb-5058509,MLB,2026,2026-05-20T22:45:00Z,Regular,Nationals Park,Washington Nationals,WSH,New York Mets,NYM,8,4,FINISHED,balldontlie,2026-08-23T20:56:09+00:00
mlb-5058510,MLB,2026,2026-05-20T23:05:00Z,Regular,Yankee Stadium,New York Yankees,NYY,Toronto Blue Jays,TOR,1,2,FINISHED,balldontlie,2026-08-23T20:56:09+00:00
mlb-5058511,MLB,2026,2026-05-20T23:40:00Z,Regular,Kauffman Stadium,Kansas City Royals,KC,Boston Red Sox,BOS,3,4,FINISHED,balldontlie,2026-08-23T20:56:09+00:00
mlb-5058512,MLB,2026,2026-05-20T23:40:00Z,Regular,Wrigley Field,Chicago Cubs,CHC,Milwaukee Brewers,MIL,0,5,FINISHED,balldontlie,2026-08-23T20:56:09+00:00
mlb-5058513,MLB,2026,2026-05-20T23:45:00Z,Regular,Busch Stadium,St. Louis Cardinals,STL,Pittsburgh Pirates,PIT,0,7,FINISHED,balldontlie,2026-08-23T20:56:09+00:00
mlb-5058514,MLB,2026,2026-05-21T00:40:00Z,Regular,Petco Park,San Diego Padres,SD,Los Angeles Dodgers,LAD,0,4,FINISHED,balldontlie,2026-08-23T20:56:09+00:00
mlb-5058515,MLB,2026,2026-05-21T01:38:00Z,Regular,Angel Stadium,Los Angeles Angels,LAA,Oakland Athletics,OAK,5,6,FINISHED,balldontlie,2026-08-23T20:56:09+00:00
mlb-5058516,MLB,2026,2026-05-21T17:10:00Z,Regular,Comerica Park,Detroit Tigers,DET,Cleveland Guardians,CLE,1,3,FINISHED,balldontlie,2026-08-23T20:56:09+00:00
mlb-5058517,MLB,2026,2026-05-21T17:15:00Z,Regular,Busch Stadium,St. Louis Cardinals,STL,Pittsburgh Pirates,PIT,2,6,FINISHED,balldontlie,2026-08-23T20:56:09+00:00
mlb-5058518,MLB,2026,2026-05-21T20:05:00Z,Regular,Nationals Park,Washington Nationals,WSH,New York Mets,NYM,1,2,FINISHED,balldontlie,2026-08-23T20:56:09+00:00
mlb-5058519,MLB,2026,2026-05-21T22:40:00Z,Regular,loanDepot park,Miami Marlins,MIA,Atlanta Braves,ATL,3,9,FINISHED,balldontlie,2026-08-23T20:56:09+00:00
mlb-5058520,MLB,2026,2026-05-21T23:05:00Z,Regular,Yankee Stadium,New York Yankees,NYY,Toronto Blue Jays,TOR,0,2,FINISHED,balldontlie,2026-08-23T20:56:09+00:00
mlb-5058521,MLB,2026,2026-05-22T01:38:00Z,Regular,Angel Stadium,Los Angeles Angels,LAA,Oakland Athletics,OAK,2,3,FINISHED,balldontlie,2026-08-23T20:56:09+00:00
mlb-5058522,MLB,2026,2026-05-22T01:40:00Z,Regular,Chase Field,Arizona Diamondbacks,ARI,Colorado Rockies,COL,2,1,FINISHED,balldontlie,2026-08-23T20:56:09+00:00
mlb-5058523,MLB,2026,2026-05-22T18:20:00Z,Regular,Wrigley Field,Chicago Cubs,CHC,Houston Astros,HOU,2,4,FINISHED,balldontlie,2026-08-23T20:56:09+00:00
mlb-5058524,MLB,2026,2026-05-22T22:40:00Z,Regular,Citizens Bank Park,Philadelphia Phillies,PHI,Cleveland Guardians,CLE,0,1,FINISHED,balldontlie,2026-08-23T20:56:09+00:00
mlb-5058527,MLB,2026,2026-05-22T23:05:00Z,Regular,Yankee Stadium,New York Yankees,NYY,Tampa Bay Rays,TB,2,4,FINISHED,balldontlie,2026-08-23T20:56:09+00:00
mlb-5058528,MLB,2026,2026-05-22T23:07:00Z,Regular,Rogers Centre,Toronto Blue Jays,TOR,Pittsburgh Pirates,PIT,6,2,FINISHED,balldontlie,2026-08-23T20:56:09+00:00
mlb-5058529,MLB,2026,2026-05-22T23:10:00Z,Regular,Fenway Park,Boston Red Sox,BOS,Minnesota Twins,MIN,6,8,FINISHED,balldontlie,2026-08-23T20:56:09+00:00
mlb-5058530,MLB,2026,2026-05-22T23:10:00Z,Regular,loanDepot park,Miami Marlins,MIA,New York Mets,NYM,2,1,FINISHED,balldontlie,2026-08-23T20:56:09+00:00
mlb-5058526,MLB,2026,2026-05-22T23:15:00Z,Regular,Oriole Park at Camden Yards,Baltimore Orioles,BAL,Detroit Tigers,DET,7,4,FINISHED,balldontlie,2026-08-23T20:56:09+00:00
mlb-5058531,MLB,2026,2026-05-22T23:15:00Z,Regular,Truist Park,Atlanta Braves,ATL,Washington Nationals,WSH,5,4,FINISHED,balldontlie,2026-08-23T20:56:09+00:00
mlb-5058532,MLB,2026,2026-05-22T23:40:00Z,Regular,American Family Field,Milwaukee Brewers,MIL,Los Angeles Dodgers,LAD,5,1,FINISHED,balldontlie,2026-08-23T20:56:09+00:00
mlb-5058533,MLB,2026,2026-05-22T23:40:00Z,Regular,Kauffman Stadium,Kansas City Royals,KC,Seattle Mariners,SEA,0,2,FINISHED,balldontlie,2026-08-23T20:56:09+00:00
mlb-5058534,MLB,2026,2026-05-23T01:38:00Z,Regular,Angel Stadium,Los Angeles Angels,LAA,Texas Rangers,TEX,9,6,FINISHED,balldontlie,2026-08-23T20:56:09+00:00
mlb-5058535,MLB,2026,2026-05-23T01:40:00Z,Regular,Petco Park,San Diego Padres,SD,Oakland Athletics,OAK,7,3,FINISHED,balldontlie,2026-08-23T20:56:09+00:00
mlb-5058536,MLB,2026,2026-05-23T01:40:00Z,Regular,Chase Field,Arizona Diamondbacks,ARI,Colorado Rockies,COL,2,3,FINISHED,balldontlie,2026-08-23T20:56:09+00:00
mlb-5058537,MLB,2026,2026-05-23T02:15:00Z,Regular,Oracle Park,San Francisco Giants,SF,Chicago White Sox,CHW,4,9,FINISHED,balldontlie,2026-08-23T20:56:09+00:00
mlb-8128168,MLB,2026,2026-05-23T17:10:00Z,Regular,Great American Ball Park,Cincinnati Reds,CIN,St. Louis Cardinals,STL,1,8,FINISHED,balldontlie,2026-08-23T20:56:09+00:00
mlb-5058539,MLB,2026,2026-05-23T18:20:00Z,Regular,Wrigley Field,Chicago Cubs,CHC,Houston Astros,HOU,0,3,FINISHED,balldontlie,2026-08-23T20:56:09+00:00
mlb-5058540,MLB,2026,2026-05-23T19:07:00Z,Regular,Rogers Centre,Toronto Blue Jays,TOR,Pittsburgh Pirates,PIT,5,2,FINISHED,balldontlie,2026-08-23T20:56:09+00:00
mlb-5058541,MLB,2026,2026-05-23T20:05:00Z,Regular,Citizens Bank Park,Philadelphia Phillies,PHI,Cleveland Guardians,CLE,3,0,FINISHED,balldontlie,2026-08-23T20:56:09+00:00
mlb-5058543,MLB,2026,2026-05-23T20:05:00Z,Regular,Oracle Park,San Francisco Giants,SF,Chicago White Sox,CHW,10,3,FINISHED,balldontlie,2026-08-23T20:56:09+00:00
mlb-5058544,MLB,2026,2026-05-23T20:10:00Z,Regular,Fenway Park,Boston Red Sox,BOS,Minnesota Twins,MIN,2,4,FINISHED,balldontlie,2026-08-23T20:56:09+00:00
mlb-5058545,MLB,2026,2026-05-23T20:10:00Z,Regular,loanDepot park,Miami Marlins,MIA,New York Mets,NYM,4,1,FINISHED,balldontlie,2026-08-23T20:56:09+00:00
mlb-5058546,MLB,2026,2026-05-23T20:10:00Z,Regular,Truist Park,Atlanta Braves,ATL,Washington Nationals,WSH,0,2,FINISHED,balldontlie,2026-08-23T20:56:09+00:00
mlb-5058547,MLB,2026,2026-05-23T20:10:00Z,Regular,Kauffman Stadium,Kansas City Royals,KC,Seattle Mariners,SEA,5,0,FINISHED,balldontlie,2026-08-23T20:56:09+00:00
mlb-5058548,MLB,2026,2026-05-23T23:15:00Z,Regular,Great American Ball Park,Cincinnati Reds,CIN,St. Louis Cardinals,STL,7,6,FINISHED,balldontlie,2026-08-23T20:56:09+00:00
mlb-5058549,MLB,2026,2026-05-23T23:15:00Z,Regular,American Family Field,Milwaukee Brewers,MIL,Los Angeles Dodgers,LAD,3,11,FINISHED,balldontlie,2026-08-23T20:56:09+00:00
mlb-5058550,MLB,2026,2026-05-24T01:40:00Z,Regular,Petco Park,San Diego Padres,SD,Oakland Athletics,OAK,2,0,FINISHED,balldontlie,2026-08-23T20:56:09+00:00
mlb-5058551,MLB,2026,2026-05-24T02:05:00Z,Regular,Angel Stadium,Los Angeles Angels,LAA,Texas Rangers,TEX,5,2,FINISHED,balldontlie,2026-08-23T20:56:09+00:00
mlb-5058552,MLB,2026,2026-05-24T02:10:00Z,Regular,Chase Field,Arizona Diamondbacks,ARI,Colorado Rockies,COL,5,4,FINISHED,balldontlie,2026-08-23T20:56:09+00:00
mlb-5058553,MLB,2026,2026-05-24T16:15:00Z,Regular,Rogers Centre,Toronto Blue Jays,TOR,Pittsburgh Pirates,PIT,1,4,FINISHED,balldontlie,2026-08-23T20:56:09+00:00
mlb-5058555,MLB,2026,2026-05-24T16:35:00Z,Regular,Oriole Park at Camden Yards,Baltimore Orioles,BAL,Detroit Tigers,DET,5,3,FINISHED,balldontlie,2026-08-23T20:56:09+00:00
mlb-5058554,MLB,2026,2026-05-24T17:35:00Z,Regular,Citizens Bank Park,Philadelphia Phillies,PHI,Cleveland Guardians,CLE,1,3,FINISHED,balldontlie,2026-08-23T20:56:09+00:00
mlb-5058556,MLB,2026,2026-05-24T17:35:00Z,Regular,Fenway Park,Boston Red Sox,BOS,Minnesota Twins,MIN,5,6,FINISHED,balldontlie,2026-08-23T20:56:09+00:00
mlb-5058557,MLB,2026,2026-05-24T17:35:00Z,Regular,Yankee Stadium,New York Yankees,NYY,Tampa Bay Rays,TB,2,0,FINISHED,balldontlie,2026-08-23T20:56:09+00:00
mlb-5058558,MLB,2026,2026-05-24T17:40:00Z,Regular,loanDepot park,Miami Marlins,MIA,New York Mets,NYM,4,0,FINISHED,balldontlie,2026-08-23T20:56:09+00:00
mlb-5058560,MLB,2026,2026-05-24T18:10:00Z,Regular,American Family Field,Milwaukee Brewers,MIL,Los Angeles Dodgers,LAD,1,5,FINISHED,balldontlie,2026-08-23T20:56:09+00:00
mlb-5058561,MLB,2026,2026-05-24T18:10:00Z,Regular,Kauffman Stadium,Kansas City Royals,KC,Seattle Mariners,SEA,8,6,FINISHED,balldontlie,2026-08-23T20:56:09+00:00
mlb-5058562,MLB,2026,2026-05-24T18:20:00Z,Regular,Wrigley Field,Chicago Cubs,CHC,Houston Astros,HOU,5,8,FINISHED,balldontlie,2026-08-23T20:56:09+00:00
mlb-5058563,MLB,2026,2026-05-24T20:05:00Z,Regular,Oracle Park,San Francisco Giants,SF,Chicago White Sox,CHW,8,5,FINISHED,balldontlie,2026-08-23T20:56:09+00:00
mlb-5058564,MLB,2026,2026-05-24T20:10:00Z,Regular,Truist Park,Atlanta Braves,ATL,Washington Nationals,WSH,1,2,FINISHED,balldontlie,2026-08-23T20:56:09+00:00
mlb-5058565,MLB,2026,2026-05-24T20:10:00Z,Regular,Petco Park,San Diego Padres,SD,Oakland Athletics,OAK,2,5,FINISHED,balldontlie,2026-08-23T20:56:09+00:00
mlb-5058566,MLB,2026,2026-05-24T20:10:00Z,Regular,Chase Field,Arizona Diamondbacks,ARI,Colorado Rockies,COL,9,1,FINISHED,balldontlie,2026-08-23T20:56:09+00:00
mlb-8158336,MLB,2026,2026-05-24T22:05:00Z,Regular,Oriole Park at Camden Yards,Baltimore Orioles,BAL,Detroit Tigers,DET,1,4,FINISHED,balldontlie,2026-08-23T20:56:09+00:00
mlb-5058567,MLB,2026,2026-05-24T23:20:00Z,Regular,Angel Stadium,Los Angeles Angels,LAA,Texas Rangers,TEX,2,1,FINISHED,balldontlie,2026-08-23T20:56:09+00:00
mlb-5058568,MLB,2026,2026-05-25T17:35:00Z,Regular,Oriole Park at Camden Yards,Baltimore Orioles,BAL,Tampa Bay Rays,TB,9,7,FINISHED,balldontlie,2026-08-23T20:56:09+00:00
mlb-5058575,MLB,2026,2026-05-25T17:35:00Z,Regular,PNC Park,Pittsburgh Pirates,PIT,Chicago Cubs,CHC,2,1,FINISHED,balldontlie,2026-08-23T20:56:09+00:00
mlb-5058569,MLB,2026,2026-05-25T18:10:00Z,Regular,Rate Field,Chicago White Sox,CHW,Minnesota Twins,MIN,3,1,FINISHED,balldontlie,2026-08-23T20:56:09+00:00
mlb-5058570,MLB,2026,2026-05-25T18:10:00Z,Regular,American Family Field,Milwaukee Brewers,MIL,St. Louis Cardinals,STL,5,1,FINISHED,balldontlie,2026-08-23T20:56:09+00:00
mlb-5058571,MLB,2026,2026-05-25T19:40:00Z,Regular,Kauffman Stadium,Kansas City Royals,KC,New York Yankees,NYY,3,4,FINISHED,balldontlie,2026-08-23T20:56:09+00:00
mlb-5058572,MLB,2026,2026-05-25T20:10:00Z,Regular,Citi Field,New York Mets,NYM,Cincinnati Reds,CIN,2,7,FINISHED,balldontlie,2026-08-23T20:56:09+00:00
mlb-5058573,MLB,2026,2026-05-25T21:05:00Z,Regular,Oracle Park,San Francisco Giants,SF,Arizona Diamondbacks,ARI,2,6,FINISHED,balldontlie,2026-08-23T20:56:09+00:00
mlb-5058574,MLB,2026,2026-05-25T22:10:00Z,Regular,Progressive Field,Cleveland Guardians,CLE,Washington Nationals,WSH,2,10,FINISHED,balldontlie,2026-08-23T20:56:09+00:00
mlb-5058576,MLB,2026,2026-05-25T22:40:00Z,Regular,Petco Park,San Diego Padres,SD,Philadelphia Phillies,PHI,0,3,FINISHED,balldontlie,2026-08-23T20:56:09+00:00
mlb-5058577,MLB,2026,2026-05-25T23:05:00Z,Regular,Globe Life Field,Texas Rangers,TEX,Houston Astros,HOU,0,9,FINISHED,balldontlie,2026-08-23T20:56:09+00:00
mlb-5058578,MLB,2026,2026-05-25T23:07:00Z,Regular,Rogers Centre,Toronto Blue Jays,TOR,Miami Marlins,MIA,2,8,FINISHED,balldontlie,2026-08-23T20:56:09+00:00
mlb-5058579,MLB,2026,2026-05-26T01:10:00Z,Regular,Dodger Stadium,Los Angeles Dodgers,LAD,Colorado Rockies,COL,5,3,FINISHED,balldontlie,2026-08-23T20:56:09+00:00
mlb-5058580,MLB,2026,2026-05-26T01:40:00Z,Regular,Sutter Health Park,Oakland Athletics,OAK,Seattle Mariners,SEA,2,9,FINISHED,balldontlie,2026-08-23T20:56:09+00:00
mlb-5058581,MLB,2026,2026-05-26T22:10:00Z,Regular,Progressive Field,Cleveland Guardians,CLE,Washington Nationals,WSH,3,6,FINISHED,balldontlie,2026-08-23T20:56:09+00:00
mlb-5058582,MLB,2026,2026-05-26T22:35:00Z,Regular,Oriole Park at Camden Yards,Baltimore Orioles,BAL,Tampa Bay Rays,TB,6,1,FINISHED,balldontlie,2026-08-23T20:56:09+00:00
mlb-5058583,MLB,2026,2026-05-26T22:40:00Z,Regular,Comerica Park,Detroit Tigers,DET,Los Angeles Angels,LAA,6,10,FINISHED,balldontlie,2026-08-23T20:56:09+00:00
mlb-5058584,MLB,2026,2026-05-26T22:40:00Z,Regular,PNC Park,Pittsburgh Pirates,PIT,Chicago Cubs,CHC,12,1,FINISHED,balldontlie,2026-08-23T20:56:09+00:00
mlb-5058585,MLB,2026,2026-05-26T22:45:00Z,Regular,Fenway Park,Boston Red Sox,BOS,Atlanta Braves,ATL,6,7,FINISHED,balldontlie,2026-08-23T20:56:09+00:00
mlb-5058586,MLB,2026,2026-05-26T23:07:00Z,Regular,Rogers Centre,Toronto Blue Jays,TOR,Miami Marlins,MIA,8,1,FINISHED,balldontlie,2026-08-23T20:56:09+00:00
mlb-5058587,MLB,2026,2026-05-26T23:10:00Z,Regular,Citi Field,New York Mets,NYM,Cincinnati Reds,CIN,2,7,FINISHED,balldontlie,2026-08-23T20:56:09+00:00
mlb-5058588,MLB,2026,2026-05-26T23:40:00Z,Regular,Rate Field,Chicago White Sox,CHW,Minnesota Twins,MIN,3,5,FINISHED,balldontlie,2026-08-23T20:56:09+00:00
mlb-5058589,MLB,2026,2026-05-26T23:40:00Z,Regular,Kauffman Stadium,Kansas City Royals,KC,New York Yankees,NYY,1,15,FINISHED,balldontlie,2026-08-23T20:56:09+00:00
mlb-5058590,MLB,2026,2026-05-26T23:40:00Z,Regular,American Family Field,Milwaukee Brewers,MIL,St. Louis Cardinals,STL,6,0,FINISHED,balldontlie,2026-08-23T20:56:09+00:00
mlb-5058591,MLB,2026,2026-05-27T00:05:00Z,Regular,Globe Life Field,Texas Rangers,TEX,Houston Astros,HOU,10,7,FINISHED,balldontlie,2026-08-23T20:56:09+00:00
mlb-5058592,MLB,2026,2026-05-27T01:40:00Z,Regular,Petco Park,San Diego Padres,SD,Philadelphia Phillies,PHI,3,4,FINISHED,balldontlie,2026-08-23T20:56:09+00:00
mlb-5058593,MLB,2026,2026-05-27T01:40:00Z,Regular,Sutter Health Park,Oakland Athletics,OAK,Seattle Mariners,SEA,1,4,FINISHED,balldontlie,2026-08-23T20:56:09+00:00
mlb-5058594,MLB,2026,2026-05-27T01:45:00Z,Regular,Oracle Park,San Francisco Giants,SF,Arizona Diamondbacks,ARI,5,7,FINISHED,balldontlie,2026-08-23T20:56:09+00:00
mlb-5058595,MLB,2026,2026-05-27T02:10:00Z,Regular,Dodger Stadium,Los Angeles Dodgers,LAD,Colorado Rockies,COL,15,6,FINISHED,balldontlie,2026-08-23T20:56:09+00:00
mlb-5058596,MLB,2026,2026-05-27T17:07:00Z,Regular,Rogers Centre,Toronto Blue Jays,TOR,Miami Marlins,MIA,2,1,FINISHED,balldontlie,2026-08-23T20:56:09+00:00
mlb-5058597,MLB,2026,2026-05-27T17:10:00Z,Regular,Progressive Field,Cleveland Guardians,CLE,Washington Nationals,WSH,3,2,FINISHED,balldontlie,2026-08-23T20:56:09+00:00
mlb-5058598,MLB,2026,2026-05-27T17:40:00Z,Regular,American Family Field,Milwaukee Brewers,MIL,St. Louis Cardinals,STL,2,1,FINISHED,balldontlie,2026-08-23T20:56:09+00:00
mlb-5058599,MLB,2026,2026-05-27T19:05:00Z,Regular,Sutter Health Park,Oakland Athletics,OAK,Seattle Mariners,SEA,1,9,FINISHED,balldontlie,2026-08-23T20:56:09+00:00
mlb-5058600,MLB,2026,2026-05-27T19:45:00Z,Regular,Oracle Park,San Francisco Giants,SF,Arizona Diamondbacks,ARI,2,3,FINISHED,balldontlie,2026-08-23T20:56:09+00:00
mlb-5058601,MLB,2026,2026-05-27T20:10:00Z,Regular,Petco Park,San Diego Padres,SD,Philadelphia Phillies,PHI,0,3,FINISHED,balldontlie,2026-08-23T20:56:09+00:00
mlb-5058602,MLB,2026,2026-05-27T22:35:00Z,Regular,Oriole Park at Camden Yards,Baltimore Orioles,BAL,Tampa Bay Rays,TB,11,2,FINISHED,balldontlie,2026-08-23T20:56:09+00:00
mlb-5058603,MLB,2026,2026-05-27T22:40:00Z,Regular,Comerica Park,Detroit Tigers,DET,Los Angeles Angels,LAA,4,0,FINISHED,balldontlie,2026-08-23T20:56:09+00:00
mlb-5058604,MLB,2026,2026-05-27T22:40:00Z,Regular,PNC Park,Pittsburgh Pirates,PIT,Chicago Cubs,CHC,4,10,FINISHED,balldontlie,2026-08-23T20:56:09+00:00
mlb-5058605,MLB,2026,2026-05-27T22:45:00Z,Regular,Fenway Park,Boston Red Sox,BOS,Atlanta Braves,ATL,8,0,FINISHED,balldontlie,2026-08-23T20:56:09+00:00
mlb-5058606,MLB,2026,2026-05-27T23:10:00Z,Regular,Citi Field,New York Mets,NYM,Cincinnati Reds,CIN,4,2,FINISHED,balldontlie,2026-08-23T20:56:09+00:00
mlb-5058607,MLB,2026,2026-05-27T23:40:00Z,Regular,Rate Field,Chicago White Sox,CHW,Minnesota Twins,MIN,15,2,FINISHED,balldontlie,2026-08-23T20:56:09+00:00
mlb-5058608,MLB,2026,2026-05-27T23:40:00Z,Regular,Kauffman Stadium,Kansas City Royals,KC,New York Yankees,NYY,0,7,FINISHED,balldontlie,2026-08-23T20:56:09+00:00
mlb-5058609,MLB,2026,2026-05-28T00:05:00Z,Regular,Globe Life Field,Texas Rangers,TEX,Houston Astros,HOU,3,4,FINISHED,balldontlie,2026-08-23T20:56:09+00:00
mlb-5058610,MLB,2026,2026-05-28T02:10:00Z,Regular,Dodger Stadium,Los Angeles Dodgers,LAD,Colorado Rockies,COL,4,1,FINISHED,balldontlie,2026-08-23T20:56:09+00:00
mlb-5058611,MLB,2026,2026-05-28T17:10:00Z,Regular,Comerica Park,Detroit Tigers,DET,Los Angeles Angels,LAA,1,7,FINISHED,balldontlie,2026-08-23T20:56:09+00:00
mlb-5058612,MLB,2026,2026-05-28T18:10:00Z,Regular,Rate Field,Chicago White Sox,CHW,Minnesota Twins,MIN,6,2,FINISHED,balldontlie,2026-08-23T20:56:09+00:00
mlb-5058613,MLB,2026,2026-05-28T20:10:00Z,Regular,Fenway Park,Boston Red Sox,BOS,Atlanta Braves,ATL,2,10,FINISHED,balldontlie,2026-08-23T20:56:09+00:00
mlb-5058614,MLB,2026,2026-05-28T22:35:00Z,Regular,Oriole Park at Camden Yards,Baltimore Orioles,BAL,Toronto Blue Jays,TOR,1,2,FINISHED,balldontlie,2026-08-23T20:56:09+00:00
mlb-5058615,MLB,2026,2026-05-28T22:40:00Z,Regular,PNC Park,Pittsburgh Pirates,PIT,Chicago Cubs,CHC,2,7,FINISHED,balldontlie,2026-08-23T20:56:09+00:00
mlb-5058616,MLB,2026,2026-05-29T00:05:00Z,Regular,Globe Life Field,Texas Rangers,TEX,Houston Astros,HOU,1,5,FINISHED,balldontlie,2026-08-23T20:56:09+00:00
mlb-5058617,MLB,2026,2026-05-29T22:40:00Z,Regular,Great American Ball Park,Cincinnati Reds,CIN,Atlanta Braves,ATL,3,8,FINISHED,balldontlie,2026-08-23T20:56:09+00:00
mlb-5058618,MLB,2026,2026-05-29T22:45:00Z,Regular,PNC Park,Pittsburgh Pirates,PIT,Minnesota Twins,MIN,6,5,FINISHED,balldontlie,2026-08-23T20:56:09+00:00
mlb-5058619,MLB,2026,2026-05-29T22:45:00Z,Regular,Nationals Park,Washington Nationals,WSH,San Diego Padres,SD,5,7,FINISHED,balldontlie,2026-08-23T20:56:09+00:00
mlb-5058620,MLB,2026,2026-05-29T23:05:00Z,Regular,Oriole Park at Camden Yards,Baltimore Orioles,BAL,Toronto Blue Jays,TOR,5,6,FINISHED,balldontlie,2026-08-23T20:56:09+00:00
mlb-5058621,MLB,2026,2026-05-29T23:10:00Z,Regular,Tropicana Field,Tampa Bay Rays,TB,Los Angeles Angels,LAA,8,5,FINISHED,balldontlie,2026-08-23T20:56:09+00:00
mlb-5058622,MLB,2026,2026-05-29T23:10:00Z,Regular,Progressive Field,Cleveland Guardians,CLE,Boston Red Sox,BOS,4,3,FINISHED,balldontlie,2026-08-23T20:56:09+00:00
mlb-5058623,MLB,2026,2026-05-29T23:10:00Z,Regular,Citi Field,New York Mets,NYM,Miami Marlins,MIA,9,7,FINISHED,balldontlie,2026-08-23T20:56:09+00:00
mlb-5058627,MLB,2026,2026-05-29T23:15:00Z,Regular,Busch Stadium,St. Louis Cardinals,STL,Chicago Cubs,CHC,6,5,FINISHED,balldontlie,2026-08-23T20:56:09+00:00
mlb-5058624,MLB,2026,2026-05-29T23:40:00Z,Regular,Rate Field,Chicago White Sox,CHW,Detroit Tigers,DET,4,3,FINISHED,balldontlie,2026-08-23T20:56:09+00:00
mlb-5058625,MLB,2026,2026-05-30T00:05:00Z,Regular,Globe Life Field,Texas Rangers,TEX,Kansas City Royals,KC,9,1,FINISHED,balldontlie,2026-08-23T20:56:09+00:00
mlb-5058626,MLB,2026,2026-05-30T00:10:00Z,Regular,Daikin Park,Houston Astros,HOU,Milwaukee Brewers,MIL,4,5,FINISHED,balldontlie,2026-08-23T20:56:09+00:00
mlb-5058628,MLB,2026,2026-05-30T00:40:00Z,Regular,Coors Field,Colorado Rockies,COL,San Francisco Giants,SF,8,6,FINISHED,balldontlie,2026-08-23T20:56:09+00:00
mlb-5058629,MLB,2026,2026-05-30T01:40:00Z,Regular,Sutter Health Park,Oakland Athletics,OAK,New York Yankees,NYY,2,8,FINISHED,balldontlie,2026-08-23T20:56:09+00:00
mlb-5058630,MLB,2026,2026-05-30T02:10:00Z,Regular,T-Mobile Park,Seattle Mariners,SEA,Arizona Diamondbacks,ARI,7,6,FINISHED,balldontlie,2026-08-23T20:56:09+00:00
mlb-5058631,MLB,2026,2026-05-30T02:15:00Z,Regular,Dodger Stadium,Los Angeles Dodgers,LAD,Philadelphia Phillies,PHI,4,2,FINISHED,balldontlie,2026-08-23T20:56:09+00:00
mlb-5058632,MLB,2026,2026-05-30T18:10:00Z,Regular,Rate Field,Chicago White Sox,CHW,Detroit Tigers,DET,7,1,FINISHED,balldontlie,2026-08-23T20:56:09+00:00
mlb-5058633,MLB,2026,2026-05-30T20:05:00Z,Regular,PNC Park,Pittsburgh Pirates,PIT,Minnesota Twins,MIN,10,9,FINISHED,balldontlie,2026-08-23T20:56:09+00:00
mlb-5058634,MLB,2026,2026-05-30T20:05:00Z,Regular,Nationals Park,Washington Nationals,WSH,San Diego Padres,SD,9,4,FINISHED,balldontlie,2026-08-23T20:56:09+00:00
mlb-5058635,MLB,2026,2026-05-30T20:05:00Z,Regular,Oriole Park at Camden Yards,Baltimore Orioles,BAL,Toronto Blue Jays,TOR,6,5,FINISHED,balldontlie,2026-08-23T20:56:09+00:00
mlb-5058636,MLB,2026,2026-05-30T20:05:00Z,Regular,Globe Life Field,Texas Rangers,TEX,Kansas City Royals,KC,7,6,FINISHED,balldontlie,2026-08-23T20:56:09+00:00
mlb-5058637,MLB,2026,2026-05-30T20:10:00Z,Regular,Tropicana Field,Tampa Bay Rays,TB,Los Angeles Angels,LAA,3,14,FINISHED,balldontlie,2026-08-23T20:56:09+00:00
mlb-5058638,MLB,2026,2026-05-30T20:10:00Z,Regular,Progressive Field,Cleveland Guardians,CLE,Boston Red Sox,BOS,1,9,FINISHED,balldontlie,2026-08-23T20:56:09+00:00
mlb-5058639,MLB,2026,2026-05-30T20:10:00Z,Regular,Citi Field,New York Mets,NYM,Miami Marlins,MIA,6,1,FINISHED,balldontlie,2026-08-23T20:56:09+00:00
mlb-5058640,MLB,2026,2026-05-30T20:10:00Z,Regular,Daikin Park,Houston Astros,HOU,Milwaukee Brewers,MIL,9,2,FINISHED,balldontlie,2026-08-23T20:56:09+00:00
mlb-5058641,MLB,2026,2026-05-30T23:15:00Z,Regular,Great American Ball Park,Cincinnati Reds,CIN,Atlanta Braves,ATL,2,5,FINISHED,balldontlie,2026-08-23T20:56:09+00:00
mlb-5058642,MLB,2026,2026-05-30T23:15:00Z,Regular,Busch Stadium,St. Louis Cardinals,STL,Chicago Cubs,CHC,1,6,FINISHED,balldontlie,2026-08-23T20:56:09+00:00
mlb-5058643,MLB,2026,2026-05-31T01:10:00Z,Regular,Coors Field,Colorado Rockies,COL,San Francisco Giants,SF,8,3,FINISHED,balldontlie,2026-08-23T20:56:09+00:00
mlb-5058644,MLB,2026,2026-05-31T02:05:00Z,Regular,Sutter Health Park,Oakland Athletics,OAK,New York Yankees,NYY,6,4,FINISHED,balldontlie,2026-08-23T20:56:09+00:00
mlb-5058645,MLB,2026,2026-05-31T02:10:00Z,Regular,T-Mobile Park,Seattle Mariners,SEA,Arizona Diamondbacks,ARI,5,1,FINISHED,balldontlie,2026-08-23T20:56:09+00:00
mlb-5058646,MLB,2026,2026-05-31T02:10:00Z,Regular,Dodger Stadium,Los Angeles Dodgers,LAD,Philadelphia Phillies,PHI,3,4,FINISHED,balldontlie,2026-08-23T20:56:09+00:00
mlb-5058647,MLB,2026,2026-05-31T16:15:00Z,Regular,Oriole Park at Camden Yards,Baltimore Orioles,BAL,Toronto Blue Jays,TOR,9,5,FINISHED,balldontlie,2026-08-23T20:56:09+00:00
mlb-5058648,MLB,2026,2026-05-31T17:35:00Z,Regular,PNC Park,Pittsburgh Pirates,PIT,Minnesota Twins,MIN,9,3,FINISHED,balldontlie,2026-08-23T20:56:09+00:00
mlb-5058649,MLB,2026,2026-05-31T17:35:00Z,Regular,Nationals Park,Washington Nationals,WSH,San Diego Padres,SD,4,2,FINISHED,balldontlie,2026-08-23T20:56:09+00:00
mlb-5058650,MLB,2026,2026-05-31T17:40:00Z,Regular,Tropicana Field,Tampa Bay Rays,TB,Los Angeles Angels,LAA,5,2,FINISHED,balldontlie,2026-08-23T20:56:09+00:00
mlb-5058651,MLB,2026,2026-05-31T17:40:00Z,Regular,Great American Ball Park,Cincinnati Reds,CIN,Atlanta Braves,ATL,6,4,FINISHED,balldontlie,2026-08-23T20:56:09+00:00
mlb-5058652,MLB,2026,2026-05-31T17:40:00Z,Regular,Progressive Field,Cleveland Guardians,CLE,Boston Red Sox,BOS,4,9,FINISHED,balldontlie,2026-08-23T20:56:09+00:00
mlb-5058653,MLB,2026,2026-05-31T17:40:00Z,Regular,Citi Field,New York Mets,NYM,Miami Marlins,MIA,10,1,FINISHED,balldontlie,2026-08-23T20:56:09+00:00
mlb-5058654,MLB,2026,2026-05-31T18:10:00Z,Regular,Rate Field,Chicago White Sox,CHW,Detroit Tigers,DET,2,1,FINISHED,balldontlie,2026-08-23T20:56:09+00:00
mlb-5058655,MLB,2026,2026-05-31T18:10:00Z,Regular,Daikin Park,Houston Astros,HOU,Milwaukee Brewers,MIL,0,2,FINISHED,balldontlie,2026-08-23T20:56:09+00:00
mlb-5058656,MLB,2026,2026-05-31T18:35:00Z,Regular,Globe Life Field,Texas Rangers,TEX,Kansas City Royals,KC,6,3,FINISHED,balldontlie,2026-08-23T20:56:09+00:00
mlb-5058657,MLB,2026,2026-05-31T19:10:00Z,Regular,Coors Field,Colorado Rockies,COL,San Francisco Giants,SF,6,19,FINISHED,balldontlie,2026-08-23T20:56:09+00:00
mlb-5058658,MLB,2026,2026-05-31T20:05:00Z,Regular,Sutter Health Park,Oakland Athletics,OAK,New York Yankees,NYY,8,13,FINISHED,balldontlie,2026-08-23T20:56:09+00:00
mlb-5058659,MLB,2026,2026-05-31T20:10:00Z,Regular,T-Mobile Park,Seattle Mariners,SEA,Arizona Diamondbacks,ARI,3,2,FINISHED,balldontlie,2026-08-23T20:56:09+00:00
mlb-5058660,MLB,2026,2026-05-31T20:10:00Z,Regular,Dodger Stadium,Los Angeles Dodgers,LAD,Philadelphia Phillies,PHI,9,1,FINISHED,balldontlie,2026-08-23T20:56:09+00:00
mlb-5058661,MLB,2026,2026-05-31T23:20:00Z,Regular,Busch Stadium,St. Louis Cardinals,STL,Chicago Cubs,CHC,5,1,FINISHED,balldontlie,2026-08-23T20:56:09+00:00
mlb-5058662,MLB,2026,2026-06-01T22:40:00Z,Regular,Tropicana Field,Tampa Bay Rays,TB,Detroit Tigers,DET,9,10,FINISHED,balldontlie,2026-08-23T20:56:09+00:00
mlb-5058663,MLB,2026,2026-06-01T22:45:00Z,Regular,Nationals Park,Washington Nationals,WSH,Miami Marlins,MIA,3,7,FINISHED,balldontlie,2026-08-23T20:56:09+00:00
mlb-5058664,MLB,2026,2026-06-01T23:10:00Z,Regular,Great American Ball Park,Cincinnati Reds,CIN,Kansas City Royals,KC,2,9,FINISHED,balldontlie,2026-08-23T20:56:09+00:00
mlb-5058665,MLB,2026,2026-06-01T23:40:00Z,Regular,Target Field,Minnesota Twins,MIN,Chicago White Sox,CHW,9,6,FINISHED,balldontlie,2026-08-23T20:56:09+00:00
mlb-5058666,MLB,2026,2026-06-01T23:40:00Z,Regular,American Family Field,Milwaukee Brewers,MIL,San Francisco Giants,SF,16,2,FINISHED,balldontlie,2026-08-23T20:56:09+00:00
mlb-5058667,MLB,2026,2026-06-01T23:45:00Z,Regular,Busch Stadium,St. Louis Cardinals,STL,Texas Rangers,TEX,1,2,FINISHED,balldontlie,2026-08-23T20:56:09+00:00
mlb-5058668,MLB,2026,2026-06-02T01:38:00Z,Regular,Angel Stadium,Los Angeles Angels,LAA,Colorado Rockies,COL,8,9,FINISHED,balldontlie,2026-08-23T20:56:09+00:00
mlb-5058669,MLB,2026,2026-06-02T01:40:00Z,Regular,Chase Field,Arizona Diamondbacks,ARI,Los Angeles Dodgers,LAD,4,1,FINISHED,balldontlie,2026-08-23T20:56:09+00:00
mlb-5058670,MLB,2026,2026-06-02T01:40:00Z,Regular,T-Mobile Park,Seattle Mariners,SEA,New York Mets,NYM,3,2,FINISHED,balldontlie,2026-08-23T20:56:09+00:00
mlb-5058671,MLB,2026,2026-06-02T22:40:00Z,Regular,Tropicana Field,Tampa Bay Rays,TB,Detroit Tigers,DET,0,8,FINISHED,balldontlie,2026-08-23T20:56:09+00:00
mlb-5058672,MLB,2026,2026-06-02T22:40:00Z,Regular,Citizens Bank Park,Philadelphia Phillies,PHI,San Diego Padres,SD,3,2,FINISHED,balldontlie,2026-08-23T20:56:09+00:00
mlb-5058673,MLB,2026,2026-06-02T22:45:00Z,Regular,Fenway Park,Boston Red Sox,BOS,Baltimore Orioles,BAL,2,4,FINISHED,balldontlie,2026-08-23T20:56:09+00:00
mlb-5058674,MLB,2026,2026-06-02T22:45:00Z,Regular,Nationals Park,Washington Nationals,WSH,Miami Marlins,MIA,3,7,FINISHED,balldontlie,2026-08-23T20:56:09+00:00
mlb-5058675,MLB,2026,2026-06-02T23:05:00Z,Regular,Yankee Stadium,New York Yankees,NYY,Cleveland Guardians,CLE,4,9,FINISHED,balldontlie,2026-08-23T20:56:09+00:00
mlb-5058676,MLB,2026,2026-06-02T23:10:00Z,Regular,Great American Ball Park,Cincinnati Reds,CIN,Kansas City Royals,KC,4,3,FINISHED,balldontlie,2026-08-23T20:56:09+00:00
mlb-5058677,MLB,2026,2026-06-02T23:15:00Z,Regular,Truist Park,Atlanta Braves,ATL,Toronto Blue Jays,TOR,4,3,FINISHED,balldontlie,2026-08-23T20:56:09+00:00
mlb-5058678,MLB,2026,2026-06-02T23:40:00Z,Regular,Target Field,Minnesota Twins,MIN,Chicago White Sox,CHW,6,4,FINISHED,balldontlie,2026-08-23T20:56:09+00:00
mlb-5058679,MLB,2026,2026-06-02T23:40:00Z,Regular,American Family Field,Milwaukee Brewers,MIL,San Francisco Giants,SF,8,3,FINISHED,balldontlie,2026-08-23T20:56:09+00:00
mlb-5058680,MLB,2026,2026-06-02T23:45:00Z,Regular,Busch Stadium,St. Louis Cardinals,STL,Texas Rangers,TEX,4,7,FINISHED,balldontlie,2026-08-23T20:56:09+00:00
mlb-5058681,MLB,2026,2026-06-03T00:05:00Z,Regular,Wrigley Field,Chicago Cubs,CHC,Oakland Athletics,OAK,1,2,FINISHED,balldontlie,2026-08-23T20:56:09+00:00
mlb-5058682,MLB,2026,2026-06-03T00:10:00Z,Regular,Daikin Park,Houston Astros,HOU,Pittsburgh Pirates,PIT,6,10,FINISHED,balldontlie,2026-08-23T20:56:09+00:00
mlb-5058683,MLB,2026,2026-06-03T01:38:00Z,Regular,Angel Stadium,Los Angeles Angels,LAA,Colorado Rockies,COL,2,8,FINISHED,balldontlie,2026-08-23T20:56:09+00:00
mlb-5058684,MLB,2026,2026-06-03T01:40:00Z,Regular,Chase Field,Arizona Diamondbacks,ARI,Los Angeles Dodgers,LAD,5,6,FINISHED,balldontlie,2026-08-23T20:56:09+00:00
mlb-5058685,MLB,2026,2026-06-03T01:40:00Z,Regular,T-Mobile Park,Seattle Mariners,SEA,New York Mets,NYM,8,3,FINISHED,balldontlie,2026-08-23T20:56:09+00:00
mlb-5058686,MLB,2026,2026-06-03T17:05:00Z,Regular,Nationals Park,Washington Nationals,WSH,Miami Marlins,MIA,1,4,FINISHED,balldontlie,2026-08-23T20:56:09+00:00
mlb-5058687,MLB,2026,2026-06-03T17:10:00Z,Regular,Tropicana Field,Tampa Bay Rays,TB,Detroit Tigers,DET,2,7,FINISHED,balldontlie,2026-08-23T20:56:09+00:00
mlb-5058688,MLB,2026,2026-06-03T17:40:00Z,Regular,Target Field,Minnesota Twins,MIN,Chicago White Sox,CHW,0,8,FINISHED,balldontlie,2026-08-23T20:56:09+00:00
mlb-5058689,MLB,2026,2026-06-03T19:40:00Z,Regular,T-Mobile Park,Seattle Mariners,SEA,New York Mets,NYM,1,7,FINISHED,balldontlie,2026-08-23T20:56:09+00:00
mlb-5058690,MLB,2026,2026-06-03T22:40:00Z,Regular,Citizens Bank Park,Philadelphia Phillies,PHI,San Diego Padres,SD,3,2,FINISHED,balldontlie,2026-08-23T20:56:09+00:00
mlb-5058691,MLB,2026,2026-06-03T22:45:00Z,Regular,Fenway Park,Boston Red Sox,BOS,Baltimore Orioles,BAL,8,1,FINISHED,balldontlie,2026-08-23T20:56:09+00:00
mlb-5058692,MLB,2026,2026-06-03T23:05:00Z,Regular,Yankee Stadium,New York Yankees,NYY,Cleveland Guardians,CLE,4,5,FINISHED,balldontlie,2026-08-23T20:56:09+00:00
mlb-5058693,MLB,2026,2026-06-03T23:10:00Z,Regular,Great American Ball Park,Cincinnati Reds,CIN,Kansas City Royals,KC,2,5,FINISHED,balldontlie,2026-08-23T20:56:09+00:00
mlb-5058694,MLB,2026,2026-06-03T23:15:00Z,Regular,Truist Park,Atlanta Braves,ATL,Toronto Blue Jays,TOR,7,3,FINISHED,balldontlie,2026-08-23T20:56:09+00:00
mlb-5058695,MLB,2026,2026-06-03T23:40:00Z,Regular,American Family Field,Milwaukee Brewers,MIL,San Francisco Giants,SF,0,1,FINISHED,balldontlie,2026-08-23T20:56:09+00:00
mlb-5058696,MLB,2026,2026-06-03T23:45:00Z,Regular,Busch Stadium,St. Louis Cardinals,STL,Texas Rangers,TEX,5,3,FINISHED,balldontlie,2026-08-23T20:56:09+00:00
mlb-5058697,MLB,2026,2026-06-04T00:05:00Z,Regular,Wrigley Field,Chicago Cubs,CHC,Oakland Athletics,OAK,4,5,FINISHED,balldontlie,2026-08-23T20:56:09+00:00
mlb-5058698,MLB,2026,2026-06-04T00:10:00Z,Regular,Daikin Park,Houston Astros,HOU,Pittsburgh Pirates,PIT,11,9,FINISHED,balldontlie,2026-08-23T20:56:09+00:00
mlb-5058699,MLB,2026,2026-06-04T01:38:00Z,Regular,Angel Stadium,Los Angeles Angels,LAA,Colorado Rockies,COL,11,4,FINISHED,balldontlie,2026-08-23T20:56:09+00:00
mlb-5058700,MLB,2026,2026-06-04T01:40:00Z,Regular,Chase Field,Arizona Diamondbacks,ARI,Los Angeles Dodgers,LAD,0,7,FINISHED,balldontlie,2026-08-23T20:56:09+00:00
mlb-5058701,MLB,2026,2026-06-04T17:05:00Z,Regular,Citizens Bank Park,Philadelphia Phillies,PHI,San Diego Padres,SD,6,4,FINISHED,balldontlie,2026-08-23T20:56:09+00:00
mlb-5058702,MLB,2026,2026-06-04T17:35:00Z,Regular,Fenway Park,Boston Red Sox,BOS,Baltimore Orioles,BAL,2,8,FINISHED,balldontlie,2026-08-23T20:56:09+00:00
mlb-5058703,MLB,2026,2026-06-04T17:35:00Z,Regular,Yankee Stadium,New York Yankees,NYY,Cleveland Guardians,CLE,2,1,FINISHED,balldontlie,2026-08-23T20:56:09+00:00
mlb-5058704,MLB,2026,2026-06-04T18:10:00Z,Regular,American Family Field,Milwaukee Brewers,MIL,San Francisco Giants,SF,9,12,FINISHED,balldontlie,2026-08-23T20:56:09+00:00
mlb-5058705,MLB,2026,2026-06-04T23:15:00Z,Regular,Truist Park,Atlanta Braves,ATL,Toronto Blue Jays,TOR,2,7,FINISHED,balldontlie,2026-08-23T20:56:09+00:00
mlb-5058706,MLB,2026,2026-06-04T23:40:00Z,Regular,Target Field,Minnesota Twins,MIN,Kansas City Royals,KC,6,8,FINISHED,balldontlie,2026-08-23T20:56:09+00:00
mlb-5058707,MLB,2026,2026-06-05T00:05:00Z,Regular,Wrigley Field,Chicago Cubs,CHC,Oakland Athletics,OAK,7,6,FINISHED,balldontlie,2026-08-23T20:56:09+00:00
mlb-5058708,MLB,2026,2026-06-05T00:10:00Z,Regular,Daikin Park,Houston Astros,HOU,Pittsburgh Pirates,PIT,1,5,FINISHED,balldontlie,2026-08-23T20:56:09+00:00
mlb-5058709,MLB,2026,2026-06-05T01:40:00Z,Regular,Chase Field,Arizona Diamondbacks,ARI,Los Angeles Dodgers,LAD,3,2,FINISHED,balldontlie,2026-08-23T20:56:09+00:00
mlb-5058710,MLB,2026,2026-06-05T18:20:00Z,Regular,Wrigley Field,Chicago Cubs,CHC,San Francisco Giants,SF,3,18,FINISHED,balldontlie,2026-08-23T20:56:09+00:00
mlb-5058711,MLB,2026,2026-06-05T22:40:00Z,Regular,Citizens Bank Park,Philadelphia Phillies,PHI,Chicago White Sox,CHW,8,6,FINISHED,balldontlie,2026-08-23T20:56:09+00:00
mlb-5058712,MLB,2026,2026-06-05T22:40:00Z,Regular,Comerica Park,Detroit Tigers,DET,Seattle Mariners,SEA,7,3,FINISHED,balldontlie,2026-08-23T20:56:09+00:00
mlb-5058713,MLB,2026,2026-06-05T23:05:00Z,Regular,Yankee Stadium,New York Yankees,NYY,Boston Red Sox,BOS,3,5,FINISHED,balldontlie,2026-08-23T20:56:09+00:00
mlb-5058714,MLB,2026,2026-06-05T23:07:00Z,Regular,Rogers Centre,Toronto Blue Jays,TOR,Baltimore Orioles,BAL,3,13,FINISHED,balldontlie,2026-08-23T20:56:09+00:00
mlb-5058715,MLB,2026,2026-06-05T23:10:00Z,Regular,loanDepot park,Miami Marlins,MIA,Tampa Bay Rays,TB,0,6,FINISHED,balldontlie,2026-08-23T20:56:09+00:00
mlb-5058716,MLB,2026,2026-06-05T23:15:00Z,Regular,Truist Park,Atlanta Braves,ATL,Pittsburgh Pirates,PIT,6,3,FINISHED,balldontlie,2026-08-23T20:56:09+00:00
mlb-5058718,MLB,2026,2026-06-06T00:10:00Z,Regular,Daikin Park,Houston Astros,HOU,Oakland Athletics,OAK,5,1,FINISHED,balldontlie,2026-08-23T20:56:09+00:00
mlb-5058717,MLB,2026,2026-06-06T00:15:00Z,Regular,Globe Life Field,Texas Rangers,TEX,Cleveland Guardians,CLE,3,2,FINISHED,balldontlie,2026-08-23T20:56:09+00:00
mlb-5058719,MLB,2026,2026-06-06T00:15:00Z,Regular,Target Field,Minnesota Twins,MIN,Kansas City Royals,KC,5,3,FINISHED,balldontlie,2026-08-23T20:56:09+00:00
mlb-5058720,MLB,2026,2026-06-06T00:15:00Z,Regular,Busch Stadium,St. Louis Cardinals,STL,Cincinnati Reds,CIN,10,3,FINISHED,balldontlie,2026-08-23T20:56:09+00:00
mlb-5058721,MLB,2026,2026-06-06T00:40:00Z,Regular,Coors Field,Colorado Rockies,COL,Milwaukee Brewers,MIL,7,9,FINISHED,balldontlie,2026-08-23T20:56:09+00:00
mlb-5058722,MLB,2026,2026-06-06T01:40:00Z,Regular,Petco Park,San Diego Padres,SD,New York Mets,NYM,0,5,FINISHED,balldontlie,2026-08-23T20:56:09+00:00
mlb-5058723,MLB,2026,2026-06-06T01:40:00Z,Regular,Chase Field,Arizona Diamondbacks,ARI,Washington Nationals,WSH,1,14,FINISHED,balldontlie,2026-08-23T20:56:09+00:00
mlb-5058724,MLB,2026,2026-06-06T02:10:00Z,Regular,Dodger Stadium,Los Angeles Dodgers,LAD,Los Angeles Angels,LAA,1,0,FINISHED,balldontlie,2026-08-23T20:56:09+00:00
mlb-5058725,MLB,2026,2026-06-06T17:10:00Z,Regular,Comerica Park,Detroit Tigers,DET,Seattle Mariners,SEA,0,4,FINISHED,balldontlie,2026-08-23T20:56:09+00:00
mlb-5058726,MLB,2026,2026-06-06T18:10:00Z,Regular,Target Field,Minnesota Twins,MIN,Kansas City Royals,KC,2,3,FINISHED,balldontlie,2026-08-23T20:56:09+00:00
mlb-5058727,MLB,2026,2026-06-06T18:15:00Z,Regular,Busch Stadium,St. Louis Cardinals,STL,Cincinnati Reds,CIN,6,5,FINISHED,balldontlie,2026-08-23T20:56:09+00:00
mlb-5058728,MLB,2026,2026-06-06T18:20:00Z,Regular,Wrigley Field,Chicago Cubs,CHC,San Francisco Giants,SF,3,2,FINISHED,balldontlie,2026-08-23T20:56:09+00:00
mlb-5058729,MLB,2026,2026-06-06T19:07:00Z,Regular,Rogers Centre,Toronto Blue Jays,TOR,Baltimore Orioles,BAL,6,4,FINISHED,balldontlie,2026-08-23T20:56:09+00:00
mlb-5058730,MLB,2026,2026-06-06T20:05:00Z,Regular,Citizens Bank Park,Philadelphia Phillies,PHI,Chicago White Sox,CHW,3,6,FINISHED,balldontlie,2026-08-23T20:56:09+00:00
mlb-5058731,MLB,2026,2026-06-06T20:10:00Z,Regular,Truist Park,Atlanta Braves,ATL,Pittsburgh Pirates,PIT,6,3,FINISHED,balldontlie,2026-08-23T20:56:09+00:00
mlb-5058732,MLB,2026,2026-06-06T20:10:00Z,Regular,loanDepot park,Miami Marlins,MIA,Tampa Bay Rays,TB,4,3,FINISHED,balldontlie,2026-08-23T20:56:09+00:00
mlb-5058733,MLB,2026,2026-06-06T20:10:00Z,Regular,Daikin Park,Houston Astros,HOU,Oakland Athletics,OAK,13,2,FINISHED,balldontlie,2026-08-23T20:56:09+00:00
mlb-5058734,MLB,2026,2026-06-06T20:10:00Z,Regular,Chase Field,Arizona Diamondbacks,ARI,Washington Nationals,WSH,1,6,FINISHED,balldontlie,2026-08-23T20:56:09+00:00
mlb-5058736,MLB,2026,2026-06-06T23:35:00Z,Regular,Globe Life Field,Texas Rangers,TEX,Cleveland Guardians,CLE,0,6,FINISHED,balldontlie,2026-08-23T20:56:09+00:00
mlb-5058737,MLB,2026,2026-06-07T01:10:00Z,Regular,Coors Field,Colorado Rockies,COL,Milwaukee Brewers,MIL,1,7,FINISHED,balldontlie,2026-08-23T20:56:09+00:00
mlb-5058738,MLB,2026,2026-06-07T02:10:00Z,Regular,Dodger Stadium,Los Angeles Dodgers,LAD,Los Angeles Angels,LAA,9,2,FINISHED,balldontlie,2026-08-23T20:56:09+00:00
mlb-5058739,MLB,2026,2026-06-07T02:10:00Z,Regular,Petco Park,San Diego Padres,SD,New York Mets,NYM,3,2,FINISHED,balldontlie,2026-08-23T20:56:09+00:00
mlb-5058740,MLB,2026,2026-06-07T17:35:00Z,Regular,Yankee Stadium,New York Yankees,NYY,Boston Red Sox,BOS,6,1,FINISHED,balldontlie,2026-08-23T20:56:09+00:00
mlb-5058741,MLB,2026,2026-06-07T17:35:00Z,Regular,Citizens Bank Park,Philadelphia Phillies,PHI,Chicago White Sox,CHW,9,5,FINISHED,balldontlie,2026-08-23T20:56:09+00:00
mlb-5058742,MLB,2026,2026-06-07T17:35:00Z,Regular,Truist Park,Atlanta Braves,ATL,Pittsburgh Pirates,PIT,3,2,FINISHED,balldontlie,2026-08-23T20:56:09+00:00
mlb-5058743,MLB,2026,2026-06-07T17:37:00Z,Regular,Rogers Centre,Toronto Blue Jays,TOR,Baltimore Orioles,BAL,6,4,FINISHED,balldontlie,2026-08-23T20:56:09+00:00
mlb-5058744,MLB,2026,2026-06-07T17:40:00Z,Regular,Comerica Park,Detroit Tigers,DET,Seattle Mariners,SEA,5,4,FINISHED,balldontlie,2026-08-23T20:56:09+00:00
mlb-5058745,MLB,2026,2026-06-07T17:40:00Z,Regular,loanDepot park,Miami Marlins,MIA,Tampa Bay Rays,TB,4,1,FINISHED,balldontlie,2026-08-23T20:56:09+00:00
mlb-5058746,MLB,2026,2026-06-07T18:10:00Z,Regular,Daikin Park,Houston Astros,HOU,Oakland Athletics,OAK,0,5,FINISHED,balldontlie,2026-08-23T20:56:09+00:00
mlb-5058747,MLB,2026,2026-06-07T18:10:00Z,Regular,Target Field,Minnesota Twins,MIN,Kansas City Royals,KC,5,6,FINISHED,balldontlie,2026-08-23T20:56:09+00:00
mlb-5058748,MLB,2026,2026-06-07T18:15:00Z,Regular,Busch Stadium,St. Louis Cardinals,STL,Cincinnati Reds,CIN,5,3,FINISHED,balldontlie,2026-08-23T20:56:09+00:00
mlb-5058749,MLB,2026,2026-06-07T18:35:00Z,Regular,Globe Life Field,Texas Rangers,TEX,Cleveland Guardians,CLE,10,0,FINISHED,balldontlie,2026-08-23T20:56:09+00:00
mlb-5058750,MLB,2026,2026-06-07T19:10:00Z,Regular,Coors Field,Colorado Rockies,COL,Milwaukee Brewers,MIL,4,12,FINISHED,balldontlie,2026-08-23T20:56:09+00:00
mlb-5058751,MLB,2026,2026-06-07T19:15:00Z,Regular,Chase Field,Arizona Diamondbacks,ARI,Washington Nationals,WSH,5,1,FINISHED,balldontlie,2026-08-23T20:56:09+00:00
mlb-5058752,MLB,2026,2026-06-07T20:10:00Z,Regular,Dodger Stadium,Los Angeles Dodgers,LAD,Los Angeles Angels,LAA,5,13,FINISHED,balldontlie,2026-08-23T20:56:09+00:00
mlb-5058753,MLB,2026,2026-06-07T20:10:00Z,Regular,Petco Park,San Diego Padres,SD,New York Mets,NYM,3,7,FINISHED,balldontlie,2026-08-23T20:56:09+00:00
mlb-5058754,MLB,2026,2026-06-08T00:30:00Z,Regular,Wrigley Field,Chicago Cubs,CHC,San Francisco Giants,SF,1,2,FINISHED,balldontlie,2026-08-23T20:56:09+00:00
mlb-5058755,MLB,2026,2026-06-08T22:35:00Z,Regular,Oriole Park at Camden Yards,Baltimore Orioles,BAL,Seattle Mariners,SEA,3,6,FINISHED,balldontlie,2026-08-23T20:56:09+00:00
mlb-5058756,MLB,2026,2026-06-08T22:40:00Z,Regular,Tropicana Field,Tampa Bay Rays,TB,Boston Red Sox,BOS,3,1,FINISHED,balldontlie,2026-08-23T20:56:09+00:00
mlb-5058757,MLB,2026,2026-06-08T22:40:00Z,Regular,Progressive Field,Cleveland Guardians,CLE,New York Yankees,NYY,5,7,FINISHED,balldontlie,2026-08-23T20:56:09+00:00
mlb-5058758,MLB,2026,2026-06-08T23:07:00Z,Regular,Rogers Centre,Toronto Blue Jays,TOR,Philadelphia Phillies,PHI,2,5,FINISHED,balldontlie,2026-08-23T20:56:09+00:00
mlb-5058759,MLB,2026,2026-06-09T01:38:00Z,Regular,Angel Stadium,Los Angeles Angels,LAA,Houston Astros,HOU,4,5,FINISHED,balldontlie,2026-08-23T20:56:09+00:00
mlb-5058760,MLB,2026,2026-06-09T01:40:00Z,Regular,Petco Park,San Diego Padres,SD,Cincinnati Reds,CIN,6,2,FINISHED,balldontlie,2026-08-23T20:56:09+00:00
mlb-5058761,MLB,2026,2026-06-09T01:45:00Z,Regular,Oracle Park,San Francisco Giants,SF,Washington Nationals,WSH,3,4,FINISHED,balldontlie,2026-08-23T20:56:09+00:00
mlb-5058762,MLB,2026,2026-06-09T02:05:00Z,Regular,Las Vegas Ballpark,Oakland Athletics,OAK,Milwaukee Brewers,MIL,14,15,FINISHED,balldontlie,2026-08-23T20:56:09+00:00
mlb-5058763,MLB,2026,2026-06-09T22:35:00Z,Regular,Oriole Park at Camden Yards,Baltimore Orioles,BAL,Seattle Mariners,SEA,5,6,FINISHED,balldontlie,2026-08-23T20:56:09+00:00
mlb-5058764,MLB,2026,2026-06-09T22:40:00Z,Regular,loanDepot park,Miami Marlins,MIA,Arizona Diamondbacks,ARI,10,6,FINISHED,balldontlie,2026-08-23T20:56:09+00:00
mlb-5058765,MLB,2026,2026-06-09T22:40:00Z,Regular,Tropicana Field,Tampa Bay Rays,TB,Boston Red Sox,BOS,4,3,FINISHED,balldontlie,2026-08-23T20:56:09+00:00
mlb-5058766,MLB,2026,2026-06-09T22:40:00Z,Regular,PNC Park,Pittsburgh Pirates,PIT,Los Angeles Dodgers,LAD,3,12,FINISHED,balldontlie,2026-08-23T20:56:09+00:00
mlb-5058767,MLB,2026,2026-06-09T22:40:00Z,Regular,Comerica Park,Detroit Tigers,DET,Minnesota Twins,MIN,10,4,FINISHED,balldontlie,2026-08-23T20:56:09+00:00
mlb-5058768,MLB,2026,2026-06-09T22:40:00Z,Regular,Progressive Field,Cleveland Guardians,CLE,New York Yankees,NYY,2,3,FINISHED,balldontlie,2026-08-23T20:56:09+00:00
mlb-5058769,MLB,2026,2026-06-09T23:07:00Z,Regular,Rogers Centre,Toronto Blue Jays,TOR,Philadelphia Phillies,PHI,3,2,FINISHED,balldontlie,2026-08-23T20:56:09+00:00
mlb-5058770,MLB,2026,2026-06-09T23:10:00Z,Regular,Citi Field,New York Mets,NYM,St. Louis Cardinals,STL,0,7,FINISHED,balldontlie,2026-08-23T20:56:09+00:00
mlb-5058771,MLB,2026,2026-06-09T23:40:00Z,Regular,Rate Field,Chicago White Sox,CHW,Atlanta Braves,ATL,6,5,FINISHED,balldontlie,2026-08-23T20:56:09+00:00
mlb-5058772,MLB,2026,2026-06-09T23:40:00Z,Regular,Kauffman Stadium,Kansas City Royals,KC,Texas Rangers,TEX,5,3,FINISHED,balldontlie,2026-08-23T20:56:09+00:00
mlb-5058773,MLB,2026,2026-06-10T00:40:00Z,Regular,Coors Field,Colorado Rockies,COL,Chicago Cubs,CHC,7,3,FINISHED,balldontlie,2026-08-23T20:56:09+00:00
mlb-5058774,MLB,2026,2026-06-10T01:38:00Z,Regular,Angel Stadium,Los Angeles Angels,LAA,Houston Astros,HOU,10,1,FINISHED,balldontlie,2026-08-23T20:56:09+00:00
mlb-5058775,MLB,2026,2026-06-10T01:40:00Z,Regular,Petco Park,San Diego Padres,SD,Cincinnati Reds,CIN,3,5,FINISHED,balldontlie,2026-08-23T20:56:09+00:00
mlb-5058776,MLB,2026,2026-06-10T01:45:00Z,Regular,Oracle Park,San Francisco Giants,SF,Washington Nationals,WSH,3,6,FINISHED,balldontlie,2026-08-23T20:56:09+00:00
mlb-5058777,MLB,2026,2026-06-10T02:05:00Z,Regular,Las Vegas Ballpark,Oakland Athletics,OAK,Milwaukee Brewers,MIL,7,5,FINISHED,balldontlie,2026-08-23T20:56:09+00:00
mlb-5058778,MLB,2026,2026-06-10T17:10:00Z,Regular,Tropicana Field,Tampa Bay Rays,TB,Boston Red Sox,BOS,7,5,FINISHED,balldontlie,2026-08-23T20:56:09+00:00
mlb-5058779,MLB,2026,2026-06-10T17:10:00Z,Regular,Progressive Field,Cleveland Guardians,CLE,New York Yankees,NYY,4,8,FINISHED,balldontlie,2026-08-23T20:56:09+00:00
mlb-5058780,MLB,2026,2026-06-10T19:45:00Z,Regular,Oracle Park,San Francisco Giants,SF,Washington Nationals,WSH,11,10,FINISHED,balldontlie,2026-08-23T20:56:09+00:00
mlb-5058781,MLB,2026,2026-06-10T20:10:00Z,Regular,Petco Park,San Diego Padres,SD,Cincinnati Reds,CIN,5,4,FINISHED,balldontlie,2026-08-23T20:56:09+00:00
mlb-5058782,MLB,2026,2026-06-10T22:35:00Z,Regular,Oriole Park at Camden Yards,Baltimore Orioles,BAL,Seattle Mariners,SEA,7,2,FINISHED,balldontlie,2026-08-23T20:56:09+00:00
mlb-5058783,MLB,2026,2026-06-10T22:40:00Z,Regular,loanDepot park,Miami Marlins,MIA,Arizona Diamondbacks,ARI,8,0,FINISHED,balldontlie,2026-08-23T20:56:09+00:00
mlb-5058784,MLB,2026,2026-06-10T22:40:00Z,Regular,PNC Park,Pittsburgh Pirates,PIT,Los Angeles Dodgers,LAD,9,8,FINISHED,balldontlie,2026-08-23T20:56:09+00:00
mlb-5058785,MLB,2026,2026-06-10T22:40:00Z,Regular,Comerica Park,Detroit Tigers,DET,Minnesota Twins,MIN,4,6,FINISHED,balldontlie,2026-08-23T20:56:09+00:00
mlb-5058786,MLB,2026,2026-06-10T23:07:00Z,Regular,Rogers Centre,Toronto Blue Jays,TOR,Philadelphia Phillies,PHI,4,7,FINISHED,balldontlie,2026-08-23T20:56:09+00:00
mlb-5058787,MLB,2026,2026-06-10T23:10:00Z,Regular,Citi Field,New York Mets,NYM,St. Louis Cardinals,STL,2,9,FINISHED,balldontlie,2026-08-23T20:56:09+00:00
mlb-5058788,MLB,2026,2026-06-10T23:40:00Z,Regular,Rate Field,Chicago White Sox,CHW,Atlanta Braves,ATL,2,1,FINISHED,balldontlie,2026-08-23T20:56:09+00:00
mlb-5058789,MLB,2026,2026-06-10T23:40:00Z,Regular,Kauffman Stadium,Kansas City Royals,KC,Texas Rangers,TEX,4,6,FINISHED,balldontlie,2026-08-23T20:56:09+00:00
mlb-5058790,MLB,2026,2026-06-11T00:40:00Z,Regular,Coors Field,Colorado Rockies,COL,Chicago Cubs,CHC,3,2,FINISHED,balldontlie,2026-08-23T20:56:09+00:00
mlb-5058791,MLB,2026,2026-06-11T01:05:00Z,Regular,Las Vegas Ballpark,Oakland Athletics,OAK,Milwaukee Brewers,MIL,4,3,FINISHED,balldontlie,2026-08-23T20:56:09+00:00
mlb-5058792,MLB,2026,2026-06-11T01:38:00Z,Regular,Angel Stadium,Los Angeles Angels,LAA,Houston Astros,HOU,3,2,FINISHED,balldontlie,2026-08-23T20:56:09+00:00
mlb-5058793,MLB,2026,2026-06-11T17:10:00Z,Regular,loanDepot park,Miami Marlins,MIA,Arizona Diamondbacks,ARI,2,0,FINISHED,balldontlie,2026-08-23T20:56:09+00:00
mlb-5058794,MLB,2026,2026-06-11T17:10:00Z,Regular,Comerica Park,Detroit Tigers,DET,Minnesota Twins,MIN,11,0,FINISHED,balldontlie,2026-08-23T20:56:09+00:00
mlb-5058795,MLB,2026,2026-06-11T17:10:00Z,Regular,Citi Field,New York Mets,NYM,St. Louis Cardinals,STL,5,4,FINISHED,balldontlie,2026-08-23T20:56:09+00:00
mlb-5058796,MLB,2026,2026-06-11T18:10:00Z,Regular,Kauffman Stadium,Kansas City Royals,KC,Texas Rangers,TEX,2,4,FINISHED,balldontlie,2026-08-23T20:56:09+00:00
mlb-5058797,MLB,2026,2026-06-11T19:10:00Z,Regular,Coors Field,Colorado Rockies,COL,Chicago Cubs,CHC,3,9,FINISHED,balldontlie,2026-08-23T20:56:09+00:00
mlb-5058798,MLB,2026,2026-06-11T22:40:00Z,Regular,PNC Park,Pittsburgh Pirates,PIT,Los Angeles Dodgers,LAD,6,8,FINISHED,balldontlie,2026-08-23T20:56:09+00:00
mlb-5058799,MLB,2026,2026-06-11T23:00:00Z,Regular,Oriole Park at Camden Yards,Baltimore Orioles,BAL,Seattle Mariners,SEA,7,5,FINISHED,balldontlie,2026-08-23T20:56:09+00:00
mlb-5058801,MLB,2026,2026-06-12T22:40:00Z,Regular,PNC Park,Pittsburgh Pirates,PIT,Miami Marlins,MIA,3,8,FINISHED,balldontlie,2026-08-23T20:56:09+00:00
mlb-5058802,MLB,2026,2026-06-12T22:45:00Z,Regular,Nationals Park,Washington Nationals,WSH,Seattle Mariners,SEA,2,10,FINISHED,balldontlie,2026-08-23T20:56:09+00:00
mlb-5058803,MLB,2026,2026-06-12T23:05:00Z,Regular,Oriole Park at Camden Yards,Baltimore Orioles,BAL,San Diego Padres,SD,7,3,FINISHED,balldontlie,2026-08-23T20:56:09+00:00
mlb-5058806,MLB,2026,2026-06-12T23:10:00Z,Regular,Progressive Field,Cleveland Guardians,CLE,Detroit Tigers,DET,3,2,FINISHED,balldontlie,2026-08-23T20:56:09+00:00
mlb-5058807,MLB,2026,2026-06-12T23:10:00Z,Regular,Fenway Park,Boston Red Sox,BOS,Texas Rangers,TEX,10,1,FINISHED,balldontlie,2026-08-23T20:56:09+00:00
mlb-5058804,MLB,2026,2026-06-12T23:15:00Z,Regular,Great American Ball Park,Cincinnati Reds,CIN,Arizona Diamondbacks,ARI,2,5,FINISHED,balldontlie,2026-08-23T20:56:09+00:00
mlb-5058805,MLB,2026,2026-06-12T23:15:00Z,Regular,Citi Field,New York Mets,NYM,Atlanta Braves,ATL,7,5,FINISHED,balldontlie,2026-08-23T20:56:09+00:00
mlb-5058808,MLB,2026,2026-06-12T23:37:00Z,Regular,Rogers Centre,Toronto Blue Jays,TOR,New York Yankees,NYY,8,5,FINISHED,balldontlie,2026-08-23T20:56:09+00:00
mlb-5058809,MLB,2026,2026-06-12T23:40:00Z,Regular,Rate Field,Chicago White Sox,CHW,Los Angeles Dodgers,LAD,8,2,FINISHED,balldontlie,2026-08-23T20:56:09+00:00
mlb-5058810,MLB,2026,2026-06-12T23:40:00Z,Regular,American Family Field,Milwaukee Brewers,MIL,Philadelphia Phillies,PHI,6,0,FINISHED,balldontlie,2026-08-23T20:56:09+00:00
mlb-5058811,MLB,2026,2026-06-13T00:10:00Z,Regular,Kauffman Stadium,Kansas City Royals,KC,Houston Astros,HOU,8,10,FINISHED,balldontlie,2026-08-23T20:56:09+00:00
mlb-5058812,MLB,2026,2026-06-13T00:10:00Z,Regular,Target Field,Minnesota Twins,MIN,St. Louis Cardinals,STL,9,8,FINISHED,balldontlie,2026-08-23T20:56:09+00:00
mlb-5058813,MLB,2026,2026-06-13T01:38:00Z,Regular,Angel Stadium,Los Angeles Angels,LAA,Tampa Bay Rays,TB,4,3,FINISHED,balldontlie,2026-08-23T20:56:09+00:00
mlb-5058814,MLB,2026,2026-06-13T02:05:00Z,Regular,Las Vegas Ballpark,Oakland Athletics,OAK,Colorado Rockies,COL,6,4,FINISHED,balldontlie,2026-08-23T20:56:09+00:00
mlb-5058815,MLB,2026,2026-06-13T02:15:00Z,Regular,Oracle Park,San Francisco Giants,SF,Chicago Cubs,CHC,1,5,FINISHED,balldontlie,2026-08-23T20:56:09+00:00
mlb-5058816,MLB,2026,2026-06-13T18:10:00Z,Regular,Target Field,Minnesota Twins,MIN,St. Louis Cardinals,STL,6,9,FINISHED,balldontlie,2026-08-23T20:56:09+00:00
mlb-5058817,MLB,2026,2026-06-13T19:07:00Z,Regular,Rogers Centre,Toronto Blue Jays,TOR,New York Yankees,NYY,1,3,FINISHED,balldontlie,2026-08-23T20:56:09+00:00
mlb-5058818,MLB,2026,2026-06-13T20:05:00Z,Regular,PNC Park,Pittsburgh Pirates,PIT,Miami Marlins,MIA,3,2,FINISHED,balldontlie,2026-08-23T20:56:09+00:00
mlb-5058819,MLB,2026,2026-06-13T20:05:00Z,Regular,Oriole Park at Camden Yards,Baltimore Orioles,BAL,San Diego Padres,SD,3,9,FINISHED,balldontlie,2026-08-23T20:56:09+00:00
mlb-5058820,MLB,2026,2026-06-13T20:05:00Z,Regular,Nationals Park,Washington Nationals,WSH,Seattle Mariners,SEA,8,3,FINISHED,balldontlie,2026-08-23T20:56:09+00:00
mlb-5058821,MLB,2026,2026-06-13T20:10:00Z,Regular,Great American Ball Park,Cincinnati Reds,CIN,Arizona Diamondbacks,ARI,2,1,FINISHED,balldontlie,2026-08-23T20:56:09+00:00
mlb-5058822,MLB,2026,2026-06-13T20:10:00Z,Regular,Citi Field,New York Mets,NYM,Atlanta Braves,ATL,1,3,FINISHED,balldontlie,2026-08-23T20:56:09+00:00
mlb-5058823,MLB,2026,2026-06-13T20:10:00Z,Regular,Progressive Field,Cleveland Guardians,CLE,Detroit Tigers,DET,3,1,FINISHED,balldontlie,2026-08-23T20:56:09+00:00
mlb-5058824,MLB,2026,2026-06-13T20:10:00Z,Regular,Fenway Park,Boston Red Sox,BOS,Texas Rangers,TEX,6,3,FINISHED,balldontlie,2026-08-23T20:56:09+00:00
mlb-5058825,MLB,2026,2026-06-13T20:10:00Z,Regular,Rate Field,Chicago White Sox,CHW,Los Angeles Dodgers,LAD,1,7,FINISHED,balldontlie,2026-08-23T20:56:09+00:00
mlb-5058826,MLB,2026,2026-06-13T23:10:00Z,Regular,Kauffman Stadium,Kansas City Royals,KC,Houston Astros,HOU,7,8,FINISHED,balldontlie,2026-08-23T20:56:09+00:00
mlb-5058827,MLB,2026,2026-06-13T23:10:00Z,Regular,American Family Field,Milwaukee Brewers,MIL,Philadelphia Phillies,PHI,8,9,FINISHED,balldontlie,2026-08-23T20:56:09+00:00
mlb-5058828,MLB,2026,2026-06-14T02:05:00Z,Regular,Oracle Park,San Francisco Giants,SF,Chicago Cubs,CHC,1,6,FINISHED,balldontlie,2026-08-23T20:56:09+00:00
mlb-5058829,MLB,2026,2026-06-14T02:05:00Z,Regular,Las Vegas Ballpark,Oakland Athletics,OAK,Colorado Rockies,COL,7,5,FINISHED,balldontlie,2026-08-23T20:56:09+00:00
mlb-5058830,MLB,2026,2026-06-14T02:07:00Z,Regular,Angel Stadium,Los Angeles Angels,LAA,Tampa Bay Rays,TB,8,0,FINISHED,balldontlie,2026-08-23T20:56:09+00:00
mlb-5058831,MLB,2026,2026-06-14T16:15:00Z,Regular,PNC Park,Pittsburgh Pirates,PIT,Miami Marlins,MIA,2,4,FINISHED,balldontlie,2026-08-23T20:56:09+00:00
mlb-5058832,MLB,2026,2026-06-14T17:35:00Z,Regular,Oriole Park at Camden Yards,Baltimore Orioles,BAL,San Diego Padres,SD,2,5,FINISHED,balldontlie,2026-08-23T20:56:09+00:00
mlb-5058833,MLB,2026,2026-06-14T17:35:00Z,Regular,Nationals Park,Washington Nationals,WSH,Seattle Mariners,SEA,10,1,FINISHED,balldontlie,2026-08-23T20:56:09+00:00
mlb-5058834,MLB,2026,2026-06-14T17:37:00Z,Regular,Rogers Centre,Toronto Blue Jays,TOR,New York Yankees,NYY,3,8,FINISHED,balldontlie,2026-08-23T20:56:09+00:00
mlb-5058835,MLB,2026,2026-06-14T17:40:00Z,Regular,Great American Ball Park,Cincinnati Reds,CIN,Arizona Diamondbacks,ARI,3,5,FINISHED,balldontlie,2026-08-23T20:56:09+00:00
mlb-5058836,MLB,2026,2026-06-14T17:40:00Z,Regular,Citi Field,New York Mets,NYM,Atlanta Braves,ATL,8,1,FINISHED,balldontlie,2026-08-23T20:56:09+00:00
mlb-5058838,MLB,2026,2026-06-14T18:10:00Z,Regular,Kauffman Stadium,Kansas City Royals,KC,Houston Astros,HOU,4,0,FINISHED,balldontlie,2026-08-23T20:56:09+00:00
mlb-5058839,MLB,2026,2026-06-14T18:10:00Z,Regular,Rate Field,Chicago White Sox,CHW,Los Angeles Dodgers,LAD,6,4,FINISHED,balldontlie,2026-08-23T20:56:09+00:00
mlb-5058840,MLB,2026,2026-06-14T18:10:00Z,Regular,American Family Field,Milwaukee Brewers,MIL,Philadelphia Phillies,PHI,4,0,FINISHED,balldontlie,2026-08-23T20:56:09+00:00
mlb-5058841,MLB,2026,2026-06-14T18:10:00Z,Regular,Target Field,Minnesota Twins,MIN,St. Louis Cardinals,STL,5,4,FINISHED,balldontlie,2026-08-23T20:56:09+00:00
mlb-5058842,MLB,2026,2026-06-14T19:05:00Z,Regular,Las Vegas Ballpark,Oakland Athletics,OAK,Colorado Rockies,COL,9,23,FINISHED,balldontlie,2026-08-23T20:56:09+00:00
mlb-5058843,MLB,2026,2026-06-14T19:10:00Z,Regular,Oracle Park,San Francisco Giants,SF,Chicago Cubs,CHC,5,1,FINISHED,balldontlie,2026-08-23T20:56:09+00:00
mlb-5058844,MLB,2026,2026-06-14T20:07:00Z,Regular,Angel Stadium,Los Angeles Angels,LAA,Tampa Bay Rays,TB,3,8,FINISHED,balldontlie,2026-08-23T20:56:09+00:00
mlb-5058845,MLB,2026,2026-06-14T23:20:00Z,Regular,Fenway Park,Boston Red Sox,BOS,Texas Rangers,TEX,4,6,FINISHED,balldontlie,2026-08-23T20:56:09+00:00
mlb-5058846,MLB,2026,2026-06-15T22:40:00Z,Regular,Citizens Bank Park,Philadelphia Phillies,PHI,Miami Marlins,MIA,7,0,FINISHED,balldontlie,2026-08-23T20:56:09+00:00
mlb-5058847,MLB,2026,2026-06-15T22:45:00Z,Regular,Nationals Park,Washington Nationals,WSH,Kansas City Royals,KC,7,3,FINISHED,balldontlie,2026-08-23T20:56:09+00:00
mlb-5058848,MLB,2026,2026-06-15T23:10:00Z,Regular,Great American Ball Park,Cincinnati Reds,CIN,New York Mets,NYM,12,0,FINISHED,balldontlie,2026-08-23T20:56:09+00:00
mlb-5058849,MLB,2026,2026-06-15T23:45:00Z,Regular,Busch Stadium,St. Louis Cardinals,STL,San Diego Padres,SD,3,0,FINISHED,balldontlie,2026-08-23T20:56:09+00:00
mlb-5058850,MLB,2026,2026-06-16T00:05:00Z,Regular,Wrigley Field,Chicago Cubs,CHC,Colorado Rockies,COL,5,4,FINISHED,balldontlie,2026-08-23T20:56:09+00:00
mlb-5058851,MLB,2026,2026-06-16T00:05:00Z,Regular,Globe Life Field,Texas Rangers,TEX,Minnesota Twins,MIN,2,4,FINISHED,balldontlie,2026-08-23T20:56:09+00:00
mlb-5058852,MLB,2026,2026-06-16T00:10:00Z,Regular,Daikin Park,Houston Astros,HOU,Detroit Tigers,DET,3,9,FINISHED,balldontlie,2026-08-23T20:56:09+00:00
mlb-5058853,MLB,2026,2026-06-16T01:40:00Z,Regular,Chase Field,Arizona Diamondbacks,ARI,Los Angeles Angels,LAA,4,3,FINISHED,balldontlie,2026-08-23T20:56:09+00:00
mlb-5058854,MLB,2026,2026-06-16T01:40:00Z,Regular,Sutter Health Park,Oakland Athletics,OAK,Pittsburgh Pirates,PIT,11,2,FINISHED,balldontlie,2026-08-23T20:56:09+00:00
mlb-5058855,MLB,2026,2026-06-16T02:00:00Z,Regular,Dodger Stadium,Los Angeles Dodgers,LAD,Tampa Bay Rays,TB,4,3,FINISHED,balldontlie,2026-08-23T20:56:09+00:00
mlb-5058856,MLB,2026,2026-06-16T22:40:00Z,Regular,Citizens Bank Park,Philadelphia Phillies,PHI,Miami Marlins,MIA,8,2,FINISHED,balldontlie,2026-08-23T20:56:09+00:00
mlb-5058857,MLB,2026,2026-06-16T22:45:00Z,Regular,Nationals Park,Washington Nationals,WSH,Kansas City Royals,KC,6,4,FINISHED,balldontlie,2026-08-23T20:56:09+00:00
mlb-5058858,MLB,2026,2026-06-16T22:45:00Z,Regular,Fenway Park,Boston Red Sox,BOS,Toronto Blue Jays,TOR,1,6,FINISHED,balldontlie,2026-08-23T20:56:09+00:00
mlb-5058859,MLB,2026,2026-06-16T23:05:00Z,Regular,Yankee Stadium,New York Yankees,NYY,Chicago White Sox,CHW,12,2,FINISHED,balldontlie,2026-08-23T20:56:09+00:00
mlb-5058860,MLB,2026,2026-06-16T23:10:00Z,Regular,Great American Ball Park,Cincinnati Reds,CIN,New York Mets,NYM,5,3,FINISHED,balldontlie,2026-08-23T20:56:09+00:00
mlb-5058861,MLB,2026,2026-06-16T23:15:00Z,Regular,Truist Park,Atlanta Braves,ATL,San Francisco Giants,SF,2,7,FINISHED,balldontlie,2026-08-23T20:56:09+00:00
mlb-5058862,MLB,2026,2026-06-16T23:40:00Z,Regular,American Family Field,Milwaukee Brewers,MIL,Cleveland Guardians,CLE,2,1,FINISHED,balldontlie,2026-08-23T20:56:09+00:00
mlb-5058863,MLB,2026,2026-06-16T23:45:00Z,Regular,Busch Stadium,St. Louis Cardinals,STL,San Diego Padres,SD,3,2,FINISHED,balldontlie,2026-08-23T20:56:09+00:00
mlb-5058864,MLB,2026,2026-06-17T00:05:00Z,Regular,Wrigley Field,Chicago Cubs,CHC,Colorado Rockies,COL,2,5,FINISHED,balldontlie,2026-08-23T20:56:09+00:00
mlb-5058865,MLB,2026,2026-06-17T00:05:00Z,Regular,Globe Life Field,Texas Rangers,TEX,Minnesota Twins,MIN,2,12,FINISHED,balldontlie,2026-08-23T20:56:09+00:00
mlb-5058866,MLB,2026,2026-06-17T00:10:00Z,Regular,Daikin Park,Houston Astros,HOU,Detroit Tigers,DET,4,2,FINISHED,balldontlie,2026-08-23T20:56:09+00:00
mlb-5058867,MLB,2026,2026-06-17T01:40:00Z,Regular,Chase Field,Arizona Diamondbacks,ARI,Los Angeles Angels,LAA,0,7,FINISHED,balldontlie,2026-08-23T20:56:09+00:00
mlb-5058868,MLB,2026,2026-06-17T01:40:00Z,Regular,T-Mobile Park,Seattle Mariners,SEA,Baltimore Orioles,BAL,3,1,FINISHED,balldontlie,2026-08-23T20:56:09+00:00
mlb-5058869,MLB,2026,2026-06-17T01:40:00Z,Regular,Sutter Health Park,Oakland Athletics,OAK,Pittsburgh Pirates,PIT,5,6,FINISHED,balldontlie,2026-08-23T20:56:09+00:00
mlb-5058870,MLB,2026,2026-06-17T02:10:00Z,Regular,Dodger Stadium,Los Angeles Dodgers,LAD,Tampa Bay Rays,TB,1,0,FINISHED,balldontlie,2026-08-23T20:56:09+00:00
mlb-5058871,MLB,2026,2026-06-17T16:40:00Z,Regular,Great American Ball Park,Cincinnati Reds,CIN,New York Mets,NYM,1,9,FINISHED,balldontlie,2026-08-23T20:56:09+00:00
mlb-5058872,MLB,2026,2026-06-17T17:05:00Z,Regular,Nationals Park,Washington Nationals,WSH,Kansas City Royals,KC,2,6,FINISHED,balldontlie,2026-08-23T20:56:09+00:00
mlb-5058873,MLB,2026,2026-06-17T17:05:00Z,Regular,Citizens Bank Park,Philadelphia Phillies,PHI,Miami Marlins,MIA,4,12,FINISHED,balldontlie,2026-08-23T20:56:09+00:00
mlb-5058874,MLB,2026,2026-06-17T18:10:00Z,Regular,Daikin Park,Houston Astros,HOU,Detroit Tigers,DET,4,2,FINISHED,balldontlie,2026-08-23T20:56:09+00:00
mlb-5058875,MLB,2026,2026-06-17T18:15:00Z,Regular,Busch Stadium,St. Louis Cardinals,STL,San Diego Padres,SD,1,6,FINISHED,balldontlie,2026-08-23T20:56:09+00:00
mlb-5058876,MLB,2026,2026-06-17T19:10:00Z,Regular,Dodger Stadium,Los Angeles Dodgers,LAD,Tampa Bay Rays,TB,5,4,FINISHED,balldontlie,2026-08-23T20:56:09+00:00
mlb-5058877,MLB,2026,2026-06-17T19:40:00Z,Regular,Chase Field,Arizona Diamondbacks,ARI,Los Angeles Angels,LAA,8,1,FINISHED,balldontlie,2026-08-23T20:56:09+00:00
mlb-5058878,MLB,2026,2026-06-17T22:45:00Z,Regular,Fenway Park,Boston Red Sox,BOS,Toronto Blue Jays,TOR,0,3,FINISHED,balldontlie,2026-08-23T20:56:09+00:00
mlb-5058879,MLB,2026,2026-06-17T23:05:00Z,Regular,Yankee Stadium,New York Yankees,NYY,Chicago White Sox,CHW,10,5,FINISHED,balldontlie,2026-08-23T20:56:09+00:00
mlb-5058880,MLB,2026,2026-06-17T23:15:00Z,Regular,Truist Park,Atlanta Braves,ATL,San Francisco Giants,SF,5,7,FINISHED,balldontlie,2026-08-23T20:56:09+00:00
mlb-5058881,MLB,2026,2026-06-17T23:40:00Z,Regular,American Family Field,Milwaukee Brewers,MIL,Cleveland Guardians,CLE,9,4,FINISHED,balldontlie,2026-08-23T20:56:09+00:00
mlb-5058882,MLB,2026,2026-06-18T00:05:00Z,Regular,Wrigley Field,Chicago Cubs,CHC,Colorado Rockies,COL,8,6,FINISHED,balldontlie,2026-08-23T20:56:09+00:00
mlb-5058883,MLB,2026,2026-06-18T01:40:00Z,Regular,T-Mobile Park,Seattle Mariners,SEA,Baltimore Orioles,BAL,3,5,FINISHED,balldontlie,2026-08-23T20:56:09+00:00
mlb-5058884,MLB,2026,2026-06-18T01:40:00Z,Regular,Sutter Health Park,Oakland Athletics,OAK,Pittsburgh Pirates,PIT,4,12,FINISHED,balldontlie,2026-08-23T20:56:09+00:00
mlb-5058885,MLB,2026,2026-06-18T17:35:00Z,Regular,Fenway Park,Boston Red Sox,BOS,Toronto Blue Jays,TOR,3,4,FINISHED,balldontlie,2026-08-23T20:56:09+00:00
mlb-5058886,MLB,2026,2026-06-18T18:10:00Z,Regular,American Family Field,Milwaukee Brewers,MIL,Cleveland Guardians,CLE,2,4,FINISHED,balldontlie,2026-08-23T20:56:09+00:00
mlb-5058887,MLB,2026,2026-06-18T18:35:00Z,Regular,Globe Life Field,Texas Rangers,TEX,Minnesota Twins,MIN,3,9,FINISHED,balldontlie,2026-08-23T20:56:09+00:00
mlb-5058888,MLB,2026,2026-06-18T20:10:00Z,Regular,T-Mobile Park,Seattle Mariners,SEA,Baltimore Orioles,BAL,3,0,FINISHED,balldontlie,2026-08-23T20:56:09+00:00
mlb-5058889,MLB,2026,2026-06-18T22:40:00Z,Regular,Citizens Bank Park,Philadelphia Phillies,PHI,New York Mets,NYM,4,6,FINISHED,balldontlie,2026-08-23T20:56:09+00:00
mlb-5058890,MLB,2026,2026-06-18T23:05:00Z,Regular,Yankee Stadium,New York Yankees,NYY,Chicago White Sox,CHW,1,5,FINISHED,balldontlie,2026-08-23T20:56:09+00:00
mlb-5058892,MLB,2026,2026-06-18T23:40:00Z,Regular,Kauffman Stadium,Kansas City Royals,KC,St. Louis Cardinals,STL,14,6,FINISHED,balldontlie,2026-08-23T20:56:09+00:00
mlb-5058893,MLB,2026,2026-06-19T01:40:00Z,Regular,Sutter Health Park,Oakland Athletics,OAK,Los Angeles Angels,LAA,5,0,FINISHED,balldontlie,2026-08-23T20:56:09+00:00
mlb-5058894,MLB,2026,2026-06-19T18:20:00Z,Regular,Wrigley Field,Chicago Cubs,CHC,Toronto Blue Jays,TOR,16,2,FINISHED,balldontlie,2026-08-23T20:56:09+00:00
mlb-5058895,MLB,2026,2026-06-19T22:40:00Z,Regular,Comerica Park,Detroit Tigers,DET,Chicago White Sox,CHW,4,3,FINISHED,balldontlie,2026-08-23T20:56:09+00:00
mlb-5058896,MLB,2026,2026-06-19T23:05:00Z,Regular,Yankee Stadium,New York Yankees,NYY,Cincinnati Reds,CIN,5,0,FINISHED,balldontlie,2026-08-23T20:56:09+00:00
mlb-5058897,MLB,2026,2026-06-19T23:10:00Z,Regular,loanDepot park,Miami Marlins,MIA,San Francisco Giants,SF,4,3,FINISHED,balldontlie,2026-08-23T20:56:09+00:00
mlb-5058898,MLB,2026,2026-06-19T23:10:00Z,Regular,Tropicana Field,Tampa Bay Rays,TB,Washington Nationals,WSH,5,2,FINISHED,balldontlie,2026-08-23T20:56:09+00:00
mlb-5058899,MLB,2026,2026-06-19T23:15:00Z,Regular,Truist Park,Atlanta Braves,ATL,Milwaukee Brewers,MIL,3,2,FINISHED,balldontlie,2026-08-23T20:56:09+00:00
mlb-5058900,MLB,2026,2026-06-20T00:05:00Z,Regular,Globe Life Field,Texas Rangers,TEX,San Diego Padres,SD,9,7,FINISHED,balldontlie,2026-08-23T20:56:09+00:00
mlb-5058901,MLB,2026,2026-06-20T00:10:00Z,Regular,Daikin Park,Houston Astros,HOU,Cleveland Guardians,CLE,9,3,FINISHED,balldontlie,2026-08-23T20:56:09+00:00
mlb-5058902,MLB,2026,2026-06-20T00:15:00Z,Regular,Kauffman Stadium,Kansas City Royals,KC,St. Louis Cardinals,STL,6,5,FINISHED,balldontlie,2026-08-23T20:56:09+00:00
mlb-5058903,MLB,2026,2026-06-20T00:40:00Z,Regular,Coors Field,Colorado Rockies,COL,Pittsburgh Pirates,PIT,4,3,FINISHED,balldontlie,2026-08-23T20:56:09+00:00
mlb-5058904,MLB,2026,2026-06-20T01:40:00Z,Regular,Sutter Health Park,Oakland Athletics,OAK,Los Angeles Angels,LAA,12,11,FINISHED,balldontlie,2026-08-23T20:56:09+00:00
mlb-5058905,MLB,2026,2026-06-20T01:45:00Z,Regular,Chase Field,Arizona Diamondbacks,ARI,Minnesota Twins,MIN,9,5,FINISHED,balldontlie,2026-08-23T20:56:09+00:00
mlb-5058906,MLB,2026,2026-06-20T02:10:00Z,Regular,Dodger Stadium,Los Angeles Dodgers,LAD,Baltimore Orioles,BAL,6,5,FINISHED,balldontlie,2026-08-23T20:56:09+00:00
mlb-5058914,MLB,2026,2026-06-20T02:10:00Z,Regular,T-Mobile Park,Seattle Mariners,SEA,Boston Red Sox,BOS,2,6,FINISHED,balldontlie,2026-08-23T20:56:09+00:00
mlb-5058907,MLB,2026,2026-06-20T17:10:00Z,Regular,Comerica Park,Detroit Tigers,DET,Chicago White Sox,CHW,4,1,FINISHED,balldontlie,2026-08-23T20:56:09+00:00
mlb-5058908,MLB,2026,2026-06-20T17:35:00Z,Regular,Yankee Stadium,New York Yankees,NYY,Cincinnati Reds,CIN,2,10,FINISHED,balldontlie,2026-08-23T20:56:09+00:00
mlb-5058909,MLB,2026,2026-06-20T18:20:00Z,Regular,Wrigley Field,Chicago Cubs,CHC,Toronto Blue Jays,TOR,6,8,FINISHED,balldontlie,2026-08-23T20:56:09+00:00
mlb-5058910,MLB,2026,2026-06-20T20:05:00Z,Regular,Globe Life Field,Texas Rangers,TEX,San Diego Padres,SD,4,6,FINISHED,balldontlie,2026-08-23T20:56:09+00:00
mlb-5058911,MLB,2026,2026-06-20T20:10:00Z,Regular,Truist Park,Atlanta Braves,ATL,Milwaukee Brewers,MIL,4,3,FINISHED,balldontlie,2026-08-23T20:56:09+00:00
mlb-5058912,MLB,2026,2026-06-20T20:10:00Z,Regular,loanDepot park,Miami Marlins,MIA,San Francisco Giants,SF,6,3,FINISHED,balldontlie,2026-08-23T20:56:09+00:00
mlb-5058913,MLB,2026,2026-06-20T20:10:00Z,Regular,Tropicana Field,Tampa Bay Rays,TB,Washington Nationals,WSH,3,4,FINISHED,balldontlie,2026-08-23T20:56:09+00:00
mlb-5058915,MLB,2026,2026-06-20T23:15:00Z,Regular,Citizens Bank Park,Philadelphia Phillies,PHI,New York Mets,NYM,15,3,FINISHED,balldontlie,2026-08-23T20:56:09+00:00
mlb-5058916,MLB,2026,2026-06-20T23:15:00Z,Regular,Daikin Park,Houston Astros,HOU,Cleveland Guardians,CLE,1,8,FINISHED,balldontlie,2026-08-23T20:56:09+00:00
mlb-5058917,MLB,2026,2026-06-21T01:10:00Z,Regular,Coors Field,Colorado Rockies,COL,Pittsburgh Pirates,PIT,2,1,FINISHED,balldontlie,2026-08-23T20:56:09+00:00
mlb-5058918,MLB,2026,2026-06-21T02:05:00Z,Regular,Sutter Health Park,Oakland Athletics,OAK,Los Angeles Angels,LAA,0,7,FINISHED,balldontlie,2026-08-23T20:56:09+00:00
mlb-5058919,MLB,2026,2026-06-21T02:10:00Z,Regular,Dodger Stadium,Los Angeles Dodgers,LAD,Baltimore Orioles,BAL,2,3,FINISHED,balldontlie,2026-08-23T20:56:09+00:00
mlb-5058920,MLB,2026,2026-06-21T02:10:00Z,Regular,Chase Field,Arizona Diamondbacks,ARI,Minnesota Twins,MIN,8,16,FINISHED,balldontlie,2026-08-23T20:56:09+00:00
mlb-5058921,MLB,2026,2026-06-21T02:10:00Z,Regular,T-Mobile Park,Seattle Mariners,SEA,Boston Red Sox,BOS,1,5,FINISHED,balldontlie,2026-08-23T20:56:09+00:00
mlb-5058922,MLB,2026,2026-06-21T17:35:00Z,Regular,Yankee Stadium,New York Yankees,NYY,Cincinnati Reds,CIN,1,4,FINISHED,balldontlie,2026-08-23T20:56:09+00:00
mlb-5058923,MLB,2026,2026-06-21T17:35:00Z,Regular,Truist Park,Atlanta Braves,ATL,Milwaukee Brewers,MIL,4,9,FINISHED,balldontlie,2026-08-23T20:56:09+00:00
mlb-5058924,MLB,2026,2026-06-21T17:40:00Z,Regular,Comerica Park,Detroit Tigers,DET,Chicago White Sox,CHW,5,4,FINISHED,balldontlie,2026-08-23T20:56:09+00:00
mlb-5058925,MLB,2026,2026-06-21T17:40:00Z,Regular,loanDepot park,Miami Marlins,MIA,San Francisco Giants,SF,2,1,FINISHED,balldontlie,2026-08-23T20:56:09+00:00
mlb-5058926,MLB,2026,2026-06-21T17:40:00Z,Regular,Tropicana Field,Tampa Bay Rays,TB,Washington Nationals,WSH,4,3,FINISHED,balldontlie,2026-08-23T20:56:09+00:00
mlb-5058927,MLB,2026,2026-06-21T18:10:00Z,Regular,Daikin Park,Houston Astros,HOU,Cleveland Guardians,CLE,2,1,FINISHED,balldontlie,2026-08-23T20:56:09+00:00
mlb-5058928,MLB,2026,2026-06-21T18:10:00Z,Regular,Kauffman Stadium,Kansas City Royals,KC,St. Louis Cardinals,STL,10,12,FINISHED,balldontlie,2026-08-23T20:56:09+00:00
mlb-5058930,MLB,2026,2026-06-21T18:35:00Z,Regular,Globe Life Field,Texas Rangers,TEX,San Diego Padres,SD,4,3,FINISHED,balldontlie,2026-08-23T20:56:09+00:00
mlb-5058931,MLB,2026,2026-06-21T19:10:00Z,Regular,Coors Field,Colorado Rockies,COL,Pittsburgh Pirates,PIT,6,8,FINISHED,balldontlie,2026-08-23T20:56:09+00:00
mlb-5058932,MLB,2026,2026-06-21T19:15:00Z,Regular,Chase Field,Arizona Diamondbacks,ARI,Minnesota Twins,MIN,2,4,FINISHED,balldontlie,2026-08-23T20:56:09+00:00
mlb-5058933,MLB,2026,2026-06-21T20:05:00Z,Regular,Sutter Health Park,Oakland Athletics,OAK,Los Angeles Angels,LAA,7,9,FINISHED,balldontlie,2026-08-23T20:56:09+00:00
mlb-5058934,MLB,2026,2026-06-21T20:10:00Z,Regular,Dodger Stadium,Los Angeles Dodgers,LAD,Baltimore Orioles,BAL,1,12,FINISHED,balldontlie,2026-08-23T20:56:09+00:00
mlb-5058935,MLB,2026,2026-06-21T20:10:00Z,Regular,T-Mobile Park,Seattle Mariners,SEA,Boston Red Sox,BOS,3,1,FINISHED,balldontlie,2026-08-23T20:56:09+00:00
mlb-5058936,MLB,2026,2026-06-21T23:20:00Z,Regular,Citizens Bank Park,Philadelphia Phillies,PHI,New York Mets,NYM,6,2,FINISHED,balldontlie,2026-08-23T20:56:09+00:00
mlb-5058938,MLB,2026,2026-06-22T22:10:00Z,Regular,Comerica Park,Detroit Tigers,DET,New York Yankees,NYY,5,3,FINISHED,balldontlie,2026-08-23T20:56:09+00:00
mlb-5058937,MLB,2026,2026-06-22T22:40:00Z,Regular,Tropicana Field,Tampa Bay Rays,TB,Kansas City Royals,KC,1,2,FINISHED,balldontlie,2026-08-23T20:56:09+00:00
mlb-5058939,MLB,2026,2026-06-22T22:40:00Z,Regular,loanDepot park,Miami Marlins,MIA,Texas Rangers,TEX,3,4,FINISHED,balldontlie,2026-08-23T20:56:09+00:00
mlb-5058940,MLB,2026,2026-06-22T22:45:00Z,Regular,Nationals Park,Washington Nationals,WSH,Philadelphia Phillies,PHI,4,1,FINISHED,balldontlie,2026-08-23T20:56:09+00:00
mlb-5058941,MLB,2026,2026-06-22T23:07:00Z,Regular,Rogers Centre,Toronto Blue Jays,TOR,Houston Astros,HOU,4,2,FINISHED,balldontlie,2026-08-23T20:56:09+00:00
mlb-5058943,MLB,2026,2026-06-22T23:10:00Z,Regular,Great American Ball Park,Cincinnati Reds,CIN,Milwaukee Brewers,MIL,1,2,FINISHED,balldontlie,2026-08-23T20:56:09+00:00
mlb-5058944,MLB,2026,2026-06-22T23:40:00Z,Regular,Rate Field,Chicago White Sox,CHW,Cleveland Guardians,CLE,6,5,FINISHED,balldontlie,2026-08-23T20:56:09+00:00
mlb-5058945,MLB,2026,2026-06-22T23:40:00Z,Regular,Target Field,Minnesota Twins,MIN,Los Angeles Dodgers,LAD,1,2,FINISHED,balldontlie,2026-08-23T20:56:09+00:00
mlb-5058946,MLB,2026,2026-06-22T23:45:00Z,Regular,Busch Stadium,St. Louis Cardinals,STL,Arizona Diamondbacks,ARI,3,2,FINISHED,balldontlie,2026-08-23T20:56:09+00:00
mlb-5058947,MLB,2026,2026-06-23T00:40:00Z,Regular,Coors Field,Colorado Rockies,COL,Boston Red Sox,BOS,3,2,FINISHED,balldontlie,2026-08-23T20:56:09+00:00
mlb-5058948,MLB,2026,2026-06-23T01:38:00Z,Regular,Angel Stadium,Los Angeles Angels,LAA,Baltimore Orioles,BAL,1,6,FINISHED,balldontlie,2026-08-23T20:56:09+00:00
mlb-5058949,MLB,2026,2026-06-23T02:00:00Z,Regular,Petco Park,San Diego Padres,SD,Atlanta Braves,ATL,1,0,FINISHED,balldontlie,2026-08-23T20:56:09+00:00
mlb-5058955,MLB,2026,2026-06-23T20:07:00Z,Regular,Rogers Centre,Toronto Blue Jays,TOR,Houston Astros,HOU,7,9,FINISHED,balldontlie,2026-08-23T20:56:09+00:00
mlb-5058950,MLB,2026,2026-06-23T22:40:00Z,Regular,Tropicana Field,Tampa Bay Rays,TB,Kansas City Royals,KC,5,12,FINISHED,balldontlie,2026-08-23T20:56:09+00:00
mlb-5058951,MLB,2026,2026-06-23T22:40:00Z,Regular,Comerica Park,Detroit Tigers,DET,New York Yankees,NYY,3,4,FINISHED,balldontlie,2026-08-23T20:56:09+00:00
mlb-5058952,MLB,2026,2026-06-23T22:40:00Z,Regular,PNC Park,Pittsburgh Pirates,PIT,Seattle Mariners,SEA,2,3,FINISHED,balldontlie,2026-08-23T20:56:09+00:00
mlb-5058953,MLB,2026,2026-06-23T22:40:00Z,Regular,loanDepot park,Miami Marlins,MIA,Texas Rangers,TEX,6,4,FINISHED,balldontlie,2026-08-23T20:56:09+00:00
mlb-5058954,MLB,2026,2026-06-23T22:45:00Z,Regular,Nationals Park,Washington Nationals,WSH,Philadelphia Phillies,PHI,9,14,FINISHED,balldontlie,2026-08-23T20:56:09+00:00
mlb-5058956,MLB,2026,2026-06-23T23:10:00Z,Regular,Citi Field,New York Mets,NYM,Chicago Cubs,CHC,6,9,FINISHED,balldontlie,2026-08-23T20:56:09+00:00
mlb-5058957,MLB,2026,2026-06-23T23:10:00Z,Regular,Great American Ball Park,Cincinnati Reds,CIN,Milwaukee Brewers,MIL,0,2,FINISHED,balldontlie,2026-08-23T20:56:09+00:00
mlb-5058958,MLB,2026,2026-06-23T23:40:00Z,Regular,Rate Field,Chicago White Sox,CHW,Cleveland Guardians,CLE,2,1,FINISHED,balldontlie,2026-08-23T20:56:09+00:00
mlb-5058959,MLB,2026,2026-06-23T23:40:00Z,Regular,Target Field,Minnesota Twins,MIN,Los Angeles Dodgers,LAD,3,12,FINISHED,balldontlie,2026-08-23T20:56:09+00:00
mlb-5058960,MLB,2026,2026-06-23T23:45:00Z,Regular,Busch Stadium,St. Louis Cardinals,STL,Arizona Diamondbacks,ARI,3,4,FINISHED,balldontlie,2026-08-23T20:56:09+00:00
mlb-5058961,MLB,2026,2026-06-24T00:40:00Z,Regular,Coors Field,Colorado Rockies,COL,Boston Red Sox,BOS,2,5,FINISHED,balldontlie,2026-08-23T20:56:09+00:00
mlb-5058962,MLB,2026,2026-06-24T01:38:00Z,Regular,Angel Stadium,Los Angeles Angels,LAA,Baltimore Orioles,BAL,5,1,FINISHED,balldontlie,2026-08-23T20:56:09+00:00
mlb-5058963,MLB,2026,2026-06-24T01:40:00Z,Regular,Petco Park,San Diego Padres,SD,Atlanta Braves,ATL,7,6,FINISHED,balldontlie,2026-08-23T20:56:09+00:00
mlb-5058964,MLB,2026,2026-06-24T01:45:00Z,Regular,Oracle Park,San Francisco Giants,SF,Oakland Athletics,OAK,3,1,FINISHED,balldontlie,2026-08-23T20:56:09+00:00
mlb-5058965,MLB,2026,2026-06-24T16:10:00Z,Regular,loanDepot park,Miami Marlins,MIA,Texas Rangers,TEX,4,2,FINISHED,balldontlie,2026-08-23T20:56:09+00:00
mlb-9458287,MLB,2026,2026-06-24T17:10:00Z,Regular,Citi Field,New York Mets,NYM,Chicago Cubs,CHC,3,10,FINISHED,balldontlie,2026-08-23T20:56:09+00:00
mlb-5058966,MLB,2026,2026-06-24T18:10:00Z,Regular,Rate Field,Chicago White Sox,CHW,Cleveland Guardians,CLE,3,4,FINISHED,balldontlie,2026-08-23T20:56:09+00:00
mlb-5058967,MLB,2026,2026-06-24T19:10:00Z,Regular,Coors Field,Colorado Rockies,COL,Boston Red Sox,BOS,8,6,FINISHED,balldontlie,2026-08-23T20:56:09+00:00
mlb-5058968,MLB,2026,2026-06-24T20:07:00Z,Regular,Angel Stadium,Los Angeles Angels,LAA,Baltimore Orioles,BAL,7,6,FINISHED,balldontlie,2026-08-23T20:56:09+00:00
mlb-5058969,MLB,2026,2026-06-24T22:40:00Z,Regular,Tropicana Field,Tampa Bay Rays,TB,Kansas City Royals,KC,5,3,FINISHED,balldontlie,2026-08-23T20:56:09+00:00
mlb-5058970,MLB,2026,2026-06-24T22:40:00Z,Regular,Comerica Park,Detroit Tigers,DET,New York Yankees,NYY,2,4,FINISHED,balldontlie,2026-08-23T20:56:09+00:00
mlb-5058971,MLB,2026,2026-06-24T22:40:00Z,Regular,PNC Park,Pittsburgh Pirates,PIT,Seattle Mariners,SEA,11,1,FINISHED,balldontlie,2026-08-23T20:56:09+00:00
mlb-5058972,MLB,2026,2026-06-24T22:45:00Z,Regular,Nationals Park,Washington Nationals,WSH,Philadelphia Phillies,PHI,4,5,FINISHED,balldontlie,2026-08-23T20:56:09+00:00
mlb-5058973,MLB,2026,2026-06-24T23:07:00Z,Regular,Rogers Centre,Toronto Blue Jays,TOR,Houston Astros,HOU,1,3,FINISHED,balldontlie,2026-08-23T20:56:09+00:00
mlb-5058974,MLB,2026,2026-06-24T23:10:00Z,Regular,Citi Field,New York Mets,NYM,Chicago Cubs,CHC,5,10,FINISHED,balldontlie,2026-08-23T20:56:09+00:00
mlb-5058975,MLB,2026,2026-06-24T23:10:00Z,Regular,Great American Ball Park,Cincinnati Reds,CIN,Milwaukee Brewers,MIL,5,6,FINISHED,balldontlie,2026-08-23T20:56:09+00:00
mlb-5058976,MLB,2026,2026-06-24T23:40:00Z,Regular,Target Field,Minnesota Twins,MIN,Los Angeles Dodgers,LAD,3,4,FINISHED,balldontlie,2026-08-23T20:56:09+00:00
mlb-5058977,MLB,2026,2026-06-24T23:45:00Z,Regular,Busch Stadium,St. Louis Cardinals,STL,Arizona Diamondbacks,ARI,4,9,FINISHED,balldontlie,2026-08-23T20:56:09+00:00
mlb-5058978,MLB,2026,2026-06-25T00:40:00Z,Regular,Petco Park,San Diego Padres,SD,Atlanta Braves,ATL,5,2,FINISHED,balldontlie,2026-08-23T20:56:09+00:00
mlb-5058979,MLB,2026,2026-06-25T01:45:00Z,Regular,Oracle Park,San Francisco Giants,SF,Oakland Athletics,OAK,2,1,FINISHED,balldontlie,2026-08-23T20:56:09+00:00
mlb-5058980,MLB,2026,2026-06-25T16:10:00Z,Regular,Tropicana Field,Tampa Bay Rays,TB,Kansas City Royals,KC,13,2,FINISHED,balldontlie,2026-08-23T20:56:09+00:00
mlb-5058981,MLB,2026,2026-06-25T16:35:00Z,Regular,PNC Park,Pittsburgh Pirates,PIT,Seattle Mariners,SEA,5,1,FINISHED,balldontlie,2026-08-23T20:56:09+00:00
mlb-5058982,MLB,2026,2026-06-25T19:45:00Z,Regular,Oracle Park,San Francisco Giants,SF,Oakland Athletics,OAK,6,9,FINISHED,balldontlie,2026-08-23T20:56:09+00:00
mlb-5058983,MLB,2026,2026-06-25T22:40:00Z,Regular,Comerica Park,Detroit Tigers,DET,Houston Astros,HOU,1,2,FINISHED,balldontlie,2026-08-23T20:56:09+00:00
mlb-5058984,MLB,2026,2026-06-25T22:45:00Z,Regular,Nationals Park,Washington Nationals,WSH,Philadelphia Phillies,PHI,5,10,FINISHED,balldontlie,2026-08-23T20:56:09+00:00
mlb-5058985,MLB,2026,2026-06-25T23:07:00Z,Regular,Rogers Centre,Toronto Blue Jays,TOR,Texas Rangers,TEX,5,6,FINISHED,balldontlie,2026-08-23T20:56:09+00:00
mlb-5058986,MLB,2026,2026-06-25T23:10:00Z,Regular,Citi Field,New York Mets,NYM,Chicago Cubs,CHC,3,4,FINISHED,balldontlie,2026-08-23T20:56:09+00:00
mlb-5058987,MLB,2026,2026-06-25T23:10:00Z,Regular,Fenway Park,Boston Red Sox,BOS,New York Yankees,NYY,6,3,FINISHED,balldontlie,2026-08-23T20:56:09+00:00
mlb-5058989,MLB,2026,2026-06-26T22:40:00Z,Regular,PNC Park,Pittsburgh Pirates,PIT,Cincinnati Reds,CIN,4,6,FINISHED,balldontlie,2026-08-23T20:56:09+00:00
mlb-5058990,MLB,2026,2026-06-26T22:40:00Z,Regular,Comerica Park,Detroit Tigers,DET,Houston Astros,HOU,8,0,FINISHED,balldontlie,2026-08-23T20:56:09+00:00
mlb-5058991,MLB,2026,2026-06-26T23:05:00Z,Regular,Oriole Park at Camden Yards,Baltimore Orioles,BAL,Washington Nationals,WSH,3,1,FINISHED,balldontlie,2026-08-23T20:56:09+00:00
mlb-5058992,MLB,2026,2026-06-26T23:07:00Z,Regular,Rogers Centre,Toronto Blue Jays,TOR,Texas Rangers,TEX,4,5,FINISHED,balldontlie,2026-08-23T20:56:09+00:00
mlb-5058993,MLB,2026,2026-06-26T23:10:00Z,Regular,Tropicana Field,Tampa Bay Rays,TB,Arizona Diamondbacks,ARI,6,1,FINISHED,balldontlie,2026-08-23T20:56:09+00:00
mlb-5058994,MLB,2026,2026-06-26T23:10:00Z,Regular,Fenway Park,Boston Red Sox,BOS,New York Yankees,NYY,6,1,FINISHED,balldontlie,2026-08-23T20:56:09+00:00
mlb-5058995,MLB,2026,2026-06-26T23:10:00Z,Regular,Citi Field,New York Mets,NYM,Philadelphia Phillies,PHI,1,2,FINISHED,balldontlie,2026-08-23T20:56:09+00:00
mlb-5058996,MLB,2026,2026-06-26T23:10:00Z,Regular,Progressive Field,Cleveland Guardians,CLE,Seattle Mariners,SEA,1,3,FINISHED,balldontlie,2026-08-23T20:56:09+00:00
mlb-5058998,MLB,2026,2026-06-26T23:40:00Z,Regular,Rate Field,Chicago White Sox,CHW,Kansas City Royals,KC,22,1,FINISHED,balldontlie,2026-08-23T20:56:09+00:00
mlb-5058997,MLB,2026,2026-06-26T23:45:00Z,Regular,American Family Field,Milwaukee Brewers,MIL,Chicago Cubs,CHC,6,2,FINISHED,balldontlie,2026-08-23T20:56:09+00:00
mlb-5058999,MLB,2026,2026-06-27T00:10:00Z,Regular,Target Field,Minnesota Twins,MIN,Colorado Rockies,COL,9,8,FINISHED,balldontlie,2026-08-23T20:56:09+00:00
mlb-5059000,MLB,2026,2026-06-27T00:15:00Z,Regular,Busch Stadium,St. Louis Cardinals,STL,Miami Marlins,MIA,0,4,FINISHED,balldontlie,2026-08-23T20:56:09+00:00
mlb-5059001,MLB,2026,2026-06-27T01:38:00Z,Regular,Angel Stadium,Los Angeles Angels,LAA,Oakland Athletics,OAK,3,9,FINISHED,balldontlie,2026-08-23T20:56:09+00:00
mlb-5059002,MLB,2026,2026-06-27T01:45:00Z,Regular,Petco Park,San Diego Padres,SD,Los Angeles Dodgers,LAD,7,1,FINISHED,balldontlie,2026-08-23T20:56:09+00:00
mlb-5059003,MLB,2026,2026-06-27T02:15:00Z,Regular,Oracle Park,San Francisco Giants,SF,Atlanta Braves,ATL,1,3,FINISHED,balldontlie,2026-08-23T20:56:09+00:00
mlb-5059005,MLB,2026,2026-06-27T17:00:00Z,Regular,Fenway Park,Boston Red Sox,BOS,New York Yankees,NYY,4,1,FINISHED,balldontlie,2026-08-23T20:56:09+00:00
mlb-5059004,MLB,2026,2026-06-27T17:10:00Z,Regular,Comerica Park,Detroit Tigers,DET,Houston Astros,HOU,6,8,FINISHED,balldontlie,2026-08-23T20:56:09+00:00
mlb-5059006,MLB,2026,2026-06-27T19:07:00Z,Regular,Rogers Centre,Toronto Blue Jays,TOR,Texas Rangers,TEX,4,7,FINISHED,balldontlie,2026-08-23T20:56:09+00:00
mlb-5059008,MLB,2026,2026-06-27T20:10:00Z,Regular,Citi Field,New York Mets,NYM,Philadelphia Phillies,PHI,6,2,FINISHED,balldontlie,2026-08-23T20:56:09+00:00
mlb-5059009,MLB,2026,2026-06-27T20:10:00Z,Regular,Rate Field,Chicago White Sox,CHW,Kansas City Royals,KC,2,1,FINISHED,balldontlie,2026-08-23T20:56:09+00:00
mlb-5059007,MLB,2026,2026-06-27T20:40:00Z,Regular,PNC Park,Pittsburgh Pirates,PIT,Cincinnati Reds,CIN,7,9,FINISHED,balldontlie,2026-08-23T20:56:09+00:00
mlb-5059010,MLB,2026,2026-06-27T22:10:00Z,Regular,Tropicana Field,Tampa Bay Rays,TB,Arizona Diamondbacks,ARI,4,2,FINISHED,balldontlie,2026-08-23T20:56:09+00:00
mlb-5059011,MLB,2026,2026-06-27T23:05:00Z,Regular,Oriole Park at Camden Yards,Baltimore Orioles,BAL,Washington Nationals,WSH,3,4,FINISHED,balldontlie,2026-08-23T20:56:09+00:00
mlb-5059012,MLB,2026,2026-06-27T23:10:00Z,Regular,Progressive Field,Cleveland Guardians,CLE,Seattle Mariners,SEA,4,3,FINISHED,balldontlie,2026-08-23T20:56:09+00:00
mlb-5059013,MLB,2026,2026-06-27T23:10:00Z,Regular,American Family Field,Milwaukee Brewers,MIL,Chicago Cubs,CHC,2,8,FINISHED,balldontlie,2026-08-23T20:56:09+00:00
mlb-5059014,MLB,2026,2026-06-27T23:10:00Z,Regular,Target Field,Minnesota Twins,MIN,Colorado Rockies,COL,5,8,FINISHED,balldontlie,2026-08-23T20:56:09+00:00
mlb-5059015,MLB,2026,2026-06-27T23:15:00Z,Regular,Busch Stadium,St. Louis Cardinals,STL,Miami Marlins,MIA,1,5,FINISHED,balldontlie,2026-08-23T20:56:09+00:00
mlb-5059016,MLB,2026,2026-06-28T00:40:00Z,Regular,Petco Park,San Diego Padres,SD,Los Angeles Dodgers,LAD,3,15,FINISHED,balldontlie,2026-08-23T20:56:09+00:00
mlb-5059017,MLB,2026,2026-06-28T01:05:00Z,Regular,Oracle Park,San Francisco Giants,SF,Atlanta Braves,ATL,5,0,FINISHED,balldontlie,2026-08-23T20:56:09+00:00
mlb-5059018,MLB,2026,2026-06-28T01:38:00Z,Regular,Angel Stadium,Los Angeles Angels,LAA,Oakland Athletics,OAK,5,2,FINISHED,balldontlie,2026-08-23T20:56:09+00:00
mlb-5059019,MLB,2026,2026-06-28T17:35:00Z,Regular,PNC Park,Pittsburgh Pirates,PIT,Cincinnati Reds,CIN,9,4,FINISHED,balldontlie,2026-08-23T20:56:09+00:00
mlb-5059020,MLB,2026,2026-06-28T17:35:00Z,Regular,Oriole Park at Camden Yards,Baltimore Orioles,BAL,Washington Nationals,WSH,4,6,FINISHED,balldontlie,2026-08-23T20:56:09+00:00
mlb-5059021,MLB,2026,2026-06-28T17:37:00Z,Regular,Rogers Centre,Toronto Blue Jays,TOR,Texas Rangers,TEX,2,3,FINISHED,balldontlie,2026-08-23T20:56:09+00:00
mlb-5059022,MLB,2026,2026-06-28T17:40:00Z,Regular,Tropicana Field,Tampa Bay Rays,TB,Arizona Diamondbacks,ARI,5,1,FINISHED,balldontlie,2026-08-23T20:56:09+00:00
mlb-5059023,MLB,2026,2026-06-28T17:40:00Z,Regular,Comerica Park,Detroit Tigers,DET,Houston Astros,HOU,5,7,FINISHED,balldontlie,2026-08-23T20:56:09+00:00
mlb-5059024,MLB,2026,2026-06-28T17:40:00Z,Regular,Citi Field,New York Mets,NYM,Philadelphia Phillies,PHI,4,5,FINISHED,balldontlie,2026-08-23T20:56:09+00:00
mlb-5059025,MLB,2026,2026-06-28T17:40:00Z,Regular,Progressive Field,Cleveland Guardians,CLE,Seattle Mariners,SEA,6,5,FINISHED,balldontlie,2026-08-23T20:56:09+00:00
mlb-5059026,MLB,2026,2026-06-28T18:10:00Z,Regular,American Family Field,Milwaukee Brewers,MIL,Chicago Cubs,CHC,3,4,FINISHED,balldontlie,2026-08-23T20:56:09+00:00
mlb-5059027,MLB,2026,2026-06-28T18:10:00Z,Regular,Target Field,Minnesota Twins,MIN,Colorado Rockies,COL,3,2,FINISHED,balldontlie,2026-08-23T20:56:09+00:00
mlb-5059028,MLB,2026,2026-06-28T18:10:00Z,Regular,Rate Field,Chicago White Sox,CHW,Kansas City Royals,KC,4,5,FINISHED,balldontlie,2026-08-23T20:56:09+00:00
mlb-5059029,MLB,2026,2026-06-28T18:15:00Z,Regular,Busch Stadium,St. Louis Cardinals,STL,Miami Marlins,MIA,2,1,FINISHED,balldontlie,2026-08-23T20:56:09+00:00
mlb-5059030,MLB,2026,2026-06-28T19:15:00Z,Regular,Angel Stadium,Los Angeles Angels,LAA,Oakland Athletics,OAK,4,1,FINISHED,balldontlie,2026-08-23T20:56:09+00:00
mlb-5059031,MLB,2026,2026-06-28T20:05:00Z,Regular,Oracle Park,San Francisco Giants,SF,Atlanta Braves,ATL,3,2,FINISHED,balldontlie,2026-08-23T20:56:09+00:00
mlb-5059032,MLB,2026,2026-06-28T20:10:00Z,Regular,Petco Park,San Diego Padres,SD,Los Angeles Dodgers,LAD,2,4,FINISHED,balldontlie,2026-08-23T20:56:09+00:00
mlb-5059033,MLB,2026,2026-06-28T23:20:00Z,Regular,Fenway Park,Boston Red Sox,BOS,New York Yankees,NYY,5,4,FINISHED,balldontlie,2026-08-23T20:56:09+00:00
mlb-5059034,MLB,2026,2026-06-29T22:35:00Z,Regular,Oriole Park at Camden Yards,Baltimore Orioles,BAL,Chicago White Sox,CHW,2,8,FINISHED,balldontlie,2026-08-23T20:56:09+00:00
mlb-5059035,MLB,2026,2026-06-29T22:40:00Z,Regular,Citizens Bank Park,Philadelphia Phillies,PHI,Pittsburgh Pirates,PIT,7,11,FINISHED,balldontlie,2026-08-23T20:56:09+00:00
mlb-5059038,MLB,2026,2026-06-29T23:00:00Z,Regular,Progressive Field,Cleveland Guardians,CLE,Texas Rangers,TEX,3,6,FINISHED,balldontlie,2026-08-23T20:56:09+00:00
mlb-5059036,MLB,2026,2026-06-29T23:05:00Z,Regular,Yankee Stadium,New York Yankees,NYY,Detroit Tigers,DET,3,7,FINISHED,balldontlie,2026-08-23T20:56:09+00:00
mlb-5059037,MLB,2026,2026-06-29T23:07:00Z,Regular,Rogers Centre,Toronto Blue Jays,TOR,New York Mets,NYM,2,1,FINISHED,balldontlie,2026-08-23T20:56:09+00:00
mlb-5059039,MLB,2026,2026-06-29T23:10:00Z,Regular,Fenway Park,Boston Red Sox,BOS,Washington Nationals,WSH,6,3,FINISHED,balldontlie,2026-08-23T20:56:09+00:00
mlb-5059040,MLB,2026,2026-06-29T23:40:00Z,Regular,American Family Field,Milwaukee Brewers,MIL,Cincinnati Reds,CIN,5,3,FINISHED,balldontlie,2026-08-23T20:56:09+00:00
mlb-5059041,MLB,2026,2026-06-30T00:05:00Z,Regular,Wrigley Field,Chicago Cubs,CHC,San Diego Padres,SD,3,2,FINISHED,balldontlie,2026-08-23T20:56:09+00:00
mlb-5059042,MLB,2026,2026-06-30T00:10:00Z,Regular,Daikin Park,Houston Astros,HOU,Minnesota Twins,MIN,4,5,FINISHED,balldontlie,2026-08-23T20:56:09+00:00
mlb-5059043,MLB,2026,2026-06-30T00:40:00Z,Regular,Coors Field,Colorado Rockies,COL,Miami Marlins,MIA,7,10,FINISHED,balldontlie,2026-08-23T20:56:09+00:00
mlb-5059044,MLB,2026,2026-06-30T01:40:00Z,Regular,T-Mobile Park,Seattle Mariners,SEA,Los Angeles Angels,LAA,6,2,FINISHED,balldontlie,2026-08-23T20:56:09+00:00
mlb-5059045,MLB,2026,2026-06-30T01:40:00Z,Regular,Sutter Health Park,Oakland Athletics,OAK,Los Angeles Dodgers,LAD,4,9,FINISHED,balldontlie,2026-08-23T20:56:09+00:00
mlb-5059046,MLB,2026,2026-06-30T01:40:00Z,Regular,Chase Field,Arizona Diamondbacks,ARI,San Francisco Giants,SF,5,4,FINISHED,balldontlie,2026-08-23T20:56:09+00:00
mlb-5059047,MLB,2026,2026-06-30T22:35:00Z,Regular,Oriole Park at Camden Yards,Baltimore Orioles,BAL,Chicago White Sox,CHW,3,9,FINISHED,balldontlie,2026-08-23T20:56:09+00:00
mlb-5059048,MLB,2026,2026-06-30T22:40:00Z,Regular,Citizens Bank Park,Philadelphia Phillies,PHI,Pittsburgh Pirates,PIT,8,0,FINISHED,balldontlie,2026-08-23T20:56:09+00:00
mlb-5059049,MLB,2026,2026-06-30T22:40:00Z,Regular,Progressive Field,Cleveland Guardians,CLE,Texas Rangers,TEX,2,4,FINISHED,balldontlie,2026-08-23T20:56:09+00:00
mlb-5059050,MLB,2026,2026-06-30T23:05:00Z,Regular,Yankee Stadium,New York Yankees,NYY,Detroit Tigers,DET,3,9,FINISHED,balldontlie,2026-08-23T20:56:09+00:00
mlb-5059051,MLB,2026,2026-06-30T23:07:00Z,Regular,Rogers Centre,Toronto Blue Jays,TOR,New York Mets,NYM,0,3,FINISHED,balldontlie,2026-08-23T20:56:09+00:00
mlb-5059052,MLB,2026,2026-06-30T23:10:00Z,Regular,Fenway Park,Boston Red Sox,BOS,Washington Nationals,WSH,1,8,FINISHED,balldontlie,2026-08-23T20:56:09+00:00
mlb-5059053,MLB,2026,2026-06-30T23:15:00Z,Regular,Truist Park,Atlanta Braves,ATL,St. Louis Cardinals,STL,3,5,FINISHED,balldontlie,2026-08-23T20:56:09+00:00
mlb-5059054,MLB,2026,2026-06-30T23:40:00Z,Regular,American Family Field,Milwaukee Brewers,MIL,Cincinnati Reds,CIN,7,2,FINISHED,balldontlie,2026-08-23T20:56:09+00:00
mlb-5059055,MLB,2026,2026-06-30T23:40:00Z,Regular,Kauffman Stadium,Kansas City Royals,KC,Tampa Bay Rays,TB,4,10,FINISHED,balldontlie,2026-08-23T20:56:09+00:00
mlb-5059056,MLB,2026,2026-07-01T00:05:00Z,Regular,Wrigley Field,Chicago Cubs,CHC,San Diego Padres,SD,9,7,FINISHED,balldontlie,2026-08-23T20:56:09+00:00
mlb-5059057,MLB,2026,2026-07-01T00:10:00Z,Regular,Daikin Park,Houston Astros,HOU,Minnesota Twins,MIN,6,4,FINISHED,balldontlie,2026-08-23T20:56:09+00:00
mlb-5059058,MLB,2026,2026-07-01T00:40:00Z,Regular,Coors Field,Colorado Rockies,COL,Miami Marlins,MIA,3,14,FINISHED,balldontlie,2026-08-23T20:56:09+00:00
mlb-5059059,MLB,2026,2026-07-01T01:40:00Z,Regular,T-Mobile Park,Seattle Mariners,SEA,Los Angeles Angels,LAA,8,3,FINISHED,balldontlie,2026-08-23T20:56:09+00:00
mlb-5059060,MLB,2026,2026-07-01T01:40:00Z,Regular,Sutter Health Park,Oakland Athletics,OAK,Los Angeles Dodgers,LAD,3,9,FINISHED,balldontlie,2026-08-23T20:56:09+00:00
mlb-5059061,MLB,2026,2026-07-01T01:40:00Z,Regular,Chase Field,Arizona Diamondbacks,ARI,San Francisco Giants,SF,8,2,FINISHED,balldontlie,2026-08-23T20:56:09+00:00
mlb-5059062,MLB,2026,2026-07-01T16:35:00Z,Regular,Oriole Park at Camden Yards,Baltimore Orioles,BAL,Chicago White Sox,CHW,6,1,FINISHED,balldontlie,2026-08-23T20:56:09+00:00
mlb-5059063,MLB,2026,2026-07-01T17:10:00Z,Regular,Progressive Field,Cleveland Guardians,CLE,Texas Rangers,TEX,9,4,FINISHED,balldontlie,2026-08-23T20:56:09+00:00
mlb-5059064,MLB,2026,2026-07-01T17:35:00Z,Regular,Yankee Stadium,New York Yankees,NYY,Detroit Tigers,DET,2,6,FINISHED,balldontlie,2026-08-23T20:56:09+00:00
mlb-5059065,MLB,2026,2026-07-01T17:35:00Z,Regular,Fenway Park,Boston Red Sox,BOS,Washington Nationals,WSH,2,10,FINISHED,balldontlie,2026-08-23T20:56:09+00:00
mlb-5059066,MLB,2026,2026-07-01T18:20:00Z,Regular,Wrigley Field,Chicago Cubs,CHC,San Diego Padres,SD,23,3,FINISHED,balldontlie,2026-08-23T20:56:09+00:00
mlb-5059067,MLB,2026,2026-07-01T19:07:00Z,Regular,Rogers Centre,Toronto Blue Jays,TOR,New York Mets,NYM,9,3,FINISHED,balldontlie,2026-08-23T20:56:09+00:00
mlb-5059068,MLB,2026,2026-07-01T22:40:00Z,Regular,Citizens Bank Park,Philadelphia Phillies,PHI,Pittsburgh Pirates,PIT,10,6,FINISHED,balldontlie,2026-08-23T20:56:09+00:00
mlb-5059069,MLB,2026,2026-07-01T23:15:00Z,Regular,Truist Park,Atlanta Braves,ATL,St. Louis Cardinals,STL,5,1,FINISHED,balldontlie,2026-08-23T20:56:09+00:00
mlb-5059070,MLB,2026,2026-07-01T23:40:00Z,Regular,Kauffman Stadium,Kansas City Royals,KC,Tampa Bay Rays,TB,0,4,FINISHED,balldontlie,2026-08-23T20:56:09+00:00
mlb-5059071,MLB,2026,2026-07-02T00:00:00Z,Regular,American Family Field,Milwaukee Brewers,MIL,Cincinnati Reds,CIN,4,2,FINISHED,balldontlie,2026-08-23T20:56:09+00:00
mlb-5059072,MLB,2026,2026-07-02T00:10:00Z,Regular,Daikin Park,Houston Astros,HOU,Minnesota Twins,MIN,3,8,FINISHED,balldontlie,2026-08-23T20:56:09+00:00
mlb-5059073,MLB,2026,2026-07-02T00:40:00Z,Regular,Coors Field,Colorado Rockies,COL,Miami Marlins,MIA,6,3,FINISHED,balldontlie,2026-08-23T20:56:09+00:00
mlb-5059074,MLB,2026,2026-07-02T01:40:00Z,Regular,Sutter Health Park,Oakland Athletics,OAK,Los Angeles Dodgers,LAD,7,1,FINISHED,balldontlie,2026-08-23T20:56:09+00:00
mlb-5059075,MLB,2026,2026-07-02T01:40:00Z,Regular,Chase Field,Arizona Diamondbacks,ARI,San Francisco Giants,SF,4,6,FINISHED,balldontlie,2026-08-23T20:56:09+00:00
mlb-5059076,MLB,2026,2026-07-02T16:35:00Z,Regular,Citizens Bank Park,Philadelphia Phillies,PHI,Pittsburgh Pirates,PIT,1,6,FINISHED,balldontlie,2026-08-23T20:56:09+00:00
mlb-5059077,MLB,2026,2026-07-02T18:10:00Z,Regular,American Family Field,Milwaukee Brewers,MIL,Cincinnati Reds,CIN,2,7,FINISHED,balldontlie,2026-08-23T20:56:09+00:00
mlb-5059078,MLB,2026,2026-07-02T19:10:00Z,Regular,Coors Field,Colorado Rockies,COL,Miami Marlins,MIA,14,4,FINISHED,balldontlie,2026-08-23T20:56:09+00:00
mlb-5059079,MLB,2026,2026-07-02T22:40:00Z,Regular,Progressive Field,Cleveland Guardians,CLE,Chicago White Sox,CHW,6,5,FINISHED,balldontlie,2026-08-23T20:56:09+00:00
mlb-5059080,MLB,2026,2026-07-02T23:15:00Z,Regular,Truist Park,Atlanta Braves,ATL,St. Louis Cardinals,STL,5,11,FINISHED,balldontlie,2026-08-23T20:56:09+00:00
mlb-5059081,MLB,2026,2026-07-02T23:40:00Z,Regular,Kauffman Stadium,Kansas City Royals,KC,Tampa Bay Rays,TB,2,5,FINISHED,balldontlie,2026-08-23T20:56:09+00:00
mlb-5059082,MLB,2026,2026-07-03T00:05:00Z,Regular,Globe Life Field,Texas Rangers,TEX,Detroit Tigers,DET,10,4,FINISHED,balldontlie,2026-08-23T20:56:09+00:00
mlb-5059083,MLB,2026,2026-07-03T01:40:00Z,Regular,T-Mobile Park,Seattle Mariners,SEA,Los Angeles Angels,LAA,1,0,FINISHED,balldontlie,2026-08-23T20:56:09+00:00
mlb-5059084,MLB,2026,2026-07-03T02:10:00Z,Regular,Dodger Stadium,Los Angeles Dodgers,LAD,San Diego Padres,SD,12,7,FINISHED,balldontlie,2026-08-23T20:56:09+00:00
mlb-5059085,MLB,2026,2026-07-03T20:05:00Z,Regular,Wrigley Field,Chicago Cubs,CHC,St. Louis Cardinals,STL,1,17,FINISHED,balldontlie,2026-08-23T20:56:09+00:00
mlb-5059086,MLB,2026,2026-07-03T22:45:00Z,Regular,Nationals Park,Washington Nationals,WSH,Pittsburgh Pirates,PIT,9,5,FINISHED,balldontlie,2026-08-23T20:56:09+00:00
mlb-5059087,MLB,2026,2026-07-03T23:05:00Z,Regular,Yankee Stadium,New York Yankees,NYY,Minnesota Twins,MIN,5,2,FINISHED,balldontlie,2026-08-23T20:56:09+00:00
mlb-5059088,MLB,2026,2026-07-03T23:10:00Z,Regular,Great American Ball Park,Cincinnati Reds,CIN,Baltimore Orioles,BAL,0,3,FINISHED,balldontlie,2026-08-23T20:56:09+00:00
mlb-5059089,MLB,2026,2026-07-03T23:10:00Z,Regular,Progressive Field,Cleveland Guardians,CLE,Chicago White Sox,CHW,4,3,FINISHED,balldontlie,2026-08-23T20:56:09+00:00
mlb-5059090,MLB,2026,2026-07-03T23:15:00Z,Regular,Truist Park,Atlanta Braves,ATL,New York Mets,NYM,5,3,FINISHED,balldontlie,2026-08-23T20:56:09+00:00
mlb-5059092,MLB,2026,2026-07-04T00:10:00Z,Regular,Coors Field,Colorado Rockies,COL,San Francisco Giants,SF,15,3,FINISHED,balldontlie,2026-08-23T20:56:09+00:00
mlb-5059091,MLB,2026,2026-07-04T00:15:00Z,Regular,Daikin Park,Houston Astros,HOU,Tampa Bay Rays,TB,1,3,FINISHED,balldontlie,2026-08-23T20:56:09+00:00
mlb-5059093,MLB,2026,2026-07-04T01:38:00Z,Regular,Angel Stadium,Los Angeles Angels,LAA,Boston Red Sox,BOS,2,5,FINISHED,balldontlie,2026-08-23T20:56:09+00:00
mlb-5059094,MLB,2026,2026-07-04T01:40:00Z,Regular,Sutter Health Park,Oakland Athletics,OAK,Miami Marlins,MIA,5,12,FINISHED,balldontlie,2026-08-23T20:56:09+00:00
mlb-5059095,MLB,2026,2026-07-04T01:45:00Z,Regular,Chase Field,Arizona Diamondbacks,ARI,Milwaukee Brewers,MIL,4,7,FINISHED,balldontlie,2026-08-23T20:56:09+00:00
mlb-5059096,MLB,2026,2026-07-04T02:10:00Z,Regular,Dodger Stadium,Los Angeles Dodgers,LAD,San Diego Padres,SD,4,3,FINISHED,balldontlie,2026-08-23T20:56:09+00:00
mlb-5059097,MLB,2026,2026-07-04T02:10:00Z,Regular,T-Mobile Park,Seattle Mariners,SEA,Toronto Blue Jays,TOR,0,2,FINISHED,balldontlie,2026-08-23T20:56:09+00:00
mlb-5059098,MLB,2026,2026-07-04T15:05:00Z,Regular,Nationals Park,Washington Nationals,WSH,Pittsburgh Pirates,PIT,1,7,FINISHED,balldontlie,2026-08-23T20:56:09+00:00
mlb-5059099,MLB,2026,2026-07-04T17:35:00Z,Regular,Yankee Stadium,New York Yankees,NYY,Minnesota Twins,MIN,4,11,FINISHED,balldontlie,2026-08-23T20:56:09+00:00
mlb-5059100,MLB,2026,2026-07-04T20:05:00Z,Regular,Globe Life Field,Texas Rangers,TEX,Detroit Tigers,DET,0,3,FINISHED,balldontlie,2026-08-23T20:56:09+00:00
mlb-5059101,MLB,2026,2026-07-04T20:10:00Z,Regular,T-Mobile Park,Seattle Mariners,SEA,Toronto Blue Jays,TOR,11,0,FINISHED,balldontlie,2026-08-23T20:56:09+00:00
mlb-5059102,MLB,2026,2026-07-04T23:10:00Z,Regular,Great American Ball Park,Cincinnati Reds,CIN,Baltimore Orioles,BAL,5,8,FINISHED,balldontlie,2026-08-23T20:56:09+00:00
mlb-5059103,MLB,2026,2026-07-04T23:10:00Z,Regular,Progressive Field,Cleveland Guardians,CLE,Chicago White Sox,CHW,1,3,FINISHED,balldontlie,2026-08-23T20:56:09+00:00
mlb-5059104,MLB,2026,2026-07-04T23:10:00Z,Regular,Daikin Park,Houston Astros,HOU,Tampa Bay Rays,TB,10,8,FINISHED,balldontlie,2026-08-23T20:56:09+00:00
mlb-5059105,MLB,2026,2026-07-05T00:08:00Z,Regular,Truist Park,Atlanta Braves,ATL,New York Mets,NYM,14,3,FINISHED,balldontlie,2026-08-23T20:56:09+00:00
mlb-5059106,MLB,2026,2026-07-05T00:08:00Z,Regular,Wrigley Field,Chicago Cubs,CHC,St. Louis Cardinals,STL,0,3,FINISHED,balldontlie,2026-08-23T20:56:09+00:00
mlb-5059107,MLB,2026,2026-07-05T00:10:00Z,Regular,Kauffman Stadium,Kansas City Royals,KC,Philadelphia Phillies,PHI,1,6,FINISHED,balldontlie,2026-08-23T20:56:09+00:00
mlb-5059108,MLB,2026,2026-07-05T00:10:00Z,Regular,Coors Field,Colorado Rockies,COL,San Francisco Giants,SF,4,6,FINISHED,balldontlie,2026-08-23T20:56:09+00:00
mlb-5059109,MLB,2026,2026-07-05T01:38:00Z,Regular,Angel Stadium,Los Angeles Angels,LAA,Boston Red Sox,BOS,1,8,FINISHED,balldontlie,2026-08-23T20:56:09+00:00
mlb-5059110,MLB,2026,2026-07-05T01:40:00Z,Regular,Sutter Health Park,Oakland Athletics,OAK,Miami Marlins,MIA,2,7,FINISHED,balldontlie,2026-08-23T20:56:09+00:00
mlb-5059111,MLB,2026,2026-07-05T01:40:00Z,Regular,Chase Field,Arizona Diamondbacks,ARI,Milwaukee Brewers,MIL,4,3,FINISHED,balldontlie,2026-08-23T20:56:09+00:00
mlb-5059112,MLB,2026,2026-07-05T02:10:00Z,Regular,Dodger Stadium,Los Angeles Dodgers,LAD,San Diego Padres,SD,3,0,FINISHED,balldontlie,2026-08-23T20:56:09+00:00
mlb-9543872,MLB,2026,2026-07-05T16:30:00Z,Regular,Truist Park,Atlanta Braves,ATL,New York Mets,NYM,9,10,FINISHED,balldontlie,2026-08-23T20:56:09+00:00
mlb-9543873,MLB,2026,2026-07-05T17:00:00Z,Regular,Nationals Park,Washington Nationals,WSH,Pittsburgh Pirates,PIT,5,11,FINISHED,balldontlie,2026-08-23T20:56:09+00:00
mlb-9543874,MLB,2026,2026-07-05T17:05:00Z,Regular,Great American Ball Park,Cincinnati Reds,CIN,Baltimore Orioles,BAL,3,2,FINISHED,balldontlie,2026-08-23T20:56:09+00:00
mlb-9543875,MLB,2026,2026-07-05T17:35:00Z,Regular,Yankee Stadium,New York Yankees,NYY,Minnesota Twins,MIN,1,6,FINISHED,balldontlie,2026-08-23T20:56:09+00:00
mlb-9543876,MLB,2026,2026-07-05T18:00:00Z,Regular,Progressive Field,Cleveland Guardians,CLE,Chicago White Sox,CHW,6,7,FINISHED,balldontlie,2026-08-23T20:56:09+00:00
mlb-9543877,MLB,2026,2026-07-05T18:30:00Z,Regular,Wrigley Field,Chicago Cubs,CHC,St. Louis Cardinals,STL,6,4,FINISHED,balldontlie,2026-08-23T20:56:09+00:00
mlb-9543878,MLB,2026,2026-07-05T19:00:00Z,Regular,Kauffman Stadium,Kansas City Royals,KC,Philadelphia Phillies,PHI,5,2,FINISHED,balldontlie,2026-08-23T20:56:09+00:00
mlb-9543879,MLB,2026,2026-07-05T19:30:00Z,Regular,Globe Life Field,Texas Rangers,TEX,Detroit Tigers,DET,3,6,FINISHED,balldontlie,2026-08-23T20:56:09+00:00
mlb-9543880,MLB,2026,2026-07-05T19:30:00Z,Regular,Daikin Park,Houston Astros,HOU,Tampa Bay Rays,TB,2,0,FINISHED,balldontlie,2026-08-23T20:56:09+00:00
mlb-9543881,MLB,2026,2026-07-05T20:00:00Z,Regular,Coors Field,Colorado Rockies,COL,San Francisco Giants,SF,7,6,FINISHED,balldontlie,2026-08-23T20:56:09+00:00
mlb-9543882,MLB,2026,2026-07-05T20:00:00Z,Regular,Chase Field,Arizona Diamondbacks,ARI,Milwaukee Brewers,MIL,2,3,FINISHED,balldontlie,2026-08-23T20:56:09+00:00
mlb-9543883,MLB,2026,2026-07-05T20:30:00Z,Regular,Sutter Health Park,Oakland Athletics,OAK,Miami Marlins,MIA,8,9,FINISHED,balldontlie,2026-08-23T20:56:09+00:00
mlb-9543884,MLB,2026,2026-07-05T21:00:00Z,Regular,T-Mobile Park,Seattle Mariners,SEA,Toronto Blue Jays,TOR,4,0,FINISHED,balldontlie,2026-08-23T20:56:09+00:00
mlb-9543885,MLB,2026,2026-07-05T23:20:00Z,Regular,Dodger Stadium,Los Angeles Dodgers,LAD,San Diego Padres,SD,2,5,FINISHED,balldontlie,2026-08-23T20:56:09+00:00
mlb-9543886,MLB,2026,2026-07-06T01:30:00Z,Regular,Angel Stadium,Los Angeles Angels,LAA,Boston Red Sox,BOS,5,7,FINISHED,balldontlie,2026-08-23T20:56:09+00:00
mlb-5059128,MLB,2026,2026-07-06T18:10:00Z,Regular,Kauffman Stadium,Kansas City Royals,KC,Philadelphia Phillies,PHI,15,1,FINISHED,balldontlie,2026-08-23T20:56:09+00:00
mlb-5059129,MLB,2026,2026-07-06T22:40:00Z,Regular,Tropicana Field,Tampa Bay Rays,TB,New York Yankees,NYY,1,5,FINISHED,balldontlie,2026-08-23T20:56:09+00:00
mlb-5059130,MLB,2026,2026-07-06T22:45:00Z,Regular,Nationals Park,Washington Nationals,WSH,Houston Astros,HOU,12,11,FINISHED,balldontlie,2026-08-23T20:56:09+00:00
mlb-5059131,MLB,2026,2026-07-06T23:15:00Z,Regular,Truist Park,Atlanta Braves,ATL,New York Mets,NYM,6,7,FINISHED,balldontlie,2026-08-23T20:56:09+00:00
mlb-5059132,MLB,2026,2026-07-06T23:45:00Z,Regular,Busch Stadium,St. Louis Cardinals,STL,Milwaukee Brewers,MIL,3,4,FINISHED,balldontlie,2026-08-23T20:56:09+00:00
mlb-5059133,MLB,2026,2026-07-07T01:40:00Z,Regular,Petco Park,San Diego Padres,SD,Arizona Diamondbacks,ARI,0,8,FINISHED,balldontlie,2026-08-23T20:56:09+00:00
mlb-5059134,MLB,2026,2026-07-07T01:45:00Z,Regular,Oracle Park,San Francisco Giants,SF,Toronto Blue Jays,TOR,10,1,FINISHED,balldontlie,2026-08-23T20:56:09+00:00
mlb-5059135,MLB,2026,2026-07-07T02:10:00Z,Regular,Dodger Stadium,Los Angeles Dodgers,LAD,Colorado Rockies,COL,8,7,FINISHED,balldontlie,2026-08-23T20:56:09+00:00
mlb-7628573,MLB,2026,2026-07-07T18:15:00Z,Regular,Busch Stadium,St. Louis Cardinals,STL,Milwaukee Brewers,MIL,3,4,FINISHED,balldontlie,2026-08-23T20:56:09+00:00
mlb-5059136,MLB,2026,2026-07-07T22:35:00Z,Regular,Oriole Park at Camden Yards,Baltimore Orioles,BAL,Chicago Cubs,CHC,2,5,FINISHED,balldontlie,2026-08-23T20:56:09+00:00
mlb-5059137,MLB,2026,2026-07-07T22:40:00Z,Regular,Comerica Park,Detroit Tigers,DET,Oakland Athletics,OAK,6,2,FINISHED,balldontlie,2026-08-23T20:56:09+00:00
mlb-5059138,MLB,2026,2026-07-07T22:40:00Z,Regular,PNC Park,Pittsburgh Pirates,PIT,Atlanta Braves,ATL,12,4,FINISHED,balldontlie,2026-08-23T20:56:09+00:00
mlb-5059139,MLB,2026,2026-07-07T22:40:00Z,Regular,Tropicana Field,Tampa Bay Rays,TB,New York Yankees,NYY,6,4,FINISHED,balldontlie,2026-08-23T20:56:09+00:00
mlb-5059140,MLB,2026,2026-07-07T22:40:00Z,Regular,loanDepot park,Miami Marlins,MIA,Seattle Mariners,SEA,6,5,FINISHED,balldontlie,2026-08-23T20:56:09+00:00
mlb-5059141,MLB,2026,2026-07-07T22:45:00Z,Regular,Nationals Park,Washington Nationals,WSH,Houston Astros,HOU,3,6,FINISHED,balldontlie,2026-08-23T20:56:09+00:00
mlb-5059142,MLB,2026,2026-07-07T23:10:00Z,Regular,Citi Field,New York Mets,NYM,Kansas City Royals,KC,12,16,FINISHED,balldontlie,2026-08-23T20:56:09+00:00
mlb-5059143,MLB,2026,2026-07-07T23:10:00Z,Regular,Great American Ball Park,Cincinnati Reds,CIN,Philadelphia Phillies,PHI,1,4,FINISHED,balldontlie,2026-08-23T20:56:09+00:00
mlb-5059144,MLB,2026,2026-07-07T23:40:00Z,Regular,Rate Field,Chicago White Sox,CHW,Boston Red Sox,BOS,1,8,FINISHED,balldontlie,2026-08-23T20:56:09+00:00
mlb-5059145,MLB,2026,2026-07-07T23:40:00Z,Regular,Target Field,Minnesota Twins,MIN,Cleveland Guardians,CLE,3,1,FINISHED,balldontlie,2026-08-23T20:56:09+00:00
mlb-5059146,MLB,2026,2026-07-07T23:45:00Z,Regular,Busch Stadium,St. Louis Cardinals,STL,Milwaukee Brewers,MIL,2,10,FINISHED,balldontlie,2026-08-23T20:56:09+00:00
mlb-5059147,MLB,2026,2026-07-08T00:05:00Z,Regular,Globe Life Field,Texas Rangers,TEX,Los Angeles Angels,LAA,8,3,FINISHED,balldontlie,2026-08-23T20:56:09+00:00
mlb-5059148,MLB,2026,2026-07-08T01:40:00Z,Regular,Petco Park,San Diego Padres,SD,Arizona Diamondbacks,ARI,4,1,FINISHED,balldontlie,2026-08-23T20:56:09+00:00
mlb-5059149,MLB,2026,2026-07-08T01:45:00Z,Regular,Oracle Park,San Francisco Giants,SF,Toronto Blue Jays,TOR,3,9,FINISHED,balldontlie,2026-08-23T20:56:09+00:00
mlb-5059150,MLB,2026,2026-07-08T02:10:00Z,Regular,Dodger Stadium,Los Angeles Dodgers,LAD,Colorado Rockies,COL,3,4,FINISHED,balldontlie,2026-08-23T20:56:09+00:00
mlb-5059151,MLB,2026,2026-07-08T19:45:00Z,Regular,Oracle Park,San Francisco Giants,SF,Toronto Blue Jays,TOR,0,10,FINISHED,balldontlie,2026-08-23T20:56:09+00:00
mlb-5059152,MLB,2026,2026-07-08T22:35:00Z,Regular,Oriole Park at Camden Yards,Baltimore Orioles,BAL,Chicago Cubs,CHC,7,9,FINISHED,balldontlie,2026-08-23T20:56:09+00:00
mlb-5059153,MLB,2026,2026-07-08T22:40:00Z,Regular,Comerica Park,Detroit Tigers,DET,Oakland Athletics,OAK,6,1,FINISHED,balldontlie,2026-08-23T20:56:09+00:00
mlb-5059154,MLB,2026,2026-07-08T22:40:00Z,Regular,PNC Park,Pittsburgh Pirates,PIT,Atlanta Braves,ATL,0,3,FINISHED,balldontlie,2026-08-23T20:56:09+00:00
mlb-5059155,MLB,2026,2026-07-08T22:40:00Z,Regular,Tropicana Field,Tampa Bay Rays,TB,New York Yankees,NYY,3,0,FINISHED,balldontlie,2026-08-23T20:56:09+00:00
mlb-5059156,MLB,2026,2026-07-08T22:40:00Z,Regular,loanDepot park,Miami Marlins,MIA,Seattle Mariners,SEA,2,0,FINISHED,balldontlie,2026-08-23T20:56:09+00:00
mlb-5059157,MLB,2026,2026-07-08T22:45:00Z,Regular,Nationals Park,Washington Nationals,WSH,Houston Astros,HOU,8,2,FINISHED,balldontlie,2026-08-23T20:56:09+00:00
mlb-5059159,MLB,2026,2026-07-08T23:00:00Z,Regular,Great American Ball Park,Cincinnati Reds,CIN,Philadelphia Phillies,PHI,11,5,FINISHED,balldontlie,2026-08-23T20:56:09+00:00
mlb-5059158,MLB,2026,2026-07-08T23:10:00Z,Regular,Citi Field,New York Mets,NYM,Kansas City Royals,KC,6,2,FINISHED,balldontlie,2026-08-23T20:56:09+00:00
mlb-5059160,MLB,2026,2026-07-08T23:40:00Z,Regular,Rate Field,Chicago White Sox,CHW,Boston Red Sox,BOS,0,5,FINISHED,balldontlie,2026-08-23T20:56:09+00:00
mlb-5059161,MLB,2026,2026-07-08T23:40:00Z,Regular,Target Field,Minnesota Twins,MIN,Cleveland Guardians,CLE,6,5,FINISHED,balldontlie,2026-08-23T20:56:09+00:00
mlb-5059162,MLB,2026,2026-07-08T23:45:00Z,Regular,Busch Stadium,St. Louis Cardinals,STL,Milwaukee Brewers,MIL,5,1,FINISHED,balldontlie,2026-08-23T20:56:09+00:00
mlb-5059163,MLB,2026,2026-07-09T00:05:00Z,Regular,Globe Life Field,Texas Rangers,TEX,Los Angeles Angels,LAA,1,13,FINISHED,balldontlie,2026-08-23T20:56:09+00:00
mlb-5059164,MLB,2026,2026-07-09T02:00:00Z,Regular,Petco Park,San Diego Padres,SD,Arizona Diamondbacks,ARI,10,4,FINISHED,balldontlie,2026-08-23T20:56:09+00:00
mlb-5059165,MLB,2026,2026-07-09T02:10:00Z,Regular,Dodger Stadium,Los Angeles Dodgers,LAD,Colorado Rockies,COL,4,3,FINISHED,balldontlie,2026-08-23T20:56:09+00:00
mlb-5059166,MLB,2026,2026-07-09T16:35:00Z,Regular,PNC Park,Pittsburgh Pirates,PIT,Atlanta Braves,ATL,5,10,FINISHED,balldontlie,2026-08-23T20:56:09+00:00
mlb-5059167,MLB,2026,2026-07-09T17:10:00Z,Regular,Citi Field,New York Mets,NYM,Kansas City Royals,KC,7,3,FINISHED,balldontlie,2026-08-23T20:56:09+00:00
mlb-5059168,MLB,2026,2026-07-09T17:10:00Z,Regular,Tropicana Field,Tampa Bay Rays,TB,New York Yankees,NYY,4,12,FINISHED,balldontlie,2026-08-23T20:56:09+00:00
mlb-5059171,MLB,2026,2026-07-09T17:30:00Z,Regular,Oriole Park at Camden Yards,Baltimore Orioles,BAL,Chicago Cubs,CHC,3,2,FINISHED,balldontlie,2026-08-23T20:56:09+00:00
mlb-5059169,MLB,2026,2026-07-09T17:40:00Z,Regular,Target Field,Minnesota Twins,MIN,Cleveland Guardians,CLE,2,5,FINISHED,balldontlie,2026-08-23T20:56:09+00:00
mlb-5059170,MLB,2026,2026-07-09T18:10:00Z,Regular,Rate Field,Chicago White Sox,CHW,Boston Red Sox,BOS,1,2,FINISHED,balldontlie,2026-08-23T20:56:09+00:00
mlb-5059172,MLB,2026,2026-07-09T22:40:00Z,Regular,Comerica Park,Detroit Tigers,DET,Oakland Athletics,OAK,4,1,FINISHED,balldontlie,2026-08-23T20:56:09+00:00
mlb-5059173,MLB,2026,2026-07-09T22:40:00Z,Regular,loanDepot park,Miami Marlins,MIA,Seattle Mariners,SEA,8,4,FINISHED,balldontlie,2026-08-23T20:56:09+00:00
mlb-5059174,MLB,2026,2026-07-09T23:10:00Z,Regular,Great American Ball Park,Cincinnati Reds,CIN,Philadelphia Phillies,PHI,0,1,FINISHED,balldontlie,2026-08-23T20:56:09+00:00
mlb-5059175,MLB,2026,2026-07-09T23:45:00Z,Regular,Busch Stadium,St. Louis Cardinals,STL,Milwaukee Brewers,MIL,4,8,FINISHED,balldontlie,2026-08-23T20:56:09+00:00
mlb-5059176,MLB,2026,2026-07-10T00:05:00Z,Regular,Globe Life Field,Texas Rangers,TEX,Los Angeles Angels,LAA,7,6,FINISHED,balldontlie,2026-08-23T20:56:09+00:00
mlb-5059177,MLB,2026,2026-07-10T01:40:00Z,Regular,Petco Park,San Diego Padres,SD,Arizona Diamondbacks,ARI,1,3,FINISHED,balldontlie,2026-08-23T20:56:09+00:00
mlb-5059178,MLB,2026,2026-07-10T01:45:00Z,Regular,Oracle Park,San Francisco Giants,SF,Colorado Rockies,COL,8,2,FINISHED,balldontlie,2026-08-23T20:56:09+00:00
mlb-5059180,MLB,2026,2026-07-10T22:40:00Z,Regular,Comerica Park,Detroit Tigers,DET,Philadelphia Phillies,PHI,10,2,FINISHED,balldontlie,2026-08-23T20:56:09+00:00
mlb-5059181,MLB,2026,2026-07-10T22:45:00Z,Regular,Nationals Park,Washington Nationals,WSH,New York Yankees,NYY,3,5,FINISHED,balldontlie,2026-08-23T20:56:09+00:00
mlb-5059182,MLB,2026,2026-07-10T23:05:00Z,Regular,Oriole Park at Camden Yards,Baltimore Orioles,BAL,Kansas City Royals,KC,5,3,FINISHED,balldontlie,2026-08-23T20:56:09+00:00
mlb-5059184,MLB,2026,2026-07-10T23:10:00Z,Regular,Great American Ball Park,Cincinnati Reds,CIN,Chicago Cubs,CHC,4,0,FINISHED,balldontlie,2026-08-23T20:56:09+00:00
mlb-5059185,MLB,2026,2026-07-10T23:10:00Z,Regular,loanDepot park,Miami Marlins,MIA,Cleveland Guardians,CLE,2,3,FINISHED,balldontlie,2026-08-23T20:56:09+00:00
mlb-5059186,MLB,2026,2026-07-10T23:10:00Z,Regular,Tropicana Field,Tampa Bay Rays,TB,Seattle Mariners,SEA,7,2,FINISHED,balldontlie,2026-08-23T20:56:09+00:00
mlb-5059187,MLB,2026,2026-07-10T23:40:00Z,Regular,Rate Field,Chicago White Sox,CHW,Oakland Athletics,OAK,14,1,FINISHED,balldontlie,2026-08-23T20:56:09+00:00
mlb-5059183,MLB,2026,2026-07-10T23:50:00Z,Regular,Citi Field,New York Mets,NYM,Boston Red Sox,BOS,2,6,FINISHED,balldontlie,2026-08-23T20:56:09+00:00
mlb-5059188,MLB,2026,2026-07-11T00:05:00Z,Regular,Globe Life Field,Texas Rangers,TEX,Houston Astros,HOU,7,3,FINISHED,balldontlie,2026-08-23T20:56:09+00:00
mlb-5059189,MLB,2026,2026-07-11T00:10:00Z,Regular,Target Field,Minnesota Twins,MIN,Los Angeles Angels,LAA,3,4,FINISHED,balldontlie,2026-08-23T20:56:09+00:00
mlb-5059190,MLB,2026,2026-07-11T00:15:00Z,Regular,Busch Stadium,St. Louis Cardinals,STL,Atlanta Braves,ATL,2,1,FINISHED,balldontlie,2026-08-23T20:56:09+00:00
mlb-5059191,MLB,2026,2026-07-11T01:40:00Z,Regular,Petco Park,San Diego Padres,SD,Toronto Blue Jays,TOR,3,5,FINISHED,balldontlie,2026-08-23T20:56:09+00:00
mlb-5059192,MLB,2026,2026-07-11T02:10:00Z,Regular,Dodger Stadium,Los Angeles Dodgers,LAD,Arizona Diamondbacks,ARI,3,9,FINISHED,balldontlie,2026-08-23T20:56:09+00:00
mlb-5059193,MLB,2026,2026-07-11T02:15:00Z,Regular,Oracle Park,San Francisco Giants,SF,Colorado Rockies,COL,3,4,FINISHED,balldontlie,2026-08-23T20:56:09+00:00
mlb-10558770,MLB,2026,2026-07-11T16:05:00Z,Regular,PNC Park,Pittsburgh Pirates,PIT,Milwaukee Brewers,MIL,7,6,FINISHED,balldontlie,2026-08-23T20:56:09+00:00
mlb-5059194,MLB,2026,2026-07-11T18:10:00Z,Regular,Target Field,Minnesota Twins,MIN,Los Angeles Angels,LAA,5,3,FINISHED,balldontlie,2026-08-23T20:56:09+00:00
mlb-5059201,MLB,2026,2026-07-11T18:10:00Z,Regular,Rate Field,Chicago White Sox,CHW,Oakland Athletics,OAK,1,0,FINISHED,balldontlie,2026-08-23T20:56:09+00:00
mlb-5059196,MLB,2026,2026-07-11T20:05:00Z,Regular,Nationals Park,Washington Nationals,WSH,New York Yankees,NYY,2,4,FINISHED,balldontlie,2026-08-23T20:56:09+00:00
mlb-5059197,MLB,2026,2026-07-11T20:05:00Z,Regular,Oracle Park,San Francisco Giants,SF,Colorado Rockies,COL,4,2,FINISHED,balldontlie,2026-08-23T20:56:09+00:00
mlb-5059198,MLB,2026,2026-07-11T20:10:00Z,Regular,Citi Field,New York Mets,NYM,Boston Red Sox,BOS,0,4,FINISHED,balldontlie,2026-08-23T20:56:09+00:00
mlb-5059199,MLB,2026,2026-07-11T20:10:00Z,Regular,loanDepot park,Miami Marlins,MIA,Cleveland Guardians,CLE,1,4,FINISHED,balldontlie,2026-08-23T20:56:09+00:00
mlb-5059200,MLB,2026,2026-07-11T20:10:00Z,Regular,Tropicana Field,Tampa Bay Rays,TB,Seattle Mariners,SEA,6,1,FINISHED,balldontlie,2026-08-23T20:56:09+00:00
mlb-5059195,MLB,2026,2026-07-11T20:15:00Z,Regular,PNC Park,Pittsburgh Pirates,PIT,Milwaukee Brewers,MIL,3,2,FINISHED,balldontlie,2026-08-23T20:56:09+00:00
mlb-5059202,MLB,2026,2026-07-11T22:10:00Z,Regular,Comerica Park,Detroit Tigers,DET,Philadelphia Phillies,PHI,2,4,FINISHED,balldontlie,2026-08-23T20:56:09+00:00
mlb-5059203,MLB,2026,2026-07-11T23:05:00Z,Regular,Oriole Park at Camden Yards,Baltimore Orioles,BAL,Kansas City Royals,KC,6,1,FINISHED,balldontlie,2026-08-23T20:56:09+00:00
mlb-5059204,MLB,2026,2026-07-11T23:05:00Z,Regular,Globe Life Field,Texas Rangers,TEX,Houston Astros,HOU,3,9,FINISHED,balldontlie,2026-08-23T20:56:09+00:00
mlb-5059205,MLB,2026,2026-07-11T23:10:00Z,Regular,Great American Ball Park,Cincinnati Reds,CIN,Chicago Cubs,CHC,3,5,FINISHED,balldontlie,2026-08-23T20:56:09+00:00
mlb-5059206,MLB,2026,2026-07-11T23:15:00Z,Regular,Busch Stadium,St. Louis Cardinals,STL,Atlanta Braves,ATL,4,1,FINISHED,balldontlie,2026-08-23T20:56:09+00:00
mlb-5059207,MLB,2026,2026-07-12T00:40:00Z,Regular,Petco Park,San Diego Padres,SD,Toronto Blue Jays,TOR,8,7,FINISHED,balldontlie,2026-08-23T20:56:09+00:00
mlb-5059208,MLB,2026,2026-07-12T01:10:00Z,Regular,Dodger Stadium,Los Angeles Dodgers,LAD,Arizona Diamondbacks,ARI,2,9,FINISHED,balldontlie,2026-08-23T20:56:09+00:00
mlb-5059209,MLB,2026,2026-07-12T16:15:00Z,Regular,PNC Park,Pittsburgh Pirates,PIT,Milwaukee Brewers,MIL,14,5,FINISHED,balldontlie,2026-08-23T20:56:09+00:00
mlb-5059210,MLB,2026,2026-07-12T17:35:00Z,Regular,Oriole Park at Camden Yards,Baltimore Orioles,BAL,Kansas City Royals,KC,8,2,FINISHED,balldontlie,2026-08-23T20:56:09+00:00
mlb-5059211,MLB,2026,2026-07-12T17:35:00Z,Regular,Nationals Park,Washington Nationals,WSH,New York Yankees,NYY,3,5,FINISHED,balldontlie,2026-08-23T20:56:09+00:00
mlb-5059212,MLB,2026,2026-07-12T17:40:00Z,Regular,Citi Field,New York Mets,NYM,Boston Red Sox,BOS,2,3,FINISHED,balldontlie,2026-08-23T20:56:09+00:00
mlb-5059213,MLB,2026,2026-07-12T17:40:00Z,Regular,Great American Ball Park,Cincinnati Reds,CIN,Chicago Cubs,CHC,4,8,FINISHED,balldontlie,2026-08-23T20:56:09+00:00
mlb-5059214,MLB,2026,2026-07-12T17:40:00Z,Regular,loanDepot park,Miami Marlins,MIA,Cleveland Guardians,CLE,2,5,FINISHED,balldontlie,2026-08-23T20:56:09+00:00
mlb-5059215,MLB,2026,2026-07-12T17:40:00Z,Regular,Comerica Park,Detroit Tigers,DET,Philadelphia Phillies,PHI,0,5,FINISHED,balldontlie,2026-08-23T20:56:09+00:00
mlb-5059216,MLB,2026,2026-07-12T17:40:00Z,Regular,Tropicana Field,Tampa Bay Rays,TB,Seattle Mariners,SEA,2,8,FINISHED,balldontlie,2026-08-23T20:56:09+00:00
mlb-5059217,MLB,2026,2026-07-12T18:10:00Z,Regular,Target Field,Minnesota Twins,MIN,Los Angeles Angels,LAA,4,2,FINISHED,balldontlie,2026-08-23T20:56:09+00:00
mlb-5059218,MLB,2026,2026-07-12T18:10:00Z,Regular,Rate Field,Chicago White Sox,CHW,Oakland Athletics,OAK,9,1,FINISHED,balldontlie,2026-08-23T20:56:09+00:00
mlb-5059219,MLB,2026,2026-07-12T18:15:00Z,Regular,Busch Stadium,St. Louis Cardinals,STL,Atlanta Braves,ATL,3,4,FINISHED,balldontlie,2026-08-23T20:56:09+00:00
mlb-5059220,MLB,2026,2026-07-12T18:35:00Z,Regular,Globe Life Field,Texas Rangers,TEX,Houston Astros,HOU,6,5,FINISHED,balldontlie,2026-08-23T20:56:09+00:00
mlb-5059221,MLB,2026,2026-07-12T20:05:00Z,Regular,Oracle Park,San Francisco Giants,SF,Colorado Rockies,COL,3,1,FINISHED,balldontlie,2026-08-23T20:56:09+00:00
mlb-5059222,MLB,2026,2026-07-12T20:10:00Z,Regular,Dodger Stadium,Los Angeles Dodgers,LAD,Arizona Diamondbacks,ARI,3,5,FINISHED,balldontlie,2026-08-23T20:56:09+00:00
mlb-5059223,MLB,2026,2026-07-12T20:10:00Z,Regular,Petco Park,San Diego Padres,SD,Toronto Blue Jays,TOR,5,4,FINISHED,balldontlie,2026-08-23T20:56:09+00:00
mlb-8712499,MLB,2026,2026-07-15T00:00:00Z,Regular,Citizens Bank Park,Unknown,UNK,Unknown,UNK,0,4,FINISHED,balldontlie,2026-08-23T20:56:09+00:00
mlb-5059225,MLB,2026,2026-07-16T22:00:00Z,Regular,Citizens Bank Park,Philadelphia Phillies,PHI,New York Mets,NYM,1,4,FINISHED,balldontlie,2026-08-23T20:56:09+00:00
mlb-7746396,MLB,2026,2026-07-17T17:35:00Z,Regular,Fenway Park,Boston Red Sox,BOS,Tampa Bay Rays,TB,10,0,FINISHED,balldontlie,2026-08-23T20:56:09+00:00
mlb-5059226,MLB,2026,2026-07-17T23:05:00Z,Regular,Yankee Stadium,New York Yankees,NYY,Los Angeles Dodgers,LAD,1,2,FINISHED,balldontlie,2026-08-23T20:56:09+00:00
mlb-5059229,MLB,2026,2026-07-17T23:10:00Z,Regular,Fenway Park,Boston Red Sox,BOS,Tampa Bay Rays,TB,5,3,FINISHED,balldontlie,2026-08-23T20:56:09+00:00
mlb-5059227,MLB,2026,2026-07-17T23:15:00Z,Regular,Rogers Centre,Toronto Blue Jays,TOR,Chicago White Sox,CHW,4,12,FINISHED,balldontlie,2026-08-23T20:56:09+00:00
mlb-5059230,MLB,2026,2026-07-17T23:15:00Z,Regular,Truist Park,Atlanta Braves,ATL,Texas Rangers,TEX,15,1,FINISHED,balldontlie,2026-08-23T20:56:09+00:00
mlb-5059231,MLB,2026,2026-07-17T23:40:00Z,Regular,American Family Field,Milwaukee Brewers,MIL,Miami Marlins,MIA,2,1,FINISHED,balldontlie,2026-08-23T20:56:09+00:00
mlb-5059232,MLB,2026,2026-07-18T00:05:00Z,Regular,Wrigley Field,Chicago Cubs,CHC,Minnesota Twins,MIN,2,5,FINISHED,balldontlie,2026-08-23T20:56:09+00:00
mlb-5059233,MLB,2026,2026-07-18T00:10:00Z,Regular,Daikin Park,Houston Astros,HOU,Baltimore Orioles,BAL,2,3,FINISHED,balldontlie,2026-08-23T20:56:09+00:00
mlb-5059234,MLB,2026,2026-07-18T00:10:00Z,Regular,Kauffman Stadium,Kansas City Royals,KC,San Diego Padres,SD,7,6,FINISHED,balldontlie,2026-08-23T20:56:09+00:00
mlb-5059235,MLB,2026,2026-07-18T00:40:00Z,Regular,Coors Field,Colorado Rockies,COL,Cincinnati Reds,CIN,2,7,FINISHED,balldontlie,2026-08-23T20:56:09+00:00
mlb-5059236,MLB,2026,2026-07-18T01:38:00Z,Regular,Angel Stadium,Los Angeles Angels,LAA,Detroit Tigers,DET,1,2,FINISHED,balldontlie,2026-08-23T20:56:09+00:00
mlb-5059237,MLB,2026,2026-07-18T01:40:00Z,Regular,Chase Field,Arizona Diamondbacks,ARI,St. Louis Cardinals,STL,4,5,FINISHED,balldontlie,2026-08-23T20:56:09+00:00
mlb-5059238,MLB,2026,2026-07-18T01:40:00Z,Regular,Sutter Health Park,Oakland Athletics,OAK,Washington Nationals,WSH,4,23,FINISHED,balldontlie,2026-08-23T20:56:09+00:00
mlb-5059239,MLB,2026,2026-07-18T02:10:00Z,Regular,T-Mobile Park,Seattle Mariners,SEA,San Francisco Giants,SF,0,7,FINISHED,balldontlie,2026-08-23T20:56:09+00:00
mlb-10824356,MLB,2026,2026-07-18T17:10:00Z,Regular,Progressive Field,Cleveland Guardians,CLE,Pittsburgh Pirates,PIT,1,7,FINISHED,balldontlie,2026-08-23T20:56:09+00:00
mlb-5059240,MLB,2026,2026-07-18T18:20:00Z,Regular,Wrigley Field,Chicago Cubs,CHC,Minnesota Twins,MIN,6,2,FINISHED,balldontlie,2026-08-23T20:56:09+00:00
mlb-5059243,MLB,2026,2026-07-18T19:05:00Z,Regular,Citizens Bank Park,Philadelphia Phillies,PHI,New York Mets,NYM,6,1,FINISHED,balldontlie,2026-08-23T20:56:09+00:00
mlb-5059241,MLB,2026,2026-07-18T19:07:00Z,Regular,Rogers Centre,Toronto Blue Jays,TOR,Chicago White Sox,CHW,1,0,FINISHED,balldontlie,2026-08-23T20:56:09+00:00
mlb-5059242,MLB,2026,2026-07-18T19:10:00Z,Regular,Coors Field,Colorado Rockies,COL,Cincinnati Reds,CIN,10,3,FINISHED,balldontlie,2026-08-23T20:56:09+00:00
mlb-5059245,MLB,2026,2026-07-18T20:10:00Z,Regular,Fenway Park,Boston Red Sox,BOS,Tampa Bay Rays,TB,7,6,FINISHED,balldontlie,2026-08-23T20:56:09+00:00
mlb-5059246,MLB,2026,2026-07-18T20:10:00Z,Regular,Truist Park,Atlanta Braves,ATL,Texas Rangers,TEX,6,7,FINISHED,balldontlie,2026-08-23T20:56:09+00:00
mlb-5059247,MLB,2026,2026-07-18T20:10:00Z,Regular,Daikin Park,Houston Astros,HOU,Baltimore Orioles,BAL,2,4,FINISHED,balldontlie,2026-08-23T20:56:09+00:00
mlb-5059248,MLB,2026,2026-07-18T20:10:00Z,Regular,American Family Field,Milwaukee Brewers,MIL,Miami Marlins,MIA,8,6,FINISHED,balldontlie,2026-08-23T20:56:09+00:00
mlb-5059249,MLB,2026,2026-07-18T20:10:00Z,Regular,Kauffman Stadium,Kansas City Royals,KC,San Diego Padres,SD,6,1,FINISHED,balldontlie,2026-08-23T20:56:09+00:00
mlb-5059250,MLB,2026,2026-07-18T20:10:00Z,Regular,Chase Field,Arizona Diamondbacks,ARI,St. Louis Cardinals,STL,5,3,FINISHED,balldontlie,2026-08-23T20:56:09+00:00
mlb-5059244,MLB,2026,2026-07-18T23:10:00Z,Regular,Progressive Field,Cleveland Guardians,CLE,Pittsburgh Pirates,PIT,5,3,FINISHED,balldontlie,2026-08-23T20:56:09+00:00
mlb-5059252,MLB,2026,2026-07-19T00:08:00Z,Regular,T-Mobile Park,Seattle Mariners,SEA,San Francisco Giants,SF,4,3,FINISHED,BALLDONTLIE,2026-08-23T20:49:44+00:00
mlb-5059253,MLB,2026,2026-07-19T02:05:00Z,Regular,Sutter Health Park,Oakland Athletics,OAK,Washington Nationals,WSH,15,1,FINISHED,BALLDONTLIE,2026-08-23T20:49:44+00:00
mlb-5059254,MLB,2026,2026-07-19T02:07:00Z,Regular,Angel Stadium,Los Angeles Angels,LAA,Detroit Tigers,DET,0,7,FINISHED,BALLDONTLIE,2026-08-23T20:49:44+00:00
mlb-5059255,MLB,2026,2026-07-19T16:15:00Z,Regular,Rogers Centre,Toronto Blue Jays,TOR,Chicago White Sox,CHW,0,3,FINISHED,BALLDONTLIE,2026-08-23T20:49:44+00:00
mlb-10887406,MLB,2026,2026-07-19T16:35:00Z,Regular,Yankee Stadium,New York Yankees,NYY,Los Angeles Dodgers,LAD,2,8,FINISHED,BALLDONTLIE,2026-08-23T20:49:44+00:00
mlb-5059256,MLB,2026,2026-07-19T17:35:00Z,Regular,Citizens Bank Park,Philadelphia Phillies,PHI,New York Mets,NYM,1,6,FINISHED,BALLDONTLIE,2026-08-23T20:49:44+00:00
mlb-5059257,MLB,2026,2026-07-19T17:35:00Z,Regular,Fenway Park,Boston Red Sox,BOS,Tampa Bay Rays,TB,6,1,FINISHED,BALLDONTLIE,2026-08-23T20:49:44+00:00
mlb-5059258,MLB,2026,2026-07-19T17:35:00Z,Regular,Truist Park,Atlanta Braves,ATL,Texas Rangers,TEX,8,5,FINISHED,BALLDONTLIE,2026-08-23T20:49:44+00:00
mlb-5059259,MLB,2026,2026-07-19T17:40:00Z,Regular,Progressive Field,Cleveland Guardians,CLE,Pittsburgh Pirates,PIT,1,7,FINISHED,BALLDONTLIE,2026-08-23T20:49:44+00:00
mlb-5059260,MLB,2026,2026-07-19T18:10:00Z,Regular,Daikin Park,Houston Astros,HOU,Baltimore Orioles,BAL,2,5,FINISHED,BALLDONTLIE,2026-08-23T20:49:44+00:00
mlb-5059261,MLB,2026,2026-07-19T18:10:00Z,Regular,American Family Field,Milwaukee Brewers,MIL,Miami Marlins,MIA,3,1,FINISHED,BALLDONTLIE,2026-08-23T20:49:44+00:00
mlb-5059262,MLB,2026,2026-07-19T18:10:00Z,Regular,Kauffman Stadium,Kansas City Royals,KC,San Diego Padres,SD,2,19,FINISHED,BALLDONTLIE,2026-08-23T20:49:44+00:00
mlb-5059263,MLB,2026,2026-07-19T18:20:00Z,Regular,Wrigley Field,Chicago Cubs,CHC,Minnesota Twins,MIN,10,1,FINISHED,BALLDONTLIE,2026-08-23T20:49:44+00:00
mlb-5059264,MLB,2026,2026-07-19T19:10:00Z,Regular,Coors Field,Colorado Rockies,COL,Cincinnati Reds,CIN,6,9,FINISHED,BALLDONTLIE,2026-08-23T20:49:44+00:00
mlb-5059265,MLB,2026,2026-07-19T20:05:00Z,Regular,Sutter Health Park,Oakland Athletics,OAK,Washington Nationals,WSH,2,5,FINISHED,BALLDONTLIE,2026-08-23T20:49:44+00:00
mlb-5059266,MLB,2026,2026-07-19T20:07:00Z,Regular,Angel Stadium,Los Angeles Angels,LAA,Detroit Tigers,DET,3,2,FINISHED,BALLDONTLIE,2026-08-23T20:49:44+00:00
mlb-5059267,MLB,2026,2026-07-19T20:10:00Z,Regular,T-Mobile Park,Seattle Mariners,SEA,San Francisco Giants,SF,6,3,FINISHED,BALLDONTLIE,2026-08-23T20:49:44+00:00
mlb-5059268,MLB,2026,2026-07-19T20:10:00Z,Regular,Chase Field,Arizona Diamondbacks,ARI,St. Louis Cardinals,STL,8,7,FINISHED,BALLDONTLIE,2026-08-23T20:49:44+00:00
mlb-5059269,MLB,2026,2026-07-19T23:20:00Z,Regular,Yankee Stadium,New York Yankees,NYY,Los Angeles Dodgers,LAD,2,1,FINISHED,BALLDONTLIE,2026-08-23T20:49:44+00:00
mlb-5059270,MLB,2026,2026-07-20T22:40:00Z,Regular,Progressive Field,Cleveland Guardians,CLE,Minnesota Twins,MIN,13,4,FINISHED,BALLDONTLIE,2026-08-23T20:49:44+00:00
mlb-5059274,MLB,2026,2026-07-20T23:00:00Z,Regular,Citizens Bank Park,Philadelphia Phillies,PHI,Los Angeles Dodgers,LAD,10,7,FINISHED,BALLDONTLIE,2026-08-23T20:49:44+00:00
mlb-5059271,MLB,2026,2026-07-20T23:05:00Z,Regular,Yankee Stadium,New York Yankees,NYY,Pittsburgh Pirates,PIT,8,5,FINISHED,BALLDONTLIE,2026-08-23T20:49:44+00:00
mlb-5059272,MLB,2026,2026-07-20T23:07:00Z,Regular,Rogers Centre,Toronto Blue Jays,TOR,Tampa Bay Rays,TB,1,7,FINISHED,BALLDONTLIE,2026-08-23T20:49:44+00:00
mlb-5059273,MLB,2026,2026-07-20T23:10:00Z,Regular,Fenway Park,Boston Red Sox,BOS,Baltimore Orioles,BAL,6,5,FINISHED,BALLDONTLIE,2026-08-23T20:49:44+00:00
mlb-5059275,MLB,2026,2026-07-20T23:15:00Z,Regular,Truist Park,Atlanta Braves,ATL,San Diego Padres,SD,3,2,FINISHED,BALLDONTLIE,2026-08-23T20:49:44+00:00
mlb-5059276,MLB,2026,2026-07-20T23:40:00Z,Regular,American Family Field,Milwaukee Brewers,MIL,New York Mets,NYM,8,3,FINISHED,BALLDONTLIE,2026-08-23T20:49:44+00:00
mlb-5059277,MLB,2026,2026-07-20T23:40:00Z,Regular,Kauffman Stadium,Kansas City Royals,KC,San Francisco Giants,SF,4,3,FINISHED,BALLDONTLIE,2026-08-23T20:49:44+00:00
mlb-5059278,MLB,2026,2026-07-21T00:05:00Z,Regular,Globe Life Field,Texas Rangers,TEX,Chicago White Sox,CHW,3,10,FINISHED,BALLDONTLIE,2026-08-23T20:49:44+00:00
mlb-5059279,MLB,2026,2026-07-21T00:05:00Z,Regular,Wrigley Field,Chicago Cubs,CHC,Detroit Tigers,DET,6,8,FINISHED,BALLDONTLIE,2026-08-23T20:49:44+00:00
mlb-5059280,MLB,2026,2026-07-21T00:10:00Z,Regular,Daikin Park,Houston Astros,HOU,Miami Marlins,MIA,8,5,FINISHED,BALLDONTLIE,2026-08-23T20:49:44+00:00
mlb-5059281,MLB,2026,2026-07-21T00:40:00Z,Regular,Coors Field,Colorado Rockies,COL,Washington Nationals,WSH,3,7,FINISHED,BALLDONTLIE,2026-08-23T20:49:44+00:00
mlb-5059282,MLB,2026,2026-07-21T01:40:00Z,Regular,Chase Field,Arizona Diamondbacks,ARI,Oakland Athletics,OAK,2,5,FINISHED,BALLDONTLIE,2026-08-23T20:49:44+00:00
mlb-5059283,MLB,2026,2026-07-21T01:40:00Z,Regular,T-Mobile Park,Seattle Mariners,SEA,Cincinnati Reds,CIN,8,0,FINISHED,BALLDONTLIE,2026-08-23T20:49:44+00:00
mlb-5059284,MLB,2026,2026-07-21T02:00:00Z,Regular,Angel Stadium,Los Angeles Angels,LAA,St. Louis Cardinals,STL,3,2,FINISHED,BALLDONTLIE,2026-08-23T20:49:44+00:00
mlb-5059285,MLB,2026,2026-07-21T22:40:00Z,Regular,Citizens Bank Park,Philadelphia Phillies,PHI,Los Angeles Dodgers,LAD,1,2,FINISHED,BALLDONTLIE,2026-08-23T20:49:44+00:00
mlb-5059286,MLB,2026,2026-07-21T22:40:00Z,Regular,Progressive Field,Cleveland Guardians,CLE,Minnesota Twins,MIN,5,2,FINISHED,BALLDONTLIE,2026-08-23T20:49:44+00:00
mlb-5059288,MLB,2026,2026-07-21T23:07:00Z,Regular,Rogers Centre,Toronto Blue Jays,TOR,Tampa Bay Rays,TB,2,12,FINISHED,BALLDONTLIE,2026-08-23T20:49:44+00:00
mlb-5059290,MLB,2026,2026-07-21T23:15:00Z,Regular,Truist Park,Atlanta Braves,ATL,San Diego Padres,SD,3,8,FINISHED,BALLDONTLIE,2026-08-23T20:49:44+00:00
mlb-5059291,MLB,2026,2026-07-21T23:40:00Z,Regular,American Family Field,Milwaukee Brewers,MIL,New York Mets,NYM,0,4,FINISHED,BALLDONTLIE,2026-08-23T20:49:44+00:00
mlb-5059292,MLB,2026,2026-07-21T23:40:00Z,Regular,Kauffman Stadium,Kansas City Royals,KC,San Francisco Giants,SF,3,2,FINISHED,BALLDONTLIE,2026-08-23T20:49:44+00:00
mlb-5059293,MLB,2026,2026-07-22T00:05:00Z,Regular,Globe Life Field,Texas Rangers,TEX,Chicago White Sox,CHW,10,0,FINISHED,BALLDONTLIE,2026-08-23T20:49:44+00:00
mlb-5059294,MLB,2026,2026-07-22T00:05:00Z,Regular,Wrigley Field,Chicago Cubs,CHC,Detroit Tigers,DET,11,2,FINISHED,BALLDONTLIE,2026-08-23T20:49:44+00:00
mlb-5059295,MLB,2026,2026-07-22T00:10:00Z,Regular,Daikin Park,Houston Astros,HOU,Miami Marlins,MIA,5,3,FINISHED,BALLDONTLIE,2026-08-23T20:49:44+00:00
mlb-5059296,MLB,2026,2026-07-22T00:40:00Z,Regular,Coors Field,Colorado Rockies,COL,Washington Nationals,WSH,8,7,FINISHED,BALLDONTLIE,2026-08-23T20:49:44+00:00
mlb-5059297,MLB,2026,2026-07-22T01:38:00Z,Regular,Angel Stadium,Los Angeles Angels,LAA,St. Louis Cardinals,STL,5,1,FINISHED,BALLDONTLIE,2026-08-23T20:49:44+00:00
mlb-5059298,MLB,2026,2026-07-22T01:40:00Z,Regular,Chase Field,Arizona Diamondbacks,ARI,Oakland Athletics,OAK,6,5,FINISHED,BALLDONTLIE,2026-08-23T20:49:44+00:00
mlb-5059299,MLB,2026,2026-07-22T01:40:00Z,Regular,T-Mobile Park,Seattle Mariners,SEA,Cincinnati Reds,CIN,2,4,FINISHED,BALLDONTLIE,2026-08-23T20:49:44+00:00
mlb-5059300,MLB,2026,2026-07-22T17:05:00Z,Regular,Yankee Stadium,New York Yankees,NYY,Pittsburgh Pirates,PIT,3,5,FINISHED,BALLDONTLIE,2026-08-23T20:49:44+00:00
mlb-11093575,MLB,2026,2026-07-22T17:35:00Z,Regular,Fenway Park,Boston Red Sox,BOS,Baltimore Orioles,BAL,6,3,FINISHED,BALLDONTLIE,2026-08-23T20:49:44+00:00
mlb-5059301,MLB,2026,2026-07-22T18:10:00Z,Regular,American Family Field,Milwaukee Brewers,MIL,New York Mets,NYM,4,3,FINISHED,BALLDONTLIE,2026-08-23T20:49:44+00:00
mlb-5059302,MLB,2026,2026-07-22T18:10:00Z,Regular,Kauffman Stadium,Kansas City Royals,KC,San Francisco Giants,SF,5,4,FINISHED,BALLDONTLIE,2026-08-23T20:49:44+00:00
mlb-5059303,MLB,2026,2026-07-22T19:10:00Z,Regular,Coors Field,Colorado Rockies,COL,Washington Nationals,WSH,0,8,FINISHED,BALLDONTLIE,2026-08-23T20:49:44+00:00
mlb-5059304,MLB,2026,2026-07-22T19:40:00Z,Regular,Chase Field,Arizona Diamondbacks,ARI,Oakland Athletics,OAK,15,5,FINISHED,BALLDONTLIE,2026-08-23T20:49:44+00:00
mlb-5059305,MLB,2026,2026-07-22T19:40:00Z,Regular,T-Mobile Park,Seattle Mariners,SEA,Cincinnati Reds,CIN,3,5,FINISHED,BALLDONTLIE,2026-08-23T20:49:44+00:00
mlb-5059306,MLB,2026,2026-07-22T20:07:00Z,Regular,Angel Stadium,Los Angeles Angels,LAA,St. Louis Cardinals,STL,0,1,FINISHED,BALLDONTLIE,2026-08-23T20:49:44+00:00
mlb-5059307,MLB,2026,2026-07-22T22:40:00Z,Regular,Citizens Bank Park,Philadelphia Phillies,PHI,Los Angeles Dodgers,LAD,5,9,FINISHED,BALLDONTLIE,2026-08-23T20:49:44+00:00
mlb-5059308,MLB,2026,2026-07-22T22:40:00Z,Regular,Progressive Field,Cleveland Guardians,CLE,Minnesota Twins,MIN,6,10,FINISHED,BALLDONTLIE,2026-08-23T20:49:44+00:00
mlb-11084068,MLB,2026,2026-07-22T23:05:00Z,Regular,Yankee Stadium,New York Yankees,NYY,Pittsburgh Pirates,PIT,2,0,FINISHED,BALLDONTLIE,2026-08-23T20:49:44+00:00
mlb-5059309,MLB,2026,2026-07-22T23:07:00Z,Regular,Rogers Centre,Toronto Blue Jays,TOR,Tampa Bay Rays,TB,2,4,FINISHED,BALLDONTLIE,2026-08-23T20:49:44+00:00
mlb-5059310,MLB,2026,2026-07-22T23:10:00Z,Regular,Fenway Park,Boston Red Sox,BOS,Baltimore Orioles,BAL,1,5,FINISHED,BALLDONTLIE,2026-08-23T20:49:44+00:00
mlb-5059311,MLB,2026,2026-07-22T23:15:00Z,Regular,Truist Park,Atlanta Braves,ATL,San Diego Padres,SD,7,6,FINISHED,BALLDONTLIE,2026-08-23T20:49:44+00:00
mlb-5059313,MLB,2026,2026-07-23T00:00:00Z,Regular,Wrigley Field,Chicago Cubs,CHC,Detroit Tigers,DET,1,5,FINISHED,BALLDONTLIE,2026-08-23T20:49:44+00:00
mlb-5059312,MLB,2026,2026-07-23T00:05:00Z,Regular,Globe Life Field,Texas Rangers,TEX,Chicago White Sox,CHW,2,4,FINISHED,BALLDONTLIE,2026-08-23T20:49:44+00:00
mlb-5059314,MLB,2026,2026-07-23T00:10:00Z,Regular,Daikin Park,Houston Astros,HOU,Miami Marlins,MIA,5,2,FINISHED,BALLDONTLIE,2026-08-23T20:49:44+00:00
mlb-5059315,MLB,2026,2026-07-23T16:15:00Z,Regular,Truist Park,Atlanta Braves,ATL,San Diego Padres,SD,6,5,FINISHED,BALLDONTLIE,2026-08-23T20:49:44+00:00
mlb-5059316,MLB,2026,2026-07-23T17:10:00Z,Regular,Progressive Field,Cleveland Guardians,CLE,Minnesota Twins,MIN,1,3,FINISHED,BALLDONTLIE,2026-08-23T20:49:44+00:00
mlb-5059317,MLB,2026,2026-07-23T19:07:00Z,Regular,Rogers Centre,Toronto Blue Jays,TOR,Tampa Bay Rays,TB,3,1,FINISHED,BALLDONTLIE,2026-08-23T20:49:44+00:00
mlb-9645771,MLB,2026,2026-07-23T21:15:00Z,Regular,Busch Stadium,St. Louis Cardinals,STL,Arizona Diamondbacks,ARI,6,10,FINISHED,BALLDONTLIE,2026-08-23T20:49:44+00:00
mlb-5059318,MLB,2026,2026-07-23T22:40:00Z,Regular,Comerica Park,Detroit Tigers,DET,Kansas City Royals,KC,4,3,FINISHED,BALLDONTLIE,2026-08-23T20:49:44+00:00
mlb-10209277,MLB,2026,2026-07-24T20:10:00Z,Regular,American Family Field,Milwaukee Brewers,MIL,Colorado Rockies,COL,2,5,FINISHED,BALLDONTLIE,2026-08-23T20:49:44+00:00
mlb-10209278,MLB,2026,2026-07-24T22:40:00Z,Regular,PNC Park,Pittsburgh Pirates,PIT,Chicago Cubs,CHC,2,3,FINISHED,BALLDONTLIE,2026-08-23T20:49:44+00:00
mlb-10209279,MLB,2026,2026-07-24T22:40:00Z,Regular,Comerica Park,Detroit Tigers,DET,Kansas City Royals,KC,2,1,FINISHED,BALLDONTLIE,2026-08-23T20:49:44+00:00
mlb-10209280,MLB,2026,2026-07-24T22:45:00Z,Regular,Citizens Bank Park,Philadelphia Phillies,PHI,New York Yankees,NYY,0,1,FINISHED,BALLDONTLIE,2026-08-23T20:49:44+00:00
mlb-10209281,MLB,2026,2026-07-24T22:45:00Z,Regular,Nationals Park,Washington Nationals,WSH,Arizona Diamondbacks,ARI,2,3,FINISHED,BALLDONTLIE,2026-08-23T20:49:44+00:00
mlb-10209282,MLB,2026,2026-07-24T23:05:00Z,Regular,Oriole Park at Camden Yards,Baltimore Orioles,BAL,Atlanta Braves,ATL,6,7,FINISHED,BALLDONTLIE,2026-08-23T20:49:44+00:00
mlb-10209283,MLB,2026,2026-07-24T23:10:00Z,Regular,Tropicana Field,Tampa Bay Rays,TB,Cleveland Guardians,CLE,11,3,FINISHED,BALLDONTLIE,2026-08-23T20:49:44+00:00
mlb-10209284,MLB,2026,2026-07-24T23:10:00Z,Regular,Citi Field,New York Mets,NYM,Los Angeles Dodgers,LAD,2,4,FINISHED,BALLDONTLIE,2026-08-23T20:49:44+00:00
mlb-10209285,MLB,2026,2026-07-24T23:10:00Z,Regular,loanDepot park,Miami Marlins,MIA,San Diego Padres,SD,2,4,FINISHED,BALLDONTLIE,2026-08-23T20:49:44+00:00
mlb-10209286,MLB,2026,2026-07-24T23:15:00Z,Regular,Fenway Park,Boston Red Sox,BOS,Toronto Blue Jays,TOR,6,4,FINISHED,BALLDONTLIE,2026-08-23T20:49:44+00:00
mlb-10209287,MLB,2026,2026-07-24T23:40:00Z,Regular,Rate Field,Chicago White Sox,CHW,Houston Astros,HOU,5,9,FINISHED,BALLDONTLIE,2026-08-23T20:49:44+00:00
mlb-10209288,MLB,2026,2026-07-25T00:05:00Z,Regular,Globe Life Field,Texas Rangers,TEX,Seattle Mariners,SEA,5,4,FINISHED,BALLDONTLIE,2026-08-23T20:49:44+00:00
mlb-10209289,MLB,2026,2026-07-25T00:10:00Z,Regular,Target Field,Minnesota Twins,MIN,Oakland Athletics,OAK,0,2,FINISHED,BALLDONTLIE,2026-08-23T20:49:44+00:00
mlb-10209290,MLB,2026,2026-07-25T00:15:00Z,Regular,Busch Stadium,St. Louis Cardinals,STL,Cincinnati Reds,CIN,2,4,FINISHED,BALLDONTLIE,2026-08-23T20:49:44+00:00
mlb-10209291,MLB,2026,2026-07-25T02:15:00Z,Regular,Oracle Park,San Francisco Giants,SF,Los Angeles Angels,LAA,7,6,FINISHED,BALLDONTLIE,2026-08-23T20:49:44+00:00
mlb-5059334,MLB,2026,2026-07-25T17:10:00Z,Regular,Comerica Park,Detroit Tigers,DET,Kansas City Royals,KC,2,3,FINISHED,BALLDONTLIE,2026-08-23T20:49:44+00:00
mlb-5059335,MLB,2026,2026-07-25T20:05:00Z,Regular,Nationals Park,Washington Nationals,WSH,Arizona Diamondbacks,ARI,5,3,FINISHED,BALLDONTLIE,2026-08-23T20:49:44+00:00
mlb-5059336,MLB,2026,2026-07-25T20:05:00Z,Regular,Oracle Park,San Francisco Giants,SF,Los Angeles Angels,LAA,9,2,FINISHED,BALLDONTLIE,2026-08-23T20:49:44+00:00
mlb-5059337,MLB,2026,2026-07-25T20:10:00Z,Regular,loanDepot park,Miami Marlins,MIA,San Diego Padres,SD,2,7,FINISHED,BALLDONTLIE,2026-08-23T20:49:44+00:00
mlb-5059338,MLB,2026,2026-07-25T20:10:00Z,Regular,Fenway Park,Boston Red Sox,BOS,Toronto Blue Jays,TOR,0,6,FINISHED,BALLDONTLIE,2026-08-23T20:49:44+00:00
mlb-5059339,MLB,2026,2026-07-25T22:05:00Z,Regular,Citizens Bank Park,Philadelphia Phillies,PHI,New York Yankees,NYY,1,3,FINISHED,BALLDONTLIE,2026-08-23T20:49:44+00:00
mlb-5059340,MLB,2026,2026-07-25T22:10:00Z,Regular,Tropicana Field,Tampa Bay Rays,TB,Cleveland Guardians,CLE,3,0,FINISHED,BALLDONTLIE,2026-08-23T20:49:44+00:00
mlb-5059341,MLB,2026,2026-07-25T22:40:00Z,Regular,PNC Park,Pittsburgh Pirates,PIT,Chicago Cubs,CHC,0,11,FINISHED,BALLDONTLIE,2026-08-23T20:49:44+00:00
mlb-5059342,MLB,2026,2026-07-25T23:05:00Z,Regular,Oriole Park at Camden Yards,Baltimore Orioles,BAL,Atlanta Braves,ATL,3,2,FINISHED,BALLDONTLIE,2026-08-23T20:49:44+00:00
mlb-5059343,MLB,2026,2026-07-25T23:10:00Z,Regular,Target Field,Minnesota Twins,MIN,Oakland Athletics,OAK,2,0,FINISHED,BALLDONTLIE,2026-08-23T20:49:44+00:00
mlb-5059344,MLB,2026,2026-07-25T23:10:00Z,Regular,American Family Field,Milwaukee Brewers,MIL,Colorado Rockies,COL,8,5,FINISHED,BALLDONTLIE,2026-08-23T20:49:44+00:00
mlb-5059345,MLB,2026,2026-07-25T23:10:00Z,Regular,Rate Field,Chicago White Sox,CHW,Houston Astros,HOU,1,4,FINISHED,BALLDONTLIE,2026-08-23T20:49:44+00:00
mlb-5059346,MLB,2026,2026-07-25T23:15:00Z,Regular,Citi Field,New York Mets,NYM,Los Angeles Dodgers,LAD,3,4,FINISHED,BALLDONTLIE,2026-08-23T20:49:44+00:00
mlb-5059347,MLB,2026,2026-07-25T23:15:00Z,Regular,Busch Stadium,St. Louis Cardinals,STL,Cincinnati Reds,CIN,7,0,FINISHED,BALLDONTLIE,2026-08-23T20:49:44+00:00
mlb-5059348,MLB,2026,2026-07-25T23:15:00Z,Regular,Globe Life Field,Texas Rangers,TEX,Seattle Mariners,SEA,7,1,FINISHED,BALLDONTLIE,2026-08-23T20:49:44+00:00
mlb-5059349,MLB,2026,2026-07-26T16:15:00Z,Regular,Tropicana Field,Tampa Bay Rays,TB,Cleveland Guardians,CLE,1,0,FINISHED,BALLDONTLIE,2026-08-23T20:49:44+00:00
mlb-5059350,MLB,2026,2026-07-26T17:35:00Z,Regular,Nationals Park,Washington Nationals,WSH,Arizona Diamondbacks,ARI,10,7,FINISHED,BALLDONTLIE,2026-08-23T20:49:44+00:00
mlb-5059351,MLB,2026,2026-07-26T17:35:00Z,Regular,Oriole Park at Camden Yards,Baltimore Orioles,BAL,Atlanta Braves,ATL,2,3,FINISHED,BALLDONTLIE,2026-08-23T20:49:44+00:00
mlb-5059352,MLB,2026,2026-07-26T17:35:00Z,Regular,PNC Park,Pittsburgh Pirates,PIT,Chicago Cubs,CHC,8,7,FINISHED,BALLDONTLIE,2026-08-23T20:49:44+00:00
mlb-5059353,MLB,2026,2026-07-26T17:35:00Z,Regular,Fenway Park,Boston Red Sox,BOS,Toronto Blue Jays,TOR,6,1,FINISHED,BALLDONTLIE,2026-08-23T20:49:44+00:00
mlb-5059354,MLB,2026,2026-07-26T17:40:00Z,Regular,Comerica Park,Detroit Tigers,DET,Kansas City Royals,KC,4,5,FINISHED,BALLDONTLIE,2026-08-23T20:49:44+00:00
mlb-5059355,MLB,2026,2026-07-26T17:40:00Z,Regular,Citi Field,New York Mets,NYM,Los Angeles Dodgers,LAD,8,3,FINISHED,BALLDONTLIE,2026-08-23T20:49:44+00:00
mlb-5059356,MLB,2026,2026-07-26T17:40:00Z,Regular,loanDepot park,Miami Marlins,MIA,San Diego Padres,SD,3,5,FINISHED,BALLDONTLIE,2026-08-23T20:49:44+00:00
mlb-5059357,MLB,2026,2026-07-26T18:10:00Z,Regular,Target Field,Minnesota Twins,MIN,Oakland Athletics,OAK,11,8,FINISHED,BALLDONTLIE,2026-08-23T20:49:44+00:00
mlb-5059358,MLB,2026,2026-07-26T18:10:00Z,Regular,American Family Field,Milwaukee Brewers,MIL,Colorado Rockies,COL,11,2,FINISHED,BALLDONTLIE,2026-08-23T20:49:44+00:00
mlb-5059359,MLB,2026,2026-07-26T18:10:00Z,Regular,Rate Field,Chicago White Sox,CHW,Houston Astros,HOU,12,3,FINISHED,BALLDONTLIE,2026-08-23T20:49:44+00:00
mlb-5059360,MLB,2026,2026-07-26T18:15:00Z,Regular,Busch Stadium,St. Louis Cardinals,STL,Cincinnati Reds,CIN,3,5,FINISHED,BALLDONTLIE,2026-08-23T20:49:44+00:00
mlb-5059361,MLB,2026,2026-07-26T18:35:00Z,Regular,Globe Life Field,Texas Rangers,TEX,Seattle Mariners,SEA,4,6,FINISHED,BALLDONTLIE,2026-08-23T20:49:44+00:00
mlb-5059362,MLB,2026,2026-07-26T20:05:00Z,Regular,Oracle Park,San Francisco Giants,SF,Los Angeles Angels,LAA,3,4,FINISHED,BALLDONTLIE,2026-08-23T20:49:44+00:00
