game_id,comp,season,date_utc,stage,venue,home_name,home_code,away_name,away_code,home_score,away_score,status,source,first_seen
ncaam-212784,NCAAM,2025-26,2025-11-03T13:00:00Z,Regular,Rock Hill Sports & Event Center,Winthrop,W,Queens University,QU,81,74,FINISHED,ncaam,2026-08-23T20:56:09+00:00
ncaam-209784,NCAAM,2025-26,2025-11-03T16:00:00Z,Regular,Rock Hill Sports & Event Center,St. Bonaventure,SB,Bradley,B,69,63,FINISHED,ncaam,2026-08-23T20:56:09+00:00
ncaam-215243,NCAAM,2025-26,2025-11-03T16:30:00Z,Regular,The Field House,East Texas A&M,ETA,Arlington Baptist,AB,119,60,FINISHED,ncaam,2026-08-23T20:56:09+00:00
ncaam-215244,NCAAM,2025-26,2025-11-03T17:00:00Z,Regular,Montagne Center,Lamar,L,Texas A&M-San Antonio,TASA,93,53,FINISHED,ncaam,2026-08-23T20:56:09+00:00
ncaam-212785,NCAAM,2025-26,2025-11-03T18:00:00Z,Regular,William Nicks Building,Prairie View A&M,PVA,College Of Biblical Studies,COBS,95,48,FINISHED,ncaam,2026-08-23T20:56:09+00:00
ncaam-212786,NCAAM,2025-26,2025-11-03T18:30:00Z,Regular,Sanford Pentagon,Murray State,MS,Omaha,O,85,77,FINISHED,ncaam,2026-08-23T20:56:09+00:00
ncaam-215245,NCAAM,2025-26,2025-11-03T20:00:00Z,Regular,William R. Johnson Coliseum,Stephen F. Austin,SFA,Millsaps,M,103,76,FINISHED,ncaam,2026-08-23T20:56:09+00:00
ncaam-212787,NCAAM,2025-26,2025-11-03T21:00:00Z,Regular,J. Lawrence Walkup Skydome,Drake,D,Northern Arizona,NA,77,71,FINISHED,ncaam,2026-08-23T20:56:09+00:00
ncaam-212788,NCAAM,2025-26,2025-11-03T22:00:00Z,Regular,Merkert Gymnasium,Stonehill,S,Thomas (ME),T(,100,48,FINISHED,ncaam,2026-08-23T20:56:09+00:00
ncaam-212718,NCAAM,2025-26,2025-11-03T23:00:00Z,Regular,Daskalakis Athletic Center,Drexel,D,Widener,W,93,59,FINISHED,ncaam,2026-08-23T20:56:09+00:00
ncaam-212789,NCAAM,2025-26,2025-11-03T23:00:00Z,Regular,Cameron Hall,VMI,V,Johnson & Wales (NC),J&W(,122,58,FINISHED,ncaam,2026-08-23T20:56:09+00:00
ncaam-209770,NCAAM,2025-26,2025-11-03T23:30:00Z,Regular,Capital One Arena,Georgetown,G,Morgan State,MS,87,70,FINISHED,ncaam,2026-08-23T20:56:09+00:00
ncaam-212721,NCAAM,2025-26,2025-11-03T23:30:00Z,Regular,Stony Brook Arena,Stony Brook,SB,Farmingdale State,FS,66,59,FINISHED,ncaam,2026-08-23T20:56:09+00:00
ncaam-212759,NCAAM,2025-26,2025-11-03T23:30:00Z,Regular,Schottenstein Center,Ohio State,OS,IU Indianapolis,II,118,102,FINISHED,ncaam,2026-08-23T20:56:09+00:00
ncaam-212765,NCAAM,2025-26,2025-11-03T23:30:00Z,Regular,CFG Bank Arena,Maryland,M,Coppin State,CS,83,61,FINISHED,ncaam,2026-08-23T20:56:09+00:00
ncaam-212773,NCAAM,2025-26,2025-11-03T23:30:00Z,Regular,Carnesecca Arena,St. John's,SJ,Quinnipiac,Q,108,74,FINISHED,ncaam,2026-08-23T20:56:09+00:00
ncaam-212790,NCAAM,2025-26,2025-11-03T23:30:00Z,Regular,Gervin GameAbove Center,Eastern Michigan,EM,Georgia State,GS,71,49,FINISHED,ncaam,2026-08-23T20:56:09+00:00
ncaam-212791,NCAAM,2025-26,2025-11-03T23:30:00Z,Regular,Qubein Center,High Point,HP,Furman,F,97,71,FINISHED,ncaam,2026-08-23T20:56:09+00:00
ncaam-212799,NCAAM,2025-26,2025-11-03T23:30:00Z,Regular,Alumni Arena,Buffalo,B,Southern Miss,SM,85,79,FINISHED,ncaam,2026-08-23T20:56:09+00:00
ncaam-209754,NCAAM,2025-26,2025-11-04T00:00:00Z,Regular,JMA Wireless Dome,Syracuse,S,Binghamton,B,85,47,FINISHED,ncaam,2026-08-23T20:56:09+00:00
ncaam-209756,NCAAM,2025-26,2025-11-04T00:00:00Z,Regular,Petersen Events Center,Pittsburgh,P,Youngstown State,YS,74,59,FINISHED,ncaam,2026-08-23T20:56:09+00:00
ncaam-209757,NCAAM,2025-26,2025-11-04T00:00:00Z,Regular,Dean E. Smith Center,North Carolina,NC,Central Arkansas,CA,94,54,FINISHED,ncaam,2026-08-23T20:56:09+00:00
ncaam-209758,NCAAM,2025-26,2025-11-04T00:00:00Z,Regular,Lenovo Center,NC State,NS,North Carolina Central,NCC,114,66,FINISHED,ncaam,2026-08-23T20:56:09+00:00
ncaam-209761,NCAAM,2025-26,2025-11-04T00:00:00Z,Regular,Eleanor R. Baldwin Arena,Florida Atlantic,FA,Boston College,BC,83,78,FINISHED,ncaam,2026-08-23T20:56:09+00:00
ncaam-209763,NCAAM,2025-26,2025-11-04T00:00:00Z,Regular,Thomas M. Ryan Center,Rhode Island,RI,Stetson,S,93,62,FINISHED,ncaam,2026-08-23T20:56:09+00:00
ncaam-209767,NCAAM,2025-26,2025-11-04T00:00:00Z,Regular,UPMC Cooper Fieldhouse,Duquesne,D,Niagara,N,83,63,FINISHED,ncaam,2026-08-23T20:56:09+00:00
ncaam-209768,NCAAM,2025-26,2025-11-04T00:00:00Z,Regular,UD Arena,Dayton,D,Canisius,C,88,48,FINISHED,ncaam,2026-08-23T20:56:09+00:00
ncaam-209771,NCAAM,2025-26,2025-11-04T00:00:00Z,Regular,Littlejohn Coliseum,Clemson,C,New Hampshire,NH,88,38,FINISHED,ncaam,2026-08-23T20:56:09+00:00
ncaam-209772,NCAAM,2025-26,2025-11-04T00:00:00Z,Regular,Gampel Pavilion,UConn,U,New Haven,NH,79,55,FINISHED,ncaam,2026-08-23T20:56:09+00:00
ncaam-209774,NCAAM,2025-26,2025-11-04T00:00:00Z,Regular,John Paul Jones Arena,Virginia,V,Rider,R,87,53,FINISHED,ncaam,2026-08-23T20:56:09+00:00
ncaam-209776,NCAAM,2025-26,2025-11-04T00:00:00Z,Regular,Purcell Pavilion,Notre Dame,ND,Long Island University,LIU,89,67,FINISHED,ncaam,2026-08-23T20:56:09+00:00
ncaam-209781,NCAAM,2025-26,2025-11-04T00:00:00Z,Regular,Sojka Pavilion,Bucknell,B,Delaware,D,78,70,FINISHED,ncaam,2026-08-23T20:56:09+00:00
ncaam-209785,NCAAM,2025-26,2025-11-04T00:00:00Z,Regular,Cassell Coliseum,Virginia Tech,VT,Charleston Southern,CS,98,67,FINISHED,ncaam,2026-08-23T20:56:09+00:00
ncaam-209786,NCAAM,2025-26,2025-11-04T00:00:00Z,Regular,Detrick Gymnasium,Central Connecticut,CC,Vermont State - Johnson,VSJ,117,55,FINISHED,ncaam,2026-08-23T20:56:09+00:00
ncaam-212719,NCAAM,2025-26,2025-11-04T00:00:00Z,Regular,TD Arena,Charleston,C,Tusculum,T,79,58,FINISHED,ncaam,2026-08-23T20:56:09+00:00
ncaam-212722,NCAAM,2025-26,2025-11-04T00:00:00Z,Regular,Breslin Center,Michigan State,MS,Colgate,C,80,69,FINISHED,ncaam,2026-08-23T20:56:09+00:00
ncaam-212729,NCAAM,2025-26,2025-11-04T00:00:00Z,Regular,T-Mobile Arena,Arizona,A,Florida,F,93,87,FINISHED,ncaam,2026-08-23T20:56:09+00:00
ncaam-212732,NCAAM,2025-26,2025-11-04T00:00:00Z,Regular,Bud Walton Arena,Arkansas,A,Southern,S,109,77,FINISHED,ncaam,2026-08-23T20:56:09+00:00
ncaam-212733,NCAAM,2025-26,2025-11-04T00:00:00Z,Regular,Costello Athletic Center,UMass Lowell,UL,Rivier,R,107,55,FINISHED,ncaam,2026-08-23T20:56:09+00:00
ncaam-212735,NCAAM,2025-26,2025-11-04T00:00:00Z,Regular,EagleBank Arena,George Mason,GM,Wofford,W,70,46,FINISHED,ncaam,2026-08-23T20:56:09+00:00
ncaam-212737,NCAAM,2025-26,2025-11-04T00:00:00Z,Regular,The Dedmon Center,Radford,R,Western Illinois,WI,80,75,FINISHED,ncaam,2026-08-23T20:56:09+00:00
ncaam-212748,NCAAM,2025-26,2025-11-04T00:00:00Z,Regular,Trask Coliseum,UNC Wilmington,UW,Mount Olive,MO,106,77,FINISHED,ncaam,2026-08-23T20:56:09+00:00
ncaam-212750,NCAAM,2025-26,2025-11-04T00:00:00Z,Regular,Food City Center,Tennessee,T,Mercer,M,76,61,FINISHED,ncaam,2026-08-23T20:56:09+00:00
ncaam-212752,NCAAM,2025-26,2025-11-04T00:00:00Z,Regular,Savage Arena,Toledo,T,South Alabama,SA,74,76,FINISHED,ncaam,2026-08-23T20:56:09+00:00
ncaam-212754,NCAAM,2025-26,2025-11-04T00:00:00Z,Regular,McGuirk Arena,Central Michigan,CM,App State,AS,82,66,FINISHED,ncaam,2026-08-23T20:56:09+00:00
ncaam-212755,NCAAM,2025-26,2025-11-04T00:00:00Z,Regular,Stroh Center,Bowling Green,BG,Texas State,TS,83,48,FINISHED,ncaam,2026-08-23T20:56:09+00:00
ncaam-212756,NCAAM,2025-26,2025-11-04T00:00:00Z,Regular,Nutter Center,Wright State,WS,Franklin,F,86,37,FINISHED,ncaam,2026-08-23T20:56:09+00:00
ncaam-212758,NCAAM,2025-26,2025-11-04T00:00:00Z,Regular,Truist Arena,Northern Kentucky,NK,Cincinnati Clermont,CC,126,69,FINISHED,ncaam,2026-08-23T20:56:09+00:00
ncaam-212763,NCAAM,2025-26,2025-11-04T00:00:00Z,Regular,Bryce Jordan Center,Penn State,PS,Fairfield,F,76,68,FINISHED,ncaam,2026-08-23T20:56:09+00:00
ncaam-212766,NCAAM,2025-26,2025-11-04T00:00:00Z,Regular,Siegel Center,VCU,V,Wagner,W,103,74,FINISHED,ncaam,2026-08-23T20:56:09+00:00
ncaam-212767,NCAAM,2025-26,2025-11-04T00:00:00Z,Regular,Michael J. Hagan '85 Arena,Saint Joseph's,SJ,Lafayette,L,85,76,FINISHED,ncaam,2026-08-23T20:56:09+00:00
ncaam-212769,NCAAM,2025-26,2025-11-04T00:00:00Z,Regular,Worthen Arena,Ball State,BS,Louisiana,L,75,64,FINISHED,ncaam,2026-08-23T20:56:09+00:00
ncaam-212771,NCAAM,2025-26,2025-11-04T00:00:00Z,Regular,MVP Arena,Siena,S,Bryant,B,82,66,FINISHED,ncaam,2026-08-23T20:56:09+00:00
ncaam-212772,NCAAM,2025-26,2025-11-04T00:00:00Z,Regular,James A. Rhodes Arena,Akron,A,James Madison,JM,85,71,FINISHED,ncaam,2026-08-23T20:56:09+00:00
ncaam-212781,NCAAM,2025-26,2025-11-04T00:00:00Z,Regular,Fifth Third Arena,Cincinnati,C,Western Carolina,WC,94,63,FINISHED,ncaam,2026-08-23T20:56:09+00:00
ncaam-212792,NCAAM,2025-26,2025-11-04T00:00:00Z,Regular,Kaplan Arena,William & Mary,W&M,Georgian Court,GC,110,63,FINISHED,ncaam,2026-08-23T20:56:09+00:00
ncaam-212793,NCAAM,2025-26,2025-11-04T00:00:00Z,Regular,Mullins Center,Massachusetts,M,Marshall,M,72,78,FINISHED,ncaam,2026-08-23T20:56:09+00:00
ncaam-212794,NCAAM,2025-26,2025-11-04T00:00:00Z,Regular,Joan Perry Brock Center,Longwood,L,Mary Baldwin,MB,92,55,FINISHED,ncaam,2026-08-23T20:56:09+00:00
ncaam-212795,NCAAM,2025-26,2025-11-04T00:00:00Z,Regular,Ted Grant Court,Le Moyne,LM,SUNY Cobleskill,SC,94,50,FINISHED,ncaam,2026-08-23T20:56:09+00:00
ncaam-212796,NCAAM,2025-26,2025-11-04T00:00:00Z,Regular,Patrick Gymnasium,Vermont,V,Western New England,WNE,75,68,FINISHED,ncaam,2026-08-23T20:56:09+00:00
ncaam-212801,NCAAM,2025-26,2025-11-04T00:00:00Z,Regular,Alico Arena,Florida Gulf Coast,FGC,New College (FL),NC(,96,60,FINISHED,ncaam,2026-08-23T20:56:09+00:00
ncaam-212802,NCAAM,2025-26,2025-11-04T00:00:00Z,Regular,M.A.C. Center,Kent State,KS,Troy,T,97,103,FINISHED,ncaam,2026-08-23T20:56:09+00:00
ncaam-215246,NCAAM,2025-26,2025-11-04T00:00:00Z,Regular,Millett Hall,Miami (OH),M(,Old Dominion,OD,87,72,FINISHED,ncaam,2026-08-23T20:56:09+00:00
ncaam-215247,NCAAM,2025-26,2025-11-04T00:00:00Z,Regular,McAlister Field House,The Citadel,TC,Erskine,E,105,61,FINISHED,ncaam,2026-08-23T20:56:09+00:00
ncaam-215248,NCAAM,2025-26,2025-11-04T00:00:00Z,Regular,McKenzie Arena,Chattanooga,C,Union (KY),U(,92,39,FINISHED,ncaam,2026-08-23T20:56:09+00:00
ncaam-215249,NCAAM,2025-26,2025-11-04T00:00:00Z,Regular,Burr Gymnasium,Howard,H,Missouri,M,67,88,FINISHED,ncaam,2026-08-23T20:56:09+00:00
ncaam-215250,NCAAM,2025-26,2025-11-04T00:00:00Z,Regular,University Arena (MI),Western Michigan,WM,Coastal Carolina,CC,76,71,FINISHED,ncaam,2026-08-23T20:56:09+00:00
ncaam-215251,NCAAM,2025-26,2025-11-04T00:00:00Z,Regular,Convocation Center (OH),Ohio,O,Arkansas State,AS,85,89,FINISHED,ncaam,2026-08-23T20:56:09+00:00
ncaam-215252,NCAAM,2025-26,2025-11-04T00:00:00Z,Regular,Ocean Bank Convocation Center,Florida International,FI,Florida National,FN,101,49,FINISHED,ncaam,2026-08-23T20:56:09+00:00
ncaam-215253,NCAAM,2025-26,2025-11-04T00:00:00Z,Regular,Joseph G. Echols Hall,Norfolk State,NS,Washington Adventist,WA,98,76,FINISHED,ncaam,2026-08-23T20:56:09+00:00
ncaam-215254,NCAAM,2025-26,2025-11-04T00:00:00Z,Regular,John M. Belk Arena,Davidson,D,DeSales,D,97,63,FINISHED,ncaam,2026-08-23T20:56:09+00:00
ncaam-215255,NCAAM,2025-26,2025-11-04T00:00:00Z,Regular,Ellis T. Johnson Arena,Morehead State,MS,Midway University,MU,89,84,FINISHED,ncaam,2026-08-23T20:56:09+00:00
ncaam-215256,NCAAM,2025-26,2025-11-04T00:00:00Z,Regular,Liberty Arena,Liberty,L,Kentucky Christian,KC,98,57,FINISHED,ncaam,2026-08-23T20:56:09+00:00
ncaam-215257,NCAAM,2025-26,2025-11-04T00:00:00Z,Regular,KSU Convocation Center,Kennesaw State,KS,Paine,P,105,30,FINISHED,ncaam,2026-08-23T20:56:09+00:00
ncaam-215258,NCAAM,2025-26,2025-11-04T00:00:00Z,Regular,Pete Mathews Coliseum,Jacksonville State,JS,Oakwood,O,117,63,FINISHED,ncaam,2026-08-23T20:56:09+00:00
ncaam-209769,NCAAM,2025-26,2025-11-04T00:15:00Z,Regular,Cintas Center,Xavier,X,Marist,M,66,62,FINISHED,ncaam,2026-08-23T20:56:09+00:00
ncaam-209773,NCAAM,2025-26,2025-11-04T00:15:00Z,Regular,Amica Mutual Pavilion,Providence,P,Holy Cross,HC,89,79,FINISHED,ncaam,2026-08-23T20:56:09+00:00
ncaam-209787,NCAAM,2025-26,2025-11-04T00:30:00Z,Regular,Curb Event Center Arena,Belmont,B,Air Force,AF,79,63,FINISHED,ncaam,2026-08-23T20:56:09+00:00
ncaam-212725,NCAAM,2025-26,2025-11-04T00:30:00Z,Regular,Fredrick C. Hobdy Assembly Center,Grambling,G,Huston-Tillotson,HT,91,47,FINISHED,ncaam,2026-08-23T20:56:09+00:00
ncaam-212728,NCAAM,2025-26,2025-11-04T00:30:00Z,Regular,Prudential Center,Seton Hall,SH,Saint Peter's,SP,77,50,FINISHED,ncaam,2026-08-23T20:56:09+00:00
ncaam-212730,NCAAM,2025-26,2025-11-04T00:30:00Z,Regular,Bartow Arena,UAB,U,Mississippi Valley State,MVS,106,55,FINISHED,ncaam,2026-08-23T20:56:09+00:00
ncaam-212761,NCAAM,2025-26,2025-11-04T00:30:00Z,Regular,E.A. Diddle Arena,Western Kentucky,WK,Tennessee Tech,TT,82,70,FINISHED,ncaam,2026-08-23T20:56:09+00:00
ncaam-212762,NCAAM,2025-26,2025-11-04T00:30:00Z,Regular,Stegeman Coliseum,Georgia,G,Bellarmine,B,104,59,FINISHED,ncaam,2026-08-23T20:56:09+00:00
ncaam-212774,NCAAM,2025-26,2025-11-04T00:30:00Z,Regular,McCamish Pavilion,Georgia Tech,GT,Maryland Eastern Shore,MES,56,52,FINISHED,ncaam,2026-08-23T20:56:09+00:00
ncaam-212777,NCAAM,2025-26,2025-11-04T00:30:00Z,Regular,Templeton Center,Presbyterian,P,Navy,N,55,76,FINISHED,ncaam,2026-08-23T20:56:09+00:00
ncaam-212804,NCAAM,2025-26,2025-11-04T00:30:00Z,Regular,Matthews Arena,Northeastern,N,Boston University,BU,75,76,FINISHED,ncaam,2026-08-23T20:56:09+00:00
ncaam-212806,NCAAM,2025-26,2025-11-04T00:30:00Z,Regular,Bernard G. Johnson Coliseum,Sam Houston,SH,LeTourneau,L,95,59,FINISHED,ncaam,2026-08-23T20:56:09+00:00
ncaam-215259,NCAAM,2025-26,2025-11-04T00:30:00Z,Regular,Legacy Center,McNeese,M,Champion Christian,CC,127,65,FINISHED,ncaam,2026-08-23T20:56:09+00:00
ncaam-209753,NCAAM,2025-26,2025-11-04T01:00:00Z,Regular,LJVM Coliseum,Wake Forest,WF,American University,AU,88,74,FINISHED,ncaam,2026-08-23T20:56:09+00:00
ncaam-209755,NCAAM,2025-26,2025-11-04T01:00:00Z,Regular,Moody Coliseum,SMU,S,Tarleton State,TS,96,76,FINISHED,ncaam,2026-08-23T20:56:09+00:00
ncaam-209762,NCAAM,2025-26,2025-11-04T01:00:00Z,Regular,Chaifetz Arena,Saint Louis,SL,Southeast Missouri State,SMS,92,67,FINISHED,ncaam,2026-08-23T20:56:09+00:00
ncaam-209764,NCAAM,2025-26,2025-11-04T01:00:00Z,Regular,Gentile Arena,Loyola Chicago,LC,Cleveland State,CS,91,88,FINISHED,ncaam,2026-08-23T20:56:09+00:00
ncaam-209765,NCAAM,2025-26,2025-11-04T01:00:00Z,Regular,Charles E. Smith Center,George Washington,GW,Maine,M,67,47,FINISHED,ncaam,2026-08-23T20:56:09+00:00
ncaam-209777,NCAAM,2025-26,2025-11-04T01:00:00Z,Regular,Hilton Coliseum,Iowa State,IS,Fairleigh Dickinson,FD,88,50,FINISHED,ncaam,2026-08-23T20:56:09+00:00
ncaam-209778,NCAAM,2025-26,2025-11-04T01:00:00Z,Regular,Coleman Coliseum,Alabama,A,North Dakota,ND,91,62,FINISHED,ncaam,2026-08-23T20:56:09+00:00
ncaam-209780,NCAAM,2025-26,2025-11-04T01:00:00Z,Regular,Watsco Center,Miami,M,Jacksonville,J,86,69,FINISHED,ncaam,2026-08-23T20:56:09+00:00
ncaam-209782,NCAAM,2025-26,2025-11-04T01:00:00Z,Regular,The Sandy and John Black Pavilion at Ole Miss,Ole Miss,OM,SE Louisiana,SL,88,58,FINISHED,ncaam,2026-08-23T20:56:09+00:00
ncaam-209783,NCAAM,2025-26,2025-11-04T01:00:00Z,Regular,Schollmaier Arena,TCU,T,New Orleans,NO,74,78,FINISHED,ncaam,2026-08-23T20:56:09+00:00
ncaam-212726,NCAAM,2025-26,2025-11-04T01:00:00Z,Regular,Williams Arena,Minnesota,M,Gardner-Webb,GW,87,60,FINISHED,ncaam,2026-08-23T20:56:09+00:00
ncaam-212727,NCAAM,2025-26,2025-11-04T01:00:00Z,Regular,Kohl Center,Wisconsin,W,Campbell,C,96,64,FINISHED,ncaam,2026-08-23T20:56:09+00:00
ncaam-212738,NCAAM,2025-26,2025-11-04T01:00:00Z,Regular,Pinnacle Bank Arena,Nebraska,N,West Georgia,WG,86,53,FINISHED,ncaam,2026-08-23T20:56:09+00:00
ncaam-212740,NCAAM,2025-26,2025-11-04T01:00:00Z,Regular,Fertitta Center,Houston,H,Lehigh,L,75,57,FINISHED,ncaam,2026-08-23T20:56:09+00:00
ncaam-212751,NCAAM,2025-26,2025-11-04T01:00:00Z,Regular,Neville Arena,Auburn,A,Bethune-Cookman,BC,95,90,FINISHED,ncaam,2026-08-23T20:56:09+00:00
ncaam-212753,NCAAM,2025-26,2025-11-04T01:00:00Z,Regular,NIU Convocation Center,Northern Illinois,NI,UL Monroe,UM,102,82,FINISHED,ncaam,2026-08-23T20:56:09+00:00
ncaam-212760,NCAAM,2025-26,2025-11-04T01:00:00Z,Regular,Credit Union 1 Arena,UIC,U,Detroit Mercy,DM,91,71,FINISHED,ncaam,2026-08-23T20:56:09+00:00
ncaam-212764,NCAAM,2025-26,2025-11-04T01:00:00Z,Regular,Fiserv Forum,Marquette,M,UAlbany,U,80,53,FINISHED,ncaam,2026-08-23T20:56:09+00:00
ncaam-212768,NCAAM,2025-26,2025-11-04T01:00:00Z,Regular,Wintrust Arena,DePaul,D,Chicago State,CS,92,62,FINISHED,ncaam,2026-08-23T20:56:09+00:00
ncaam-212770,NCAAM,2025-26,2025-11-04T01:00:00Z,Regular,UW-Milwaukee Panther Arena,Milwaukee,M,Hampton,H,90,86,FINISHED,ncaam,2026-08-23T20:56:09+00:00
ncaam-212775,NCAAM,2025-26,2025-11-04T01:00:00Z,Regular,Welsh-Ryan Arena,Northwestern,N,Mercyhurst,M,70,47,FINISHED,ncaam,2026-08-23T20:56:09+00:00
ncaam-212779,NCAAM,2025-26,2025-11-04T01:00:00Z,Regular,Allen Fieldhouse,Kansas,K,Green Bay,GB,94,51,FINISHED,ncaam,2026-08-23T20:56:09+00:00
ncaam-212783,NCAAM,2025-26,2025-11-04T01:00:00Z,Regular,Foster Pavilion,Baylor,B,UT Rio Grande Valley,URGV,96,81,FINISHED,ncaam,2026-08-23T20:56:09+00:00
ncaam-212798,NCAAM,2025-26,2025-11-04T01:00:00Z,Regular,College Park Center,UT Arlington,UA,UNT Dallas,UD,91,40,FINISHED,ncaam,2026-08-23T20:56:09+00:00
ncaam-212807,NCAAM,2025-26,2025-11-04T01:00:00Z,Regular,Event Center,Alabama A&M,AA,Blue Mountain,BM,80,60,FINISHED,ncaam,2026-08-23T20:56:09+00:00
ncaam-212809,NCAAM,2025-26,2025-11-04T01:00:00Z,Regular,Christl Arena,Army,A,SUNY-Maritime,SM,73,49,FINISHED,ncaam,2026-08-23T20:56:09+00:00
ncaam-212810,NCAAM,2025-26,2025-11-04T01:00:00Z,Regular,University Credit Union Center,UC Davis,UD,Menlo,M,96,69,FINISHED,ncaam,2026-08-23T20:56:09+00:00
ncaam-212811,NCAAM,2025-26,2025-11-04T01:00:00Z,Regular,Memorial Gymnasium (TN),Vanderbilt,V,Lipscomb,L,105,61,FINISHED,ncaam,2026-08-23T20:56:09+00:00
ncaam-212812,NCAAM,2025-26,2025-11-04T01:00:00Z,Regular,Halton Arena,Charlotte,C,Indiana State,IS,92,76,FINISHED,ncaam,2026-08-23T20:56:09+00:00
ncaam-215242,NCAAM,2025-26,2025-11-04T01:00:00Z,Regular,Reynolds Center,Tulsa,T,Oklahoma Christian,OC,100,57,FINISHED,ncaam,2026-08-23T20:56:09+00:00
ncaam-215260,NCAAM,2025-26,2025-11-04T01:00:00Z,Regular,Swinney Center,Kansas City,KC,Evangel,E,80,74,FINISHED,ncaam,2026-08-23T20:56:09+00:00
ncaam-215261,NCAAM,2025-26,2025-11-04T01:00:00Z,Regular,Reed Arena,Texas A&M,TA,Northwestern State,NS,98,68,FINISHED,ncaam,2026-08-23T20:56:09+00:00
ncaam-215262,NCAAM,2025-26,2025-11-04T01:00:00Z,Regular,Gentry Center,Tennessee State,TS,Fisk,F,101,50,FINISHED,ncaam,2026-08-23T20:56:09+00:00
ncaam-215263,NCAAM,2025-26,2025-11-04T01:00:00Z,Regular,Banterra Center,Southern Illinois,SI,McKendree,M,83,42,FINISHED,ncaam,2026-08-23T20:56:09+00:00
ncaam-215264,NCAAM,2025-26,2025-11-04T01:00:00Z,Regular,Sharp Gymnasium,Houston Christian,HC,Southern Arkansas,SA,74,70,FINISHED,ncaam,2026-08-23T20:56:09+00:00
ncaam-209775,NCAAM,2025-26,2025-11-04T01:30:00Z,Regular,Lloyd Noble Center,Oklahoma,O,St. Francis (PA),SF(,102,66,FINISHED,ncaam,2026-08-23T20:56:09+00:00
ncaam-209779,NCAAM,2025-26,2025-11-04T01:30:00Z,Regular,Sanford Coyote Sports Center,South Dakota,SD,Utah Tech,UT,79,81,FINISHED,ncaam,2026-08-23T20:56:09+00:00
ncaam-212723,NCAAM,2025-26,2025-11-04T01:30:00Z,Regular,State Farm Center,Illinois,I,Jackson State,JS,113,55,FINISHED,ncaam,2026-08-23T20:56:09+00:00
ncaam-212731,NCAAM,2025-26,2025-11-04T01:30:00Z,Regular,Devlin Fieldhouse,Tulane,T,Samford,S,85,72,FINISHED,ncaam,2026-08-23T20:56:09+00:00
ncaam-212736,NCAAM,2025-26,2025-11-04T01:30:00Z,Regular,Crisler Center,Michigan,M,Oakland,O,121,78,FINISHED,ncaam,2026-08-23T20:56:09+00:00
ncaam-212747,NCAAM,2025-26,2025-11-04T01:30:00Z,Regular,Arena-Auditorium,Wyoming,W,Northern State,NS,99,75,FINISHED,ncaam,2026-08-23T20:56:09+00:00
ncaam-212813,NCAAM,2025-26,2025-11-04T01:30:00Z,Regular,American Bank Center,Texas A&M-Corpus Christi,TACC,Trinity (TX),T(,83,56,FINISHED,ncaam,2026-08-23T20:56:09+00:00
ncaam-215265,NCAAM,2025-26,2025-11-04T01:30:00Z,Regular,F&M Bank Arena,Austin Peay,AP,Bryan (TN),B(,128,47,FINISHED,ncaam,2026-08-23T20:56:09+00:00
ncaam-215266,NCAAM,2025-26,2025-11-04T01:30:00Z,Regular,The Super Pit,North Texas,NT,New Mexico Highlands,NMH,88,54,FINISHED,ncaam,2026-08-23T20:56:09+00:00
ncaam-212739,NCAAM,2025-26,2025-11-04T01:50:00Z,Regular,Addition Financial Arena,UCF,U,Hofstra,H,82,78,FINISHED,ncaam,2026-08-23T20:56:09+00:00
ncaam-212808,NCAAM,2025-26,2025-11-04T01:50:00Z,Regular,Yuengling Center,South Florida,SF,Florida A&M,FA,102,67,FINISHED,ncaam,2026-08-23T20:56:09+00:00
ncaam-209759,NCAAM,2025-26,2025-11-04T02:00:00Z,Regular,KFC Yum! Center,Louisville,L,South Carolina State,SCS,104,45,FINISHED,ncaam,2026-08-23T20:56:09+00:00
ncaam-212717,NCAAM,2025-26,2025-11-04T02:00:00Z,Regular,Dee Glen Smith Spectrum,Utah State,US,Westminster (UT),W(,110,54,FINISHED,ncaam,2026-08-23T20:56:09+00:00
ncaam-212742,NCAAM,2025-26,2025-11-04T02:00:00Z,Regular,Firestone Fieldhouse,Pepperdine,P,Life Pacific,LP,88,80,FINISHED,ncaam,2026-08-23T20:56:09+00:00
ncaam-212744,NCAAM,2025-26,2025-11-04T02:00:00Z,Regular,McCarthey Athletic Center,Gonzaga,G,Texas Southern,TS,98,43,FINISHED,ncaam,2026-08-23T20:56:09+00:00
ncaam-212745,NCAAM,2025-26,2025-11-04T02:00:00Z,Regular,ExtraMile Arena,Boise State,BS,Hawai'i Pacific,HP,78,79,FINISHED,ncaam,2026-08-23T20:56:09+00:00
ncaam-212746,NCAAM,2025-26,2025-11-04T02:00:00Z,Regular,Moby Arena,Colorado State,CS,Incarnate Word,IW,98,64,FINISHED,ncaam,2026-08-23T20:56:09+00:00
ncaam-212757,NCAAM,2025-26,2025-11-04T02:00:00Z,Regular,Global Credit Union Arena,Grand Canyon,GC,Purdue Fort Wayne,PFW,90,71,FINISHED,ncaam,2026-08-23T20:56:09+00:00
ncaam-212776,NCAAM,2025-26,2025-11-04T02:00:00Z,Regular,CFG Bank Arena,Loyola Maryland,LM,Towson,T,56,67,FINISHED,ncaam,2026-08-23T20:56:09+00:00
ncaam-212778,NCAAM,2025-26,2025-11-04T02:00:00Z,Regular,Jon M. Huntsman Center,Utah,U,San José State,SJS,84,75,FINISHED,ncaam,2026-08-23T20:56:09+00:00
ncaam-212780,NCAAM,2025-26,2025-11-04T02:00:00Z,Regular,CU Events Center,Colorado,C,Montana State,MS,84,78,FINISHED,ncaam,2026-08-23T20:56:09+00:00
ncaam-212814,NCAAM,2025-26,2025-11-04T02:00:00Z,Regular,Dee Events Center,Weber State,WS,West Coast Baptist,WCB,130,38,FINISHED,ncaam,2026-08-23T20:56:09+00:00
ncaam-212815,NCAAM,2025-26,2025-11-04T02:00:00Z,Regular,Moody Coliseum (Abilene),Abilene Christian,AC,McMurry,M,92,55,FINISHED,ncaam,2026-08-23T20:56:09+00:00
ncaam-215267,NCAAM,2025-26,2025-11-04T02:00:00Z,Regular,Sanford Pentagon,Merrimack,M,South Dakota State,SDS,66,75,FINISHED,ncaam,2026-08-23T20:56:09+00:00
ncaam-215268,NCAAM,2025-26,2025-11-04T02:00:00Z,Regular,Don Haskins Center,UTEP,U,UT Permian Basin,UPB,98,56,FINISHED,ncaam,2026-08-23T20:56:09+00:00
ncaam-215269,NCAAM,2025-26,2025-11-04T02:00:00Z,Regular,Dahlberg Arena,Montana,M,Northwest Indian,NI,106,41,FINISHED,ncaam,2026-08-23T20:56:09+00:00
ncaam-212720,NCAAM,2025-26,2025-11-04T02:30:00Z,Regular,Galen Center,USC,U,Cal Poly,CP,94,64,FINISHED,ncaam,2026-08-23T20:56:09+00:00
ncaam-212743,NCAAM,2025-26,2025-11-04T02:30:00Z,Regular,Gill Coliseum,Oregon State,OS,North Dakota State,NDS,67,65,FINISHED,ncaam,2026-08-23T20:56:09+00:00
ncaam-212749,NCAAM,2025-26,2025-11-04T02:30:00Z,Regular,Beasley Coliseum,Washington State,WS,Idaho,I,81,83,FINISHED,ncaam,2026-08-23T20:56:09+00:00
ncaam-212782,NCAAM,2025-26,2025-11-04T02:30:00Z,Regular,T-Mobile Arena,BYU,B,Villanova,V,71,66,FINISHED,ncaam,2026-08-23T20:56:09+00:00
ncaam-212816,NCAAM,2025-26,2025-11-04T02:30:00Z,Regular,Bank of Colorado Arena,Northern Colorado,NC,Colorado College,CC,91,57,FINISHED,ncaam,2026-08-23T20:56:09+00:00
ncaam-209760,NCAAM,2025-26,2025-11-04T03:00:00Z,Regular,Haas Pavilion,California,C,Cal State Bakersfield,CSB,87,60,FINISHED,ncaam,2026-08-23T20:56:09+00:00
ncaam-212734,NCAAM,2025-26,2025-11-04T03:00:00Z,Regular,The Sobrato Center,San Francisco,SF,UC Santa Cruz,USC,98,53,FINISHED,ncaam,2026-08-23T20:56:09+00:00
ncaam-212741,NCAAM,2025-26,2025-11-04T03:00:00Z,Regular,Redhawk Center,Seattle U,SU,Denver,D,84,73,FINISHED,ncaam,2026-08-23T20:56:09+00:00
ncaam-212797,NCAAM,2025-26,2025-11-04T03:00:00Z,Regular,SRC Arena,UC Riverside,UR,La Sierra,LS,90,49,FINISHED,ncaam,2026-08-23T20:56:09+00:00
ncaam-212800,NCAAM,2025-26,2025-11-04T03:00:00Z,Regular,Premier America Credit Union Arena,Cal State Northridge,CSN,Nobel,N,99,58,FINISHED,ncaam,2026-08-23T20:56:09+00:00
ncaam-212803,NCAAM,2025-26,2025-11-04T03:00:00Z,Regular,Titan Gym,Cal State Fullerton,CSF,Caltech,C,136,82,FINISHED,ncaam,2026-08-23T20:56:09+00:00
ncaam-212817,NCAAM,2025-26,2025-11-04T03:00:00Z,Regular,LionTree Arena,UC San Diego,USD,La Verne,LV,105,73,FINISHED,ncaam,2026-08-23T20:56:09+00:00
ncaam-212818,NCAAM,2025-26,2025-11-04T03:00:00Z,Regular,Chiles Center,Portland,P,Willamette,W,120,83,FINISHED,ncaam,2026-08-23T20:56:09+00:00
ncaam-212819,NCAAM,2025-26,2025-11-04T03:00:00Z,Regular,Gersten Pavilion,Loyola Marymount,LM,Lincoln University (CA),LU(,137,54,FINISHED,ncaam,2026-08-23T20:56:09+00:00
ncaam-215270,NCAAM,2025-26,2025-11-04T03:00:00Z,Regular,Bren Events Center,UC Irvine,UI,Bethesda University,BU,125,49,FINISHED,ncaam,2026-08-23T20:56:09+00:00
ncaam-215271,NCAAM,2025-26,2025-11-04T03:00:00Z,Regular,University Credit Union Pavilion,Saint Mary's,SM,St. Thomas-Minnesota,STM,84,58,FINISHED,ncaam,2026-08-23T20:56:09+00:00
ncaam-209766,NCAAM,2025-26,2025-11-04T03:30:00Z,Regular,Pauley Pavilion,UCLA,U,Eastern Washington,EW,80,74,FINISHED,ncaam,2026-08-23T20:56:09+00:00
ncaam-212805,NCAAM,2025-26,2025-11-04T03:30:00Z,Regular,Dale E. and Sarah Ann Fowler Events Center,California Baptist,CB,South Carolina Upstate,SCU,87,75,FINISHED,ncaam,2026-08-23T20:56:09+00:00
ncaam-215272,NCAAM,2025-26,2025-11-04T03:30:00Z,Regular,Save Mart Center,Fresno State,FS,Fresno Pacific,FP,88,51,FINISHED,ncaam,2026-08-23T20:56:09+00:00
ncaam-212724,NCAAM,2025-26,2025-11-04T04:00:00Z,Regular,Alaska Airlines Arena,Washington,W,Arkansas-Pine Bluff,APB,94,50,FINISHED,ncaam,2026-08-23T20:56:09+00:00
ncaam-212839,NCAAM,2025-26,2025-11-04T23:00:00Z,Regular,Chesapeake Employers Insurance Arena,UMBC,U,Penn State-York,PSY,74,53,FINISHED,ncaam,2026-08-23T20:56:09+00:00
ncaam-215273,NCAAM,2025-26,2025-11-04T23:30:00Z,Regular,Mackey Arena,Purdue,P,Evansville,E,82,51,FINISHED,ncaam,2026-08-23T20:56:09+00:00
ncaam-209789,NCAAM,2025-26,2025-11-05T00:00:00Z,Regular,WVU Coliseum,West Virginia,WV,Mount St. Mary's,MSM,70,54,FINISHED,ncaam,2026-08-23T20:56:09+00:00
ncaam-212820,NCAAM,2025-26,2025-11-05T00:00:00Z,Regular,Colonial Life Arena,South Carolina,SC,North Carolina A&T,NCA,91,72,FINISHED,ncaam,2026-08-23T20:56:09+00:00
ncaam-212824,NCAAM,2025-26,2025-11-05T00:00:00Z,Regular,Rupp Arena,Kentucky,K,Nicholls,N,77,51,FINISHED,ncaam,2026-08-23T20:56:09+00:00
ncaam-212825,NCAAM,2025-26,2025-11-05T00:00:00Z,Regular,Tucker Center,Florida State,FS,Alcorn State,AS,108,76,FINISHED,ncaam,2026-08-23T20:56:09+00:00
ncaam-212828,NCAAM,2025-26,2025-11-05T00:00:00Z,Regular,Freedom Hall (TN),East Tennessee State,ETS,Converse University,CU,102,50,FINISHED,ncaam,2026-08-23T20:56:09+00:00
ncaam-212829,NCAAM,2025-26,2025-11-05T00:00:00Z,Regular,OceanFirst Bank Center,Monmouth,M,Caldwell,C,96,68,FINISHED,ncaam,2026-08-23T20:56:09+00:00
ncaam-212834,NCAAM,2025-26,2025-11-05T00:00:00Z,Regular,Minges Coliseum,East Carolina,EC,Georgia Southern,GS,92,89,FINISHED,ncaam,2026-08-23T20:56:09+00:00
ncaam-212840,NCAAM,2025-26,2025-11-05T00:00:00Z,Regular,Draddy Gymnasium,Manhattan,M,St. Joseph's (NY),SJ(,125,59,FINISHED,ncaam,2026-08-23T20:56:09+00:00
ncaam-212841,NCAAM,2025-26,2025-11-05T00:00:00Z,Regular,William H. Pitt Center,Sacred Heart,SH,Merchant Marine Academy,MMA,103,46,FINISHED,ncaam,2026-08-23T20:56:09+00:00
ncaam-212842,NCAAM,2025-26,2025-11-05T00:00:00Z,Regular,Rose Hill Gym,Fordham,F,NJIT,N,61,72,FINISHED,ncaam,2026-08-23T20:56:09+00:00
ncaam-215274,NCAAM,2025-26,2025-11-05T00:00:00Z,Regular,First Community Arena,SIU Edwardsville,SE,East-West University,EWU,119,50,FINISHED,ncaam,2026-08-23T20:56:09+00:00
ncaam-212822,NCAAM,2025-26,2025-11-05T00:30:00Z,Regular,Charles Koch Arena,Wichita State,WS,UNC Asheville,UA,75,58,FINISHED,ncaam,2026-08-23T20:56:09+00:00
ncaam-209790,NCAAM,2025-26,2025-11-05T01:00:00Z,Regular,Gallagher-Iba Arena,Oklahoma State,OS,Oral Roberts,OR,95,71,FINISHED,ncaam,2026-08-23T20:56:09+00:00
ncaam-212823,NCAAM,2025-26,2025-11-05T01:00:00Z,Regular,Tudor Fieldhouse,Rice,R,College Of Biblical Studies,COBS,109,38,FINISHED,ncaam,2026-08-23T20:56:09+00:00
ncaam-212826,NCAAM,2025-26,2025-11-05T01:00:00Z,Regular,Jack Stephens Center,Little Rock,LR,Arkansas Baptist,AB,92,63,FINISHED,ncaam,2026-08-23T20:56:09+00:00
ncaam-212832,NCAAM,2025-26,2025-11-05T01:00:00Z,Regular,Great Southern Bank Arena,Missouri State,MS,Missouri Southern State,MSS,88,70,FINISHED,ncaam,2026-08-23T20:56:09+00:00
ncaam-212836,NCAAM,2025-26,2025-11-05T01:00:00Z,Regular,United Supermarkets Arena,Texas Tech,TT,Lindenwood,L,98,60,FINISHED,ncaam,2026-08-23T20:56:09+00:00
ncaam-212837,NCAAM,2025-26,2025-11-05T01:00:00Z,Regular,Bramlage Coliseum,Kansas State,KS,UNC Greensboro,UG,93,64,FINISHED,ncaam,2026-08-23T20:56:09+00:00
ncaam-212843,NCAAM,2025-26,2025-11-05T01:00:00Z,Regular,UCCU Center,Utah Valley,UV,West Coast Baptist,WCB,116,35,FINISHED,ncaam,2026-08-23T20:56:09+00:00
ncaam-212844,NCAAM,2025-26,2025-11-05T01:00:00Z,Regular,Athletics-Recreation Center,Valparaiso,V,Eastern Illinois,EI,66,63,FINISHED,ncaam,2026-08-23T20:56:09+00:00
ncaam-212831,NCAAM,2025-26,2025-11-05T01:30:00Z,Regular,Carver-Hawkeye Arena,Iowa,I,Robert Morris,RM,101,69,FINISHED,ncaam,2026-08-23T20:56:09+00:00
ncaam-209788,NCAAM,2025-26,2025-11-05T01:45:00Z,Regular,Spectrum Center,Duke,D,Texas,T,75,60,FINISHED,ncaam,2026-08-23T20:56:09+00:00
ncaam-212830,NCAAM,2025-26,2025-11-05T02:00:00Z,Regular,Jenny Craig Pavilion,San Diego,SD,Occidental,O,88,59,FINISHED,ncaam,2026-08-23T20:56:09+00:00
ncaam-212838,NCAAM,2025-26,2025-11-05T02:00:00Z,Regular,Desert Financial Arena,Arizona State,AS,Southern Utah,SU,81,64,FINISHED,ncaam,2026-08-23T20:56:09+00:00
ncaam-215275,NCAAM,2025-26,2025-11-05T02:00:00Z,Regular,Pan American Center,New Mexico State,NMS,Adams State,AS,83,72,FINISHED,ncaam,2026-08-23T20:56:09+00:00
ncaam-215276,NCAAM,2025-26,2025-11-05T02:00:00Z,Regular,The Thunderdome,UC Santa Barbara,USB,San Francisco State,SFS,98,67,FINISHED,ncaam,2026-08-23T20:56:09+00:00
ncaam-209791,NCAAM,2025-26,2025-11-05T03:00:00Z,Regular,Maples Pavilion,Stanford,S,Portland State,PS,89,79,FINISHED,ncaam,2026-08-23T20:56:09+00:00
ncaam-212821,NCAAM,2025-26,2025-11-05T03:00:00Z,Regular,Lawlor Events Center,Nevada,N,Louisiana Tech,LT,77,50,FINISHED,ncaam,2026-08-23T20:56:09+00:00
ncaam-212833,NCAAM,2025-26,2025-11-05T03:00:00Z,Regular,Viejas Arena,San Diego State,SDS,Long Beach State,LBS,77,45,FINISHED,ncaam,2026-08-23T20:56:09+00:00
ncaam-212835,NCAAM,2025-26,2025-11-05T03:00:00Z,Regular,Thomas & Mack Center,UNLV,U,UT Martin,UM,81,86,FINISHED,ncaam,2026-08-23T20:56:09+00:00
ncaam-212845,NCAAM,2025-26,2025-11-05T03:00:00Z,Regular,The Well,Sacramento State,SS,Dominican (CA),D(,103,79,FINISHED,ncaam,2026-08-23T20:56:09+00:00
ncaam-212846,NCAAM,2025-26,2025-11-05T03:00:00Z,Regular,Leavey Center,Santa Clara,SC,Humboldt State,HS,83,53,FINISHED,ncaam,2026-08-23T20:56:09+00:00
ncaam-212847,NCAAM,2025-26,2025-11-05T03:00:00Z,Regular,Reed Arena,Idaho State,IS,Park University Gilbert,PUG,81,71,FINISHED,ncaam,2026-08-23T20:56:09+00:00
ncaam-212827,NCAAM,2025-26,2025-11-05T03:30:00Z,Regular,Matthew Knight Arena,Oregon,O,Hawai'i,H,60,59,FINISHED,ncaam,2026-08-23T20:56:09+00:00
ncaam-212858,NCAAM,2025-26,2025-11-05T16:30:00Z,Regular,Murphy Center,Middle Tennessee,MT,Milligan,M,100,51,FINISHED,ncaam,2026-08-23T20:56:09+00:00
ncaam-209793,NCAAM,2025-26,2025-11-05T23:00:00Z,Regular,Jersey Mike’s Arena,Rutgers,R,Rider,R,81,53,FINISHED,ncaam,2026-08-23T20:56:09+00:00
ncaam-212850,NCAAM,2025-26,2025-11-05T23:00:00Z,Regular,Templeton Center,Presbyterian,P,Bluefield University,BU,105,76,FINISHED,ncaam,2026-08-23T20:56:09+00:00
ncaam-212861,NCAAM,2025-26,2025-11-05T23:00:00Z,Regular,Events Center (Binghamton),Binghamton,B,RIT,R,66,56,FINISHED,ncaam,2026-08-23T20:56:09+00:00
ncaam-212859,NCAAM,2025-26,2025-11-05T23:30:00Z,Regular,John Glaser Arena,La Salle,LS,Coppin State,CS,87,59,FINISHED,ncaam,2026-08-23T20:56:09+00:00
ncaam-212862,NCAAM,2025-26,2025-11-05T23:30:00Z,Regular,Holmes Convocation Center,App State,AS,Carolina University,CU,92,46,FINISHED,ncaam,2026-08-23T20:56:09+00:00
ncaam-209792,NCAAM,2025-26,2025-11-06T00:00:00Z,Regular,Robins Center,Richmond,R,Southern Virginia,SV,84,56,FINISHED,ncaam,2026-08-23T20:56:09+00:00
ncaam-212848,NCAAM,2025-26,2025-11-06T00:00:00Z,Regular,Schar Center,Elon,E,Belmont Abbey,BA,99,51,FINISHED,ncaam,2026-08-23T20:56:09+00:00
ncaam-212851,NCAAM,2025-26,2025-11-06T00:00:00Z,Regular,Liacouras Center,Temple,T,Delaware State,DS,83,65,FINISHED,ncaam,2026-08-23T20:56:09+00:00
ncaam-212854,NCAAM,2025-26,2025-11-06T00:00:00Z,Regular,Hawkins Arena,Mercer,M,LaGrange,L,101,62,FINISHED,ncaam,2026-08-23T20:56:09+00:00
ncaam-212856,NCAAM,2025-26,2025-11-06T00:00:00Z,Regular,Stegeman Coliseum,Georgia,G,Maryland Eastern Shore,MES,94,29,FINISHED,ncaam,2026-08-23T20:56:09+00:00
ncaam-212860,NCAAM,2025-26,2025-11-06T00:00:00Z,Regular,Hinkle Fieldhouse,Butler,B,Southern Indiana,SI,88,58,FINISHED,ncaam,2026-08-23T20:56:09+00:00
ncaam-212863,NCAAM,2025-26,2025-11-06T00:00:00Z,Regular,William Nicks Building,Prairie View A&M,PVA,Dallas,D,94,53,FINISHED,ncaam,2026-08-23T20:56:09+00:00
ncaam-212864,NCAAM,2025-26,2025-11-06T00:00:00Z,Regular,Patrick Gymnasium,Vermont,V,Plattsburgh St,PS,113,62,FINISHED,ncaam,2026-08-23T20:56:09+00:00
ncaam-212865,NCAAM,2025-26,2025-11-06T00:00:00Z,Regular,Curry Arena,Queens University,QU,Lynchburg,L,87,76,FINISHED,ncaam,2026-08-23T20:56:09+00:00
ncaam-215277,NCAAM,2025-26,2025-11-06T00:00:00Z,Regular,UTSA Convocation Center,UTSA,U,College Of Biblical Studies,COBS,97,30,FINISHED,ncaam,2026-08-23T20:56:09+00:00
ncaam-215278,NCAAM,2025-26,2025-11-06T00:00:00Z,Regular,R.W. Harrison HPER Complex,Mississippi Valley State,MVS,Mississippi University For Women,MUFW,97,61,FINISHED,ncaam,2026-08-23T20:56:09+00:00
ncaam-215279,NCAAM,2025-26,2025-11-06T00:00:00Z,Regular,Atlantic Union Bank Center,James Madison,JM,Washington and Lee,WAL,70,56,FINISHED,ncaam,2026-08-23T20:56:09+00:00
ncaam-215280,NCAAM,2025-26,2025-11-06T00:00:00Z,Regular,Kirby Sports Center,Lafayette,L,Dickinson (PA),D(,79,44,FINISHED,ncaam,2026-08-23T20:56:09+00:00
ncaam-215281,NCAAM,2025-26,2025-11-06T00:00:00Z,Regular,Joseph G. Echols Hall,Norfolk State,NS,Regent,R,119,55,FINISHED,ncaam,2026-08-23T20:56:09+00:00
ncaam-209794,NCAAM,2025-26,2025-11-06T01:00:00Z,Regular,CHI Health Center Omaha,Creighton,C,South Dakota,SD,92,76,FINISHED,ncaam,2026-08-23T20:56:09+00:00
ncaam-212849,NCAAM,2025-26,2025-11-06T01:00:00Z,Regular,Pete Maravich Assembly Center,LSU,L,Tarleton State,TS,96,60,FINISHED,ncaam,2026-08-23T20:56:09+00:00
ncaam-212857,NCAAM,2025-26,2025-11-06T01:00:00Z,Regular,Fiserv Forum,Marquette,M,Southern,S,100,82,FINISHED,ncaam,2026-08-23T20:56:09+00:00
ncaam-212866,NCAAM,2025-26,2025-11-06T01:00:00Z,Regular,Strahan Arena at the University Events Center,Texas State,TS,Texas A&M-San Antonio,TASA,114,55,FINISHED,ncaam,2026-08-23T20:56:09+00:00
ncaam-212867,NCAAM,2025-26,2025-11-06T01:00:00Z,Regular,Simon Skjodt Assembly Hall,Indiana,I,Alabama A&M,AA,98,51,FINISHED,ncaam,2026-08-23T20:56:09+00:00
ncaam-212852,NCAAM,2025-26,2025-11-06T02:00:00Z,Regular,University Credit Union Center,UC Davis,UD,North Dakota State,NDS,80,68,FINISHED,ncaam,2026-08-23T20:56:09+00:00
ncaam-212855,NCAAM,2025-26,2025-11-06T02:00:00Z,Regular,Humphrey Coliseum,Mississippi State,MS,North Alabama,NA,86,62,FINISHED,ncaam,2026-08-23T20:56:09+00:00
ncaam-212868,NCAAM,2025-26,2025-11-06T02:00:00Z,Regular,Save Mart Center,Fresno State,FS,South Carolina Upstate,SCU,66,67,FINISHED,ncaam,2026-08-23T20:56:09+00:00
ncaam-212869,NCAAM,2025-26,2025-11-06T02:00:00Z,Regular,Worthington Arena,Montana State,MS,Northwest Indian,NI,114,44,FINISHED,ncaam,2026-08-23T20:56:09+00:00
ncaam-212870,NCAAM,2025-26,2025-11-06T02:00:00Z,Regular,Burns Arena,Utah Tech,UT,Bethesda University,BU,110,65,FINISHED,ncaam,2026-08-23T20:56:09+00:00
ncaam-215282,NCAAM,2025-26,2025-11-06T02:00:00Z,Regular,The Pit,New Mexico,NM,East Texas A&M,ETA,76,54,FINISHED,ncaam,2026-08-23T20:56:09+00:00
ncaam-215283,NCAAM,2025-26,2025-11-06T02:00:00Z,Regular,Dahlberg Arena,Montana,M,Ottawa (AZ),O(,73,39,FINISHED,ncaam,2026-08-23T20:56:09+00:00
ncaam-212871,NCAAM,2025-26,2025-11-06T03:00:00Z,Regular,Alex G. Spanos Center,Pacific,P,Life Pacific,LP,83,56,FINISHED,ncaam,2026-08-23T20:56:09+00:00
ncaam-215284,NCAAM,2025-26,2025-11-06T03:00:00Z,Regular,Mott Athletics Center,Cal Poly,CP,Pacific Lutheran,PL,101,79,FINISHED,ncaam,2026-08-23T20:56:09+00:00
ncaam-212853,NCAAM,2025-26,2025-11-06T03:30:00Z,Regular,Gersten Pavilion,Loyola Marymount,LM,Eastern Washington,EW,70,62,FINISHED,ncaam,2026-08-23T20:56:09+00:00
ncaam-212883,NCAAM,2025-26,2025-11-06T16:30:00Z,Regular,Reitz Arena,Loyola Maryland,LM,Penn St Abington,PSA,96,60,FINISHED,ncaam,2026-08-23T20:56:09+00:00
ncaam-212882,NCAAM,2025-26,2025-11-06T19:00:00Z,Regular,Icardo Center,Cal State Bakersfield,CSB,Whittier,W,83,61,FINISHED,ncaam,2026-08-23T20:56:09+00:00
ncaam-209802,NCAAM,2025-26,2025-11-06T23:00:00Z,Regular,Hill Field House,Morgan State,MS,Central Penn,CP,101,77,FINISHED,ncaam,2026-08-23T20:56:09+00:00
ncaam-212885,NCAAM,2025-26,2025-11-06T23:00:00Z,Regular,Lundholm Gymnasium,New Hampshire,NH,Curry College,CC,113,31,FINISHED,ncaam,2026-08-23T20:56:09+00:00
ncaam-209805,NCAAM,2025-26,2025-11-06T23:30:00Z,Regular,The Jungle,IU Indianapolis,II,Long Island University,LIU,90,94,FINISHED,ncaam,2026-08-23T20:56:09+00:00
ncaam-209796,NCAAM,2025-26,2025-11-07T00:00:00Z,Regular,KFC Yum! Center,Louisville,L,Jackson State,JS,106,70,FINISHED,ncaam,2026-08-23T20:56:09+00:00
ncaam-209798,NCAAM,2025-26,2025-11-07T00:00:00Z,Regular,Conte Forum,Boston College,BC,The Citadel,TC,76,47,FINISHED,ncaam,2026-08-23T20:56:09+00:00
ncaam-209801,NCAAM,2025-26,2025-11-07T00:00:00Z,Regular,Koessler Athletic Center,Canisius,C,Allegheny,A,84,43,FINISHED,ncaam,2026-08-23T20:56:09+00:00
ncaam-209803,NCAAM,2025-26,2025-11-07T00:00:00Z,Regular,Convocation Center (OH),Ohio,O,Illinois State,IS,72,68,FINISHED,ncaam,2026-08-23T20:56:09+00:00
ncaam-209804,NCAAM,2025-26,2025-11-07T00:00:00Z,Regular,M&T Bank Arena,Quinnipiac,Q,Central Connecticut,CC,71,49,FINISHED,ncaam,2026-08-23T20:56:09+00:00
ncaam-209806,NCAAM,2025-26,2025-11-07T00:00:00Z,Regular,Cintas Center,Xavier,X,Le Moyne,LM,74,69,FINISHED,ncaam,2026-08-23T20:56:09+00:00
ncaam-209808,NCAAM,2025-26,2025-11-07T00:00:00Z,Regular,Watsco Center,Miami,M,Bethune-Cookman,BC,101,61,FINISHED,ncaam,2026-08-23T20:56:09+00:00
ncaam-212877,NCAAM,2025-26,2025-11-07T00:00:00Z,Regular,Stroh Center,Bowling Green,BG,Bethany (WV),B(,120,65,FINISHED,ncaam,2026-08-23T20:56:09+00:00
ncaam-212880,NCAAM,2025-26,2025-11-07T00:00:00Z,Regular,WVU Coliseum,West Virginia,WV,Campbell,C,73,65,FINISHED,ncaam,2026-08-23T20:56:09+00:00
ncaam-212886,NCAAM,2025-26,2025-11-07T00:00:00Z,Regular,Convocation Center (VA),Hampton,H,Mid-Atlantic Christian,MAC,103,43,FINISHED,ncaam,2026-08-23T20:56:09+00:00
ncaam-212887,NCAAM,2025-26,2025-11-07T00:00:00Z,Regular,Wolstein Center,Cleveland State,CS,Capital,C,71,70,FINISHED,ncaam,2026-08-23T20:56:09+00:00
ncaam-212888,NCAAM,2025-26,2025-11-07T00:00:00Z,Regular,Hyland Arena,Lindenwood,L,University of Health Sciences & Pharmacy,UOHS,116,51,FINISHED,ncaam,2026-08-23T20:56:09+00:00
ncaam-212889,NCAAM,2025-26,2025-11-07T00:00:00Z,Regular,Buccaneer Fieldhouse,Charleston Southern,CS,Toccoa Falls,TF,106,71,FINISHED,ncaam,2026-08-23T20:56:09+00:00
ncaam-215285,NCAAM,2025-26,2025-11-07T00:00:00Z,Regular,Burr Gymnasium,Howard,H,District Of Columbia,DOC,103,71,FINISHED,ncaam,2026-08-23T20:56:09+00:00
ncaam-215286,NCAAM,2025-26,2025-11-07T00:00:00Z,Regular,Chartway Arena,Old Dominion,OD,Randolph College,RC,93,53,FINISHED,ncaam,2026-08-23T20:56:09+00:00
ncaam-215287,NCAAM,2025-26,2025-11-07T00:00:00Z,Regular,Stabler Arena,Lehigh,L,Valley Forge,VF,91,52,FINISHED,ncaam,2026-08-23T20:56:09+00:00
ncaam-215288,NCAAM,2025-26,2025-11-07T00:00:00Z,Regular,University Arena (MI),Western Michigan,WM,Northwood (MI),N(,81,85,FINISHED,ncaam,2026-08-23T20:56:09+00:00
ncaam-215289,NCAAM,2025-26,2025-11-07T00:00:00Z,Regular,Hulman Center,Indiana State,IS,Illinois Tech,IT,104,73,FINISHED,ncaam,2026-08-23T20:56:09+00:00
ncaam-212878,NCAAM,2025-26,2025-11-07T00:30:00Z,Regular,Knapp Center,Drake,D,Robert Morris,RM,79,81,FINISHED,ncaam,2026-08-23T20:56:09+00:00
ncaam-209795,NCAAM,2025-26,2025-11-07T01:00:00Z,Regular,Moody Coliseum,SMU,S,Texas A&M-Corpus Christi,TACC,69,58,FINISHED,ncaam,2026-08-23T20:56:09+00:00
ncaam-209799,NCAAM,2025-26,2025-11-07T01:00:00Z,Regular,Chaifetz Arena,Saint Louis,SL,Chicago State,CS,108,86,FINISHED,ncaam,2026-08-23T20:56:09+00:00
ncaam-209807,NCAAM,2025-26,2025-11-07T01:00:00Z,Regular,Schollmaier Arena,TCU,T,St. Francis (PA),SF(,104,63,FINISHED,ncaam,2026-08-23T20:56:09+00:00
ncaam-212872,NCAAM,2025-26,2025-11-07T01:00:00Z,Regular,Reed Arena,Texas A&M,TA,Texas Southern,TS,104,70,FINISHED,ncaam,2026-08-23T20:56:09+00:00
ncaam-212874,NCAAM,2025-26,2025-11-07T01:00:00Z,Regular,Betty Engelstad Sioux Center,North Dakota,ND,UC Riverside,UR,70,74,FINISHED,ncaam,2026-08-23T20:56:09+00:00
ncaam-212875,NCAAM,2025-26,2025-11-07T01:00:00Z,Regular,Neville Arena,Auburn,A,Merrimack,M,95,57,FINISHED,ncaam,2026-08-23T20:56:09+00:00
ncaam-212876,NCAAM,2025-26,2025-11-07T01:00:00Z,Regular,Stephen C. O'Connell Center,Florida,F,North Florida,NF,104,64,FINISHED,ncaam,2026-08-23T20:56:09+00:00
ncaam-212879,NCAAM,2025-26,2025-11-07T01:00:00Z,Regular,Swisher Gymnasium,Jacksonville,J,Trinity (FL),T(,132,45,FINISHED,ncaam,2026-08-23T20:56:09+00:00
ncaam-212881,NCAAM,2025-26,2025-11-07T01:00:00Z,Regular,Hilton Coliseum,Iowa State,IS,Grambling,G,102,62,FINISHED,ncaam,2026-08-23T20:56:09+00:00
ncaam-212884,NCAAM,2025-26,2025-11-07T01:00:00Z,Regular,McLeod Center,Northern Iowa,NI,Cal State Northridge,CSN,86,57,FINISHED,ncaam,2026-08-23T20:56:09+00:00
ncaam-212890,NCAAM,2025-26,2025-11-07T01:00:00Z,Regular,Reed Green Coliseum,Southern Miss,SM,Tougaloo,T,93,57,FINISHED,ncaam,2026-08-23T20:56:09+00:00
ncaam-212891,NCAAM,2025-26,2025-11-07T01:00:00Z,Regular,Moody Coliseum (Abilene),Abilene Christian,AC,Omaha,O,73,71,FINISHED,ncaam,2026-08-23T20:56:09+00:00
ncaam-215290,NCAAM,2025-26,2025-11-07T01:00:00Z,Regular,Mitchell Center,South Alabama,SA,Alcorn State,AS,76,70,FINISHED,ncaam,2026-08-23T20:56:09+00:00
ncaam-215291,NCAAM,2025-26,2025-11-07T01:00:00Z,Regular,First Bank & Trust Arena,South Dakota State,SDS,Dakota State,DS,68,62,FINISHED,ncaam,2026-08-23T20:56:09+00:00
ncaam-215292,NCAAM,2025-26,2025-11-07T01:00:00Z,Regular,Baptist Health Arena,Eastern Kentucky,EK,Midway University,MU,122,60,FINISHED,ncaam,2026-08-23T20:56:09+00:00
ncaam-215293,NCAAM,2025-26,2025-11-07T01:00:00Z,Regular,The Super Pit,North Texas,NT,Northwestern State,NS,80,53,FINISHED,ncaam,2026-08-23T20:56:09+00:00
ncaam-209800,NCAAM,2025-26,2025-11-07T02:00:00Z,Regular,Gentile Arena,Loyola Chicago,LC,Mercyhurst,M,65,73,FINISHED,ncaam,2026-08-23T20:56:09+00:00
ncaam-209797,NCAAM,2025-26,2025-11-07T03:00:00Z,Regular,Haas Pavilion,California,C,Wright State,WS,77,67,FINISHED,ncaam,2026-08-23T20:56:09+00:00
ncaam-212873,NCAAM,2025-26,2025-11-07T03:00:00Z,Regular,Alaska Airlines Arena,Washington,W,Denver,D,84,70,FINISHED,ncaam,2026-08-23T20:56:09+00:00
ncaam-212892,NCAAM,2025-26,2025-11-07T03:30:00Z,Regular,Chiles Center,Portland,P,Arkansas-Pine Bluff,APB,83,74,FINISHED,ncaam,2026-08-23T20:56:09+00:00
ncaam-215294,NCAAM,2025-26,2025-11-07T16:00:00Z,Regular,Bob Carpenter Center,Delaware,D,Wilmington (DE),W(,62,71,FINISHED,ncaam,2026-08-23T20:56:09+00:00
ncaam-215295,NCAAM,2025-26,2025-11-07T17:00:00Z,Regular,Ford Center,Evansville,E,Calumet College,CC,92,50,FINISHED,ncaam,2026-08-23T20:56:09+00:00
ncaam-212922,NCAAM,2025-26,2025-11-07T18:00:00Z,Regular,Jeffery P. Hazell Athletics Center,New Haven,NH,Columbia,C,53,71,FINISHED,ncaam,2026-08-23T20:56:09+00:00
ncaam-215296,NCAAM,2025-26,2025-11-07T18:30:00Z,Regular,UTSA Convocation Center,UTSA,U,SIU Edwardsville,SE,60,77,FINISHED,ncaam,2026-08-23T20:56:09+00:00
ncaam-215297,NCAAM,2025-26,2025-11-07T19:00:00Z,Regular,McDermott Center,Incarnate Word,IW,Jarvis Christian,JC,104,60,FINISHED,ncaam,2026-08-23T20:56:09+00:00
ncaam-209822,NCAAM,2025-26,2025-11-07T22:00:00Z,Regular,Lavietes Pavilion,Harvard,H,MIT,M,79,50,FINISHED,ncaam,2026-08-23T20:56:09+00:00
ncaam-212923,NCAAM,2025-26,2025-11-07T22:00:00Z,Regular,Cotterell Court,Colgate,C,Northeastern,N,65,68,FINISHED,ncaam,2026-08-23T20:56:09+00:00
ncaam-209823,NCAAM,2025-26,2025-11-07T23:00:00Z,Regular,Alumni Hall (Navy),Rhode Island,RI,Tulsa,T,65,82,FINISHED,ncaam,2026-08-23T20:56:09+00:00
ncaam-212893,NCAAM,2025-26,2025-11-07T23:00:00Z,Regular,Liberty Arena,Liberty,L,Charleston,C,90,75,FINISHED,ncaam,2026-08-23T20:56:09+00:00
ncaam-212903,NCAAM,2025-26,2025-11-07T23:00:00Z,Regular,Welsh-Ryan Arena,Northwestern,N,Boston University,BU,76,52,FINISHED,ncaam,2026-08-23T20:56:09+00:00
ncaam-212915,NCAAM,2025-26,2025-11-07T23:00:00Z,Regular,XFINITY Center,Maryland,M,Georgetown,G,60,70,FINISHED,ncaam,2026-08-23T20:56:09+00:00
ncaam-212912,NCAAM,2025-26,2025-11-07T23:30:00Z,Regular,Alumni Arena,Buffalo,B,Green Bay,GB,83,76,FINISHED,ncaam,2026-08-23T20:56:09+00:00
ncaam-212913,NCAAM,2025-26,2025-11-07T23:30:00Z,Regular,Schottenstein Center,Ohio State,OS,Purdue Fort Wayne,PFW,94,68,FINISHED,ncaam,2026-08-23T20:56:09+00:00
ncaam-209809,NCAAM,2025-26,2025-11-08T00:00:00Z,Regular,LJVM Coliseum,Wake Forest,WF,Morehead State,MS,81,65,FINISHED,ncaam,2026-08-23T20:56:09+00:00
ncaam-209810,NCAAM,2025-26,2025-11-08T00:00:00Z,Regular,John Paul Jones Arena,Virginia,V,North Carolina Central,NCC,81,62,FINISHED,ncaam,2026-08-23T20:56:09+00:00
ncaam-209811,NCAAM,2025-26,2025-11-08T00:00:00Z,Regular,Petersen Events Center,Pittsburgh,P,Longwood,L,78,60,FINISHED,ncaam,2026-08-23T20:56:09+00:00
ncaam-209812,NCAAM,2025-26,2025-11-08T00:00:00Z,Regular,Dean E. Smith Center,North Carolina,NC,Kansas,K,87,74,FINISHED,ncaam,2026-08-23T20:56:09+00:00
ncaam-209814,NCAAM,2025-26,2025-11-08T00:00:00Z,Regular,Purcell Pavilion,Notre Dame,ND,Detroit Mercy,DM,102,70,FINISHED,ncaam,2026-08-23T20:56:09+00:00
ncaam-209816,NCAAM,2025-26,2025-11-08T00:00:00Z,Regular,UPMC Cooper Fieldhouse,Duquesne,D,Sacred Heart,SH,92,80,FINISHED,ncaam,2026-08-23T20:56:09+00:00
ncaam-209817,NCAAM,2025-26,2025-11-08T00:00:00Z,Regular,Littlejohn Coliseum,Clemson,C,Gardner-Webb,GW,97,59,FINISHED,ncaam,2026-08-23T20:56:09+00:00
ncaam-209819,NCAAM,2025-26,2025-11-08T00:00:00Z,Regular,The Palestra,Pennsylvania,P,Rowan,R,119,72,FINISHED,ncaam,2026-08-23T20:56:09+00:00
ncaam-209824,NCAAM,2025-26,2025-11-08T00:00:00Z,Regular,Pizzitola Sports Center,Brown,B,Siena,S,46,62,FINISHED,ncaam,2026-08-23T20:56:09+00:00
ncaam-209825,NCAAM,2025-26,2025-11-08T00:00:00Z,Regular,Knott Arena,Mount St. Mary's,MSM,Bucknell,B,62,73,FINISHED,ncaam,2026-08-23T20:56:09+00:00
ncaam-212895,NCAAM,2025-26,2025-11-08T00:00:00Z,Regular,Mackey Arena,Purdue,P,Oakland,O,87,77,FINISHED,ncaam,2026-08-23T20:56:09+00:00
ncaam-212897,NCAAM,2025-26,2025-11-08T00:00:00Z,Regular,Tucker Center,Florida State,FS,Alabama State,AS,101,64,FINISHED,ncaam,2026-08-23T20:56:09+00:00
ncaam-212898,NCAAM,2025-26,2025-11-08T00:00:00Z,Regular,EagleBank Arena,George Mason,GM,Winthrop,W,96,90,FINISHED,ncaam,2026-08-23T20:56:09+00:00
ncaam-212899,NCAAM,2025-26,2025-11-08T00:00:00Z,Regular,The Dedmon Center,Radford,R,West Virginia Wesleyan,WVW,99,61,FINISHED,ncaam,2026-08-23T20:56:09+00:00
ncaam-212900,NCAAM,2025-26,2025-11-08T00:00:00Z,Regular,The Coliseum,West Georgia,WG,Huntingdon College (AL),HC(,120,83,FINISHED,ncaam,2026-08-23T20:56:09+00:00
ncaam-212902,NCAAM,2025-26,2025-11-08T00:00:00Z,Regular,Timmons Arena,Furman,F,Troy,T,61,64,FINISHED,ncaam,2026-08-23T20:56:09+00:00
ncaam-212904,NCAAM,2025-26,2025-11-08T00:00:00Z,Regular,John M. Belk Arena,Davidson,D,Washington State,WS,85,69,FINISHED,ncaam,2026-08-23T20:56:09+00:00
ncaam-212907,NCAAM,2025-26,2025-11-08T00:00:00Z,Regular,Carver-Hawkeye Arena,Iowa,I,Western Illinois,WI,77,58,FINISHED,ncaam,2026-08-23T20:56:09+00:00
ncaam-212916,NCAAM,2025-26,2025-11-08T00:00:00Z,Regular,Rupp Arena,Kentucky,K,Valparaiso,V,107,59,FINISHED,ncaam,2026-08-23T20:56:09+00:00
ncaam-212917,NCAAM,2025-26,2025-11-08T00:00:00Z,Regular,Worthen Arena,Ball State,BS,Mansfield,M,84,54,FINISHED,ncaam,2026-08-23T20:56:09+00:00
ncaam-212918,NCAAM,2025-26,2025-11-08T00:00:00Z,Regular,Halton Arena,Charlotte,C,Tennessee Tech,TT,70,65,FINISHED,ncaam,2026-08-23T20:56:09+00:00
ncaam-212921,NCAAM,2025-26,2025-11-08T00:00:00Z,Regular,Fifth Third Arena,Cincinnati,C,Georgia State,GS,74,64,FINISHED,ncaam,2026-08-23T20:56:09+00:00
ncaam-212924,NCAAM,2025-26,2025-11-08T00:00:00Z,Regular,Edmunds Center,Stetson,S,Fort Lauderdale,FL,106,77,FINISHED,ncaam,2026-08-23T20:56:09+00:00
ncaam-212925,NCAAM,2025-26,2025-11-08T00:00:00Z,Regular,Hynes Athletics Center,Iona,I,Hofstra,H,81,73,FINISHED,ncaam,2026-08-23T20:56:09+00:00
ncaam-212926,NCAAM,2025-26,2025-11-08T00:00:00Z,Regular,Flowers Hall,North Alabama,NA,Lane College,LC,90,84,FINISHED,ncaam,2026-08-23T20:56:09+00:00
ncaam-212928,NCAAM,2025-26,2025-11-08T00:00:00Z,Regular,M.A.C. Center,Kent State,KS,Cornell,C,110,102,FINISHED,ncaam,2026-08-23T20:56:09+00:00
ncaam-215298,NCAAM,2025-26,2025-11-08T00:00:00Z,Regular,The HTC Center,Coastal Carolina,CC,Virginia-Lynchburg,VL,121,44,FINISHED,ncaam,2026-08-23T20:56:09+00:00
ncaam-215299,NCAAM,2025-26,2025-11-08T00:00:00Z,Regular,William R. Johnson Coliseum,Stephen F. Austin,SFA,Arkansas State,AS,90,65,FINISHED,ncaam,2026-08-23T20:56:09+00:00
ncaam-209818,NCAAM,2025-26,2025-11-08T00:30:00Z,Regular,Gampel Pavilion,UConn,U,UMass Lowell,UL,110,47,FINISHED,ncaam,2026-08-23T20:56:09+00:00
ncaam-212894,NCAAM,2025-26,2025-11-08T00:30:00Z,Regular,Walsh Gymnasium,Seton Hall,SH,Wagner,W,68,61,FINISHED,ncaam,2026-08-23T20:56:09+00:00
ncaam-212919,NCAAM,2025-26,2025-11-08T00:30:00Z,Regular,McCamish Pavilion,Georgia Tech,GT,Bryant,B,74,45,FINISHED,ncaam,2026-08-23T20:56:09+00:00
ncaam-212929,NCAAM,2025-26,2025-11-08T00:30:00Z,Regular,Rose Hill Gym,Fordham,F,Mount Saint Mary (NY),MSM(,106,37,FINISHED,ncaam,2026-08-23T20:56:09+00:00
ncaam-215300,NCAAM,2025-26,2025-11-08T00:30:00Z,Regular,Millett Hall,Miami (OH),M(,Trinity Christian (IL),TC(,129,49,FINISHED,ncaam,2026-08-23T20:56:09+00:00
ncaam-215301,NCAAM,2025-26,2025-11-08T00:30:00Z,Regular,The Sandy and John Black Pavilion at Ole Miss,Ole Miss,OM,UL Monroe,UM,86,65,FINISHED,ncaam,2026-08-23T20:56:09+00:00
ncaam-212901,NCAAM,2025-26,2025-11-08T01:00:00Z,Regular,Wintrust Arena,DePaul,D,Stonehill,S,72,64,FINISHED,ncaam,2026-08-23T20:56:09+00:00
ncaam-212914,NCAAM,2025-26,2025-11-08T01:00:00Z,Regular,Comerica Center,Utah State,US,VCU,V,80,77,FINISHED,ncaam,2026-08-23T20:56:09+00:00
ncaam-212920,NCAAM,2025-26,2025-11-08T01:00:00Z,Regular,United Supermarkets Arena,Texas Tech,TT,Sam Houston,SH,98,77,FINISHED,ncaam,2026-08-23T20:56:09+00:00
ncaam-212930,NCAAM,2025-26,2025-11-08T01:00:00Z,Regular,Bank of Colorado Arena,Northern Colorado,NC,Colorado Christian,CC,101,65,FINISHED,ncaam,2026-08-23T20:56:09+00:00
ncaam-212931,NCAAM,2025-26,2025-11-08T01:00:00Z,Regular,CFSB Center,Murray State,MS,Mississippi Valley State,MVS,108,60,FINISHED,ncaam,2026-08-23T20:56:09+00:00
ncaam-212932,NCAAM,2025-26,2025-11-08T01:00:00Z,Regular,J. Lawrence Walkup Skydome,Northern Arizona,NA,Justice College,JC,87,55,FINISHED,ncaam,2026-08-23T20:56:09+00:00
ncaam-212933,NCAAM,2025-26,2025-11-08T01:00:00Z,Regular,Groniger Arena,Eastern Illinois,EI,Nicholls,N,65,57,FINISHED,ncaam,2026-08-23T20:56:09+00:00
ncaam-215302,NCAAM,2025-26,2025-11-08T01:00:00Z,Regular,Mizzou Arena,Missouri,M,Southeast Missouri State,SMS,89,84,FINISHED,ncaam,2026-08-23T20:56:09+00:00
ncaam-215303,NCAAM,2025-26,2025-11-08T01:00:00Z,Regular,Banterra Center,Southern Illinois,SI,Kansas City,KC,101,78,FINISHED,ncaam,2026-08-23T20:56:09+00:00
ncaam-209820,NCAAM,2025-26,2025-11-08T01:30:00Z,Regular,Cajundome,Louisiana,L,SE Louisiana,SL,58,52,FINISHED,ncaam,2026-08-23T20:56:09+00:00
ncaam-212910,NCAAM,2025-26,2025-11-08T01:30:00Z,Regular,Screaming Eagles Arena,Southern Indiana,SI,VMI,V,74,78,FINISHED,ncaam,2026-08-23T20:56:09+00:00
ncaam-212911,NCAAM,2025-26,2025-11-08T01:30:00Z,Regular,Kohl Center,Wisconsin,W,Northern Illinois,NI,97,72,FINISHED,ncaam,2026-08-23T20:56:09+00:00
ncaam-212927,NCAAM,2025-26,2025-11-08T01:30:00Z,Regular,State Farm Center,Illinois,I,Florida Gulf Coast,FGC,113,70,FINISHED,ncaam,2026-08-23T20:56:09+00:00
ncaam-215304,NCAAM,2025-26,2025-11-08T01:30:00Z,Regular,Pete Hanna Center,Samford,S,South Carolina State,SCS,82,72,FINISHED,ncaam,2026-08-23T20:56:09+00:00
ncaam-209813,NCAAM,2025-26,2025-11-08T02:00:00Z,Regular,Lenovo Center,NC State,NS,UAB,U,94,70,FINISHED,ncaam,2026-08-23T20:56:09+00:00
ncaam-209826,NCAAM,2025-26,2025-11-08T02:00:00Z,Regular,Alumni Hall (Navy),Navy,N,Yale,Y,68,97,FINISHED,ncaam,2026-08-23T20:56:09+00:00
ncaam-212906,NCAAM,2025-26,2025-11-08T02:00:00Z,Regular,McKale Memorial Center,Arizona,A,Utah Tech,UT,93,67,FINISHED,ncaam,2026-08-23T20:56:09+00:00
ncaam-212908,NCAAM,2025-26,2025-11-08T02:00:00Z,Regular,Jenny Craig Pavilion,San Diego,SD,Idaho State,IS,68,71,FINISHED,ncaam,2026-08-23T20:56:09+00:00
ncaam-212934,NCAAM,2025-26,2025-11-08T02:00:00Z,Regular,ICCU Arena,Idaho,I,Whitman,W,94,49,FINISHED,ncaam,2026-08-23T20:56:09+00:00
ncaam-212935,NCAAM,2025-26,2025-11-08T02:00:00Z,Regular,Global Credit Union Arena,Grand Canyon,GC,Youngstown State,YS,81,90,FINISHED,ncaam,2026-08-23T20:56:09+00:00
ncaam-215305,NCAAM,2025-26,2025-11-08T02:00:00Z,Regular,Don Haskins Center,UTEP,U,Western New Mexico,WNM,107,70,FINISHED,ncaam,2026-08-23T20:56:09+00:00
ncaam-212896,NCAAM,2025-26,2025-11-08T03:00:00Z,Regular,Matthew Knight Arena,Oregon,O,Rice,R,67,63,FINISHED,ncaam,2026-08-23T20:56:09+00:00
ncaam-212905,NCAAM,2025-26,2025-11-08T03:00:00Z,Regular,Gill Coliseum,Oregon State,OS,UIC,U,76,73,FINISHED,ncaam,2026-08-23T20:56:09+00:00
ncaam-212936,NCAAM,2025-26,2025-11-08T03:00:00Z,Regular,The Well,Sacramento State,SS,Jessup University,JU,86,76,FINISHED,ncaam,2026-08-23T20:56:09+00:00
ncaam-212937,NCAAM,2025-26,2025-11-08T03:00:00Z,Regular,Viking Pavilion,Portland State,PS,Northwest Indian,NI,122,74,FINISHED,ncaam,2026-08-23T20:56:09+00:00
ncaam-212938,NCAAM,2025-26,2025-11-08T03:00:00Z,Regular,Leavey Center,Santa Clara,SC,McNeese,M,79,67,FINISHED,ncaam,2026-08-23T20:56:09+00:00
ncaam-209815,NCAAM,2025-26,2025-11-08T03:30:00Z,Regular,Pauley Pavilion,UCLA,U,Pepperdine,P,74,63,FINISHED,ncaam,2026-08-23T20:56:09+00:00
ncaam-212909,NCAAM,2025-26,2025-11-08T03:30:00Z,Regular,Bren Events Center,UC Irvine,UI,California Baptist,CB,61,69,FINISHED,ncaam,2026-08-23T20:56:09+00:00
ncaam-215306,NCAAM,2025-26,2025-11-08T03:30:00Z,Regular,University Credit Union Pavilion,Saint Mary's,SM,Chattanooga,C,87,66,FINISHED,ncaam,2026-08-23T20:56:09+00:00
ncaam-209838,NCAAM,2025-26,2025-11-08T17:00:00Z,Regular,Carnesecca Arena,St. John's,SJ,Alabama,A,96,103,FINISHED,ncaam,2026-08-23T20:56:09+00:00
ncaam-212942,NCAAM,2025-26,2025-11-08T17:00:00Z,Regular,Williams Arena,Minnesota,M,Alcorn State,AS,95,50,FINISHED,ncaam,2026-08-23T20:56:09+00:00
ncaam-212974,NCAAM,2025-26,2025-11-08T17:00:00Z,Regular,G.B. Hodge Center,South Carolina Upstate,SCU,Southern Virginia,SV,105,46,FINISHED,ncaam,2026-08-23T20:56:09+00:00
ncaam-212976,NCAAM,2025-26,2025-11-08T17:00:00Z,Regular,James A. Rhodes Arena,Akron,A,Princeton,P,104,69,FINISHED,ncaam,2026-08-23T20:56:09+00:00
ncaam-209828,NCAAM,2025-26,2025-11-08T18:00:00Z,Regular,JMA Wireless Dome,Syracuse,S,Delaware State,DS,83,43,FINISHED,ncaam,2026-08-23T20:56:09+00:00
ncaam-212940,NCAAM,2025-26,2025-11-08T18:00:00Z,Regular,Jeffery P. Hazell Athletics Center,New Haven,NH,Penn State,PS,43,87,FINISHED,ncaam,2026-08-23T20:56:09+00:00
ncaam-212941,NCAAM,2025-26,2025-11-08T18:00:00Z,Regular,Pinnacle Bank Arena,Nebraska,N,Florida International,FI,96,66,FINISHED,ncaam,2026-08-23T20:56:09+00:00
ncaam-212964,NCAAM,2025-26,2025-11-08T18:00:00Z,Regular,Michael J. Hagan '85 Arena,Saint Joseph's,SJ,Drexel,D,76,65,FINISHED,ncaam,2026-08-23T20:56:09+00:00
ncaam-215308,NCAAM,2025-26,2025-11-08T18:00:00Z,Regular,Al Lawson Center,Florida A&M,FA,Kennesaw State,KS,72,92,FINISHED,ncaam,2026-08-23T20:56:09+00:00
ncaam-209829,NCAAM,2025-26,2025-11-08T18:30:00Z,Regular,Cameron Indoor Stadium,Duke,D,Western Carolina,WC,95,54,FINISHED,ncaam,2026-08-23T20:56:09+00:00
ncaam-209831,NCAAM,2025-26,2025-11-08T18:30:00Z,Regular,Mohegan Sun Arena,George Washington,GW,South Florida,SF,99,95,FINISHED,ncaam,2026-08-23T20:56:09+00:00
ncaam-209832,NCAAM,2025-26,2025-11-08T19:00:00Z,Regular,UD Arena,Dayton,D,UMBC,U,77,71,FINISHED,ncaam,2026-08-23T20:56:09+00:00
ncaam-209833,NCAAM,2025-26,2025-11-08T19:00:00Z,Regular,Events Center (Binghamton),Binghamton,B,Niagara,N,59,67,FINISHED,ncaam,2026-08-23T20:56:09+00:00
ncaam-209837,NCAAM,2025-26,2025-11-08T19:00:00Z,Regular,Yanitelli Center,Saint Peter's,SP,Fairleigh Dickinson,FD,93,83,FINISHED,ncaam,2026-08-23T20:56:09+00:00
ncaam-212955,NCAAM,2025-26,2025-11-08T19:00:00Z,Regular,Savage Arena,Toledo,T,Marshall,M,73,85,FINISHED,ncaam,2026-08-23T20:56:09+00:00
ncaam-212961,NCAAM,2025-26,2025-11-08T19:00:00Z,Regular,Joel & Diane Bloom Wellness and Events Center,NJIT,N,Fairfield,F,53,74,FINISHED,ncaam,2026-08-23T20:56:09+00:00
ncaam-212965,NCAAM,2025-26,2025-11-08T19:00:00Z,Regular,Jerry Richardson Indoor Stadium,Wofford,W,Milwaukee,M,86,76,FINISHED,ncaam,2026-08-23T20:56:09+00:00
ncaam-212977,NCAAM,2025-26,2025-11-08T19:00:00Z,Regular,Devlin Fieldhouse,Tulane,T,Texas State,TS,79,71,FINISHED,ncaam,2026-08-23T20:56:09+00:00
ncaam-212978,NCAAM,2025-26,2025-11-08T19:00:00Z,Regular,Farris Center,Central Arkansas,CA,Champion Christian,CC,110,63,FINISHED,ncaam,2026-08-23T20:56:09+00:00
ncaam-212946,NCAAM,2025-26,2025-11-08T20:00:00Z,Regular,FedExForum,Memphis,M,San Francisco,SF,76,70,FINISHED,ncaam,2026-08-23T20:56:09+00:00
ncaam-212949,NCAAM,2025-26,2025-11-08T20:00:00Z,Regular,Fertitta Center,Houston,H,Towson,T,65,48,FINISHED,ncaam,2026-08-23T20:56:09+00:00
ncaam-212958,NCAAM,2025-26,2025-11-08T20:00:00Z,Regular,Food City Center,Tennessee,T,Northern Kentucky,NK,95,56,FINISHED,ncaam,2026-08-23T20:56:09+00:00
ncaam-212979,NCAAM,2025-26,2025-11-08T20:00:00Z,Regular,Mercyhurst Athletic Center,Mercyhurst,M,Penn State-New Kensington,PSNK,93,43,FINISHED,ncaam,2026-08-23T20:56:09+00:00
ncaam-215309,NCAAM,2025-26,2025-11-08T20:00:00Z,Regular,Jack and Ruth Ann Hill Convocation Center,Georgia Southern,GS,UNC Asheville,UA,93,90,FINISHED,ncaam,2026-08-23T20:56:09+00:00
ncaam-215310,NCAAM,2025-26,2025-11-08T20:00:00Z,Regular,Moody Center,Texas,T,Lafayette,L,97,60,FINISHED,ncaam,2026-08-23T20:56:09+00:00
ncaam-212966,NCAAM,2025-26,2025-11-08T20:30:00Z,Regular,John Glaser Arena,La Salle,LS,Monmouth,M,73,60,FINISHED,ncaam,2026-08-23T20:56:09+00:00
ncaam-209834,NCAAM,2025-26,2025-11-08T21:00:00Z,Regular,Reilly Center,St. Bonaventure,SB,Canisius,C,89,70,FINISHED,ncaam,2026-08-23T20:56:09+00:00
ncaam-209839,NCAAM,2025-26,2025-11-08T21:00:00Z,Regular,Lakefront Arena,New Orleans,NO,Southern-New Orleans,SNO,115,73,FINISHED,ncaam,2026-08-23T20:56:09+00:00
ncaam-209840,NCAAM,2025-26,2025-11-08T21:00:00Z,Regular,Maples Pavilion,Stanford,S,Montana,M,91,68,FINISHED,ncaam,2026-08-23T20:56:09+00:00
ncaam-212939,NCAAM,2025-26,2025-11-08T21:00:00Z,Regular,First Horizon Coliseum,UNC Greensboro,UG,Elon,E,90,92,FINISHED,ncaam,2026-08-23T20:56:09+00:00
ncaam-212948,NCAAM,2025-26,2025-11-08T21:00:00Z,Regular,Addition Financial Arena,UCF,U,Vanderbilt,V,93,105,FINISHED,ncaam,2026-08-23T20:56:09+00:00
ncaam-212953,NCAAM,2025-26,2025-11-08T21:00:00Z,Regular,The Pit,New Mexico,NM,UT Arlington,UA,74,56,FINISHED,ncaam,2026-08-23T20:56:09+00:00
ncaam-212954,NCAAM,2025-26,2025-11-08T21:00:00Z,Regular,ExtraMile Arena,Boise State,BS,Utah Valley,UV,101,77,FINISHED,ncaam,2026-08-23T20:56:09+00:00
ncaam-212973,NCAAM,2025-26,2025-11-08T21:00:00Z,Regular,CU Events Center,Colorado,C,Eastern Washington,EW,102,97,FINISHED,ncaam,2026-08-23T20:56:09+00:00
ncaam-212975,NCAAM,2025-26,2025-11-08T21:00:00Z,Regular,Arena-Auditorium,Wyoming,W,Cal State Fullerton,CSF,92,82,FINISHED,ncaam,2026-08-23T20:56:09+00:00
ncaam-212980,NCAAM,2025-26,2025-11-08T21:00:00Z,Regular,Joseph G. Echols Hall,Norfolk State,NS,William & Mary,W&M,78,81,FINISHED,ncaam,2026-08-23T20:56:09+00:00
ncaam-212981,NCAAM,2025-26,2025-11-08T21:00:00Z,Regular,Clune Arena,Air Force,AF,Austin Peay,AP,54,74,FINISHED,ncaam,2026-08-23T20:56:09+00:00
ncaam-215311,NCAAM,2025-26,2025-11-08T21:00:00Z,Regular,Mitchell Center,South Alabama,SA,Spring Hill,SH,99,50,FINISHED,ncaam,2026-08-23T20:56:09+00:00
ncaam-215312,NCAAM,2025-26,2025-11-08T21:00:00Z,Regular,The Thunderdome,UC Santa Barbara,USB,San José State,SJS,85,74,FINISHED,ncaam,2026-08-23T20:56:09+00:00
ncaam-209827,NCAAM,2025-26,2025-11-08T21:30:00Z,Regular,Mohegan Sun Arena,Virginia Tech,VT,Providence,P,107,101,FINISHED,ncaam,2026-08-23T20:56:09+00:00
ncaam-212962,NCAAM,2025-26,2025-11-08T21:30:00Z,Regular,Hytche Center,Maryland Eastern Shore,MES,Cheyney (PA),C(,104,59,FINISHED,ncaam,2026-08-23T20:56:09+00:00
ncaam-212960,NCAAM,2025-26,2025-11-08T22:00:00Z,Regular,Save Mart Center,Fresno State,FS,Long Beach State,LBS,82,62,FINISHED,ncaam,2026-08-23T20:56:09+00:00
ncaam-212967,NCAAM,2025-26,2025-11-08T22:00:00Z,Regular,Hinkle Fieldhouse,Butler,B,IU Indianapolis,II,112,80,FINISHED,ncaam,2026-08-23T20:56:09+00:00
ncaam-212968,NCAAM,2025-26,2025-11-08T22:00:00Z,Regular,Stony Brook Arena,Stony Brook,SB,Maine,M,71,60,FINISHED,ncaam,2026-08-23T20:56:09+00:00
ncaam-212982,NCAAM,2025-26,2025-11-08T22:00:00Z,Regular,Qubein Center,High Point,HP,Averett,A,127,52,FINISHED,ncaam,2026-08-23T20:56:09+00:00
ncaam-209830,NCAAM,2025-26,2025-11-08T23:00:00Z,Regular,Robins Center,Richmond,R,East Carolina,EC,87,72,FINISHED,ncaam,2026-08-23T20:56:09+00:00
ncaam-212945,NCAAM,2025-26,2025-11-08T23:00:00Z,Regular,Liberty Arena,Charleston,C,Florida Atlantic,FA,77,94,FINISHED,ncaam,2026-08-23T20:56:09+00:00
ncaam-212947,NCAAM,2025-26,2025-11-08T23:00:00Z,Regular,Templeton Center,Presbyterian,P,East Tennessee State,ETS,68,64,FINISHED,ncaam,2026-08-23T20:56:09+00:00
ncaam-212983,NCAAM,2025-26,2025-11-08T23:00:00Z,Regular,Mullins Center,Massachusetts,M,UAlbany,U,83,62,FINISHED,ncaam,2026-08-23T20:56:09+00:00
ncaam-212943,NCAAM,2025-26,2025-11-09T00:00:00Z,Regular,Charles Koch Arena,Wichita State,WS,Prairie View A&M,PVA,105,62,FINISHED,ncaam,2026-08-23T20:56:09+00:00
ncaam-212944,NCAAM,2025-26,2025-11-09T00:00:00Z,Regular,Breslin Center,Michigan State,MS,Arkansas,A,69,66,FINISHED,ncaam,2026-08-23T20:56:09+00:00
ncaam-212957,NCAAM,2025-26,2025-11-09T00:00:00Z,Regular,Finneran Pavilion,Villanova,V,Queens University,QU,94,74,FINISHED,ncaam,2026-08-23T20:56:09+00:00
ncaam-212969,NCAAM,2025-26,2025-11-09T00:00:00Z,Regular,Wisdom Gym,Tarleton State,TS,Texas A&M-Corpus Christi,TACC,85,77,FINISHED,ncaam,2026-08-23T20:56:09+00:00
ncaam-212971,NCAAM,2025-26,2025-11-09T00:00:00Z,Regular,Jon M. Huntsman Center,Utah,U,Weber State,WS,92,89,FINISHED,ncaam,2026-08-23T20:56:09+00:00
ncaam-212963,NCAAM,2025-26,2025-11-09T00:30:00Z,Regular,Murphy Center,Middle Tennessee,MT,Webster,W,109,56,FINISHED,ncaam,2026-08-23T20:56:09+00:00
ncaam-209841,NCAAM,2025-26,2025-11-09T01:00:00Z,Regular,Curb Event Center Arena,Belmont,B,Tennessee State,TS,87,79,FINISHED,ncaam,2026-08-23T20:56:09+00:00
ncaam-212956,NCAAM,2025-26,2025-11-09T01:00:00Z,Regular,Carver Arena,Bradley,B,Central Michigan,CM,85,54,FINISHED,ncaam,2026-08-23T20:56:09+00:00
ncaam-212959,NCAAM,2025-26,2025-11-09T01:00:00Z,Regular,Great Southern Bank Arena,Missouri State,MS,Northwestern Oklahoma State,NOS,106,57,FINISHED,ncaam,2026-08-23T20:56:09+00:00
ncaam-212972,NCAAM,2025-26,2025-11-09T01:00:00Z,Regular,Bramlage Coliseum,Kansas State,KS,Bellarmine,B,98,71,FINISHED,ncaam,2026-08-23T20:56:09+00:00
ncaam-212984,NCAAM,2025-26,2025-11-09T01:00:00Z,Regular,Lee & Penny Anderson Arena,St. Thomas-Minnesota,STM,Army,A,83,76,FINISHED,ncaam,2026-08-23T20:56:09+00:00
ncaam-215307,NCAAM,2025-26,2025-11-09T01:00:00Z,Regular,Mabee Center,Oral Roberts,OR,John Brown,JB,84,50,FINISHED,ncaam,2026-08-23T20:56:09+00:00
ncaam-212985,NCAAM,2025-26,2025-11-09T01:30:00Z,Regular,America First Events Center,Southern Utah,SU,UT Rio Grande Valley,URGV,72,95,FINISHED,ncaam,2026-08-23T20:56:09+00:00
ncaam-209835,NCAAM,2025-26,2025-11-09T02:00:00Z,Regular,Marriott Center,BYU,B,Holy Cross,HC,98,53,FINISHED,ncaam,2026-08-23T20:56:09+00:00
ncaam-212970,NCAAM,2025-26,2025-11-09T02:00:00Z,Regular,Thomas & Mack Center,UNLV,U,Chattanooga,C,101,69,FINISHED,ncaam,2026-08-23T20:56:09+00:00
ncaam-212986,NCAAM,2025-26,2025-11-09T02:00:00Z,Regular,Gersten Pavilion,Loyola Marymount,LM,Arkansas-Pine Bluff,APB,94,72,FINISHED,ncaam,2026-08-23T20:56:09+00:00
ncaam-212950,NCAAM,2025-26,2025-11-09T03:00:00Z,Regular,Redhawk Center,Seattle U,SU,Cal Poly,CP,71,73,FINISHED,ncaam,2026-08-23T20:56:09+00:00
ncaam-212951,NCAAM,2025-26,2025-11-09T03:00:00Z,Regular,Lawlor Events Center,Nevada,N,Pacific,P,78,77,FINISHED,ncaam,2026-08-23T20:56:09+00:00
ncaam-212987,NCAAM,2025-26,2025-11-09T03:00:00Z,Regular,LionTree Arena,UC San Diego,USD,Houston Christian,HC,78,60,FINISHED,ncaam,2026-08-23T20:56:09+00:00
ncaam-212952,NCAAM,2025-26,2025-11-09T03:30:00Z,Regular,McCarthey Athletic Center,Gonzaga,G,Oklahoma,O,83,68,FINISHED,ncaam,2026-08-23T20:56:09+00:00
ncaam-209847,NCAAM,2025-26,2025-11-09T17:00:00Z,Regular,Lavietes Pavilion,Harvard,H,New Hampshire,NH,86,75,FINISHED,ncaam,2026-08-23T20:56:09+00:00
ncaam-215313,NCAAM,2025-26,2025-11-09T17:30:00Z,Regular,John W. Pope Jr. Convocation Center,Campbell,C,Western Michigan,WM,91,82,FINISHED,ncaam,2026-08-23T20:56:09+00:00
ncaam-209845,NCAAM,2025-26,2025-11-09T18:00:00Z,Regular,Bender Arena,American University,AU,Pennsylvania,P,84,78,FINISHED,ncaam,2026-08-23T20:56:09+00:00
ncaam-212998,NCAAM,2025-26,2025-11-09T18:00:00Z,Regular,Atlantic Union Bank Center,James Madison,JM,Coppin State,CS,84,70,FINISHED,ncaam,2026-08-23T20:56:09+00:00
ncaam-213004,NCAAM,2025-26,2025-11-09T18:00:00Z,Regular,Holmes Convocation Center,App State,AS,North Carolina Central,NCC,76,54,FINISHED,ncaam,2026-08-23T20:56:09+00:00
ncaam-213005,NCAAM,2025-26,2025-11-09T18:00:00Z,Regular,,Marquette,M,Indiana,I,77,100,FINISHED,ncaam,2026-08-23T20:56:09+00:00
ncaam-209842,NCAAM,2025-26,2025-11-09T19:00:00Z,Regular,Leede Arena,Dartmouth,D,Marist,M,56,75,FINISHED,ncaam,2026-08-23T20:56:09+00:00
ncaam-209843,NCAAM,2025-26,2025-11-09T19:00:00Z,Regular,Gallagher-Iba Arena,Oklahoma State,OS,Texas A&M,TA,87,63,FINISHED,ncaam,2026-08-23T20:56:09+00:00
ncaam-209844,NCAAM,2025-26,2025-11-09T19:00:00Z,Regular,CEFCU Arena,Illinois State,IS,Cornell,C,76,65,FINISHED,ncaam,2026-08-23T20:56:09+00:00
ncaam-209846,NCAAM,2025-26,2025-11-09T19:00:00Z,Regular,Sanford Coyote Sports Center,South Dakota,SD,Ozark Christian,OC,121,65,FINISHED,ncaam,2026-08-23T20:56:09+00:00
ncaam-209848,NCAAM,2025-26,2025-11-09T19:00:00Z,Regular,Pizzitola Sports Center,Brown,B,Vermont,V,84,89,FINISHED,ncaam,2026-08-23T20:56:09+00:00
ncaam-212997,NCAAM,2025-26,2025-11-09T19:00:00Z,Regular,Stroh Center,Bowling Green,BG,Le Moyne,LM,83,60,FINISHED,ncaam,2026-08-23T20:56:09+00:00
ncaam-212999,NCAAM,2025-26,2025-11-09T19:00:00Z,Regular,McLeod Center,Northern Iowa,NI,South Dakota State,SDS,65,58,FINISHED,ncaam,2026-08-23T20:56:09+00:00
ncaam-213003,NCAAM,2025-26,2025-11-09T19:00:00Z,Regular,Betty Engelstad Sioux Center,North Dakota,ND,Cal State Northridge,CSN,85,93,FINISHED,ncaam,2026-08-23T20:56:09+00:00
ncaam-213006,NCAAM,2025-26,2025-11-09T19:00:00Z,Regular,Memorial Coliseum (IN),Purdue Fort Wayne,PFW,Dominican (IL),D(,137,56,FINISHED,ncaam,2026-08-23T20:56:09+00:00
ncaam-213008,NCAAM,2025-26,2025-11-09T19:00:00Z,Regular,Hawkins Arena,Mercer,M,Lipscomb,L,92,77,FINISHED,ncaam,2026-08-23T20:56:09+00:00
ncaam-215314,NCAAM,2025-26,2025-11-09T19:00:00Z,Regular,Stegeman Coliseum,Georgia,G,Morehead State,MS,120,81,FINISHED,ncaam,2026-08-23T20:56:09+00:00
ncaam-212990,NCAAM,2025-26,2025-11-09T20:00:00Z,Regular,Thomas Assembly Center,Louisiana Tech,LT,Lyon,L,93,35,FINISHED,ncaam,2026-08-23T20:56:09+00:00
ncaam-213000,NCAAM,2025-26,2025-11-09T20:00:00Z,Regular,WVU Coliseum,West Virginia,WV,Lehigh,L,69,47,FINISHED,ncaam,2026-08-23T20:56:09+00:00
ncaam-213002,NCAAM,2025-26,2025-11-09T20:00:00Z,Regular,Desert Financial Arena,Arizona State,AS,Utah Tech,UT,81,66,FINISHED,ncaam,2026-08-23T20:56:09+00:00
ncaam-213007,NCAAM,2025-26,2025-11-09T20:00:00Z,Regular,Worthington Arena,Montana State,MS,Denver,D,73,75,FINISHED,ncaam,2026-08-23T20:56:09+00:00
ncaam-215315,NCAAM,2025-26,2025-11-09T21:00:00Z,Regular,Ford Center,Evansville,E,Oakland City,OC,76,47,FINISHED,ncaam,2026-08-23T20:56:09+00:00
ncaam-212996,NCAAM,2025-26,2025-11-09T21:30:00Z,Regular,Mizzou Arena,Missouri,M,VMI,V,106,68,FINISHED,ncaam,2026-08-23T20:56:09+00:00
ncaam-212995,NCAAM,2025-26,2025-11-09T22:00:00Z,Regular,Viejas Arena,San Diego State,SDS,Idaho State,IS,73,57,FINISHED,ncaam,2026-08-23T20:56:09+00:00
ncaam-213009,NCAAM,2025-26,2025-11-09T22:00:00Z,Regular,Chiles Center,Portland,P,UC Davis,UD,67,63,FINISHED,ncaam,2026-08-23T20:56:09+00:00
ncaam-215316,NCAAM,2025-26,2025-11-09T22:00:00Z,Regular,Now Arena,Loyola Chicago,LC,North Texas,NT,62,64,FINISHED,ncaam,2026-08-23T20:56:09+00:00
ncaam-212989,NCAAM,2025-26,2025-11-09T23:00:00Z,Regular,Burr Gymnasium,Howard,H,Grambling,G,70,73,FINISHED,ncaam,2026-08-23T20:56:09+00:00
ncaam-212991,NCAAM,2025-26,2025-11-09T23:00:00Z,Regular,Liberty Arena,Liberty,L,Florida Atlantic,FA,88,68,FINISHED,ncaam,2026-08-23T20:56:09+00:00
ncaam-212993,NCAAM,2025-26,2025-11-09T23:00:00Z,Regular,Galen Center,USC,U,Manhattan,M,114,83,FINISHED,ncaam,2026-08-23T20:56:09+00:00
ncaam-212994,NCAAM,2025-26,2025-11-09T23:00:00Z,Regular,Moby Arena,Colorado State,CS,Omaha,O,97,74,FINISHED,ncaam,2026-08-23T20:56:09+00:00
ncaam-212988,NCAAM,2025-26,2025-11-09T23:30:00Z,Regular,Colonial Life Arena,South Carolina,SC,Southern Miss,SM,83,79,FINISHED,ncaam,2026-08-23T20:56:09+00:00
ncaam-215317,NCAAM,2025-26,2025-11-10T00:30:00Z,Regular,Kathleen and Tom Elam Center,UT Martin,UM,Kentucky Christian,KC,97,42,FINISHED,ncaam,2026-08-23T20:56:09+00:00
ncaam-213001,NCAAM,2025-26,2025-11-10T01:30:00Z,Regular,Foster Pavilion,Baylor,B,Washington,W,78,69,FINISHED,ncaam,2026-08-23T20:56:09+00:00
ncaam-212992,NCAAM,2025-26,2025-11-10T06:00:00Z,Regular,Stan Sheriff Center,Hawai'i,H,East Texas A&M,ETA,100,74,FINISHED,ncaam,2026-08-23T20:56:09+00:00
ncaam-215318,NCAAM,2025-26,2025-11-10T16:30:00Z,Regular,David S. Mack Sports and Exhibition Complex,Hofstra,H,Molloy,M,95,61,FINISHED,ncaam,2026-08-23T20:56:09+00:00
ncaam-213025,NCAAM,2025-26,2025-11-10T17:00:00Z,Regular,F.G. Clark Activity Center,Southern,S,Ecclesia,E,115,51,FINISHED,ncaam,2026-08-23T20:56:09+00:00
ncaam-215319,NCAAM,2025-26,2025-11-10T17:00:00Z,Regular,Resch Center,Green Bay,GB,Ripon,R,83,63,FINISHED,ncaam,2026-08-23T20:56:09+00:00
ncaam-215320,NCAAM,2025-26,2025-11-10T17:00:00Z,Regular,Pete Mathews Coliseum,Jacksonville State,JS,Reinhardt,R,114,39,FINISHED,ncaam,2026-08-23T20:56:09+00:00
ncaam-213013,NCAAM,2025-26,2025-11-10T23:00:00Z,Regular,Costello Athletic Center,UMass Lowell,UL,New Haven,NH,67,73,FINISHED,ncaam,2026-08-23T20:56:09+00:00
ncaam-209853,NCAAM,2025-26,2025-11-10T23:30:00Z,Regular,Gallagher Center,Niagara,N,Delaware State,DS,68,57,FINISHED,ncaam,2026-08-23T20:56:09+00:00
ncaam-209859,NCAAM,2025-26,2025-11-10T23:30:00Z,Regular,Gampel Pavilion,UConn,U,Columbia,C,89,62,FINISHED,ncaam,2026-08-23T20:56:09+00:00
ncaam-213014,NCAAM,2025-26,2025-11-10T23:30:00Z,Regular,Timmons Arena,Furman,F,Columbia International,CI,89,59,FINISHED,ncaam,2026-08-23T20:56:09+00:00
ncaam-213023,NCAAM,2025-26,2025-11-10T23:30:00Z,Regular,Jersey Mike’s Arena,Rutgers,R,Maine,M,72,60,FINISHED,ncaam,2026-08-23T20:56:09+00:00
ncaam-213026,NCAAM,2025-26,2025-11-10T23:30:00Z,Regular,Beeghly Center,Youngstown State,YS,Penn State-Shenango,PSS,115,53,FINISHED,ncaam,2026-08-23T20:56:09+00:00
ncaam-209849,NCAAM,2025-26,2025-11-11T00:00:00Z,Regular,Petersen Events Center,Pittsburgh,P,Eastern Michigan,EM,78,66,FINISHED,ncaam,2026-08-23T20:56:09+00:00
ncaam-209856,NCAAM,2025-26,2025-11-11T00:00:00Z,Regular,Watsco Center,Miami,M,Stetson,S,102,61,FINISHED,ncaam,2026-08-23T20:56:09+00:00
ncaam-213010,NCAAM,2025-26,2025-11-11T00:00:00Z,Regular,GSU Convocation Center,Georgia State,GS,Presbyterian,P,61,63,FINISHED,ncaam,2026-08-23T20:56:09+00:00
ncaam-213012,NCAAM,2025-26,2025-11-11T00:00:00Z,Regular,Hooper Eblen Center,Tennessee Tech,TT,Virginia-Lynchburg,VL,118,58,FINISHED,ncaam,2026-08-23T20:56:09+00:00
ncaam-213018,NCAAM,2025-26,2025-11-11T00:00:00Z,Regular,UPMC Events Center,Robert Morris,RM,Geneva,G,93,47,FINISHED,ncaam,2026-08-23T20:56:09+00:00
ncaam-213019,NCAAM,2025-26,2025-11-11T00:00:00Z,Regular,Baptist Health Arena,Eastern Kentucky,EK,Western Kentucky,WK,79,87,FINISHED,ncaam,2026-08-23T20:56:09+00:00
ncaam-213020,NCAAM,2025-26,2025-11-11T00:00:00Z,Regular,Walsh Gymnasium,Seton Hall,SH,Fairfield,F,82,59,FINISHED,ncaam,2026-08-23T20:56:09+00:00
ncaam-213022,NCAAM,2025-26,2025-11-11T00:00:00Z,Regular,McAlister Field House,The Citadel,TC,Charleston Southern,CS,86,96,FINISHED,ncaam,2026-08-23T20:56:09+00:00
ncaam-213027,NCAAM,2025-26,2025-11-11T00:00:00Z,Regular,Corbett Sports Center,North Carolina A&T,NCA,South Carolina State,SCS,85,62,FINISHED,ncaam,2026-08-23T20:56:09+00:00
ncaam-213028,NCAAM,2025-26,2025-11-11T00:00:00Z,Regular,Paul Porter Arena,Gardner-Webb,GW,North Greenville,NG,81,92,FINISHED,ncaam,2026-08-23T20:56:09+00:00
ncaam-213029,NCAAM,2025-26,2025-11-11T00:00:00Z,Regular,M.A.C. Center,Kent State,KS,UNC Wilmington,UW,86,77,FINISHED,ncaam,2026-08-23T20:56:09+00:00
ncaam-215321,NCAAM,2025-26,2025-11-11T00:00:00Z,Regular,First Community Arena,SIU Edwardsville,SE,Indiana State,IS,55,64,FINISHED,ncaam,2026-08-23T20:56:09+00:00
ncaam-215322,NCAAM,2025-26,2025-11-11T00:30:00Z,Regular,Fant-Ewing Coliseum,UL Monroe,UM,Rust,R,88,55,FINISHED,ncaam,2026-08-23T20:56:09+00:00
ncaam-215323,NCAAM,2025-26,2025-11-11T00:30:00Z,Regular,Legacy Center,McNeese,M,College Of Biblical Studies,COBS,132,50,FINISHED,ncaam,2026-08-23T20:56:09+00:00
ncaam-215324,NCAAM,2025-26,2025-11-11T00:30:00Z,Regular,Knapp Center,Drake,D,Simpson College (IA),SC(,89,51,FINISHED,ncaam,2026-08-23T20:56:09+00:00
ncaam-209851,NCAAM,2025-26,2025-11-11T01:00:00Z,Regular,Chaifetz Arena,Saint Louis,SL,Lindenwood,L,109,66,FINISHED,ncaam,2026-08-23T20:56:09+00:00
ncaam-209855,NCAAM,2025-26,2025-11-11T01:00:00Z,Regular,Schollmaier Arena,TCU,T,Lamar,L,78,65,FINISHED,ncaam,2026-08-23T20:56:09+00:00
ncaam-209858,NCAAM,2025-26,2025-11-11T01:00:00Z,Regular,Pete Maravich Assembly Center,LSU,L,New Orleans,NO,93,58,FINISHED,ncaam,2026-08-23T20:56:09+00:00
ncaam-213021,NCAAM,2025-26,2025-11-11T01:00:00Z,Regular,UW-Milwaukee Panther Arena,Milwaukee,M,Little Rock,LR,92,72,FINISHED,ncaam,2026-08-23T20:56:09+00:00
ncaam-213024,NCAAM,2025-26,2025-11-11T01:00:00Z,Regular,Sanford Pentagon,Iowa State,IS,Mississippi State,MS,96,80,FINISHED,ncaam,2026-08-23T20:56:09+00:00
ncaam-213030,NCAAM,2025-26,2025-11-11T01:00:00Z,Regular,College Park Center,UT Arlington,UA,Arlington Baptist,AB,117,61,FINISHED,ncaam,2026-08-23T20:56:09+00:00
ncaam-213011,NCAAM,2025-26,2025-11-11T01:30:00Z,Regular,Welsh-Ryan Arena,Northwestern,N,Cleveland State,CS,110,63,FINISHED,ncaam,2026-08-23T20:56:09+00:00
ncaam-213016,NCAAM,2025-26,2025-11-11T01:30:00Z,Regular,Cintas Center,Xavier,X,Santa Clara,SC,68,87,FINISHED,ncaam,2026-08-23T20:56:09+00:00
ncaam-209854,NCAAM,2025-26,2025-11-11T02:00:00Z,Regular,Jon M. Huntsman Center,Utah,U,Holy Cross,HC,87,69,FINISHED,ncaam,2026-08-23T20:56:09+00:00
ncaam-209857,NCAAM,2025-26,2025-11-11T02:00:00Z,Regular,McCamish Pavilion,Georgia Tech,GT,SE Louisiana,SL,70,60,FINISHED,ncaam,2026-08-23T20:56:09+00:00
ncaam-213017,NCAAM,2025-26,2025-11-11T02:00:00Z,Regular,Global Credit Union Arena,Grand Canyon,GC,Northern Illinois,NI,88,59,FINISHED,ncaam,2026-08-23T20:56:09+00:00
ncaam-213015,NCAAM,2025-26,2025-11-11T02:30:00Z,Regular,Beasley Coliseum,Washington State,WS,St. Thomas-Minnesota,STM,81,71,FINISHED,ncaam,2026-08-23T20:56:09+00:00
ncaam-209850,NCAAM,2025-26,2025-11-11T03:00:00Z,Regular,Haas Pavilion,California,C,Cal State Fullerton,CSF,93,65,FINISHED,ncaam,2026-08-23T20:56:09+00:00
ncaam-209852,NCAAM,2025-26,2025-11-11T03:00:00Z,Regular,Pauley Pavilion,UCLA,U,West Georgia,WG,83,62,FINISHED,ncaam,2026-08-23T20:56:09+00:00
ncaam-215325,NCAAM,2025-26,2025-11-11T03:00:00Z,Regular,Bren Events Center,UC Irvine,UI,Lincoln University (CA),LU(,130,63,FINISHED,ncaam,2026-08-23T20:56:09+00:00
ncaam-213068,NCAAM,2025-26,2025-11-11T16:00:00Z,Regular,The Jungle,IU Indianapolis,II,IU Columbus,IC,121,77,FINISHED,ncaam,2026-08-23T20:56:09+00:00
ncaam-213069,NCAAM,2025-26,2025-11-11T18:00:00Z,Regular,Swinney Center,Kansas City,KC,Iona,I,91,105,FINISHED,ncaam,2026-08-23T20:56:09+00:00
ncaam-209876,NCAAM,2025-26,2025-11-11T21:00:00Z,Regular,Clune Arena,Air Force,AF,Long Island University,LIU,72,76,FINISHED,ncaam,2026-08-23T20:56:09+00:00
ncaam-213070,NCAAM,2025-26,2025-11-11T21:00:00Z,Regular,Moody Coliseum (Abilene),Abilene Christian,AC,Southwestern Adventist,SA,104,63,FINISHED,ncaam,2026-08-23T20:56:09+00:00
ncaam-209871,NCAAM,2025-26,2025-11-11T23:00:00Z,Regular,Hill Field House,Morgan State,MS,UMBC,U,79,81,FINISHED,ncaam,2026-08-23T20:56:09+00:00
ncaam-215326,NCAAM,2025-26,2025-11-11T23:00:00Z,Regular,McDermott Center,Incarnate Word,IW,Southwestern Christian,SC,109,70,FINISHED,ncaam,2026-08-23T20:56:09+00:00
ncaam-213035,NCAAM,2025-26,2025-11-11T23:20:00Z,Regular,Moore Gymnasium (FL),Bethune-Cookman,BC,Coastal Georgia,CG,101,60,FINISHED,ncaam,2026-08-23T20:56:09+00:00
ncaam-209860,NCAAM,2025-26,2025-11-11T23:30:00Z,Regular,Little Caesars Arena,Michigan,M,Wake Forest,WF,85,84,FINISHED,ncaam,2026-08-23T20:56:09+00:00
ncaam-213033,NCAAM,2025-26,2025-11-11T23:30:00Z,Regular,Stony Brook Arena,Stony Brook,SB,Saint Joseph's Long Island,SJLI,107,43,FINISHED,ncaam,2026-08-23T20:56:09+00:00
ncaam-213041,NCAAM,2025-26,2025-11-11T23:30:00Z,Regular,Schottenstein Center,Ohio State,OS,App State,AS,75,53,FINISHED,ncaam,2026-08-23T20:56:09+00:00
ncaam-213065,NCAAM,2025-26,2025-11-11T23:30:00Z,Regular,Bryce Jordan Center,Penn State,PS,Navy,N,80,71,FINISHED,ncaam,2026-08-23T20:56:09+00:00
ncaam-213081,NCAAM,2025-26,2025-11-11T23:30:00Z,Regular,Kimmel Arena,UNC Asheville,UA,Lipscomb,L,69,64,FINISHED,ncaam,2026-08-23T20:56:09+00:00
ncaam-215327,NCAAM,2025-26,2025-11-11T23:30:00Z,Regular,Broadview Center,UAlbany,U,SUNY Delhi,SD,115,52,FINISHED,ncaam,2026-08-23T20:56:09+00:00
ncaam-209864,NCAAM,2025-26,2025-11-12T00:00:00Z,Regular,Dean E. Smith Center,North Carolina,NC,Radford,R,89,74,FINISHED,ncaam,2026-08-23T20:56:09+00:00
ncaam-209866,NCAAM,2025-26,2025-11-12T00:00:00Z,Regular,Christl Arena,Army,A,Duke,D,59,114,FINISHED,ncaam,2026-08-23T20:56:09+00:00
ncaam-209867,NCAAM,2025-26,2025-11-12T00:00:00Z,Regular,Robins Center,Richmond,R,William & Mary,W&M,90,86,FINISHED,ncaam,2026-08-23T20:56:09+00:00
ncaam-209868,NCAAM,2025-26,2025-11-12T00:00:00Z,Regular,Thomas M. Ryan Center,Rhode Island,RI,Stonehill,S,80,57,FINISHED,ncaam,2026-08-23T20:56:09+00:00
ncaam-209870,NCAAM,2025-26,2025-11-12T00:00:00Z,Regular,Fifth Third Arena,Cincinnati,C,Dayton,D,74,62,FINISHED,ncaam,2026-08-23T20:56:09+00:00
ncaam-209872,NCAAM,2025-26,2025-11-12T00:00:00Z,Regular,Littlejohn Coliseum,Clemson,C,Morehead State,MS,83,56,FINISHED,ncaam,2026-08-23T20:56:09+00:00
ncaam-209873,NCAAM,2025-26,2025-11-12T00:00:00Z,Regular,Conte Forum,Boston College,BC,Central Connecticut,CC,59,60,FINISHED,ncaam,2026-08-23T20:56:09+00:00
ncaam-209874,NCAAM,2025-26,2025-11-12T00:00:00Z,Regular,Amica Mutual Pavilion,Providence,P,Pennsylvania,P,106,81,FINISHED,ncaam,2026-08-23T20:56:09+00:00
ncaam-209875,NCAAM,2025-26,2025-11-12T00:00:00Z,Regular,DeGol Arena,St. Francis (PA),SF(,Mount St. Mary's,MSM,66,74,FINISHED,ncaam,2026-08-23T20:56:09+00:00
ncaam-209878,NCAAM,2025-26,2025-11-12T00:00:00Z,Regular,Jadwin Gymnasium,Princeton,P,Bucknell,B,73,63,FINISHED,ncaam,2026-08-23T20:56:09+00:00
ncaam-209879,NCAAM,2025-26,2025-11-12T00:00:00Z,Regular,Lavietes Pavilion,Harvard,H,Northeastern,N,60,77,FINISHED,ncaam,2026-08-23T20:56:09+00:00
ncaam-213031,NCAAM,2025-26,2025-11-12T00:00:00Z,Regular,Cotterell Court,Colgate,C,Drexel,D,90,83,FINISHED,ncaam,2026-08-23T20:56:09+00:00
ncaam-213034,NCAAM,2025-26,2025-11-12T00:00:00Z,Regular,XFINITY Center,Maryland,M,Alcorn State,AS,84,64,FINISHED,ncaam,2026-08-23T20:56:09+00:00
ncaam-213036,NCAAM,2025-26,2025-11-12T00:00:00Z,Regular,The HTC Center,Coastal Carolina,CC,Winthrop,W,72,66,FINISHED,ncaam,2026-08-23T20:56:09+00:00
ncaam-213042,NCAAM,2025-26,2025-11-12T00:00:00Z,Regular,Stephen C. O'Connell Center,Florida,F,Florida State,FS,78,76,FINISHED,ncaam,2026-08-23T20:56:09+00:00
ncaam-213043,NCAAM,2025-26,2025-11-12T00:00:00Z,Regular,EagleBank Arena,George Mason,GM,Catawba,C,86,62,FINISHED,ncaam,2026-08-23T20:56:09+00:00
ncaam-213047,NCAAM,2025-26,2025-11-12T00:00:00Z,Regular,Addition Financial Arena,UCF,U,Florida A&M,FA,97,60,FINISHED,ncaam,2026-08-23T20:56:09+00:00
ncaam-213052,NCAAM,2025-26,2025-11-12T00:00:00Z,Regular,Finneran Pavilion,Villanova,V,Sacred Heart,SH,94,60,FINISHED,ncaam,2026-08-23T20:56:09+00:00
ncaam-213055,NCAAM,2025-26,2025-11-12T00:00:00Z,Regular,Nutter Center,Wright State,WS,Toledo,T,71,81,FINISHED,ncaam,2026-08-23T20:56:09+00:00
ncaam-213056,NCAAM,2025-26,2025-11-12T00:00:00Z,Regular,Calihan Hall,Detroit Mercy,DM,Cleary University,CU,92,54,FINISHED,ncaam,2026-08-23T20:56:09+00:00
ncaam-213060,NCAAM,2025-26,2025-11-12T00:00:00Z,Regular,Liacouras Center,Temple,T,La Salle,LS,90,63,FINISHED,ncaam,2026-08-23T20:56:09+00:00
ncaam-213062,NCAAM,2025-26,2025-11-12T00:00:00Z,Regular,Hinkle Fieldhouse,Butler,B,Chicago State,CS,98,66,FINISHED,ncaam,2026-08-23T20:56:09+00:00
ncaam-213063,NCAAM,2025-26,2025-11-12T00:00:00Z,Regular,Halton Arena,Charlotte,C,Davidson,D,55,62,FINISHED,ncaam,2026-08-23T20:56:09+00:00
ncaam-213073,NCAAM,2025-26,2025-11-12T00:00:00Z,Regular,Trojan Arena,Troy,T,Pensacola Christian College,PCC,121,56,FINISHED,ncaam,2026-08-23T20:56:09+00:00
ncaam-213074,NCAAM,2025-26,2025-11-12T00:00:00Z,Regular,Flowers Hall,North Alabama,NA,Northwestern State,NS,87,83,FINISHED,ncaam,2026-08-23T20:56:09+00:00
ncaam-213075,NCAAM,2025-26,2025-11-12T00:00:00Z,Regular,Qubein Center,High Point,HP,Jacksonville,J,85,64,FINISHED,ncaam,2026-08-23T20:56:09+00:00
ncaam-213076,NCAAM,2025-26,2025-11-12T00:00:00Z,Regular,Alico Arena,Florida Gulf Coast,FGC,Georgia Southern,GS,94,95,FINISHED,ncaam,2026-08-23T20:56:09+00:00
ncaam-213077,NCAAM,2025-26,2025-11-12T00:00:00Z,Regular,Rose Hill Gym,Fordham,F,Wagner,W,63,61,FINISHED,ncaam,2026-08-23T20:56:09+00:00
ncaam-213078,NCAAM,2025-26,2025-11-12T00:00:00Z,Regular,Reitz Arena,Loyola Maryland,LM,NJIT,N,64,66,FINISHED,ncaam,2026-08-23T20:56:09+00:00
ncaam-215328,NCAAM,2025-26,2025-11-12T00:00:00Z,Regular,Chartway Arena,Old Dominion,OD,Norfolk State,NS,60,57,FINISHED,ncaam,2026-08-23T20:56:09+00:00
ncaam-209863,NCAAM,2025-26,2025-11-12T00:30:00Z,Regular,Purcell Pavilion,Notre Dame,ND,Eastern Illinois,EI,78,58,FINISHED,ncaam,2026-08-23T20:56:09+00:00
ncaam-209880,NCAAM,2025-26,2025-11-12T00:30:00Z,Regular,M&T Bank Arena,Quinnipiac,Q,Yale,Y,60,97,FINISHED,ncaam,2026-08-23T20:56:09+00:00
ncaam-213032,NCAAM,2025-26,2025-11-12T00:30:00Z,Regular,TU Arena,Towson,T,Wilson College,WC,101,62,FINISHED,ncaam,2026-08-23T20:56:09+00:00
ncaam-213038,NCAAM,2025-26,2025-11-12T00:30:00Z,Regular,Bartow Arena,UAB,U,Alabama State,AS,74,77,FINISHED,ncaam,2026-08-23T20:56:09+00:00
ncaam-209862,NCAAM,2025-26,2025-11-12T01:00:00Z,Regular,Moody Coliseum,SMU,S,Murray State,MS,102,91,FINISHED,ncaam,2026-08-23T20:56:09+00:00
ncaam-209865,NCAAM,2025-26,2025-11-12T01:00:00Z,Regular,KFC Yum! Center,Louisville,L,Kentucky,K,96,88,FINISHED,ncaam,2026-08-23T20:56:09+00:00
ncaam-209869,NCAAM,2025-26,2025-11-12T01:00:00Z,Regular,UPMC Cooper Fieldhouse,Duquesne,D,Queens University,QU,87,81,FINISHED,ncaam,2026-08-23T20:56:09+00:00
ncaam-213037,NCAAM,2025-26,2025-11-12T01:00:00Z,Regular,Wisdom Gym,Tarleton State,TS,Merrimack,M,76,62,FINISHED,ncaam,2026-08-23T20:56:09+00:00
ncaam-213039,NCAAM,2025-26,2025-11-12T01:00:00Z,Regular,Tudor Fieldhouse,Rice,R,Stephen F. Austin,SFA,69,81,FINISHED,ncaam,2026-08-23T20:56:09+00:00
ncaam-213046,NCAAM,2025-26,2025-11-12T01:00:00Z,Regular,Bud Walton Arena,Arkansas,A,Central Arkansas,CA,93,56,FINISHED,ncaam,2026-08-23T20:56:09+00:00
ncaam-213053,NCAAM,2025-26,2025-11-12T01:00:00Z,Regular,Neville Arena,Auburn,A,Wofford,W,93,62,FINISHED,ncaam,2026-08-23T20:56:09+00:00
ncaam-213054,NCAAM,2025-26,2025-11-12T01:00:00Z,Regular,Wintrust Arena,DePaul,D,Buffalo,B,53,66,FINISHED,ncaam,2026-08-23T20:56:09+00:00
ncaam-213057,NCAAM,2025-26,2025-11-12T01:00:00Z,Regular,Great Southern Bank Arena,Missouri State,MS,Arkansas State,AS,85,86,FINISHED,ncaam,2026-08-23T20:56:09+00:00
ncaam-213058,NCAAM,2025-26,2025-11-12T01:00:00Z,Regular,Pinnacle Bank Arena,Nebraska,N,Maryland Eastern Shore,MES,69,50,FINISHED,ncaam,2026-08-23T20:56:09+00:00
ncaam-213066,NCAAM,2025-26,2025-11-12T01:00:00Z,Regular,Allen Fieldhouse,Kansas,K,Texas A&M-Corpus Christi,TACC,77,46,FINISHED,ncaam,2026-08-23T20:56:09+00:00
ncaam-213071,NCAAM,2025-26,2025-11-12T01:00:00Z,Regular,Scheels Center,North Dakota State,NDS,Cal State Northridge,CSN,90,68,FINISHED,ncaam,2026-08-23T20:56:09+00:00
ncaam-213079,NCAAM,2025-26,2025-11-12T01:00:00Z,Regular,Cajundome,Louisiana,L,Tulane,T,62,66,FINISHED,ncaam,2026-08-23T20:56:09+00:00
ncaam-213080,NCAAM,2025-26,2025-11-12T01:00:00Z,Regular,Howard McCasland Field House,Oklahoma,O,Arkansas-Pine Bluff,APB,95,69,FINISHED,ncaam,2026-08-23T20:56:09+00:00
ncaam-215329,NCAAM,2025-26,2025-11-12T01:00:00Z,Regular,Betty Engelstad Sioux Center,North Dakota,ND,Mayville State,MS,128,58,FINISHED,ncaam,2026-08-23T20:56:09+00:00
ncaam-215330,NCAAM,2025-26,2025-11-12T01:00:00Z,Regular,Gentry Center,Tennessee State,TS,Oakwood,O,114,76,FINISHED,ncaam,2026-08-23T20:56:09+00:00
ncaam-215331,NCAAM,2025-26,2025-11-12T01:00:00Z,Regular,Credit Union 1 Arena,UIC,U,St. Francis (IL),SF(,98,55,FINISHED,ncaam,2026-08-23T20:56:09+00:00
ncaam-209877,NCAAM,2025-26,2025-11-12T01:30:00Z,Regular,State Farm Center,Illinois,I,Texas Tech,TT,81,77,FINISHED,ncaam,2026-08-23T20:56:09+00:00
ncaam-213051,NCAAM,2025-26,2025-11-12T01:30:00Z,Regular,Arena-Auditorium,Wyoming,W,Austin Peay,AP,79,65,FINISHED,ncaam,2026-08-23T20:56:09+00:00
ncaam-213059,NCAAM,2025-26,2025-11-12T01:30:00Z,Regular,Kohl Center,Wisconsin,W,Ball State,BS,86,55,FINISHED,ncaam,2026-08-23T20:56:09+00:00
ncaam-213082,NCAAM,2025-26,2025-11-12T01:30:00Z,Regular,America First Events Center,Southern Utah,SU,Bethesda University,BU,118,60,FINISHED,ncaam,2026-08-23T20:56:09+00:00
ncaam-209861,NCAAM,2025-26,2025-11-12T02:00:00Z,Regular,John Paul Jones Arena,Virginia,V,Hampton,H,91,53,FINISHED,ncaam,2026-08-23T20:56:09+00:00
ncaam-213040,NCAAM,2025-26,2025-11-12T02:00:00Z,Regular,The Sandy and John Black Pavilion at Ole Miss,Ole Miss,OM,Memphis,M,83,77,FINISHED,ncaam,2026-08-23T20:56:09+00:00
ncaam-213044,NCAAM,2025-26,2025-11-12T02:00:00Z,Regular,The Pit,New Mexico,NM,UC Riverside,UR,82,68,FINISHED,ncaam,2026-08-23T20:56:09+00:00
ncaam-213045,NCAAM,2025-26,2025-11-12T02:00:00Z,Regular,McKale Memorial Center,Arizona,A,Northern Arizona,NA,84,49,FINISHED,ncaam,2026-08-23T20:56:09+00:00
ncaam-213048,NCAAM,2025-26,2025-11-12T02:00:00Z,Regular,Firestone Fieldhouse,Pepperdine,P,Lincoln University (CA),LU(,113,76,FINISHED,ncaam,2026-08-23T20:56:09+00:00
ncaam-213049,NCAAM,2025-26,2025-11-12T02:00:00Z,Regular,Don Haskins Center,UTEP,U,Loyola Marymount,LM,58,71,FINISHED,ncaam,2026-08-23T20:56:09+00:00
ncaam-213050,NCAAM,2025-26,2025-11-12T02:00:00Z,Regular,ExtraMile Arena,Boise State,BS,UT Rio Grande Valley,URGV,85,65,FINISHED,ncaam,2026-08-23T20:56:09+00:00
ncaam-213067,NCAAM,2025-26,2025-11-12T02:00:00Z,Regular,Marriott Center,BYU,B,Delaware,D,85,68,FINISHED,ncaam,2026-08-23T20:56:09+00:00
ncaam-213072,NCAAM,2025-26,2025-11-12T02:30:00Z,Regular,Icardo Center,Cal State Bakersfield,CSB,Western Illinois,WI,74,58,FINISHED,ncaam,2026-08-23T20:56:09+00:00
ncaam-215332,NCAAM,2025-26,2025-11-12T02:30:00Z,Regular,Pan American Center,New Mexico State,NMS,New Mexico Highlands,NMH,74,58,FINISHED,ncaam,2026-08-23T20:56:09+00:00
ncaam-213061,NCAAM,2025-26,2025-11-12T03:00:00Z,Regular,McCarthey Athletic Center,Gonzaga,G,Creighton,C,90,63,FINISHED,ncaam,2026-08-23T20:56:09+00:00
ncaam-213064,NCAAM,2025-26,2025-11-12T03:00:00Z,Regular,Thomas & Mack Center,UNLV,U,Montana,M,93,102,FINISHED,ncaam,2026-08-23T20:56:09+00:00
ncaam-213083,NCAAM,2025-26,2025-11-12T03:00:00Z,Regular,,Sacramento State,SS,UC Santa Barbara,USB,87,92,FINISHED,ncaam,2026-08-23T20:56:09+00:00
ncaam-215333,NCAAM,2025-26,2025-11-12T03:00:00Z,Regular,University Credit Union Pavilion,Saint Mary's,SM,Ohio,O,90,60,FINISHED,ncaam,2026-08-23T20:56:09+00:00
ncaam-213109,NCAAM,2025-26,2025-11-12T23:00:00Z,Regular,Cameron Hall,VMI,V,Virginia-Lynchburg,VL,106,54,FINISHED,ncaam,2026-08-23T20:56:09+00:00
ncaam-213107,NCAAM,2025-26,2025-11-12T23:30:00Z,Regular,Capital One Arena,Georgetown,G,Binghamton,B,83,70,FINISHED,ncaam,2026-08-23T20:56:09+00:00
ncaam-209881,NCAAM,2025-26,2025-11-13T00:00:00Z,Regular,Case Gym,Boston University,BU,Brown,B,90,77,FINISHED,ncaam,2026-08-23T20:56:09+00:00
ncaam-209882,NCAAM,2025-26,2025-11-13T00:00:00Z,Regular,Cassell Coliseum,Virginia Tech,VT,Saint Joseph's,SJ,94,59,FINISHED,ncaam,2026-08-23T20:56:09+00:00
ncaam-209884,NCAAM,2025-26,2025-11-13T00:00:00Z,Regular,Reilly Center,St. Bonaventure,SB,Siena,S,75,66,FINISHED,ncaam,2026-08-23T20:56:09+00:00
ncaam-209885,NCAAM,2025-26,2025-11-13T00:00:00Z,Regular,Charles E. Smith Center,George Washington,GW,American University,AU,107,67,FINISHED,ncaam,2026-08-23T20:56:09+00:00
ncaam-209886,NCAAM,2025-26,2025-11-13T00:00:00Z,Regular,Koessler Athletic Center,Canisius,C,Mercyhurst,M,58,55,FINISHED,ncaam,2026-08-23T20:56:09+00:00
ncaam-209887,NCAAM,2025-26,2025-11-13T00:00:00Z,Regular,McCann Arena,Marist,M,Vassar,V,93,61,FINISHED,ncaam,2026-08-23T20:56:09+00:00
ncaam-213085,NCAAM,2025-26,2025-11-13T00:00:00Z,Regular,Cam Henderson Center,Marshall,M,Elon,E,96,89,FINISHED,ncaam,2026-08-23T20:56:09+00:00
ncaam-213088,NCAAM,2025-26,2025-11-13T00:00:00Z,Regular,Colonial Life Arena,South Carolina,SC,Presbyterian,P,81,61,FINISHED,ncaam,2026-08-23T20:56:09+00:00
ncaam-213091,NCAAM,2025-26,2025-11-13T00:00:00Z,Regular,Freedom Hall (TN),East Tennessee State,ETS,Northern Kentucky,NK,75,63,FINISHED,ncaam,2026-08-23T20:56:09+00:00
ncaam-213098,NCAAM,2025-26,2025-11-13T00:00:00Z,Regular,Food City Center,Tennessee,T,North Florida,NF,99,66,FINISHED,ncaam,2026-08-23T20:56:09+00:00
ncaam-213099,NCAAM,2025-26,2025-11-13T00:00:00Z,Regular,University Arena (MI),Western Michigan,WM,Purdue Fort Wayne,PFW,83,71,FINISHED,ncaam,2026-08-23T20:56:09+00:00
ncaam-213100,NCAAM,2025-26,2025-11-13T00:00:00Z,Regular,Knights Hall,Bellarmine,B,Hanover,H,94,55,FINISHED,ncaam,2026-08-23T20:56:09+00:00
ncaam-213103,NCAAM,2025-26,2025-11-13T00:00:00Z,Regular,Yuengling Center,South Florida,SF,Coppin State,CS,100,50,FINISHED,ncaam,2026-08-23T20:56:09+00:00
ncaam-213104,NCAAM,2025-26,2025-11-13T00:00:00Z,Regular,Siegel Center,VCU,V,Saint Peter's,SP,78,61,FINISHED,ncaam,2026-08-23T20:56:09+00:00
ncaam-213105,NCAAM,2025-26,2025-11-13T00:00:00Z,Regular,Simon Skjodt Assembly Hall,Indiana,I,Milwaukee,M,101,70,FINISHED,ncaam,2026-08-23T20:56:09+00:00
ncaam-213108,NCAAM,2025-26,2025-11-13T00:00:00Z,Regular,James A. Rhodes Arena,Akron,A,Penn State-Shenango,PSS,109,51,FINISHED,ncaam,2026-08-23T20:56:09+00:00
ncaam-213110,NCAAM,2025-26,2025-11-13T00:00:00Z,Regular,G.B. Hodge Center,South Carolina Upstate,SCU,Bob Jones,BJ,114,53,FINISHED,ncaam,2026-08-23T20:56:09+00:00
ncaam-213111,NCAAM,2025-26,2025-11-13T00:00:00Z,Regular,Joan Perry Brock Center,Longwood,L,James Madison,JM,82,72,FINISHED,ncaam,2026-08-23T20:56:09+00:00
ncaam-213112,NCAAM,2025-26,2025-11-13T00:00:00Z,Regular,Lundholm Gymnasium,New Hampshire,NH,Emmanuel (MA),E(,97,69,FINISHED,ncaam,2026-08-23T20:56:09+00:00
ncaam-215334,NCAAM,2025-26,2025-11-13T00:00:00Z,Regular,McDougald-McLendon Arena,North Carolina Central,NCC,Bluefield State,BS,77,61,FINISHED,ncaam,2026-08-23T20:56:09+00:00
ncaam-215335,NCAAM,2025-26,2025-11-13T00:00:00Z,Regular,KSU Convocation Center,Kennesaw State,KS,Point University,PU,111,60,FINISHED,ncaam,2026-08-23T20:56:09+00:00
ncaam-215336,NCAAM,2025-26,2025-11-13T00:30:00Z,Regular,Show Me Center,Southeast Missouri State,SMS,Webster,W,87,41,FINISHED,ncaam,2026-08-23T20:56:09+00:00
ncaam-209883,NCAAM,2025-26,2025-11-13T01:00:00Z,Regular,Lenovo Center,NC State,NS,UNC Greensboro,UG,110,64,FINISHED,ncaam,2026-08-23T20:56:09+00:00
ncaam-209888,NCAAM,2025-26,2025-11-13T01:00:00Z,Regular,Gallagher-Iba Arena,Oklahoma State,OS,Prairie View A&M,PVA,94,67,FINISHED,ncaam,2026-08-23T20:56:09+00:00
ncaam-209889,NCAAM,2025-26,2025-11-13T01:00:00Z,Regular,Moody Center,Texas,T,Fairleigh Dickinson,FD,93,58,FINISHED,ncaam,2026-08-23T20:56:09+00:00
ncaam-209890,NCAAM,2025-26,2025-11-13T01:00:00Z,Regular,Sanford Coyote Sports Center,South Dakota,SD,Southern Indiana,SI,89,74,FINISHED,ncaam,2026-08-23T20:56:09+00:00
ncaam-213086,NCAAM,2025-26,2025-11-13T01:00:00Z,Regular,Mizzou Arena,Missouri,M,Minnesota,M,83,60,FINISHED,ncaam,2026-08-23T20:56:09+00:00
ncaam-213093,NCAAM,2025-26,2025-11-13T01:00:00Z,Regular,Fertitta Center,Houston,H,Oakland,O,78,45,FINISHED,ncaam,2026-08-23T20:56:09+00:00
ncaam-213101,NCAAM,2025-26,2025-11-13T01:00:00Z,Regular,Fiserv Forum,Marquette,M,Little Rock,LR,89,49,FINISHED,ncaam,2026-08-23T20:56:09+00:00
ncaam-213102,NCAAM,2025-26,2025-11-13T01:00:00Z,Regular,Ford Center,Evansville,E,Middle Tennessee,MT,72,77,FINISHED,ncaam,2026-08-23T20:56:09+00:00
ncaam-213114,NCAAM,2025-26,2025-11-13T01:00:00Z,Regular,Strahan Arena at the University Events Center,Texas State,TS,UTSA,U,80,69,FINISHED,ncaam,2026-08-23T20:56:09+00:00
ncaam-213115,NCAAM,2025-26,2025-11-13T01:00:00Z,Regular,UCCU Center,Utah Valley,UV,Westminster (UT),W(,91,60,FINISHED,ncaam,2026-08-23T20:56:09+00:00
ncaam-213116,NCAAM,2025-26,2025-11-13T01:00:00Z,Regular,Athletics-Recreation Center,Valparaiso,V,Nicholls,N,68,63,FINISHED,ncaam,2026-08-23T20:56:09+00:00
ncaam-215337,NCAAM,2025-26,2025-11-13T01:00:00Z,Regular,Scheels Center,North Dakota State,NDS,St. Scholastica,SS,111,38,FINISHED,ncaam,2026-08-23T20:56:09+00:00
ncaam-215338,NCAAM,2025-26,2025-11-13T01:00:00Z,Regular,Memorial Gymnasium (TN),Vanderbilt,V,Eastern Kentucky,EK,92,62,FINISHED,ncaam,2026-08-23T20:56:09+00:00
ncaam-215339,NCAAM,2025-26,2025-11-13T01:00:00Z,Regular,Mabee Center,Oral Roberts,OR,Tulsa,T,87,88,FINISHED,ncaam,2026-08-23T20:56:09+00:00
ncaam-213087,NCAAM,2025-26,2025-11-13T01:30:00Z,Regular,H&PE Arena,Texas Southern,TS,Samford,S,90,93,FINISHED,ncaam,2026-08-23T20:56:09+00:00
ncaam-213106,NCAAM,2025-26,2025-11-13T01:30:00Z,Regular,Chace Athletic Center,Bryant,B,Dartmouth,D,82,75,FINISHED,ncaam,2026-08-23T20:56:09+00:00
ncaam-215340,NCAAM,2025-26,2025-11-13T01:30:00Z,Regular,Carver Arena,Bradley,B,UT Martin,UM,67,78,FINISHED,ncaam,2026-08-23T20:56:09+00:00
ncaam-213089,NCAAM,2025-26,2025-11-13T02:00:00Z,Regular,Dee Glen Smith Spectrum,Utah State,US,Weber State,WS,83,73,FINISHED,ncaam,2026-08-23T20:56:09+00:00
ncaam-213095,NCAAM,2025-26,2025-11-13T02:00:00Z,Regular,Moby Arena,Colorado State,CS,Cal Poly,CP,93,79,FINISHED,ncaam,2026-08-23T20:56:09+00:00
ncaam-213096,NCAAM,2025-26,2025-11-13T02:00:00Z,Regular,Jenny Craig Pavilion,San Diego,SD,Idaho,I,78,74,FINISHED,ncaam,2026-08-23T20:56:09+00:00
ncaam-213117,NCAAM,2025-26,2025-11-13T02:00:00Z,Regular,Save Mart Center,Fresno State,FS,UC San Diego,USD,73,78,FINISHED,ncaam,2026-08-23T20:56:09+00:00
ncaam-213084,NCAAM,2025-26,2025-11-13T02:30:00Z,Regular,Matthew Knight Arena,Oregon,O,South Dakota State,SDS,83,69,FINISHED,ncaam,2026-08-23T20:56:09+00:00
ncaam-213094,NCAAM,2025-26,2025-11-13T02:30:00Z,Regular,Gill Coliseum,Oregon State,OS,North Texas,NT,66,64,FINISHED,ncaam,2026-08-23T20:56:09+00:00
ncaam-215342,NCAAM,2025-26,2025-11-13T02:30:00Z,Regular,Stan Sheriff Center,Utah Tech,UT,Manhattan,M,75,79,FINISHED,ncaam,2026-08-23T20:56:09+00:00
ncaam-209891,NCAAM,2025-26,2025-11-13T03:00:00Z,Regular,Maples Pavilion,Stanford,S,Montana State,MS,77,68,FINISHED,ncaam,2026-08-23T20:56:09+00:00
ncaam-213090,NCAAM,2025-26,2025-11-13T03:00:00Z,Regular,The Sobrato Center,San Francisco,SF,Portland State,PS,80,70,FINISHED,ncaam,2026-08-23T20:56:09+00:00
ncaam-213097,NCAAM,2025-26,2025-11-13T03:00:00Z,Regular,Redhawk Center,Seattle U,SU,Eastern Washington,EW,94,67,FINISHED,ncaam,2026-08-23T20:56:09+00:00
ncaam-213113,NCAAM,2025-26,2025-11-13T03:00:00Z,Regular,Alex G. Spanos Center,Pacific,P,Long Beach State,LBS,69,66,FINISHED,ncaam,2026-08-23T20:56:09+00:00
ncaam-215341,NCAAM,2025-26,2025-11-13T03:00:00Z,Regular,Lawlor Events Center,Nevada,N,Southern Illinois,SI,86,81,FINISHED,ncaam,2026-08-23T20:56:09+00:00
ncaam-213092,NCAAM,2025-26,2025-11-13T04:59:00Z,Regular,Stan Sheriff Center,Hawai'i,H,Mississippi Valley State,MVS,88,56,FINISHED,ncaam,2026-08-23T20:56:09+00:00
ncaam-215343,NCAAM,2025-26,2025-11-13T16:00:00Z,Regular,McArthur Center,South Alabama,SA,Central Michigan,CM,66,64,FINISHED,ncaam,2026-08-23T20:56:09+00:00
ncaam-209892,NCAAM,2025-26,2025-11-13T23:00:00Z,Regular,WVU Coliseum,West Virginia,WV,Pittsburgh,P,71,49,FINISHED,ncaam,2026-08-23T20:56:09+00:00
ncaam-215344,NCAAM,2025-26,2025-11-13T23:00:00Z,Regular,Kirby Sports Center,Lafayette,L,Cornell,C,78,97,FINISHED,ncaam,2026-08-23T20:56:09+00:00
ncaam-213118,NCAAM,2025-26,2025-11-13T23:30:00Z,Regular,Breslin Center,Michigan State,MS,San José State,SJS,79,60,FINISHED,ncaam,2026-08-23T20:56:09+00:00
ncaam-215345,NCAAM,2025-26,2025-11-13T23:30:00Z,Regular,Kimmel Arena,UNC Asheville,UA,Bryan (TN),B(,92,54,FINISHED,ncaam,2026-08-23T20:56:09+00:00
ncaam-209895,NCAAM,2025-26,2025-11-14T00:00:00Z,Regular,Coleman Coliseum,Alabama,A,Purdue,P,80,87,FINISHED,ncaam,2026-08-23T20:56:09+00:00
ncaam-209896,NCAAM,2025-26,2025-11-14T00:00:00Z,Regular,Levien Gymnasium,Columbia,C,UMass Lowell,UL,86,72,FINISHED,ncaam,2026-08-23T20:56:09+00:00
ncaam-213119,NCAAM,2025-26,2025-11-14T00:00:00Z,Regular,Hooper Eblen Center,Tennessee Tech,TT,Berea,B,86,64,FINISHED,ncaam,2026-08-23T20:56:09+00:00
ncaam-213121,NCAAM,2025-26,2025-11-14T00:00:00Z,Regular,Prudential Center,Seton Hall,SH,Monmouth,M,70,58,FINISHED,ncaam,2026-08-23T20:56:09+00:00
ncaam-213123,NCAAM,2025-26,2025-11-14T00:00:00Z,Regular,UPMC Events Center,Robert Morris,RM,Pittsburgh - Greensburg,PG,81,57,FINISHED,ncaam,2026-08-23T20:56:09+00:00
ncaam-213124,NCAAM,2025-26,2025-11-14T00:00:00Z,Regular,Minges Coliseum,East Carolina,EC,Elizabeth City State,ECS,71,70,FINISHED,ncaam,2026-08-23T20:56:09+00:00
ncaam-213125,NCAAM,2025-26,2025-11-14T00:00:00Z,Regular,Corbett Sports Center,North Carolina A&T,NCA,Washington Adventist,WA,89,83,FINISHED,ncaam,2026-08-23T20:56:09+00:00
ncaam-213126,NCAAM,2025-26,2025-11-14T00:00:00Z,Regular,Jadwin Gymnasium,Princeton,P,John Jay College,JJC,100,59,FINISHED,ncaam,2026-08-23T20:56:09+00:00
ncaam-213127,NCAAM,2025-26,2025-11-14T00:00:00Z,Regular,Mullins Center,Massachusetts,M,Le Moyne,LM,94,80,FINISHED,ncaam,2026-08-23T20:56:09+00:00
ncaam-215346,NCAAM,2025-26,2025-11-14T00:00:00Z,Regular,Burr Gymnasium,Howard,H,Alcorn State,AS,72,64,FINISHED,ncaam,2026-08-23T20:56:09+00:00
ncaam-215347,NCAAM,2025-26,2025-11-14T00:00:00Z,Regular,GSU Convocation Center,Georgia State,GS,Fort Valley State,FVS,90,56,FINISHED,ncaam,2026-08-23T20:56:09+00:00
ncaam-215348,NCAAM,2025-26,2025-11-14T00:00:00Z,Regular,John W. Pope Jr. Convocation Center,Campbell,C,Mid-Atlantic Christian,MAC,108,55,FINISHED,ncaam,2026-08-23T20:56:09+00:00
ncaam-209894,NCAAM,2025-26,2025-11-14T00:30:00Z,Regular,Charles Koch Arena,Wichita State,WS,Loyola Chicago,LC,95,74,FINISHED,ncaam,2026-08-23T20:56:09+00:00
ncaam-213128,NCAAM,2025-26,2025-11-14T00:30:00Z,Regular,Fredrick C. Hobdy Assembly Center,Grambling,G,Southern Miss,SM,75,70,FINISHED,ncaam,2026-08-23T20:56:09+00:00
ncaam-213122,NCAAM,2025-26,2025-11-14T01:00:00Z,Regular,NIU Convocation Center,Northern Illinois,NI,Benedictine University (IL),BU(,117,62,FINISHED,ncaam,2026-08-23T20:56:09+00:00
ncaam-213129,NCAAM,2025-26,2025-11-14T01:00:00Z,Regular,Event Center,Alabama A&M,AA,Charleston Southern,CS,68,64,FINISHED,ncaam,2026-08-23T20:56:09+00:00
ncaam-215349,NCAAM,2025-26,2025-11-14T01:00:00Z,Regular,Pete Maravich Assembly Center,LSU,L,Florida International,FI,98,81,FINISHED,ncaam,2026-08-23T20:56:09+00:00
ncaam-215350,NCAAM,2025-26,2025-11-14T01:00:00Z,Regular,Lee & Penny Anderson Arena,St. Thomas-Minnesota,STM,Green Bay,GB,80,61,FINISHED,ncaam,2026-08-23T20:56:09+00:00
ncaam-215351,NCAAM,2025-26,2025-11-14T01:00:00Z,Regular,Sharp Gymnasium,Houston Christian,HC,UL Monroe,UM,72,61,FINISHED,ncaam,2026-08-23T20:56:09+00:00
ncaam-213120,NCAAM,2025-26,2025-11-14T01:15:00Z,Regular,Ramsey Center,Western Carolina,WC,Voorhees,V,95,44,FINISHED,ncaam,2026-08-23T20:56:09+00:00
ncaam-209893,NCAAM,2025-26,2025-11-14T02:00:00Z,Regular,Bramlage Coliseum,Kansas State,KS,California,C,99,96,FINISHED,ncaam,2026-08-23T20:56:09+00:00
ncaam-213145,NCAAM,2025-26,2025-11-14T16:00:00Z,Regular,McArthur Center,Coppin State,CS,Central Michigan,CM,59,82,FINISHED,ncaam,2026-08-23T20:56:09+00:00
ncaam-215352,NCAAM,2025-26,2025-11-14T18:00:00Z,Regular,Prather Coliseum,Northwestern State,NS,Ecclesia,E,95,75,FINISHED,ncaam,2026-08-23T20:56:09+00:00
ncaam-213151,NCAAM,2025-26,2025-11-14T23:00:00Z,Regular,Alumni Hall (Navy),Navy,N,Washington College (MD),WC(,97,64,FINISHED,ncaam,2026-08-23T20:56:09+00:00
ncaam-215353,NCAAM,2025-26,2025-11-14T23:00:00Z,Regular,Jack and Ruth Ann Hill Convocation Center,Georgia Southern,GS,Johnson C Smith,JCS,98,79,FINISHED,ncaam,2026-08-23T20:56:09+00:00
ncaam-213132,NCAAM,2025-26,2025-11-14T23:30:00Z,Regular,Jersey Mike’s Arena,Rutgers,R,Lehigh,L,84,72,FINISHED,ncaam,2026-08-23T20:56:09+00:00
ncaam-213148,NCAAM,2025-26,2025-11-14T23:30:00Z,Regular,Event Center,Charleston Southern,CS,Lindenwood,L,77,83,FINISHED,ncaam,2026-08-23T20:56:09+00:00
ncaam-213156,NCAAM,2025-26,2025-11-14T23:30:00Z,Regular,Gervin GameAbove Center,Eastern Michigan,EM,IU Indianapolis,II,83,90,FINISHED,ncaam,2026-08-23T20:56:09+00:00
ncaam-209898,NCAAM,2025-26,2025-11-15T00:00:00Z,Regular,Cameron Indoor Stadium,Duke,D,Indiana State,IS,100,62,FINISHED,ncaam,2026-08-23T20:56:09+00:00
ncaam-209899,NCAAM,2025-26,2025-11-15T00:00:00Z,Regular,Thomas M. Ryan Center,Rhode Island,RI,UAlbany,U,80,61,FINISHED,ncaam,2026-08-23T20:56:09+00:00
ncaam-209903,NCAAM,2025-26,2025-11-15T00:00:00Z,Regular,Sojka Pavilion,Bucknell,B,Hofstra,H,77,83,FINISHED,ncaam,2026-08-23T20:56:09+00:00
ncaam-213130,NCAAM,2025-26,2025-11-15T00:00:00Z,Regular,TU Arena,Towson,T,Norfolk State,NS,51,41,FINISHED,ncaam,2026-08-23T20:56:09+00:00
ncaam-213131,NCAAM,2025-26,2025-11-15T00:00:00Z,Regular,TD Arena,Charleston,C,South Carolina State,SCS,88,61,FINISHED,ncaam,2026-08-23T20:56:09+00:00
ncaam-213139,NCAAM,2025-26,2025-11-15T00:00:00Z,Regular,The Coliseum,West Georgia,WG,The Citadel,TC,100,92,FINISHED,ncaam,2026-08-23T20:56:09+00:00
ncaam-213146,NCAAM,2025-26,2025-11-15T00:00:00Z,Regular,Rupp Arena,Kentucky,K,Eastern Illinois,EI,99,53,FINISHED,ncaam,2026-08-23T20:56:09+00:00
ncaam-213147,NCAAM,2025-26,2025-11-15T00:00:00Z,Regular,Leo D. Mahoney Arena,Fairfield,F,Stonehill,S,73,71,FINISHED,ncaam,2026-08-23T20:56:09+00:00
ncaam-213150,NCAAM,2025-26,2025-11-15T00:00:00Z,Regular,McLeod Center,Northern Iowa,NI,Furman,F,70,54,FINISHED,ncaam,2026-08-23T20:56:09+00:00
ncaam-213157,NCAAM,2025-26,2025-11-15T00:00:00Z,Regular,Dunn-Oliver Acadome,Alabama State,AS,Virginia-Lynchburg,VL,124,68,FINISHED,ncaam,2026-08-23T20:56:09+00:00
ncaam-213158,NCAAM,2025-26,2025-11-15T00:00:00Z,Regular,Hynes Athletics Center,Iona,I,Fordham,F,76,71,FINISHED,ncaam,2026-08-23T20:56:09+00:00
ncaam-215354,NCAAM,2025-26,2025-11-15T00:00:00Z,Regular,Legacy Center,McNeese,M,Louisiana,L,88,62,FINISHED,ncaam,2026-08-23T20:56:09+00:00
ncaam-215355,NCAAM,2025-26,2025-11-15T00:00:00Z,Regular,Pete Mathews Coliseum,Jacksonville State,JS,Coastal Carolina,CC,74,67,FINISHED,ncaam,2026-08-23T20:56:09+00:00
ncaam-209901,NCAAM,2025-26,2025-11-15T00:30:00Z,Regular,Intuit Dome,USC,U,Illinois State,IS,87,67,FINISHED,ncaam,2026-08-23T20:56:09+00:00
ncaam-209904,NCAAM,2025-26,2025-11-15T00:30:00Z,Regular,Devlin Fieldhouse,Tulane,T,New Orleans,NO,63,85,FINISHED,ncaam,2026-08-23T20:56:09+00:00
ncaam-213134,NCAAM,2025-26,2025-11-15T00:30:00Z,Regular,Bartow Arena,UAB,U,High Point,HP,91,74,FINISHED,ncaam,2026-08-23T20:56:09+00:00
ncaam-213144,NCAAM,2025-26,2025-11-15T00:30:00Z,Regular,The Sandy and John Black Pavilion at Ole Miss,Ole Miss,OM,Cal State Bakersfield,CSB,82,60,FINISHED,ncaam,2026-08-23T20:56:09+00:00
ncaam-215356,NCAAM,2025-26,2025-11-15T00:30:00Z,Regular,Knapp Center,Drake,D,SIU Edwardsville,SE,59,61,FINISHED,ncaam,2026-08-23T20:56:09+00:00
ncaam-213135,NCAAM,2025-26,2025-11-15T01:00:00Z,Regular,Tudor Fieldhouse,Rice,R,East Texas A&M,ETA,71,64,FINISHED,ncaam,2026-08-23T20:56:09+00:00
ncaam-213136,NCAAM,2025-26,2025-11-15T01:00:00Z,Regular,Bud Walton Arena,Arkansas,A,Samford,S,79,75,FINISHED,ncaam,2026-08-23T20:56:09+00:00
ncaam-213141,NCAAM,2025-26,2025-11-15T01:00:00Z,Regular,Addition Financial Arena,Texas A&M,TA,UCF,U,74,86,FINISHED,ncaam,2026-08-23T20:56:09+00:00
ncaam-213143,NCAAM,2025-26,2025-11-15T01:00:00Z,Regular,Carver-Hawkeye Arena,Iowa,I,Xavier,X,81,62,FINISHED,ncaam,2026-08-23T20:56:09+00:00
ncaam-213149,NCAAM,2025-26,2025-11-15T01:00:00Z,Regular,CHI Health Center Omaha,Creighton,C,Maryland Eastern Shore,MES,84,45,FINISHED,ncaam,2026-08-23T20:56:09+00:00
ncaam-213152,NCAAM,2025-26,2025-11-15T01:00:00Z,Regular,United Supermarkets Arena,Texas Tech,TT,Milwaukee,M,80,63,FINISHED,ncaam,2026-08-23T20:56:09+00:00
ncaam-209905,NCAAM,2025-26,2025-11-15T01:15:00Z,Regular,Pizzitola Sports Center,Brown,B,Hampton,H,63,72,FINISHED,ncaam,2026-08-23T20:56:09+00:00
ncaam-213138,NCAAM,2025-26,2025-11-15T01:30:00Z,Regular,Wintrust Arena,DePaul,D,Northwestern,N,79,81,FINISHED,ncaam,2026-08-23T20:56:09+00:00
ncaam-209897,NCAAM,2025-26,2025-11-15T02:00:00Z,Regular,Dean E. Smith Center,North Carolina,NC,North Carolina Central,NCC,97,53,FINISHED,ncaam,2026-08-23T20:56:09+00:00
ncaam-209902,NCAAM,2025-26,2025-11-15T02:00:00Z,Regular,Schollmaier Arena,TCU,T,Michigan,M,63,67,FINISHED,ncaam,2026-08-23T20:56:09+00:00
ncaam-213133,NCAAM,2025-26,2025-11-15T02:00:00Z,Regular,State Farm Center,Illinois,I,Colgate,C,84,65,FINISHED,ncaam,2026-08-23T20:56:09+00:00
ncaam-213137,NCAAM,2025-26,2025-11-15T02:00:00Z,Regular,Stegeman Coliseum,Georgia,G,Georgia Tech,GT,92,87,FINISHED,ncaam,2026-08-23T20:56:09+00:00
ncaam-213153,NCAAM,2025-26,2025-11-15T02:00:00Z,Regular,CU Events Center,Colorado,C,Providence,P,97,88,FINISHED,ncaam,2026-08-23T20:56:09+00:00
ncaam-213154,NCAAM,2025-26,2025-11-15T02:00:00Z,Regular,Foster Pavilion,Baylor,B,Tarleton State,TS,94,81,FINISHED,ncaam,2026-08-23T20:56:09+00:00
ncaam-213159,NCAAM,2025-26,2025-11-15T02:00:00Z,Regular,William R. Johnson Coliseum,Stephen F. Austin,SFA,Abilene Christian,AC,76,66,FINISHED,ncaam,2026-08-23T20:56:09+00:00
ncaam-213160,NCAAM,2025-26,2025-11-15T02:00:00Z,Regular,University Credit Union Center,UC Davis,UD,Sacramento State,SS,77,73,FINISHED,ncaam,2026-08-23T20:56:09+00:00
ncaam-215357,NCAAM,2025-26,2025-11-15T02:00:00Z,Regular,Dahlberg Arena,Montana,M,Cal Poly,CP,90,82,FINISHED,ncaam,2026-08-23T20:56:09+00:00
ncaam-215359,NCAAM,2025-26,2025-11-15T02:30:00Z,Regular,Stan Sheriff Center,Mississippi Valley State,MVS,Utah Tech,UT,75,81,FINISHED,ncaam,2026-08-23T20:56:09+00:00
ncaam-209900,NCAAM,2025-26,2025-11-15T03:00:00Z,Regular,Intuit Dome,UCLA,U,Arizona,A,65,69,FINISHED,ncaam,2026-08-23T20:56:09+00:00
ncaam-213161,NCAAM,2025-26,2025-11-15T03:00:00Z,Regular,Gersten Pavilion,Loyola Marymount,LM,Troy,T,74,63,FINISHED,ncaam,2026-08-23T20:56:09+00:00
ncaam-215358,NCAAM,2025-26,2025-11-15T03:00:00Z,Regular,University Credit Union Pavilion,Saint Mary's,SM,North Texas,NT,80,49,FINISHED,ncaam,2026-08-23T20:56:09+00:00
ncaam-213162,NCAAM,2025-26,2025-11-15T03:30:00Z,Regular,Dale E. and Sarah Ann Fowler Events Center,California Baptist,CB,Western Illinois,WI,69,59,FINISHED,ncaam,2026-08-23T20:56:09+00:00
ncaam-213142,NCAAM,2025-26,2025-11-15T04:00:00Z,Regular,Beasley Coliseum,Washington State,WS,Washington,W,69,81,FINISHED,ncaam,2026-08-23T20:56:09+00:00
ncaam-213155,NCAAM,2025-26,2025-11-15T04:00:00Z,Regular,Desert Financial Arena,Arizona State,AS,Gonzaga,G,65,77,FINISHED,ncaam,2026-08-23T20:56:09+00:00
ncaam-213140,NCAAM,2025-26,2025-11-15T04:59:00Z,Regular,Stan Sheriff Center,Hawai'i,H,Manhattan,M,86,56,FINISHED,ncaam,2026-08-23T20:56:09+00:00
ncaam-213193,NCAAM,2025-26,2025-11-15T16:00:00Z,Regular,McArthur Center,Coppin State,CS,South Alabama,SA,62,72,FINISHED,ncaam,2026-08-23T20:56:09+00:00
ncaam-215360,NCAAM,2025-26,2025-11-15T16:00:00Z,Regular,Alumni Arena,Buffalo,B,RIT,R,80,64,FINISHED,ncaam,2026-08-23T20:56:09+00:00
ncaam-209906,NCAAM,2025-26,2025-11-15T17:00:00Z,Regular,John Paul Jones Arena,Virginia,V,Marshall,M,104,78,FINISHED,ncaam,2026-08-23T20:56:09+00:00
ncaam-209909,NCAAM,2025-26,2025-11-15T17:00:00Z,Regular,KFC Yum! Center,Louisville,L,Ohio,O,106,81,FINISHED,ncaam,2026-08-23T20:56:09+00:00
ncaam-209917,NCAAM,2025-26,2025-11-15T17:00:00Z,Regular,Capital One Arena,Georgetown,G,Clemson,C,79,74,FINISHED,ncaam,2026-08-23T20:56:09+00:00
ncaam-209924,NCAAM,2025-26,2025-11-15T18:00:00Z,Regular,John J. Lee Amphitheater,Yale,Y,Stony Brook,SB,86,79,FINISHED,ncaam,2026-08-23T20:56:09+00:00
ncaam-213177,NCAAM,2025-26,2025-11-15T18:00:00Z,Regular,Case Gym,Boston University,BU,Merrimack,M,79,91,FINISHED,ncaam,2026-08-23T20:56:09+00:00
ncaam-213187,NCAAM,2025-26,2025-11-15T18:00:00Z,Regular,Savage Arena,Toledo,T,Detroit Mercy,DM,90,83,FINISHED,ncaam,2026-08-23T20:56:09+00:00
ncaam-213188,NCAAM,2025-26,2025-11-15T18:00:00Z,Regular,Cameron Hall,VMI,V,Jacksonville,J,67,69,FINISHED,ncaam,2026-08-23T20:56:09+00:00
ncaam-213192,NCAAM,2025-26,2025-11-15T18:00:00Z,Regular,Colonial Hall,Cleveland State,CS,Kent State,KS,95,102,FINISHED,ncaam,2026-08-23T20:56:09+00:00
ncaam-213195,NCAAM,2025-26,2025-11-15T18:00:00Z,Regular,Wells Fargo Center,La Salle,LS,Penn State,PS,69,83,FINISHED,ncaam,2026-08-23T20:56:09+00:00
ncaam-213199,NCAAM,2025-26,2025-11-15T18:00:00Z,Regular,Matthews Arena,Northeastern,N,Vermont,V,74,85,FINISHED,ncaam,2026-08-23T20:56:09+00:00
ncaam-213203,NCAAM,2025-26,2025-11-15T18:00:00Z,Regular,Alico Arena,Florida Gulf Coast,FGC,Chattanooga,C,91,73,FINISHED,ncaam,2026-08-23T20:56:09+00:00
ncaam-215361,NCAAM,2025-26,2025-11-15T18:00:00Z,Regular,Moody Center,Texas,T,Kansas City,KC,71,55,FINISHED,ncaam,2026-08-23T20:56:09+00:00
ncaam-215362,NCAAM,2025-26,2025-11-15T18:00:00Z,Regular,Jeffery P. Hazell Athletics Center,New Haven,NH,Delaware State,DS,65,52,FINISHED,ncaam,2026-08-23T20:56:09+00:00
ncaam-209908,NCAAM,2025-26,2025-11-15T19:00:00Z,Regular,Moody Coliseum,SMU,S,Butler,B,87,85,FINISHED,ncaam,2026-08-23T20:56:09+00:00
ncaam-209910,NCAAM,2025-26,2025-11-15T19:00:00Z,Regular,Liacouras Center,Temple,T,Boston College,BC,71,76,FINISHED,ncaam,2026-08-23T20:56:09+00:00
ncaam-209925,NCAAM,2025-26,2025-11-15T19:00:00Z,Regular,Christl Arena,Army,A,Harvard,H,52,75,FINISHED,ncaam,2026-08-23T20:56:09+00:00
ncaam-213174,NCAAM,2025-26,2025-11-15T19:00:00Z,Regular,EagleBank Arena,George Mason,GM,New Hampshire,NH,61,44,FINISHED,ncaam,2026-08-23T20:56:09+00:00
ncaam-213184,NCAAM,2025-26,2025-11-15T19:00:00Z,Regular,Winthrop Coliseum,Winthrop,W,Mercer,M,105,69,FINISHED,ncaam,2026-08-23T20:56:09+00:00
ncaam-213190,NCAAM,2025-26,2025-11-15T19:00:00Z,Regular,Knights Hall,Bellarmine,B,Wofford,W,86,94,FINISHED,ncaam,2026-08-23T20:56:09+00:00
ncaam-213191,NCAAM,2025-26,2025-11-15T19:00:00Z,Regular,Fiserv Forum,Marquette,M,Maryland,M,82,89,FINISHED,ncaam,2026-08-23T20:56:09+00:00
ncaam-213196,NCAAM,2025-26,2025-11-15T19:00:00Z,Regular,Leo D. Mahoney Arena,Stonehill,S,Loyola Maryland,LM,63,74,FINISHED,ncaam,2026-08-23T20:56:09+00:00
ncaam-213198,NCAAM,2025-26,2025-11-15T19:00:00Z,Regular,Allen Fieldhouse,Kansas,K,Princeton,P,76,57,FINISHED,ncaam,2026-08-23T20:56:09+00:00
ncaam-213201,NCAAM,2025-26,2025-11-15T19:00:00Z,Regular,UNF Arena,North Florida,NF,New College (FL),NC(,122,67,FINISHED,ncaam,2026-08-23T20:56:09+00:00
ncaam-213202,NCAAM,2025-26,2025-11-15T19:00:00Z,Regular,Memorial Coliseum (IN),Purdue Fort Wayne,PFW,Boyce,B,118,68,FINISHED,ncaam,2026-08-23T20:56:09+00:00
ncaam-213205,NCAAM,2025-26,2025-11-15T19:00:00Z,Regular,Jones Convocation Center,Chicago State,CS,UIC,U,63,67,FINISHED,ncaam,2026-08-23T20:56:09+00:00
ncaam-213206,NCAAM,2025-26,2025-11-15T19:00:00Z,Regular,Clune Arena,Air Force,AF,Miami (OH),M(,61,76,FINISHED,ncaam,2026-08-23T20:56:09+00:00
ncaam-213214,NCAAM,2025-26,2025-11-15T19:00:00Z,Regular,Hamilton Gymnasium,Denver,D,UTSA,U,79,84,FINISHED,ncaam,2026-08-23T20:56:09+00:00
ncaam-215363,NCAAM,2025-26,2025-11-15T19:00:00Z,Regular,First Horizon Coliseum,UNC Greensboro,UG,Austin Peay,AP,63,69,FINISHED,ncaam,2026-08-23T20:56:09+00:00
ncaam-209923,NCAAM,2025-26,2025-11-15T20:00:00Z,Regular,Humphrey Coliseum,Mississippi State,MS,SE Louisiana,SL,75,68,FINISHED,ncaam,2026-08-23T20:56:09+00:00
ncaam-213166,NCAAM,2025-26,2025-11-15T20:00:00Z,Regular,Memorial Gymnasium (TN),Vanderbilt,V,Arkansas-Pine Bluff,APB,104,75,FINISHED,ncaam,2026-08-23T20:56:09+00:00
ncaam-213176,NCAAM,2025-26,2025-11-15T20:00:00Z,Regular,Flowers Hall,North Alabama,NA,East Tennessee State,ETS,74,78,FINISHED,ncaam,2026-08-23T20:56:09+00:00
ncaam-213200,NCAAM,2025-26,2025-11-15T20:00:00Z,Regular,Curry Arena,Queens University,QU,Sacred Heart,SH,81,64,FINISHED,ncaam,2026-08-23T20:56:09+00:00
ncaam-213207,NCAAM,2025-26,2025-11-15T20:00:00Z,Regular,OU Credit Union O'rena,Oakland,O,Defiance,D,113,47,FINISHED,ncaam,2026-08-23T20:56:09+00:00
ncaam-213208,NCAAM,2025-26,2025-11-15T20:00:00Z,Regular,Joan Perry Brock Center,Longwood,L,Binghamton,B,90,82,FINISHED,ncaam,2026-08-23T20:56:09+00:00
ncaam-215364,NCAAM,2025-26,2025-11-15T20:00:00Z,Regular,Show Me Center,Southeast Missouri State,SMS,St. Thomas-Minnesota,STM,72,84,FINISHED,ncaam,2026-08-23T20:56:09+00:00
ncaam-209907,NCAAM,2025-26,2025-11-15T20:30:00Z,Regular,Wells Fargo Center,Syracuse,S,Drexel,D,80,50,FINISHED,ncaam,2026-08-23T20:56:09+00:00
ncaam-213209,NCAAM,2025-26,2025-11-15T20:30:00Z,Regular,Colonial Hall,Radford,R,Wright State,WS,59,92,FINISHED,ncaam,2026-08-23T20:56:09+00:00
ncaam-209911,NCAAM,2025-26,2025-11-15T21:00:00Z,Regular,Reilly Center,St. Bonaventure,SB,Youngstown State,YS,84,80,FINISHED,ncaam,2026-08-23T20:56:09+00:00
ncaam-209916,NCAAM,2025-26,2025-11-15T21:00:00Z,Regular,Mercyhurst Athletic Center,Mercyhurst,M,Morgan State,MS,86,72,FINISHED,ncaam,2026-08-23T20:56:09+00:00
ncaam-209921,NCAAM,2025-26,2025-11-15T21:00:00Z,Regular,Joel & Diane Bloom Wellness and Events Center,NJIT,N,Fairleigh Dickinson,FD,93,81,FINISHED,ncaam,2026-08-23T20:56:09+00:00
ncaam-213164,NCAAM,2025-26,2025-11-15T21:00:00Z,Regular,Dee Glen Smith Spectrum,Utah State,US,UTEP,U,75,51,FINISHED,ncaam,2026-08-23T20:56:09+00:00
ncaam-213179,NCAAM,2025-26,2025-11-15T21:00:00Z,Regular,ExtraMile Arena,Boise State,BS,Montana State,MS,62,58,FINISHED,ncaam,2026-08-23T20:56:09+00:00
ncaam-213210,NCAAM,2025-26,2025-11-15T21:00:00Z,Regular,LionTree Arena,UC San Diego,USD,Idaho,I,75,67,FINISHED,ncaam,2026-08-23T20:56:09+00:00
ncaam-215365,NCAAM,2025-26,2025-11-15T21:00:00Z,Regular,Bender Arena,American University,AU,Central Penn,CP,115,50,FINISHED,ncaam,2026-08-23T20:56:09+00:00
ncaam-213163,NCAAM,2025-26,2025-11-15T22:00:00Z,Regular,SRC Arena,UC Riverside,UR,North Dakota,ND,74,76,FINISHED,ncaam,2026-08-23T20:56:09+00:00
ncaam-213204,NCAAM,2025-26,2025-11-15T22:00:00Z,Regular,Titan Gym,Cal State Fullerton,CSF,Pacific,P,73,85,FINISHED,ncaam,2026-08-23T20:56:09+00:00
ncaam-213211,NCAAM,2025-26,2025-11-15T22:00:00Z,Regular,Strahan Arena at the University Events Center,Texas State,TS,Texas Southern,TS,77,67,FINISHED,ncaam,2026-08-23T20:56:09+00:00
ncaam-213212,NCAAM,2025-26,2025-11-15T22:00:00Z,Regular,Allen Arena,Lipscomb,L,Bryan (TN),B(,98,53,FINISHED,ncaam,2026-08-23T20:56:09+00:00
ncaam-213213,NCAAM,2025-26,2025-11-15T22:30:00Z,Regular,CFSB Center,Murray State,MS,Nicholls,N,99,79,FINISHED,ncaam,2026-08-23T20:56:09+00:00
ncaam-209913,NCAAM,2025-26,2025-11-15T23:00:00Z,Regular,Charles E. Smith Center,George Washington,GW,Old Dominion,OD,96,73,FINISHED,ncaam,2026-08-23T20:56:09+00:00
ncaam-213170,NCAAM,2025-26,2025-11-15T23:00:00Z,Regular,Carnesecca Arena,St. John's,SJ,William & Mary,W&M,93,60,FINISHED,ncaam,2026-08-23T20:56:09+00:00
ncaam-213186,NCAAM,2025-26,2025-11-15T23:00:00Z,Regular,John M. Belk Arena,Davidson,D,Bowling Green,BG,91,87,FINISHED,ncaam,2026-08-23T20:56:09+00:00
ncaam-213189,NCAAM,2025-26,2025-11-15T23:00:00Z,Regular,College Park Center,UT Arlington,UA,Missouri State,MS,67,49,FINISHED,ncaam,2026-08-23T20:56:09+00:00
ncaam-209918,NCAAM,2025-26,2025-11-16T00:00:00Z,Regular,TD Garden,UConn,U,BYU,B,86,84,FINISHED,ncaam,2026-08-23T20:56:09+00:00
ncaam-209919,NCAAM,2025-26,2025-11-16T00:00:00Z,Regular,Alumni Gymnasium (Rider),Rider,R,Eastern University (PA),EU(,86,54,FINISHED,ncaam,2026-08-23T20:56:09+00:00
ncaam-209920,NCAAM,2025-26,2025-11-16T00:00:00Z,Regular,Steinberg Wellness Center,Long Island University,LIU,James Madison,JM,88,79,FINISHED,ncaam,2026-08-23T20:56:09+00:00
ncaam-213171,NCAAM,2025-26,2025-11-16T00:00:00Z,Regular,Thomas Assembly Center,Louisiana Tech,LT,Jackson State,JS,68,51,FINISHED,ncaam,2026-08-23T20:56:09+00:00
ncaam-213172,NCAAM,2025-26,2025-11-16T00:00:00Z,Regular,Sanford Pentagon,Nebraska,N,Oklahoma,O,105,99,FINISHED,ncaam,2026-08-23T20:56:09+00:00
ncaam-213181,NCAAM,2025-26,2025-11-16T00:00:00Z,Regular,Trask Coliseum,UNC Wilmington,UW,South Carolina Upstate,SCU,73,60,FINISHED,ncaam,2026-08-23T20:56:09+00:00
ncaam-213194,NCAAM,2025-26,2025-11-16T00:00:00Z,Regular,Worthen Arena,Ball State,BS,Little Rock,LR,62,68,FINISHED,ncaam,2026-08-23T20:56:09+00:00
ncaam-213215,NCAAM,2025-26,2025-11-16T00:00:00Z,Regular,Leavey Center,Santa Clara,SC,Nevada,N,98,83,FINISHED,ncaam,2026-08-23T20:56:09+00:00
ncaam-209915,NCAAM,2025-26,2025-11-16T00:30:00Z,Regular,UD Arena,Dayton,D,Bethune-Cookman,BC,91,82,FINISHED,ncaam,2026-08-23T20:56:09+00:00
ncaam-213217,NCAAM,2025-26,2025-11-16T00:30:00Z,Regular,F.G. Clark Activity Center,Southern,S,Champion Christian,CC,129,64,FINISHED,ncaam,2026-08-23T20:56:09+00:00
ncaam-209912,NCAAM,2025-26,2025-11-16T01:00:00Z,Regular,Chaifetz Arena,Saint Louis,SL,Grand Canyon,GC,78,64,FINISHED,ncaam,2026-08-23T20:56:09+00:00
ncaam-209914,NCAAM,2025-26,2025-11-16T01:00:00Z,Regular,Finneran Pavilion,Villanova,V,Duquesne,D,87,77,FINISHED,ncaam,2026-08-23T20:56:09+00:00
ncaam-209922,NCAAM,2025-26,2025-11-16T01:00:00Z,Regular,Mabee Center,Oral Roberts,OR,Belmont,B,60,83,FINISHED,ncaam,2026-08-23T20:56:09+00:00
ncaam-213167,NCAAM,2025-26,2025-11-16T01:00:00Z,Regular,Schar Center,Elon,E,Gardner-Webb,GW,95,84,FINISHED,ncaam,2026-08-23T20:56:09+00:00
ncaam-213183,NCAAM,2025-26,2025-11-16T01:00:00Z,Regular,Baxter Arena,Omaha,O,Southern Utah,SU,90,85,FINISHED,ncaam,2026-08-23T20:56:09+00:00
ncaam-215366,NCAAM,2025-26,2025-11-16T01:00:00Z,Regular,First National Bank Arena,Arkansas State,AS,Christian Brothers,CB,95,67,FINISHED,ncaam,2026-08-23T20:56:09+00:00
ncaam-213165,NCAAM,2025-26,2025-11-16T02:00:00Z,Regular,Williams Arena,Minnesota,M,Green Bay,GB,72,65,FINISHED,ncaam,2026-08-23T20:56:09+00:00
ncaam-213178,NCAAM,2025-26,2025-11-16T02:00:00Z,Regular,Firestone Fieldhouse,Pepperdine,P,Northern Colorado,NC,81,88,FINISHED,ncaam,2026-08-23T20:56:09+00:00
ncaam-213180,NCAAM,2025-26,2025-11-16T02:00:00Z,Regular,Arena-Auditorium,Wyoming,W,Portland,P,93,56,FINISHED,ncaam,2026-08-23T20:56:09+00:00
ncaam-213197,NCAAM,2025-26,2025-11-16T02:00:00Z,Regular,Jon M. Huntsman Center,Utah,U,Sam Houston,SH,85,79,FINISHED,ncaam,2026-08-23T20:56:09+00:00
ncaam-213216,NCAAM,2025-26,2025-11-16T02:00:00Z,Regular,Pan American Center,New Mexico State,NMS,New Mexico,NM,76,68,FINISHED,ncaam,2026-08-23T20:56:09+00:00
ncaam-215367,NCAAM,2025-26,2025-11-16T02:30:00Z,Regular,Stan Sheriff Center,Manhattan,M,Mississippi Valley State,MVS,80,73,FINISHED,ncaam,2026-08-23T20:56:09+00:00
ncaam-213168,NCAAM,2025-26,2025-11-16T03:00:00Z,Regular,Save Mart Center,Fresno State,FS,Utah Valley,UV,75,74,FINISHED,ncaam,2026-08-23T20:56:09+00:00
ncaam-213169,NCAAM,2025-26,2025-11-16T03:00:00Z,Regular,Bren Events Center,UC Irvine,UI,Weber State,WS,79,70,FINISHED,ncaam,2026-08-23T20:56:09+00:00
ncaam-213173,NCAAM,2025-26,2025-11-16T03:00:00Z,Regular,The Sobrato Center,San Francisco,SF,Bradley,B,75,64,FINISHED,ncaam,2026-08-23T20:56:09+00:00
ncaam-213182,NCAAM,2025-26,2025-11-16T03:00:00Z,Regular,Redhawk Center,Seattle U,SU,Idaho State,IS,83,74,FINISHED,ncaam,2026-08-23T20:56:09+00:00
ncaam-213175,NCAAM,2025-26,2025-11-16T04:59:00Z,Regular,Stan Sheriff Center,Hawai'i,H,Utah Tech,UT,68,62,FINISHED,ncaam,2026-08-23T20:56:09+00:00
ncaam-213228,NCAAM,2025-26,2025-11-16T17:00:00Z,Regular,Chesapeake Employers Insurance Arena,UMBC,U,Wagner,W,71,70,FINISHED,ncaam,2026-08-23T20:56:09+00:00
ncaam-213229,NCAAM,2025-26,2025-11-16T17:00:00Z,Regular,Colonial Hall,Kent State,KS,Wright State,WS,76,72,FINISHED,ncaam,2026-08-23T20:56:09+00:00
ncaam-215368,NCAAM,2025-26,2025-11-16T17:00:00Z,Regular,Leede Arena,Dartmouth,D,App State,AS,77,85,FINISHED,ncaam,2026-08-23T20:56:09+00:00
ncaam-209928,NCAAM,2025-26,2025-11-16T17:30:00Z,Regular,Schottenstein Center,Ohio State,OS,Notre Dame,ND,64,63,FINISHED,ncaam,2026-08-23T20:56:09+00:00
ncaam-215369,NCAAM,2025-26,2025-11-16T17:30:00Z,Regular,Ellis T. Johnson Arena,Morehead State,MS,Kentucky Christian,KC,121,51,FINISHED,ncaam,2026-08-23T20:56:09+00:00
ncaam-209933,NCAAM,2025-26,2025-11-16T18:00:00Z,Regular,Pizzitola Sports Center,Hampton,H,Holy Cross,HC,61,67,FINISHED,ncaam,2026-08-23T20:56:09+00:00
ncaam-213220,NCAAM,2025-26,2025-11-16T18:00:00Z,Regular,Ramsey Center,Western Carolina,WC,Stetson,S,76,65,FINISHED,ncaam,2026-08-23T20:56:09+00:00
ncaam-213221,NCAAM,2025-26,2025-11-16T18:00:00Z,Regular,Truist Arena,Northern Kentucky,NK,Cumberland (KY),C(,101,73,FINISHED,ncaam,2026-08-23T20:56:09+00:00
ncaam-213224,NCAAM,2025-26,2025-11-16T18:00:00Z,Regular,Athletics-Recreation Center,Valparaiso,V,Bryant,B,68,50,FINISHED,ncaam,2026-08-23T20:56:09+00:00
ncaam-209926,NCAAM,2025-26,2025-11-16T19:00:00Z,Regular,LJVM Coliseum,Wake Forest,WF,UMass Lowell,UL,109,75,FINISHED,ncaam,2026-08-23T20:56:09+00:00
ncaam-209927,NCAAM,2025-26,2025-11-16T19:00:00Z,Regular,Cassell Coliseum,Virginia Tech,VT,Charlotte,C,84,76,FINISHED,ncaam,2026-08-23T20:56:09+00:00
ncaam-209931,NCAAM,2025-26,2025-11-16T19:00:00Z,Regular,Gallagher-Iba Arena,Oklahoma State,OS,Texas A&M-Corpus Christi,TACC,85,69,FINISHED,ncaam,2026-08-23T20:56:09+00:00
ncaam-209934,NCAAM,2025-26,2025-11-16T19:00:00Z,Regular,Mullins Center,Massachusetts,M,Central Connecticut,CC,84,77,FINISHED,ncaam,2026-08-23T20:56:09+00:00
ncaam-209935,NCAAM,2025-26,2025-11-16T19:00:00Z,Regular,Sanford Coyote Sports Center,South Dakota,SD,Western Michigan,WM,83,78,FINISHED,ncaam,2026-08-23T20:56:09+00:00
ncaam-213219,NCAAM,2025-26,2025-11-16T19:00:00Z,Regular,KSU Convocation Center,Kennesaw State,KS,South Florida,SF,89,108,FINISHED,ncaam,2026-08-23T20:56:09+00:00
ncaam-213227,NCAAM,2025-26,2025-11-16T19:00:00Z,Regular,Leo D. Mahoney Arena,Fairfield,F,Loyola Maryland,LM,85,82,FINISHED,ncaam,2026-08-23T20:56:09+00:00
ncaam-213230,NCAAM,2025-26,2025-11-16T19:00:00Z,Regular,Farris Center,Central Arkansas,CA,Samford,S,77,84,FINISHED,ncaam,2026-08-23T20:56:09+00:00
ncaam-213231,NCAAM,2025-26,2025-11-16T19:00:00Z,Regular,The Pit in Memorial Gymnasium,Maine,M,Quinnipiac,Q,64,70,FINISHED,ncaam,2026-08-23T20:56:09+00:00
ncaam-213232,NCAAM,2025-26,2025-11-16T19:30:00Z,Regular,Colonial Hall,Cleveland State,CS,Radford,R,87,82,FINISHED,ncaam,2026-08-23T20:56:09+00:00
ncaam-209937,NCAAM,2025-26,2025-11-16T20:00:00Z,Regular,Legacy Arena at BJCC,Auburn,A,Houston,H,72,73,FINISHED,ncaam,2026-08-23T20:56:09+00:00
ncaam-213222,NCAAM,2025-26,2025-11-16T20:00:00Z,Regular,E.A. Diddle Arena,Western Kentucky,WK,Tennessee State,TS,95,82,FINISHED,ncaam,2026-08-23T20:56:09+00:00
ncaam-213223,NCAAM,2025-26,2025-11-16T21:00:00Z,Regular,Event Center,Alabama A&M,AA,Lindenwood,L,74,65,FINISHED,ncaam,2026-08-23T20:56:09+00:00
ncaam-213233,NCAAM,2025-26,2025-11-16T21:00:00Z,Regular,The Well,Sacramento State,SS,Presbyterian,P,64,62,FINISHED,ncaam,2026-08-23T20:56:09+00:00
ncaam-213234,NCAAM,2025-26,2025-11-16T21:00:00Z,Regular,Rose Hill Gym,Fordham,F,Manhattanville,M,96,62,FINISHED,ncaam,2026-08-23T20:56:09+00:00
ncaam-215370,NCAAM,2025-26,2025-11-16T21:00:00Z,Regular,Screaming Eagles Arena,Southern Indiana,SI,Loras,L,91,74,FINISHED,ncaam,2026-08-23T20:56:09+00:00
ncaam-209929,NCAAM,2025-26,2025-11-16T22:00:00Z,Regular,Gentile Arena,Loyola Chicago,LC,Colorado State,CS,67,80,FINISHED,ncaam,2026-08-23T20:56:09+00:00
ncaam-209938,NCAAM,2025-26,2025-11-16T22:00:00Z,Regular,McCann Arena,Marist,M,Harvard,H,54,56,FINISHED,ncaam,2026-08-23T20:56:09+00:00
ncaam-213226,NCAAM,2025-26,2025-11-16T22:10:00Z,Regular,FedExForum,Memphis,M,UNLV,U,78,92,FINISHED,ncaam,2026-08-23T20:56:09+00:00
ncaam-213218,NCAAM,2025-26,2025-11-16T22:30:00Z,Regular,Simon Skjodt Assembly Hall,Indiana,I,Incarnate Word,IW,69,61,FINISHED,ncaam,2026-08-23T20:56:09+00:00
ncaam-209930,NCAAM,2025-26,2025-11-16T23:00:00Z,Regular,Fifth Third Arena,Cincinnati,C,Mount St. Mary's,MSM,72,55,FINISHED,ncaam,2026-08-23T20:56:09+00:00
ncaam-209932,NCAAM,2025-26,2025-11-17T00:00:00Z,Regular,Walter Pyramid,Long Beach State,LBS,Illinois State,IS,80,82,FINISHED,ncaam,2026-08-23T20:56:09+00:00
ncaam-213225,NCAAM,2025-26,2025-11-17T00:30:00Z,Regular,Mackey Arena,Purdue,P,Akron,A,97,79,FINISHED,ncaam,2026-08-23T20:56:09+00:00
ncaam-213235,NCAAM,2025-26,2025-11-17T01:00:00Z,Regular,Premier America Credit Union Arena,Cal State Northridge,CSN,Troy,T,94,85,FINISHED,ncaam,2026-08-23T20:56:09+00:00
ncaam-209936,NCAAM,2025-26,2025-11-17T01:30:00Z,Regular,,Florida,F,Miami,M,82,68,FINISHED,ncaam,2026-08-23T20:56:09+00:00
ncaam-215371,NCAAM,2025-26,2025-11-17T23:30:00Z,Regular,Stegeman Coliseum,Georgia,G,Florida A&M,FA,87,57,FINISHED,ncaam,2026-08-23T20:56:09+00:00
ncaam-209939,NCAAM,2025-26,2025-11-18T00:00:00Z,Regular,Lenovo Center,NC State,NS,VCU,V,85,79,FINISHED,ncaam,2026-08-23T20:56:09+00:00
ncaam-209940,NCAAM,2025-26,2025-11-18T00:00:00Z,Regular,Ted Grant Court,Le Moyne,LM,Niagara,N,74,68,FINISHED,ncaam,2026-08-23T20:56:09+00:00
ncaam-209941,NCAAM,2025-26,2025-11-18T00:00:00Z,Regular,Qubein Center,High Point,HP,Canisius,C,93,50,FINISHED,ncaam,2026-08-23T20:56:09+00:00
ncaam-209943,NCAAM,2025-26,2025-11-18T00:00:00Z,Regular,The Palestra,Pennsylvania,P,Saint Joseph's,SJ,83,74,FINISHED,ncaam,2026-08-23T20:56:09+00:00
ncaam-209944,NCAAM,2025-26,2025-11-18T00:00:00Z,Regular,Petersen Events Center,Pittsburgh,P,Bucknell,B,84,50,FINISHED,ncaam,2026-08-23T20:56:09+00:00
ncaam-213236,NCAAM,2025-26,2025-11-18T00:00:00Z,Regular,TD Arena,Charleston,C,Drake,D,62,71,FINISHED,ncaam,2026-08-23T20:56:09+00:00
ncaam-213242,NCAAM,2025-26,2025-11-18T00:00:00Z,Regular,Eleanor R. Baldwin Arena,Florida Atlantic,FA,Coastal Georgia,CG,92,63,FINISHED,ncaam,2026-08-23T20:56:09+00:00
ncaam-213243,NCAAM,2025-26,2025-11-18T00:00:00Z,Regular,Hooper Eblen Center,Tennessee Tech,TT,West Georgia,WG,59,61,FINISHED,ncaam,2026-08-23T20:56:09+00:00
ncaam-213244,NCAAM,2025-26,2025-11-18T00:00:00Z,Regular,Addition Financial Arena,UCF,U,Oakland,O,87,83,FINISHED,ncaam,2026-08-23T20:56:09+00:00
ncaam-213249,NCAAM,2025-26,2025-11-18T00:00:00Z,Regular,MVP Arena,Siena,S,Colgate,C,69,72,FINISHED,ncaam,2026-08-23T20:56:09+00:00
ncaam-213250,NCAAM,2025-26,2025-11-18T00:00:00Z,Regular,WVU Coliseum,West Virginia,WV,Lafayette,L,81,59,FINISHED,ncaam,2026-08-23T20:56:09+00:00
ncaam-215372,NCAAM,2025-26,2025-11-18T00:00:00Z,Regular,Liberty Arena,Liberty,L,Carolina University,CU,98,46,FINISHED,ncaam,2026-08-23T20:56:09+00:00
ncaam-213240,NCAAM,2025-26,2025-11-18T00:30:00Z,Regular,Bartow Arena,UAB,U,Rhodes,R,112,56,FINISHED,ncaam,2026-08-23T20:56:09+00:00
ncaam-215373,NCAAM,2025-26,2025-11-18T00:30:00Z,Regular,UTRGV Fieldhouse,UT Rio Grande Valley,URGV,Southwestern Adventist,SA,110,53,FINISHED,ncaam,2026-08-23T20:56:09+00:00
ncaam-215374,NCAAM,2025-26,2025-11-18T00:30:00Z,Regular,Fant-Ewing Coliseum,UL Monroe,UM,Lamar,L,66,79,FINISHED,ncaam,2026-08-23T20:56:09+00:00
ncaam-213237,NCAAM,2025-26,2025-11-18T01:00:00Z,Regular,Mizzou Arena,Missouri,M,Prairie View A&M,PVA,91,73,FINISHED,ncaam,2026-08-23T20:56:09+00:00
ncaam-213238,NCAAM,2025-26,2025-11-18T01:00:00Z,Regular,Wisdom Gym,Tarleton State,TS,Angelo State,AS,77,54,FINISHED,ncaam,2026-08-23T20:56:09+00:00
ncaam-213239,NCAAM,2025-26,2025-11-18T01:00:00Z,Regular,Kohl Center,Wisconsin,W,SIU Edwardsville,SE,94,69,FINISHED,ncaam,2026-08-23T20:56:09+00:00
ncaam-213251,NCAAM,2025-26,2025-11-18T01:00:00Z,Regular,Bramlage Coliseum,Kansas State,KS,Tulsa,T,84,83,FINISHED,ncaam,2026-08-23T20:56:09+00:00
ncaam-213252,NCAAM,2025-26,2025-11-18T01:00:00Z,Regular,Hilton Coliseum,Iowa State,IS,Stonehill,S,96,57,FINISHED,ncaam,2026-08-23T20:56:09+00:00
ncaam-215375,NCAAM,2025-26,2025-11-18T01:00:00Z,Regular,First Bank & Trust Arena,South Dakota State,SDS,Peru State,PS,94,46,FINISHED,ncaam,2026-08-23T20:56:09+00:00
ncaam-215376,NCAAM,2025-26,2025-11-18T01:00:00Z,Regular,Scheels Center,North Dakota State,NDS,Southern Illinois,SI,92,85,FINISHED,ncaam,2026-08-23T20:56:09+00:00
ncaam-213241,NCAAM,2025-26,2025-11-18T01:30:00Z,Regular,Food City Center,Tennessee,T,Rice,R,91,66,FINISHED,ncaam,2026-08-23T20:56:09+00:00
ncaam-215377,NCAAM,2025-26,2025-11-18T01:30:00Z,Regular,Western Hall,Western Illinois,WI,Coe,C,74,63,FINISHED,ncaam,2026-08-23T20:56:09+00:00
ncaam-209942,NCAAM,2025-26,2025-11-18T02:00:00Z,Regular,Littlejohn Coliseum,Clemson,C,North Alabama,NA,81,61,FINISHED,ncaam,2026-08-23T20:56:09+00:00
ncaam-213246,NCAAM,2025-26,2025-11-18T02:00:00Z,Regular,The Thunderdome,UC Santa Barbara,USB,Loyola Marymount,LM,74,78,FINISHED,ncaam,2026-08-23T20:56:09+00:00
ncaam-213247,NCAAM,2025-26,2025-11-18T02:00:00Z,Regular,McCarthey Athletic Center,Gonzaga,G,Southern Utah,SU,122,50,FINISHED,ncaam,2026-08-23T20:56:09+00:00
ncaam-213253,NCAAM,2025-26,2025-11-18T02:00:00Z,Regular,CU Events Center,Colorado,C,Alabama State,AS,94,66,FINISHED,ncaam,2026-08-23T20:56:09+00:00
ncaam-213254,NCAAM,2025-26,2025-11-18T02:00:00Z,Regular,Desert Financial Arena,Arizona State,AS,Georgia State,GS,75,62,FINISHED,ncaam,2026-08-23T20:56:09+00:00
ncaam-213245,NCAAM,2025-26,2025-11-18T03:00:00Z,Regular,Matthew Knight Arena,Oregon,O,Oregon State,OS,87,75,FINISHED,ncaam,2026-08-23T20:56:09+00:00
ncaam-213255,NCAAM,2025-26,2025-11-18T03:00:00Z,Regular,Viking Pavilion,Portland State,PS,Cal State Bakersfield,CSB,93,80,FINISHED,ncaam,2026-08-23T20:56:09+00:00
ncaam-215378,NCAAM,2025-26,2025-11-18T03:00:00Z,Regular,Provident Credit Union Event Center,San José State,SJS,Bethesda University,BU,110,56,FINISHED,ncaam,2026-08-23T20:56:09+00:00
ncaam-213248,NCAAM,2025-26,2025-11-18T03:30:00Z,Regular,Reese Court,Eastern Washington,EW,Eastern Oregon,EO,91,73,FINISHED,ncaam,2026-08-23T20:56:09+00:00
ncaam-213287,NCAAM,2025-26,2025-11-18T16:00:00Z,Regular,Physical Education Complex,Coppin State,CS,Central Penn,CP,103,62,FINISHED,ncaam,2026-08-23T20:56:09+00:00
ncaam-215379,NCAAM,2025-26,2025-11-18T17:00:00Z,Regular,UTSA Convocation Center,UTSA,U,Southwestern Christian,SC,103,70,FINISHED,ncaam,2026-08-23T20:56:09+00:00
ncaam-213258,NCAAM,2025-26,2025-11-18T23:30:00Z,Regular,Jersey Mike’s Arena,Rutgers,R,American University,AU,80,71,FINISHED,ncaam,2026-08-23T20:56:09+00:00
ncaam-213259,NCAAM,2025-26,2025-11-18T23:30:00Z,Regular,Madison Square Garden,Kentucky,K,Michigan State,MS,66,83,FINISHED,ncaam,2026-08-23T20:56:09+00:00
ncaam-213278,NCAAM,2025-26,2025-11-18T23:30:00Z,Regular,Alumni Arena,Buffalo,B,Vermont,V,94,90,FINISHED,ncaam,2026-08-23T20:56:09+00:00
ncaam-215380,NCAAM,2025-26,2025-11-18T23:30:00Z,Regular,Broadview Center,UAlbany,U,Paul Smith'S,PS,106,57,FINISHED,ncaam,2026-08-23T20:56:09+00:00
ncaam-209947,NCAAM,2025-26,2025-11-19T00:00:00Z,Regular,Dean E. Smith Center,North Carolina,NC,Navy,N,73,61,FINISHED,ncaam,2026-08-23T20:56:09+00:00
ncaam-209950,NCAAM,2025-26,2025-11-19T00:00:00Z,Regular,Conte Forum,Boston College,BC,Hampton,H,63,52,FINISHED,ncaam,2026-08-23T20:56:09+00:00
ncaam-209954,NCAAM,2025-26,2025-11-19T00:00:00Z,Regular,Stabler Arena,Lehigh,L,St. Francis (PA),SF(,79,62,FINISHED,ncaam,2026-08-23T20:56:09+00:00
ncaam-209956,NCAAM,2025-26,2025-11-19T00:00:00Z,Regular,Levien Gymnasium,Columbia,C,Boston University,BU,54,49,FINISHED,ncaam,2026-08-23T20:56:09+00:00
ncaam-209957,NCAAM,2025-26,2025-11-19T00:00:00Z,Regular,Pizzitola Sports Center,Brown,B,Holy Cross,HC,68,49,FINISHED,ncaam,2026-08-23T20:56:09+00:00
ncaam-209958,NCAAM,2025-26,2025-11-19T00:00:00Z,Regular,Bogota Savings Bank Center,Fairleigh Dickinson,FD,Saint Elizabeth,SE,100,58,FINISHED,ncaam,2026-08-23T20:56:09+00:00
ncaam-213256,NCAAM,2025-26,2025-11-19T00:00:00Z,Regular,Daskalakis Athletic Center,Drexel,D,NJIT,N,75,43,FINISHED,ncaam,2026-08-23T20:56:09+00:00
ncaam-213257,NCAAM,2025-26,2025-11-19T00:00:00Z,Regular,Atlantic Union Bank Center,James Madison,JM,Towson,T,81,75,FINISHED,ncaam,2026-08-23T20:56:09+00:00
ncaam-213261,NCAAM,2025-26,2025-11-19T00:00:00Z,Regular,Prudential Center,Seton Hall,SH,New Haven,NH,68,45,FINISHED,ncaam,2026-08-23T20:56:09+00:00
ncaam-213264,NCAAM,2025-26,2025-11-19T00:00:00Z,Regular,Amica Mutual Pavilion,Providence,P,New Hampshire,NH,98,66,FINISHED,ncaam,2026-08-23T20:56:09+00:00
ncaam-213267,NCAAM,2025-26,2025-11-19T00:00:00Z,Regular,Tucker Center,Florida State,FS,UT Martin,UM,87,73,FINISHED,ncaam,2026-08-23T20:56:09+00:00
ncaam-213269,NCAAM,2025-26,2025-11-19T00:00:00Z,Regular,Colonial Life Arena,South Carolina,SC,Radford,R,87,58,FINISHED,ncaam,2026-08-23T20:56:09+00:00
ncaam-213276,NCAAM,2025-26,2025-11-19T00:00:00Z,Regular,Cintas Center,Xavier,X,Old Dominion,OD,99,69,FINISHED,ncaam,2026-08-23T20:56:09+00:00
ncaam-213279,NCAAM,2025-26,2025-11-19T00:00:00Z,Regular,Calihan Hall,Detroit Mercy,DM,Eastern Michigan,EM,62,72,FINISHED,ncaam,2026-08-23T20:56:09+00:00
ncaam-213281,NCAAM,2025-26,2025-11-19T00:00:00Z,Regular,EagleBank Arena,George Mason,GM,Jacksonville,J,79,57,FINISHED,ncaam,2026-08-23T20:56:09+00:00
ncaam-213283,NCAAM,2025-26,2025-11-19T00:00:00Z,Regular,Buccaneer Fieldhouse,Charleston Southern,CS,IU Indianapolis,II,103,91,FINISHED,ncaam,2026-08-23T20:56:09+00:00
ncaam-213284,NCAAM,2025-26,2025-11-19T00:00:00Z,Regular,Trask Coliseum,UNC Wilmington,UW,East Carolina,EC,85,60,FINISHED,ncaam,2026-08-23T20:56:09+00:00
ncaam-213288,NCAAM,2025-26,2025-11-19T00:00:00Z,Regular,Hynes Athletics Center,Iona,I,Princeton,P,89,69,FINISHED,ncaam,2026-08-23T20:56:09+00:00
ncaam-213289,NCAAM,2025-26,2025-11-19T00:00:00Z,Regular,Joan Perry Brock Center,Longwood,L,Maryland Eastern Shore,MES,82,83,FINISHED,ncaam,2026-08-23T20:56:09+00:00
ncaam-213290,NCAAM,2025-26,2025-11-19T00:00:00Z,Regular,M.A.C. Center,Kent State,KS,Eastern Kentucky,EK,93,78,FINISHED,ncaam,2026-08-23T20:56:09+00:00
ncaam-215381,NCAAM,2025-26,2025-11-19T00:00:00Z,Regular,Leede Arena,Dartmouth,D,Maine-Augusta,MA,113,68,FINISHED,ncaam,2026-08-23T20:56:09+00:00
ncaam-215382,NCAAM,2025-26,2025-11-19T00:00:00Z,Regular,Memorial Hall (DE),Delaware State,DS,Cheyney (PA),C(,88,70,FINISHED,ncaam,2026-08-23T20:56:09+00:00
ncaam-215383,NCAAM,2025-26,2025-11-19T00:00:00Z,Regular,Ocean Bank Convocation Center,Florida International,FI,Fort Lauderdale,FL,104,80,FINISHED,ncaam,2026-08-23T20:56:09+00:00
ncaam-215385,NCAAM,2025-26,2025-11-19T00:00:00Z,Regular,Bob Carpenter Center,Delaware,D,Saint Peter's,SP,81,70,FINISHED,ncaam,2026-08-23T20:56:09+00:00
ncaam-209952,NCAAM,2025-26,2025-11-19T00:30:00Z,Regular,Hill Field House,Morgan State,MS,North Carolina A&T,NCA,73,79,FINISHED,ncaam,2026-08-23T20:56:09+00:00
ncaam-213266,NCAAM,2025-26,2025-11-19T00:30:00Z,Regular,McCamish Pavilion,Georgia Tech,GT,Georgia Southern,GS,68,66,FINISHED,ncaam,2026-08-23T20:56:09+00:00
ncaam-213280,NCAAM,2025-26,2025-11-19T00:30:00Z,Regular,E.A. Diddle Arena,Western Kentucky,WK,Bethel (TN),B(,97,67,FINISHED,ncaam,2026-08-23T20:56:09+00:00
ncaam-215386,NCAAM,2025-26,2025-11-19T00:30:00Z,Regular,McDougald-McLendon Arena,North Carolina Central,NCC,Toccoa Falls,TF,123,67,FINISHED,ncaam,2026-08-23T20:56:09+00:00
ncaam-209946,NCAAM,2025-26,2025-11-19T01:00:00Z,Regular,Moody Coliseum,SMU,S,Arkansas-Pine Bluff,APB,106,60,FINISHED,ncaam,2026-08-23T20:56:09+00:00
ncaam-209959,NCAAM,2025-26,2025-11-19T01:00:00Z,Regular,John J. Lee Amphitheater,Yale,Y,Rhode Island,RI,77,86,FINISHED,ncaam,2026-08-23T20:56:09+00:00
ncaam-213263,NCAAM,2025-26,2025-11-19T01:00:00Z,Regular,Bud Walton Arena,Arkansas,A,Winthrop,W,84,83,FINISHED,ncaam,2026-08-23T20:56:09+00:00
ncaam-213270,NCAAM,2025-26,2025-11-19T01:00:00Z,Regular,Wintrust Arena,DePaul,D,Gardner-Webb,GW,93,62,FINISHED,ncaam,2026-08-23T20:56:09+00:00
ncaam-213272,NCAAM,2025-26,2025-11-19T01:00:00Z,Regular,Ford Center,Evansville,E,UT Arlington,UA,76,84,FINISHED,ncaam,2026-08-23T20:56:09+00:00
ncaam-213282,NCAAM,2025-26,2025-11-19T01:00:00Z,Regular,Williams Arena,Minnesota,M,Chicago State,CS,66,54,FINISHED,ncaam,2026-08-23T20:56:09+00:00
ncaam-213285,NCAAM,2025-26,2025-11-19T01:00:00Z,Regular,McLeod Center,Northern Iowa,NI,Northern Illinois,NI,70,57,FINISHED,ncaam,2026-08-23T20:56:09+00:00
ncaam-213292,NCAAM,2025-26,2025-11-19T01:00:00Z,Regular,J. Lawrence Walkup Skydome,Northern Arizona,NA,Embry-Riddle (AZ),ER(,108,79,FINISHED,ncaam,2026-08-23T20:56:09+00:00
ncaam-213293,NCAAM,2025-26,2025-11-19T01:00:00Z,Regular,CFSB Center,Murray State,MS,Little Rock,LR,89,68,FINISHED,ncaam,2026-08-23T20:56:09+00:00
ncaam-213294,NCAAM,2025-26,2025-11-19T01:00:00Z,Regular,Strahan Arena at the University Events Center,Texas State,TS,Abilene Christian,AC,63,49,FINISHED,ncaam,2026-08-23T20:56:09+00:00
ncaam-215384,NCAAM,2025-26,2025-11-19T01:00:00Z,Regular,Mabee Center,Oral Roberts,OR,Haskell,H,84,64,FINISHED,ncaam,2026-08-23T20:56:09+00:00
ncaam-215387,NCAAM,2025-26,2025-11-19T01:00:00Z,Regular,Pete Maravich Assembly Center,LSU,L,Alcorn State,AS,107,81,FINISHED,ncaam,2026-08-23T20:56:09+00:00
ncaam-215388,NCAAM,2025-26,2025-11-19T01:00:00Z,Regular,The Sandy and John Black Pavilion at Ole Miss,Ole Miss,OM,Austin Peay,AP,72,65,FINISHED,ncaam,2026-08-23T20:56:09+00:00
ncaam-215389,NCAAM,2025-26,2025-11-19T01:00:00Z,Regular,Reed Arena,Texas A&M,TA,Montana,M,86,81,FINISHED,ncaam,2026-08-23T20:56:09+00:00
ncaam-213262,NCAAM,2025-26,2025-11-19T01:30:00Z,Regular,Newman Arena,Cornell,C,Army,A,86,73,FINISHED,ncaam,2026-08-23T20:56:09+00:00
ncaam-213275,NCAAM,2025-26,2025-11-19T01:30:00Z,Regular,Carver-Hawkeye Arena,Iowa,I,Southeast Missouri State,SMS,99,70,FINISHED,ncaam,2026-08-23T20:56:09+00:00
ncaam-213291,NCAAM,2025-26,2025-11-19T01:30:00Z,Regular,Reed Green Coliseum,Southern Miss,SM,William Carey,WC,82,59,FINISHED,ncaam,2026-08-23T20:56:09+00:00
ncaam-209945,NCAAM,2025-26,2025-11-19T02:00:00Z,Regular,JMA Wireless Dome,Syracuse,S,Monmouth,M,78,73,FINISHED,ncaam,2026-08-23T20:56:09+00:00
ncaam-209948,NCAAM,2025-26,2025-11-19T02:00:00Z,Regular,Madison Square Garden,Duke,D,Kansas,K,78,66,FINISHED,ncaam,2026-08-23T20:56:09+00:00
ncaam-209953,NCAAM,2025-26,2025-11-19T02:00:00Z,Regular,Moody Center,Texas,T,Rider,R,99,65,FINISHED,ncaam,2026-08-23T20:56:09+00:00
ncaam-209955,NCAAM,2025-26,2025-11-19T02:00:00Z,Regular,Firestone Fieldhouse,Pepperdine,P,New Orleans,NO,90,79,FINISHED,ncaam,2026-08-23T20:56:09+00:00
ncaam-213271,NCAAM,2025-26,2025-11-19T02:00:00Z,Regular,Jenny Craig Pavilion,San Diego,SD,Grambling,G,78,68,FINISHED,ncaam,2026-08-23T20:56:09+00:00
ncaam-213273,NCAAM,2025-26,2025-11-19T02:00:00Z,Regular,ExtraMile Arena,Boise State,BS,Wichita State,WS,62,59,FINISHED,ncaam,2026-08-23T20:56:09+00:00
ncaam-213286,NCAAM,2025-26,2025-11-19T02:00:00Z,Regular,Jon M. Huntsman Center,Utah,U,Purdue Fort Wayne,PFW,85,77,FINISHED,ncaam,2026-08-23T20:56:09+00:00
ncaam-215390,NCAAM,2025-26,2025-11-19T02:00:00Z,Regular,Save Mart Center,Fresno State,FS,Stephen F. Austin,SFA,80,78,FINISHED,ncaam,2026-08-23T20:56:09+00:00
ncaam-213260,NCAAM,2025-26,2025-11-19T02:30:00Z,Regular,Alaska Airlines Arena,Washington,W,Southern,S,99,93,FINISHED,ncaam,2026-08-23T20:56:09+00:00
ncaam-209949,NCAAM,2025-26,2025-11-19T03:00:00Z,Regular,Haas Pavilion,California,C,Presbyterian,P,67,57,FINISHED,ncaam,2026-08-23T20:56:09+00:00
ncaam-209960,NCAAM,2025-26,2025-11-19T03:00:00Z,Regular,Maples Pavilion,Stanford,S,Louisiana,L,93,66,FINISHED,ncaam,2026-08-23T20:56:09+00:00
ncaam-213265,NCAAM,2025-26,2025-11-19T03:00:00Z,Regular,The Sobrato Center,San Francisco,SF,Northwestern State,NS,84,64,FINISHED,ncaam,2026-08-23T20:56:09+00:00
ncaam-213268,NCAAM,2025-26,2025-11-19T03:00:00Z,Regular,Lawlor Events Center,Nevada,N,UC Davis,UD,71,75,FINISHED,ncaam,2026-08-23T20:56:09+00:00
ncaam-213274,NCAAM,2025-26,2025-11-19T03:00:00Z,Regular,Viejas Arena,San Diego State,SDS,Troy,T,107,108,FINISHED,ncaam,2026-08-23T20:56:09+00:00
ncaam-213277,NCAAM,2025-26,2025-11-19T03:00:00Z,Regular,Leavey Center,Santa Clara,SC,Idaho State,IS,64,55,FINISHED,ncaam,2026-08-23T20:56:09+00:00
ncaam-213295,NCAAM,2025-26,2025-11-19T03:00:00Z,Regular,Dale E. and Sarah Ann Fowler Events Center,California Baptist,CB,UC Riverside,UR,80,57,FINISHED,ncaam,2026-08-23T20:56:09+00:00
ncaam-209951,NCAAM,2025-26,2025-11-19T03:30:00Z,Regular,Pauley Pavilion,UCLA,U,Sacramento State,SS,79,48,FINISHED,ncaam,2026-08-23T20:56:09+00:00
ncaam-213314,NCAAM,2025-26,2025-11-19T23:00:00Z,Regular,Clune Arena,Air Force,AF,Alabama State,AS,66,64,FINISHED,ncaam,2026-08-23T20:56:09+00:00
ncaam-213313,NCAAM,2025-26,2025-11-19T23:07:00Z,Regular,Events Center (Binghamton),Binghamton,B,Misericordia,M,69,58,FINISHED,ncaam,2026-08-23T20:56:09+00:00
ncaam-209970,NCAAM,2025-26,2025-11-19T23:30:00Z,Regular,Bryce Jordan Center,Penn State,PS,Harvard,H,84,80,FINISHED,ncaam,2026-08-23T20:56:09+00:00
ncaam-213303,NCAAM,2025-26,2025-11-19T23:30:00Z,Regular,Timmons Arena,Furman,F,Ohio Christian,OC,79,44,FINISHED,ncaam,2026-08-23T20:56:09+00:00
ncaam-213309,NCAAM,2025-26,2025-11-19T23:30:00Z,Regular,Crisler Center,Michigan,M,Middle Tennessee,MT,86,61,FINISHED,ncaam,2026-08-23T20:56:09+00:00
ncaam-209961,NCAAM,2025-26,2025-11-20T00:00:00Z,Regular,Cassell Coliseum,Virginia Tech,VT,Bryant,B,78,61,FINISHED,ncaam,2026-08-23T20:56:09+00:00
ncaam-209962,NCAAM,2025-26,2025-11-20T00:00:00Z,Regular,Purcell Pavilion,Notre Dame,ND,Bellarmine,B,86,79,FINISHED,ncaam,2026-08-23T20:56:09+00:00
ncaam-209963,NCAAM,2025-26,2025-11-20T00:00:00Z,Regular,Robins Center,Richmond,R,VMI,V,87,54,FINISHED,ncaam,2026-08-23T20:56:09+00:00
ncaam-209964,NCAAM,2025-26,2025-11-20T00:00:00Z,Regular,Charles E. Smith Center,George Washington,GW,UMBC,U,89,52,FINISHED,ncaam,2026-08-23T20:56:09+00:00
ncaam-209965,NCAAM,2025-26,2025-11-20T00:00:00Z,Regular,UPMC Cooper Fieldhouse,Duquesne,D,Loyola Maryland,LM,92,78,FINISHED,ncaam,2026-08-23T20:56:09+00:00
ncaam-209967,NCAAM,2025-26,2025-11-20T00:00:00Z,Regular,XFINITY Center,Maryland,M,Mount St. Mary's,MSM,95,90,FINISHED,ncaam,2026-08-23T20:56:09+00:00
ncaam-209969,NCAAM,2025-26,2025-11-20T00:00:00Z,Regular,Gampel Pavilion,UConn,U,Arizona,A,67,71,FINISHED,ncaam,2026-08-23T20:56:09+00:00
ncaam-209973,NCAAM,2025-26,2025-11-20T00:00:00Z,Regular,Pride Roofing University Center,SE Louisiana,SL,William Carey,WC,71,45,FINISHED,ncaam,2026-08-23T20:56:09+00:00
ncaam-213296,NCAAM,2025-26,2025-11-20T00:00:00Z,Regular,Convocation Center (OH),Ohio,O,Bethune-Cookman,BC,73,76,FINISHED,ncaam,2026-08-23T20:56:09+00:00
ncaam-213298,NCAAM,2025-26,2025-11-20T00:00:00Z,Regular,Hulman Center,Indiana State,IS,Louisiana Tech,LT,60,51,FINISHED,ncaam,2026-08-23T20:56:09+00:00
ncaam-213299,NCAAM,2025-26,2025-11-20T00:00:00Z,Regular,Liacouras Center,Temple,T,Hofstra,H,81,76,FINISHED,ncaam,2026-08-23T20:56:09+00:00
ncaam-213300,NCAAM,2025-26,2025-11-20T00:00:00Z,Regular,G.B. Hodge Center,South Carolina Upstate,SCU,Tennessee Tech,TT,84,88,FINISHED,ncaam,2026-08-23T20:56:09+00:00
ncaam-213306,NCAAM,2025-26,2025-11-20T00:00:00Z,Regular,Jerry Richardson Indoor Stadium,Wofford,W,North Florida,NF,86,78,FINISHED,ncaam,2026-08-23T20:56:09+00:00
ncaam-213307,NCAAM,2025-26,2025-11-20T00:00:00Z,Regular,Stroh Center,Bowling Green,BG,William & Mary,W&M,74,82,FINISHED,ncaam,2026-08-23T20:56:09+00:00
ncaam-213308,NCAAM,2025-26,2025-11-20T00:00:00Z,Regular,Savage Arena,Toledo,T,Youngstown State,YS,92,75,FINISHED,ncaam,2026-08-23T20:56:09+00:00
ncaam-213310,NCAAM,2025-26,2025-11-20T00:00:00Z,Regular,John Glaser Arena,La Salle,LS,Villanova,V,55,70,FINISHED,ncaam,2026-08-23T20:56:09+00:00
ncaam-213316,NCAAM,2025-26,2025-11-20T00:00:00Z,Regular,Edmunds Center,Stetson,S,Howard,H,64,60,FINISHED,ncaam,2026-08-23T20:56:09+00:00
ncaam-213318,NCAAM,2025-26,2025-11-20T00:00:00Z,Regular,Wolstein Center,Cleveland State,CS,Valparaiso,V,75,90,FINISHED,ncaam,2026-08-23T20:56:09+00:00
ncaam-213319,NCAAM,2025-26,2025-11-20T00:00:00Z,Regular,M&T Bank Arena,Quinnipiac,Q,City College NY,CCN,112,52,FINISHED,ncaam,2026-08-23T20:56:09+00:00
ncaam-213321,NCAAM,2025-26,2025-11-20T00:00:00Z,Regular,Pete Hanna Center,Samford,S,Florida Gulf Coast,FGC,62,77,FINISHED,ncaam,2026-08-23T20:56:09+00:00
ncaam-215391,NCAAM,2025-26,2025-11-20T00:00:00Z,Regular,McAlister Field House,The Citadel,TC,North Greenville,NG,70,57,FINISHED,ncaam,2026-08-23T20:56:09+00:00
ncaam-215392,NCAAM,2025-26,2025-11-20T00:00:00Z,Regular,Smith-Hammond-Middleton Memorial Center,South Carolina State,SCS,Chattanooga,C,66,78,FINISHED,ncaam,2026-08-23T20:56:09+00:00
ncaam-215393,NCAAM,2025-26,2025-11-20T00:00:00Z,Regular,Pete Mathews Coliseum,Jacksonville State,JS,South Alabama,SA,65,71,FINISHED,ncaam,2026-08-23T20:56:09+00:00
ncaam-209966,NCAAM,2025-26,2025-11-20T00:30:00Z,Regular,Fiserv Forum,Marquette,M,Dayton,D,71,77,FINISHED,ncaam,2026-08-23T20:56:09+00:00
ncaam-213312,NCAAM,2025-26,2025-11-20T00:30:00Z,Regular,Hammel Court,Merrimack,M,Maine,M,72,65,FINISHED,ncaam,2026-08-23T20:56:09+00:00
ncaam-213315,NCAAM,2025-26,2025-11-20T00:30:00Z,Regular,Bernard G. Johnson Coliseum,Sam Houston,SH,Wyoming,W,78,70,FINISHED,ncaam,2026-08-23T20:56:09+00:00
ncaam-215394,NCAAM,2025-26,2025-11-20T00:30:00Z,Regular,The Field House,East Texas A&M,ETA,Dallas Christian,DC,115,44,FINISHED,ncaam,2026-08-23T20:56:09+00:00
ncaam-213302,NCAAM,2025-26,2025-11-20T00:50:00Z,Regular,Ramsey Center,Western Carolina,WC,UNC Asheville,UA,80,73,FINISHED,ncaam,2026-08-23T20:56:09+00:00
ncaam-209968,NCAAM,2025-26,2025-11-20T01:00:00Z,Regular,Gallagher-Iba Arena,Oklahoma State,OS,South Florida,SF,103,95,FINISHED,ncaam,2026-08-23T20:56:09+00:00
ncaam-209971,NCAAM,2025-26,2025-11-20T01:00:00Z,Regular,Schollmaier Arena,TCU,T,Kansas City,KC,81,45,FINISHED,ncaam,2026-08-23T20:56:09+00:00
ncaam-213301,NCAAM,2025-26,2025-11-20T01:00:00Z,Regular,Carver Arena,Bradley,B,UMass Lowell,UL,87,77,FINISHED,ncaam,2026-08-23T20:56:09+00:00
ncaam-213311,NCAAM,2025-26,2025-11-20T01:00:00Z,Regular,CHI Health Center Omaha,Creighton,C,North Dakota,ND,75,60,FINISHED,ncaam,2026-08-23T20:56:09+00:00
ncaam-213320,NCAAM,2025-26,2025-11-20T01:00:00Z,Regular,UCCU Center,Utah Valley,UV,UC Irvine,UI,79,72,FINISHED,ncaam,2026-08-23T20:56:09+00:00
ncaam-213322,NCAAM,2025-26,2025-11-20T01:00:00Z,Regular,Groniger Arena,Eastern Illinois,EI,Tiffin,T,62,50,FINISHED,ncaam,2026-08-23T20:56:09+00:00
ncaam-215395,NCAAM,2025-26,2025-11-20T01:00:00Z,Regular,Baxter Arena,Omaha,O,Concordia-Nebraska,CN,96,80,FINISHED,ncaam,2026-08-23T20:56:09+00:00
ncaam-215396,NCAAM,2025-26,2025-11-20T01:00:00Z,Regular,Scheels Center,North Dakota State,NDS,Jamestown,J,82,67,FINISHED,ncaam,2026-08-23T20:56:09+00:00
ncaam-209974,NCAAM,2025-26,2025-11-20T01:30:00Z,Regular,Curb Event Center Arena,Belmont,B,Lipscomb,L,75,68,FINISHED,ncaam,2026-08-23T20:56:09+00:00
ncaam-213305,NCAAM,2025-26,2025-11-20T02:00:00Z,Regular,Neville Arena,Auburn,A,Jackson State,JS,112,66,FINISHED,ncaam,2026-08-23T20:56:09+00:00
ncaam-215397,NCAAM,2025-26,2025-11-20T02:00:00Z,Regular,Don Haskins Center,UTEP,U,St. Thomas (TX),ST(,84,83,FINISHED,ncaam,2026-08-23T20:56:09+00:00
ncaam-209972,NCAAM,2025-26,2025-11-20T02:15:00Z,Regular,United Center,Illinois,I,Alabama,A,86,90,FINISHED,ncaam,2026-08-23T20:56:09+00:00
ncaam-213297,NCAAM,2025-26,2025-11-20T03:00:00Z,Regular,Dee Events Center,Weber State,WS,Campbell,C,91,85,FINISHED,ncaam,2026-08-23T20:56:09+00:00
ncaam-213317,NCAAM,2025-26,2025-11-20T03:00:00Z,Regular,Walter Pyramid,Long Beach State,LBS,Nobel,N,87,54,FINISHED,ncaam,2026-08-23T20:56:09+00:00
ncaam-213323,NCAAM,2025-26,2025-11-20T03:00:00Z,Regular,Viking Pavilion,Portland State,PS,Evergreen State,ES,90,61,FINISHED,ncaam,2026-08-23T20:56:09+00:00
ncaam-215398,NCAAM,2025-26,2025-11-20T03:00:00Z,Regular,University Credit Union Pavilion,Saint Mary's,SM,Arkansas State,AS,85,72,FINISHED,ncaam,2026-08-23T20:56:09+00:00
ncaam-213304,NCAAM,2025-26,2025-11-20T04:00:00Z,Regular,Beasley Coliseum,Washington State,WS,Southern Utah,SU,98,74,FINISHED,ncaam,2026-08-23T20:56:09+00:00
ncaam-213340,NCAAM,2025-26,2025-11-20T17:30:00Z,Regular,Ocean Center,Incarnate Word,IW,Southern Indiana,SI,87,81,FINISHED,ncaam,2026-08-23T20:56:09+00:00
ncaam-213341,NCAAM,2025-26,2025-11-20T19:30:00Z,Regular,Ocean Center,UIC,U,High Point,HP,80,90,FINISHED,ncaam,2026-08-23T20:56:09+00:00
ncaam-213326,NCAAM,2025-26,2025-11-20T21:00:00Z,Regular,Cam Henderson Center,Marshall,M,Arkansas-Pine Bluff,APB,98,70,FINISHED,ncaam,2026-08-23T20:56:09+00:00
ncaam-209975,NCAAM,2025-26,2025-11-20T23:00:00Z,Regular,Reilly Center,St. Bonaventure,SB,Robert Morris,RM,75,61,FINISHED,ncaam,2026-08-23T20:56:09+00:00
ncaam-213329,NCAAM,2025-26,2025-11-20T23:00:00Z,Regular,Worthington Arena,Montana State,MS,Nobel,N,92,55,FINISHED,ncaam,2026-08-23T20:56:09+00:00
ncaam-213334,NCAAM,2025-26,2025-11-20T23:00:00Z,Regular,Simon Skjodt Assembly Hall,Indiana,I,Lindenwood,L,73,53,FINISHED,ncaam,2026-08-23T20:56:09+00:00
ncaam-213342,NCAAM,2025-26,2025-11-20T23:00:00Z,Regular,Baha Mar Convention Center,Purdue,P,Memphis,M,80,71,FINISHED,ncaam,2026-08-23T20:56:09+00:00
ncaam-209982,NCAAM,2025-26,2025-11-20T23:30:00Z,Regular,Stony Brook Arena,Stony Brook,SB,Brown,B,80,70,FINISHED,ncaam,2026-08-23T20:56:09+00:00
ncaam-209978,NCAAM,2025-26,2025-11-21T00:00:00Z,Regular,Rose Hill Gym,Fordham,F,Long Island University,LIU,69,53,FINISHED,ncaam,2026-08-23T20:56:09+00:00
ncaam-209980,NCAAM,2025-26,2025-11-21T00:00:00Z,Regular,Watsco Center,Miami,M,Elon,E,99,72,FINISHED,ncaam,2026-08-23T20:56:09+00:00
ncaam-209981,NCAAM,2025-26,2025-11-21T00:00:00Z,Regular,Carnesecca Arena,St. John's,SJ,Bucknell,B,97,49,FINISHED,ncaam,2026-08-23T20:56:09+00:00
ncaam-209983,NCAAM,2025-26,2025-11-21T00:00:00Z,Regular,Ocean Center,UCF,U,Pittsburgh,P,77,67,FINISHED,ncaam,2026-08-23T20:56:09+00:00
ncaam-213327,NCAAM,2025-26,2025-11-21T00:00:00Z,Regular,Memorial Gymnasium (TN),Vanderbilt,V,Texas Southern,TS,109,74,FINISHED,ncaam,2026-08-23T20:56:09+00:00
ncaam-213331,NCAAM,2025-26,2025-11-21T00:00:00Z,Regular,Eleanor R. Baldwin Arena,Florida Atlantic,FA,Pacific,P,82,59,FINISHED,ncaam,2026-08-23T20:56:09+00:00
ncaam-213332,NCAAM,2025-26,2025-11-21T00:00:00Z,Regular,Nutter Center,Wright State,WS,Ohio Wesleyan,OW,100,47,FINISHED,ncaam,2026-08-23T20:56:09+00:00
ncaam-213333,NCAAM,2025-26,2025-11-21T00:00:00Z,Regular,McGuirk Arena,Central Michigan,CM,Northern Kentucky,NK,66,90,FINISHED,ncaam,2026-08-23T20:56:09+00:00
ncaam-213335,NCAAM,2025-26,2025-11-21T00:00:00Z,Regular,Carver-Hawkeye Arena,Iowa,I,Chicago State,CS,93,54,FINISHED,ncaam,2026-08-23T20:56:09+00:00
ncaam-213337,NCAAM,2025-26,2025-11-21T00:00:00Z,Regular,Millett Hall,Miami (OH),M(,Mercyhurst,M,76,71,FINISHED,ncaam,2026-08-23T20:56:09+00:00
ncaam-213343,NCAAM,2025-26,2025-11-21T00:00:00Z,Regular,T-Mobile Center,New Mexico,NM,Nebraska,N,72,84,FINISHED,ncaam,2026-08-23T20:56:09+00:00
ncaam-213344,NCAAM,2025-26,2025-11-21T00:00:00Z,Regular,Jadwin Gymnasium,Princeton,P,Northeastern,N,70,57,FINISHED,ncaam,2026-08-23T20:56:09+00:00
ncaam-213345,NCAAM,2025-26,2025-11-21T00:00:00Z,Regular,Curry Arena,Queens University,QU,UNC Greensboro,UG,101,94,FINISHED,ncaam,2026-08-23T20:56:09+00:00
ncaam-215399,NCAAM,2025-26,2025-11-21T00:00:00Z,Regular,Food City Center,Tennessee,T,Tennessee State,TS,89,60,FINISHED,ncaam,2026-08-23T20:56:09+00:00
ncaam-215400,NCAAM,2025-26,2025-11-21T00:00:00Z,Regular,Memorial Hall (DE),Delaware State,DS,Kean,K,66,64,FINISHED,ncaam,2026-08-23T20:56:09+00:00
ncaam-215401,NCAAM,2025-26,2025-11-21T00:00:00Z,Regular,Newman Arena,Cornell,C,Colgate,C,95,94,FINISHED,ncaam,2026-08-23T20:56:09+00:00
ncaam-209976,NCAAM,2025-26,2025-11-21T01:00:00Z,Regular,CEFCU Arena,Illinois State,IS,Rockford,R,93,48,FINISHED,ncaam,2026-08-23T20:56:09+00:00
ncaam-209979,NCAAM,2025-26,2025-11-21T01:00:00Z,Regular,Mizzou Arena,Missouri,M,South Dakota,SD,102,68,FINISHED,ncaam,2026-08-23T20:56:09+00:00
ncaam-213324,NCAAM,2025-26,2025-11-21T01:00:00Z,Regular,Schottenstein Center,Ohio State,OS,Western Michigan,WM,91,58,FINISHED,ncaam,2026-08-23T20:56:09+00:00
ncaam-213328,NCAAM,2025-26,2025-11-21T01:00:00Z,Regular,Tudor Fieldhouse,Rice,R,Tarleton State,TS,74,90,FINISHED,ncaam,2026-08-23T20:56:09+00:00
ncaam-213330,NCAAM,2025-26,2025-11-21T01:00:00Z,Regular,The Super Pit,North Texas,NT,Central Arkansas,CA,74,56,FINISHED,ncaam,2026-08-23T20:56:09+00:00
ncaam-213346,NCAAM,2025-26,2025-11-21T01:00:00Z,Regular,Lloyd Noble Center,Oklahoma,O,Oral Roberts,OR,95,71,FINISHED,ncaam,2026-08-23T20:56:09+00:00
ncaam-215402,NCAAM,2025-26,2025-11-21T01:00:00Z,Regular,Sharp Gymnasium,Houston Christian,HC,College Of Biblical Studies,COBS,85,67,FINISHED,ncaam,2026-08-23T20:56:09+00:00
ncaam-209984,NCAAM,2025-26,2025-11-21T01:59:00Z,Regular,Baha Mar Convention Center,Texas Tech,TT,Wake Forest,WF,84,83,FINISHED,ncaam,2026-08-23T20:56:09+00:00
ncaam-209977,NCAAM,2025-26,2025-11-21T02:00:00Z,Regular,Fertitta Center,Houston,H,Rider,R,91,45,FINISHED,ncaam,2026-08-23T20:56:09+00:00
ncaam-213338,NCAAM,2025-26,2025-11-21T02:00:00Z,Regular,Jon M. Huntsman Center,Utah,U,Cal Poly,CP,85,92,FINISHED,ncaam,2026-08-23T20:56:09+00:00
ncaam-213347,NCAAM,2025-26,2025-11-21T02:30:00Z,Regular,T-Mobile Center,Kansas State,KS,Mississippi State,MS,98,77,FINISHED,ncaam,2026-08-23T20:56:09+00:00
ncaam-213325,NCAAM,2025-26,2025-11-21T03:00:00Z,Regular,Galen Center,USC,U,Troy,T,107,106,FINISHED,ncaam,2026-08-23T20:56:09+00:00
ncaam-213336,NCAAM,2025-26,2025-11-21T03:00:00Z,Regular,Thomas & Mack Center,UNLV,U,Saint Joseph's,SJ,99,85,FINISHED,ncaam,2026-08-23T20:56:09+00:00
ncaam-213339,NCAAM,2025-26,2025-11-21T04:59:00Z,Regular,Stan Sheriff Center,Hawai'i,H,Arizona State,AS,76,83,FINISHED,ncaam,2026-08-23T20:56:09+00:00
ncaam-213349,NCAAM,2025-26,2025-11-21T16:00:00Z,Regular,Kaplan Arena,William & Mary,W&M,Regent,R,104,57,FINISHED,ncaam,2026-08-23T20:56:09+00:00
ncaam-210001,NCAAM,2025-26,2025-11-21T17:30:00Z,Regular,,Yale,Y,Green Bay,GB,73,67,FINISHED,ncaam,2026-08-23T20:56:09+00:00
ncaam-210000,NCAAM,2025-26,2025-11-21T18:00:00Z,Regular,,Tulane,T,Utah State,US,75,96,FINISHED,ncaam,2026-08-23T20:56:09+00:00
ncaam-213365,NCAAM,2025-26,2025-11-21T19:00:00Z,Regular,Colonial Hall,South Carolina,SC,Butler,B,72,79,FINISHED,ncaam,2026-08-23T20:56:09+00:00
ncaam-213371,NCAAM,2025-26,2025-11-21T19:00:00Z,Regular,Clune Arena,Alabama State,AS,IU Indianapolis,II,101,80,FINISHED,ncaam,2026-08-23T20:56:09+00:00
ncaam-213359,NCAAM,2025-26,2025-11-21T20:00:00Z,Regular,College Park Center,UT Arlington,UA,Campbell,C,67,71,FINISHED,ncaam,2026-08-23T20:56:09+00:00
ncaam-213372,NCAAM,2025-26,2025-11-21T20:00:00Z,Regular,,Charleston,C,Massachusetts,M,69,65,FINISHED,ncaam,2026-08-23T20:56:09+00:00
ncaam-213373,NCAAM,2025-26,2025-11-21T20:00:00Z,Regular,Reed Arena,Idaho State,IS,Justice College,JC,89,51,FINISHED,ncaam,2026-08-23T20:56:09+00:00
ncaam-210002,NCAAM,2025-26,2025-11-21T20:30:00Z,Regular,TD Arena,Boston College,BC,Davidson,D,49,59,FINISHED,ncaam,2026-08-23T20:56:09+00:00
ncaam-213370,NCAAM,2025-26,2025-11-21T21:00:00Z,Regular,Delta Center,BYU,B,Wisconsin,W,98,70,FINISHED,ncaam,2026-08-23T20:56:09+00:00
ncaam-209985,NCAAM,2025-26,2025-11-21T22:00:00Z,Regular,Colonial Hall,Virginia,V,Northwestern,N,83,78,FINISHED,ncaam,2026-08-23T20:56:09+00:00
ncaam-213374,NCAAM,2025-26,2025-11-21T22:30:00Z,Regular,,Akron,A,Iona,I,96,75,FINISHED,ncaam,2026-08-23T20:56:09+00:00
ncaam-210004,NCAAM,2025-26,2025-11-21T23:00:00Z,Regular,Stabler Arena,Lehigh,L,Columbia,C,67,82,FINISHED,ncaam,2026-08-23T20:56:09+00:00
ncaam-213354,NCAAM,2025-26,2025-11-21T23:00:00Z,Regular,Tucker Center,Florida State,FS,Georgia Southern,GS,98,72,FINISHED,ncaam,2026-08-23T20:56:09+00:00
ncaam-213375,NCAAM,2025-26,2025-11-21T23:00:00Z,Regular,Merkert Gymnasium,Stonehill,S,Lafayette,L,74,70,FINISHED,ncaam,2026-08-23T20:56:09+00:00
ncaam-213376,NCAAM,2025-26,2025-11-21T23:00:00Z,Regular,Clune Arena,Air Force,AF,SIU Edwardsville,SE,77,63,FINISHED,ncaam,2026-08-23T20:56:09+00:00
ncaam-209987,NCAAM,2025-26,2025-11-21T23:30:00Z,Regular,Heritage Bank Center,Cincinnati,C,Louisville,L,64,74,FINISHED,ncaam,2026-08-23T20:56:09+00:00
ncaam-209997,NCAAM,2025-26,2025-11-21T23:30:00Z,Regular,Jersey Mike’s Arena,Rutgers,R,Central Connecticut,CC,54,67,FINISHED,ncaam,2026-08-23T20:56:09+00:00
ncaam-210003,NCAAM,2025-26,2025-11-21T23:30:00Z,Regular,TD Arena,Clemson,C,West Virginia,WV,70,67,FINISHED,ncaam,2026-08-23T20:56:09+00:00
ncaam-213363,NCAAM,2025-26,2025-11-21T23:30:00Z,Regular,Breslin Center,Michigan State,MS,Detroit Mercy,DM,84,56,FINISHED,ncaam,2026-08-23T20:56:09+00:00
ncaam-213367,NCAAM,2025-26,2025-11-21T23:30:00Z,Regular,Holmes Convocation Center,App State,AS,Charlotte,C,65,63,FINISHED,ncaam,2026-08-23T20:56:09+00:00
ncaam-213377,NCAAM,2025-26,2025-11-21T23:30:00Z,Regular,Gervin GameAbove Center,Eastern Michigan,EM,Oakland,O,97,91,FINISHED,ncaam,2026-08-23T20:56:09+00:00
ncaam-209992,NCAAM,2025-26,2025-11-22T00:00:00Z,Regular,Cameron Indoor Stadium,Duke,D,Niagara,N,100,42,FINISHED,ncaam,2026-08-23T20:56:09+00:00
ncaam-209993,NCAAM,2025-26,2025-11-22T00:00:00Z,Regular,Koessler Athletic Center,Canisius,C,Maryland Eastern Shore,MES,60,57,FINISHED,ncaam,2026-08-23T20:56:09+00:00
ncaam-209994,NCAAM,2025-26,2025-11-22T00:00:00Z,Regular,McCann Arena,Marist,M,Army,A,76,65,FINISHED,ncaam,2026-08-23T20:56:09+00:00
ncaam-209995,NCAAM,2025-26,2025-11-22T00:00:00Z,Regular,Chartway Arena,Old Dominion,OD,Morgan State,MS,88,56,FINISHED,ncaam,2026-08-23T20:56:09+00:00
ncaam-209996,NCAAM,2025-26,2025-11-22T00:00:00Z,Regular,William H. Pitt Center,Sacred Heart,SH,Holy Cross,HC,79,66,FINISHED,ncaam,2026-08-23T20:56:09+00:00
ncaam-209998,NCAAM,2025-26,2025-11-22T00:00:00Z,Regular,Daskalakis Athletic Center,Drexel,D,Pennsylvania,P,68,84,FINISHED,ncaam,2026-08-23T20:56:09+00:00
ncaam-213350,NCAAM,2025-26,2025-11-22T00:00:00Z,Regular,Stephen C. O'Connell Center,Florida,F,Merrimack,M,80,45,FINISHED,ncaam,2026-08-23T20:56:09+00:00
ncaam-213355,NCAAM,2025-26,2025-11-22T00:00:00Z,Regular,The Coliseum,West Georgia,WG,South Carolina Upstate,SCU,72,64,FINISHED,ncaam,2026-08-23T20:56:09+00:00
ncaam-213356,NCAAM,2025-26,2025-11-22T00:00:00Z,Regular,Freedom Hall (TN),East Tennessee State,ETS,Morehead State,MS,77,62,FINISHED,ncaam,2026-08-23T20:56:09+00:00
ncaam-213362,NCAAM,2025-26,2025-11-22T00:00:00Z,Regular,The Dedmon Center,Radford,R,UNC Wilmington,UW,73,81,FINISHED,ncaam,2026-08-23T20:56:09+00:00
ncaam-213364,NCAAM,2025-26,2025-11-22T00:00:00Z,Regular,MVP Arena,Siena,S,UAlbany,U,73,63,FINISHED,ncaam,2026-08-23T20:56:09+00:00
ncaam-213366,NCAAM,2025-26,2025-11-22T00:00:00Z,Regular,Minges Coliseum,East Carolina,EC,Charleston Southern,CS,65,77,FINISHED,ncaam,2026-08-23T20:56:09+00:00
ncaam-213368,NCAAM,2025-26,2025-11-22T00:00:00Z,Regular,Rupp Arena,Kentucky,K,Loyola Maryland,LM,88,46,FINISHED,ncaam,2026-08-23T20:56:09+00:00
ncaam-215403,NCAAM,2025-26,2025-11-22T00:00:00Z,Regular,Western Hall,Western Illinois,WI,Coastal Carolina,CC,64,84,FINISHED,ncaam,2026-08-23T20:56:09+00:00
ncaam-215404,NCAAM,2025-26,2025-11-22T00:00:00Z,Regular,Jerry Richardson Indoor Stadium,Wofford,W,Erskine,E,81,57,FINISHED,ncaam,2026-08-23T20:56:09+00:00
ncaam-358280,NCAAM,2025-26,2025-11-22T00:00:00Z,Regular,T-Mobile Center,New Mexico,NM,Mississippi State,MS,80,78,FINISHED,ncaam,2026-08-23T20:56:09+00:00
ncaam-358281,NCAAM,2025-26,2025-11-22T00:00:00Z,Regular,Baha Mar Convention Center,Memphis,M,Wake Forest,WF,68,69,FINISHED,ncaam,2026-08-23T20:56:09+00:00
ncaam-210005,NCAAM,2025-26,2025-11-22T00:30:00Z,Regular,Curb Event Center Arena,Belmont,B,Fisk,F,96,49,FINISHED,ncaam,2026-08-23T20:56:09+00:00
ncaam-213352,NCAAM,2025-26,2025-11-22T00:30:00Z,Regular,Bartow Arena,UAB,U,South Alabama,SA,80,72,FINISHED,ncaam,2026-08-23T20:56:09+00:00
ncaam-213381,NCAAM,2025-26,2025-11-22T00:30:00Z,Regular,Chiles Center,St. Thomas-Minnesota,STM,Northern Colorado,NC,73,72,FINISHED,ncaam,2026-08-23T20:56:09+00:00
ncaam-215405,NCAAM,2025-26,2025-11-22T00:30:00Z,Regular,Knapp Center,Drake,D,Buena Vista,BV,98,52,FINISHED,ncaam,2026-08-23T20:56:09+00:00
ncaam-209989,NCAAM,2025-26,2025-11-22T01:00:00Z,Regular,Chaifetz Arena,Saint Louis,SL,Purdue Fort Wayne,PFW,91,60,FINISHED,ncaam,2026-08-23T20:56:09+00:00
ncaam-209990,NCAAM,2025-26,2025-11-22T01:00:00Z,Regular,Gentile Arena,Loyola Chicago,LC,Northern Illinois,NI,59,76,FINISHED,ncaam,2026-08-23T20:56:09+00:00
ncaam-213348,NCAAM,2025-26,2025-11-22T01:00:00Z,Regular,Joseph G. Echols Hall,Norfolk State,NS,Hampton,H,62,60,FINISHED,ncaam,2026-08-23T20:56:09+00:00
ncaam-213353,NCAAM,2025-26,2025-11-22T01:00:00Z,Regular,Bud Walton Arena,Arkansas,A,Jackson State,JS,115,61,FINISHED,ncaam,2026-08-23T20:56:09+00:00
ncaam-213360,NCAAM,2025-26,2025-11-22T01:00:00Z,Regular,Reed Arena,Texas A&M,TA,Manhattan,M,109,68,FINISHED,ncaam,2026-08-23T20:56:09+00:00
ncaam-213382,NCAAM,2025-26,2025-11-22T01:00:00Z,Regular,Strahan Arena at the University Events Center,Texas State,TS,Little Rock,LR,65,56,FINISHED,ncaam,2026-08-23T20:56:09+00:00
ncaam-213383,NCAAM,2025-26,2025-11-22T01:00:00Z,Regular,Gill Coliseum,Oregon State,OS,Evansville,E,69,73,FINISHED,ncaam,2026-08-23T20:56:09+00:00
ncaam-215406,NCAAM,2025-26,2025-11-22T01:00:00Z,Regular,First Bank & Trust Arena,South Dakota State,SDS,Georgia State,GS,105,58,FINISHED,ncaam,2026-08-23T20:56:09+00:00
ncaam-215407,NCAAM,2025-26,2025-11-22T01:00:00Z,Regular,Pete Maravich Assembly Center,LSU,L,Omaha,O,99,73,FINISHED,ncaam,2026-08-23T20:56:09+00:00
ncaam-215408,NCAAM,2025-26,2025-11-22T01:00:00Z,Regular,Reynolds Center,Tulsa,T,Austin Peay,AP,84,75,FINISHED,ncaam,2026-08-23T20:56:09+00:00
ncaam-209986,NCAAM,2025-26,2025-11-22T02:00:00Z,Regular,Moody Coliseum,SMU,S,Arkansas State,AS,100,69,FINISHED,ncaam,2026-08-23T20:56:09+00:00
ncaam-209999,NCAAM,2025-26,2025-11-22T02:00:00Z,Regular,Save Mart Center,Fresno State,FS,New Orleans,NO,85,76,FINISHED,ncaam,2026-08-23T20:56:09+00:00
ncaam-210006,NCAAM,2025-26,2025-11-22T02:00:00Z,Regular,TD Arena,Xavier,X,Georgia,G,77,78,FINISHED,ncaam,2026-08-23T20:56:09+00:00
ncaam-213357,NCAAM,2025-26,2025-11-22T02:00:00Z,Regular,Jenny Craig Pavilion,San Diego,SD,UC Riverside,UR,71,85,FINISHED,ncaam,2026-08-23T20:56:09+00:00
ncaam-213358,NCAAM,2025-26,2025-11-22T02:00:00Z,Regular,Firestone Fieldhouse,Pepperdine,P,Stephen F. Austin,SFA,60,63,FINISHED,ncaam,2026-08-23T20:56:09+00:00
ncaam-213361,NCAAM,2025-26,2025-11-22T02:00:00Z,Regular,Moby Arena,Colorado State,CS,Denver,D,81,83,FINISHED,ncaam,2026-08-23T20:56:09+00:00
ncaam-213369,NCAAM,2025-26,2025-11-22T02:00:00Z,Regular,CU Events Center,Colorado,C,UC Davis,UD,95,79,FINISHED,ncaam,2026-08-23T20:56:09+00:00
ncaam-213380,NCAAM,2025-26,2025-11-22T02:00:00Z,Regular,Pan American Center,New Mexico State,NMS,Samford,S,81,72,FINISHED,ncaam,2026-08-23T20:56:09+00:00
ncaam-213384,NCAAM,2025-26,2025-11-22T02:00:00Z,Regular,Burns Arena,Utah Tech,UT,Nobel,N,96,48,FINISHED,ncaam,2026-08-23T20:56:09+00:00
ncaam-213385,NCAAM,2025-26,2025-11-22T02:00:00Z,Regular,Global Credit Union Arena,Grand Canyon,GC,Northwestern State,NS,85,72,FINISHED,ncaam,2026-08-23T20:56:09+00:00
ncaam-358282,NCAAM,2025-26,2025-11-22T02:30:00Z,Regular,Baha Mar Convention Center,Purdue,P,Texas Tech,TT,86,56,FINISHED,ncaam,2026-08-23T20:56:09+00:00
ncaam-358283,NCAAM,2025-26,2025-11-22T02:30:00Z,Regular,T-Mobile Center,Nebraska,N,Kansas State,KS,86,85,FINISHED,ncaam,2026-08-23T20:56:09+00:00
ncaam-209988,NCAAM,2025-26,2025-11-22T03:00:00Z,Regular,Haas Pavilion,California,C,Sacramento State,SS,91,67,FINISHED,ncaam,2026-08-23T20:56:09+00:00
ncaam-210007,NCAAM,2025-26,2025-11-22T03:00:00Z,Regular,Maples Pavilion,Stanford,S,Seattle U,SU,69,77,FINISHED,ncaam,2026-08-23T20:56:09+00:00
ncaam-213351,NCAAM,2025-26,2025-11-22T03:00:00Z,Regular,Provident Credit Union Event Center,San José State,SJS,Southern,S,80,66,FINISHED,ncaam,2026-08-23T20:56:09+00:00
ncaam-213378,NCAAM,2025-26,2025-11-22T03:00:00Z,Regular,Walter Pyramid,Long Beach State,LBS,Montana State,MS,72,78,FINISHED,ncaam,2026-08-23T20:56:09+00:00
ncaam-213379,NCAAM,2025-26,2025-11-22T03:00:00Z,Regular,Chiles Center,Portland,P,Cal State Fullerton,CSF,103,85,FINISHED,ncaam,2026-08-23T20:56:09+00:00
ncaam-213386,NCAAM,2025-26,2025-11-22T03:00:00Z,Regular,Leavey Center,Santa Clara,SC,Louisiana,L,80,43,FINISHED,ncaam,2026-08-23T20:56:09+00:00
ncaam-213387,NCAAM,2025-26,2025-11-22T03:00:00Z,Regular,Dale E. and Sarah Ann Fowler Events Center,California Baptist,CB,Grambling,G,72,59,FINISHED,ncaam,2026-08-23T20:56:09+00:00
ncaam-209991,NCAAM,2025-26,2025-11-22T03:30:00Z,Regular,Pauley Pavilion,UCLA,U,Presbyterian,P,86,46,FINISHED,ncaam,2026-08-23T20:56:09+00:00
ncaam-213396,NCAAM,2025-26,2025-11-22T17:00:00Z,Regular,Capital One Arena,Georgetown,G,Wagner,W,92,75,FINISHED,ncaam,2026-08-23T20:56:09+00:00
ncaam-213401,NCAAM,2025-26,2025-11-22T17:00:00Z,Regular,Alumni Hall (Navy),Navy,N,NJIT,N,86,70,FINISHED,ncaam,2026-08-23T20:56:09+00:00
ncaam-213403,NCAAM,2025-26,2025-11-22T18:00:00Z,Regular,Ted Grant Court,Le Moyne,LM,Fairfield,F,83,97,FINISHED,ncaam,2026-08-23T20:56:09+00:00
ncaam-215409,NCAAM,2025-26,2025-11-22T18:00:00Z,Regular,Jeffery P. Hazell Athletics Center,New Haven,NH,Vermont State - Lyndon,VSL,122,51,FINISHED,ncaam,2026-08-23T20:56:09+00:00
ncaam-210015,NCAAM,2025-26,2025-11-22T18:30:00Z,Regular,Mohegan Sun Arena,Boston University,BU,Harvard,H,75,74,FINISHED,ncaam,2026-08-23T20:56:09+00:00
ncaam-210012,NCAAM,2025-26,2025-11-22T19:00:00Z,Regular,UD Arena,Dayton,D,North Carolina Central,NCC,74,55,FINISHED,ncaam,2026-08-23T20:56:09+00:00
ncaam-210014,NCAAM,2025-26,2025-11-22T19:00:00Z,Regular,Gallagher-Iba Arena,Oklahoma State,OS,Nicholls,N,95,81,FINISHED,ncaam,2026-08-23T20:56:09+00:00
ncaam-210016,NCAAM,2025-26,2025-11-22T19:00:00Z,Regular,State Farm Center,Illinois,I,Long Island University,LIU,98,58,FINISHED,ncaam,2026-08-23T20:56:09+00:00
ncaam-213389,NCAAM,2025-26,2025-11-22T19:00:00Z,Regular,Yanitelli Center,Saint Peter's,SP,UMass Lowell,UL,68,66,FINISHED,ncaam,2026-08-23T20:56:09+00:00
ncaam-213394,NCAAM,2025-26,2025-11-22T19:00:00Z,Regular,Fiserv Forum,Marquette,M,Central Michigan,CM,85,71,FINISHED,ncaam,2026-08-23T20:56:09+00:00
ncaam-213404,NCAAM,2025-26,2025-11-22T19:00:00Z,Regular,M.A.C. Center,Kent State,KS,Cleveland State,CS,91,71,FINISHED,ncaam,2026-08-23T20:56:09+00:00
ncaam-213405,NCAAM,2025-26,2025-11-22T19:00:00Z,Regular,American Bank Center,Texas A&M-Corpus Christi,TACC,Howard Payne,HP,122,75,FINISHED,ncaam,2026-08-23T20:56:09+00:00
ncaam-210008,NCAAM,2025-26,2025-11-22T20:00:00Z,Regular,Baptist Health Arena,Eastern Kentucky,EK,Mercer,M,83,95,FINISHED,ncaam,2026-08-23T20:56:09+00:00
ncaam-213409,NCAAM,2025-26,2025-11-22T20:00:00Z,Regular,Koessler Athletic Center,Binghamton,B,Maryland Eastern Shore,MES,52,63,FINISHED,ncaam,2026-08-23T20:56:09+00:00
ncaam-358286,NCAAM,2025-26,2025-11-22T20:00:00Z,Regular,UVI Sports & Fitness Center,Massachusetts,M,Green Bay,GB,75,79,FINISHED,ncaam,2026-08-23T20:56:09+00:00
ncaam-213406,NCAAM,2025-26,2025-11-22T20:30:00Z,Regular,Bernard G. Johnson Coliseum,Sam Houston,SH,Schreiner,S,105,54,FINISHED,ncaam,2026-08-23T20:56:09+00:00
ncaam-210011,NCAAM,2025-26,2025-11-22T21:00:00Z,Regular,Matthews Arena,Duquesne,D,Northeastern,N,86,93,FINISHED,ncaam,2026-08-23T20:56:09+00:00
ncaam-210013,NCAAM,2025-26,2025-11-22T21:00:00Z,Regular,Cameron Indoor Stadium,Howard,H,Niagara,N,80,70,FINISHED,ncaam,2026-08-23T20:56:09+00:00
ncaam-213402,NCAAM,2025-26,2025-11-22T21:00:00Z,Regular,Icardo Center,Cal State Bakersfield,CSB,Mississippi Valley State,MVS,86,70,FINISHED,ncaam,2026-08-23T20:56:09+00:00
ncaam-213408,NCAAM,2025-26,2025-11-22T21:00:00Z,Regular,Mohegan Sun Arena,Penn State,PS,Providence,P,65,77,FINISHED,ncaam,2026-08-23T20:56:09+00:00
ncaam-213392,NCAAM,2025-26,2025-11-22T21:30:00Z,Regular,McKenzie Arena,Chattanooga,C,North Alabama,NA,71,57,FINISHED,ncaam,2026-08-23T20:56:09+00:00
ncaam-213393,NCAAM,2025-26,2025-11-22T22:00:00Z,Regular,Great Southern Bank Arena,Missouri State,MS,UT Rio Grande Valley,URGV,74,67,FINISHED,ncaam,2026-08-23T20:56:09+00:00
ncaam-213399,NCAAM,2025-26,2025-11-22T22:00:00Z,Regular,John Glaser Arena,La Salle,LS,Lancaster Bible College,LBC,75,46,FINISHED,ncaam,2026-08-23T20:56:09+00:00
ncaam-213410,NCAAM,2025-26,2025-11-22T22:00:00Z,Regular,Allen Arena,Lipscomb,L,Western Carolina,WC,83,62,FINISHED,ncaam,2026-08-23T20:56:09+00:00
ncaam-215410,NCAAM,2025-26,2025-11-22T22:00:00Z,Regular,Pensacola Bay Center,Prairie View A&M,PVA,UT Martin,UM,68,69,FINISHED,ncaam,2026-08-23T20:56:09+00:00
ncaam-215411,NCAAM,2025-26,2025-11-22T22:00:00Z,Regular,Lawlor Events Center,Nevada,N,UC Santa Barbara,USB,77,64,FINISHED,ncaam,2026-08-23T20:56:09+00:00
ncaam-358284,NCAAM,2025-26,2025-11-22T22:00:00Z,Regular,Ocean Center,UIC,U,Southern Indiana,SI,84,73,FINISHED,ncaam,2026-08-23T20:56:09+00:00
ncaam-213390,NCAAM,2025-26,2025-11-22T22:30:00Z,Regular,Sanford Pentagon,Minnesota,M,San Francisco,SF,65,77,FINISHED,ncaam,2026-08-23T20:56:09+00:00
ncaam-213407,NCAAM,2025-26,2025-11-22T22:30:00Z,Regular,Chiles Center,Cal State Fullerton,CSF,St. Thomas-Minnesota,STM,88,80,FINISHED,ncaam,2026-08-23T20:56:09+00:00
ncaam-358287,NCAAM,2025-26,2025-11-22T22:30:00Z,Regular,UVI Sports & Fitness Center,Oregon State,OS,Iona,I,84,91,FINISHED,ncaam,2026-08-23T20:56:09+00:00
ncaam-210010,NCAAM,2025-26,2025-11-23T00:00:00Z,Regular,Robins Center,Richmond,R,Gardner-Webb,GW,102,67,FINISHED,ncaam,2026-08-23T20:56:09+00:00
ncaam-213397,NCAAM,2025-26,2025-11-23T00:00:00Z,Regular,Hulman Center,Indiana State,IS,Ball State,BS,70,52,FINISHED,ncaam,2026-08-23T20:56:09+00:00
ncaam-213398,NCAAM,2025-26,2025-11-23T00:00:00Z,Regular,Charles Koch Arena,Wichita State,WS,Milwaukee,M,75,58,FINISHED,ncaam,2026-08-23T20:56:09+00:00
ncaam-213412,NCAAM,2025-26,2025-11-23T00:00:00Z,Regular,Edmunds Center,Stetson,S,VMI,V,99,80,FINISHED,ncaam,2026-08-23T20:56:09+00:00
ncaam-215412,NCAAM,2025-26,2025-11-23T00:00:00Z,Regular,Freedom Hall (TN),UL Monroe,UM,Morehead State,MS,80,83,FINISHED,ncaam,2026-08-23T20:56:09+00:00
ncaam-215413,NCAAM,2025-26,2025-11-23T00:00:00Z,Regular,Western Hall,North Dakota,ND,Coastal Carolina,CC,58,75,FINISHED,ncaam,2026-08-23T20:56:09+00:00
ncaam-358285,NCAAM,2025-26,2025-11-23T00:00:00Z,Regular,Ocean Center,High Point,HP,Incarnate Word,IW,91,80,FINISHED,ncaam,2026-08-23T20:56:09+00:00
ncaam-213395,NCAAM,2025-26,2025-11-23T00:30:00Z,Regular,Siegel Center,VCU,V,Coppin State,CS,101,58,FINISHED,ncaam,2026-08-23T20:56:09+00:00
ncaam-213391,NCAAM,2025-26,2025-11-23T01:00:00Z,Regular,Reed Green Coliseum,Southern Miss,SM,North Florida,NF,92,83,FINISHED,ncaam,2026-08-23T20:56:09+00:00
ncaam-213413,NCAAM,2025-26,2025-11-23T01:00:00Z,Regular,Chiles Center,Portland,P,Northern Colorado,NC,80,86,FINISHED,ncaam,2026-08-23T20:56:09+00:00
ncaam-213414,NCAAM,2025-26,2025-11-23T01:30:00Z,Regular,America First Events Center,Southern Utah,SU,Nobel,N,103,68,FINISHED,ncaam,2026-08-23T20:56:09+00:00
ncaam-213415,NCAAM,2025-26,2025-11-23T02:00:00Z,Regular,Dee Events Center,Weber State,WS,UT Arlington,UA,73,74,FINISHED,ncaam,2026-08-23T20:56:09+00:00
ncaam-213416,NCAAM,2025-26,2025-11-23T02:00:00Z,Regular,ICCU Arena,Idaho,I,Eastern Oregon,EO,97,68,FINISHED,ncaam,2026-08-23T20:56:09+00:00
ncaam-213400,NCAAM,2025-26,2025-11-23T03:30:00Z,Regular,Bren Events Center,UC Irvine,UI,Northern Iowa,NI,69,70,FINISHED,ncaam,2026-08-23T20:56:09+00:00
ncaam-215414,NCAAM,2025-26,2025-11-23T03:30:00Z,Regular,University Credit Union Pavilion,Saint Mary's,SM,UC Merced,UM,96,42,FINISHED,ncaam,2026-08-23T20:56:09+00:00
ncaam-210021,NCAAM,2025-26,2025-11-23T18:00:00Z,Regular,Koessler Athletic Center,Canisius,C,Binghamton,B,75,66,FINISHED,ncaam,2026-08-23T20:56:09+00:00
ncaam-210025,NCAAM,2025-26,2025-11-23T18:00:00Z,Regular,Watsco Center,Miami,M,Delaware State,DS,97,41,FINISHED,ncaam,2026-08-23T20:56:09+00:00
ncaam-213419,NCAAM,2025-26,2025-11-23T18:00:00Z,Regular,Millett Hall,Miami (OH),M(,Arkansas-Pine Bluff,APB,111,84,FINISHED,ncaam,2026-08-23T20:56:09+00:00
ncaam-213430,NCAAM,2025-26,2025-11-23T18:00:00Z,Regular,Clune Arena,SIU Edwardsville,SE,Alabama State,AS,83,68,FINISHED,ncaam,2026-08-23T20:56:09+00:00
ncaam-358288,NCAAM,2025-26,2025-11-23T18:00:00Z,Regular,TD Arena,Georgia,G,Clemson,C,94,97,FINISHED,ncaam,2026-08-23T20:56:09+00:00
ncaam-210017,NCAAM,2025-26,2025-11-23T19:00:00Z,Regular,Colonial Hall,Virginia,V,Butler,B,73,80,FINISHED,ncaam,2026-08-23T20:56:09+00:00
ncaam-210026,NCAAM,2025-26,2025-11-23T19:00:00Z,Regular,The Pit in Memorial Gymnasium,Maine,M,Brown,B,53,58,FINISHED,ncaam,2026-08-23T20:56:09+00:00
ncaam-210027,NCAAM,2025-26,2025-11-23T19:00:00Z,Regular,Levien Gymnasium,Columbia,C,Longwood,L,95,70,FINISHED,ncaam,2026-08-23T20:56:09+00:00
ncaam-213418,NCAAM,2025-26,2025-11-23T19:00:00Z,Regular,Daskalakis Athletic Center,Drexel,D,Old Dominion,OD,75,71,FINISHED,ncaam,2026-08-23T20:56:09+00:00
ncaam-213422,NCAAM,2025-26,2025-11-23T19:00:00Z,Regular,McCamish Pavilion,Georgia Tech,GT,West Georgia,WG,82,66,FINISHED,ncaam,2026-08-23T20:56:09+00:00
ncaam-213428,NCAAM,2025-26,2025-11-23T19:00:00Z,Regular,Halton Arena,Charlotte,C,Shaw,S,83,79,FINISHED,ncaam,2026-08-23T20:56:09+00:00
ncaam-213431,NCAAM,2025-26,2025-11-23T19:00:00Z,Regular,Lloyd Noble Center,Oklahoma,O,Alcorn State,AS,72,53,FINISHED,ncaam,2026-08-23T20:56:09+00:00
ncaam-213432,NCAAM,2025-26,2025-11-23T19:00:00Z,Regular,Farris Center,Central Arkansas,CA,Eastern Washington,EW,92,65,FINISHED,ncaam,2026-08-23T20:56:09+00:00
ncaam-213433,NCAAM,2025-26,2025-11-23T19:00:00Z,Regular,Chiles Center,Northern Colorado,NC,Cal State Fullerton,CSF,97,93,FINISHED,ncaam,2026-08-23T20:56:09+00:00
ncaam-215415,NCAAM,2025-26,2025-11-23T19:00:00Z,Regular,Sanford Coyote Sports Center,South Dakota,SD,South Carolina State,SCS,82,81,FINISHED,ncaam,2026-08-23T20:56:09+00:00
ncaam-358294,NCAAM,2025-26,2025-11-23T19:30:00Z,Regular,Pensacola Bay Center,North Florida,NF,Prairie View A&M,PVA,82,85,FINISHED,ncaam,2026-08-23T20:56:09+00:00
ncaam-210020,NCAAM,2025-26,2025-11-23T20:00:00Z,Regular,University Arena (MI),Western Michigan,WM,Mount St. Mary's,MSM,83,60,FINISHED,ncaam,2026-08-23T20:56:09+00:00
ncaam-213426,NCAAM,2025-26,2025-11-23T20:00:00Z,Regular,OceanFirst Bank Center,Monmouth,M,Robert Morris,RM,71,70,FINISHED,ncaam,2026-08-23T20:56:09+00:00
ncaam-215416,NCAAM,2025-26,2025-11-23T20:00:00Z,Regular,John Hurst Adams Gymnasium,Delaware,D,Southern Illinois,SI,59,79,FINISHED,ncaam,2026-08-23T20:56:09+00:00
ncaam-358289,NCAAM,2025-26,2025-11-23T20:30:00Z,Regular,TD Arena,Xavier,X,West Virginia,WV,78,68,FINISHED,ncaam,2026-08-23T20:56:09+00:00
ncaam-210019,NCAAM,2025-26,2025-11-23T21:00:00Z,Regular,Cameron Indoor Stadium,Duke,D,Howard,H,93,56,FINISHED,ncaam,2026-08-23T20:56:09+00:00
ncaam-213423,NCAAM,2025-26,2025-11-23T21:00:00Z,Regular,Freedom Hall (TN),East Tennessee State,ETS,UL Monroe,UM,97,55,FINISHED,ncaam,2026-08-23T20:56:09+00:00
ncaam-213424,NCAAM,2025-26,2025-11-23T21:00:00Z,Regular,Arena-Auditorium,Wyoming,W,Norfolk State,NS,75,67,FINISHED,ncaam,2026-08-23T20:56:09+00:00
ncaam-213434,NCAAM,2025-26,2025-11-23T21:00:00Z,Regular,Chiles Center,Portland,P,St. Thomas-Minnesota,STM,66,76,FINISHED,ncaam,2026-08-23T20:56:09+00:00
ncaam-215417,NCAAM,2025-26,2025-11-23T21:00:00Z,Regular,Dahlberg Arena,Montana,M,Lamar,L,63,68,FINISHED,ncaam,2026-08-23T20:56:09+00:00
ncaam-210018,NCAAM,2025-26,2025-11-23T22:00:00Z,Regular,Petersen Events Center,Pittsburgh,P,Quinnipiac,Q,75,83,FINISHED,ncaam,2026-08-23T20:56:09+00:00
ncaam-210022,NCAAM,2025-26,2025-11-23T22:00:00Z,Regular,CEFCU Arena,Illinois State,IS,Coastal Carolina,CC,94,42,FINISHED,ncaam,2026-08-23T20:56:09+00:00
ncaam-210028,NCAAM,2025-26,2025-11-23T22:00:00Z,Regular,John Gray Gymnasium,George Washington,GW,McNeese,M,86,92,FINISHED,ncaam,2026-08-23T20:56:09+00:00
ncaam-213421,NCAAM,2025-26,2025-11-23T22:00:00Z,Regular,Colonial Hall,Northwestern,N,South Carolina,SC,79,77,FINISHED,ncaam,2026-08-23T20:56:09+00:00
ncaam-213425,NCAAM,2025-26,2025-11-23T22:00:00Z,Regular,Timmons Arena,Furman,F,Queens University,QU,90,79,FINISHED,ncaam,2026-08-23T20:56:09+00:00
ncaam-213435,NCAAM,2025-26,2025-11-23T22:00:00Z,Regular,Clune Arena,Air Force,AF,IU Indianapolis,II,98,85,FINISHED,ncaam,2026-08-23T20:56:09+00:00
ncaam-215418,NCAAM,2025-26,2025-11-23T22:30:00Z,Regular,John Hurst Adams Gymnasium,UNC Greensboro,UG,Youngstown State,YS,68,62,FINISHED,ncaam,2026-08-23T20:56:09+00:00
ncaam-358290,NCAAM,2025-26,2025-11-23T22:30:00Z,Regular,UVI Sports & Fitness Center,Charleston,C,Yale,Y,63,74,FINISHED,ncaam,2026-08-23T20:56:09+00:00
ncaam-358295,NCAAM,2025-26,2025-11-23T22:30:00Z,Regular,Pensacola Bay Center,Southern Miss,SM,UT Martin,UM,70,60,FINISHED,ncaam,2026-08-23T20:56:09+00:00
ncaam-210023,NCAAM,2025-26,2025-11-23T23:00:00Z,Regular,Gampel Pavilion,UConn,U,Bryant,B,72,49,FINISHED,ncaam,2026-08-23T20:56:09+00:00
ncaam-213427,NCAAM,2025-26,2025-11-23T23:00:00Z,Regular,Wintrust Arena,DePaul,D,Detroit Mercy,DM,95,75,FINISHED,ncaam,2026-08-23T20:56:09+00:00
ncaam-358291,NCAAM,2025-26,2025-11-23T23:30:00Z,Regular,TD Arena,Boston College,BC,Tulane,T,90,93,FINISHED,ncaam,2026-08-23T20:56:09+00:00
ncaam-213429,NCAAM,2025-26,2025-11-24T00:00:00Z,Regular,Cam Henderson Center,Marshall,M,Mercyhurst,M,69,60,FINISHED,ncaam,2026-08-23T20:56:09+00:00
ncaam-215419,NCAAM,2025-26,2025-11-24T00:00:00Z,Regular,Western Hall,Western Illinois,WI,North Dakota,ND,69,78,FINISHED,ncaam,2026-08-23T20:56:09+00:00
ncaam-213436,NCAAM,2025-26,2025-11-24T00:30:00Z,Regular,John Gray Gymnasium,Middle Tennessee,MT,Murray State,MS,90,87,FINISHED,ncaam,2026-08-23T20:56:09+00:00
ncaam-213420,NCAAM,2025-26,2025-11-24T01:00:00Z,Regular,Lee E. Williams Athletics and Assembly Center,Jackson State,JS,Winthrop,W,62,80,FINISHED,ncaam,2026-08-23T20:56:09+00:00
ncaam-358292,NCAAM,2025-26,2025-11-24T01:00:00Z,Regular,UVI Sports & Fitness Center,Evansville,E,Akron,A,59,97,FINISHED,ncaam,2026-08-23T20:56:09+00:00
ncaam-358293,NCAAM,2025-26,2025-11-24T02:00:00Z,Regular,TD Arena,Davidson,D,Utah State,US,60,94,FINISHED,ncaam,2026-08-23T20:56:09+00:00
ncaam-210036,NCAAM,2025-26,2025-11-24T16:00:00Z,Regular,State Farm Field House,Towson,T,Rhode Island,RI,62,55,FINISHED,ncaam,2026-08-23T20:56:09+00:00
ncaam-215420,NCAAM,2025-26,2025-11-24T16:00:00Z,Regular,Alico Arena,Troy,T,Toledo,T,68,75,FINISHED,ncaam,2026-08-23T20:56:09+00:00
ncaam-213449,NCAAM,2025-26,2025-11-24T16:30:00Z,Regular,Ocean Center,Pacific,P,Stony Brook,SB,86,58,FINISHED,ncaam,2026-08-23T20:56:09+00:00
ncaam-210033,NCAAM,2025-26,2025-11-24T17:00:00Z,Regular,Bogota Savings Bank Center,Fairleigh Dickinson,FD,East Texas A&M,ETA,65,70,FINISHED,ncaam,2026-08-23T20:56:09+00:00
ncaam-213444,NCAAM,2025-26,2025-11-24T17:00:00Z,Regular,Stroh Center,Bowling Green,BG,Bucknell,B,71,66,FINISHED,ncaam,2026-08-23T20:56:09+00:00
ncaam-358296,NCAAM,2025-26,2025-11-24T17:30:00Z,Regular,UVI Sports & Fitness Center,Oregon State,OS,Massachusetts,M,65,73,FINISHED,ncaam,2026-08-23T20:56:09+00:00
ncaam-213451,NCAAM,2025-26,2025-11-24T18:00:00Z,Regular,MGM Grand Garden Arena,Tennessee,T,Rutgers,R,85,60,FINISHED,ncaam,2026-08-23T20:56:09+00:00
ncaam-210037,NCAAM,2025-26,2025-11-24T18:30:00Z,Regular,State Farm Field House,Vermont,V,Liberty,L,73,79,FINISHED,ncaam,2026-08-23T20:56:09+00:00
ncaam-213438,NCAAM,2025-26,2025-11-24T18:30:00Z,Regular,John Hurst Adams Gymnasium,Southern Illinois,SI,UAB,U,73,81,FINISHED,ncaam,2026-08-23T20:56:09+00:00
ncaam-215421,NCAAM,2025-26,2025-11-24T18:30:00Z,Regular,Alico Arena,Belmont,B,St. Francis (PA),SF(,94,57,FINISHED,ncaam,2026-08-23T20:56:09+00:00
ncaam-213446,NCAAM,2025-26,2025-11-24T19:00:00Z,Regular,Ocean Center,Bethune-Cookman,BC,Jacksonville,J,64,69,FINISHED,ncaam,2026-08-23T20:56:09+00:00
ncaam-213452,NCAAM,2025-26,2025-11-24T19:00:00Z,Regular,Michelob ULTRA Arena,Baylor,B,Creighton,C,81,74,FINISHED,ncaam,2026-08-23T20:56:09+00:00
ncaam-210038,NCAAM,2025-26,2025-11-24T19:30:00Z,Regular,Lahaina Civic Center,NC State,NS,Seton Hall,SH,74,85,FINISHED,ncaam,2026-08-23T20:56:09+00:00
ncaam-213453,NCAAM,2025-26,2025-11-24T19:30:00Z,Regular,Alumni Arena,Buffalo,B,VMI,V,78,70,FINISHED,ncaam,2026-08-23T20:56:09+00:00
ncaam-213450,NCAAM,2025-26,2025-11-24T20:00:00Z,Regular,SRC Arena,UC Riverside,UR,Grambling,G,83,74,FINISHED,ncaam,2026-08-23T20:56:09+00:00
ncaam-358297,NCAAM,2025-26,2025-11-24T20:00:00Z,Regular,UVI Sports & Fitness Center,Iona,I,Green Bay,GB,75,80,FINISHED,ncaam,2026-08-23T20:56:09+00:00
ncaam-210039,NCAAM,2025-26,2025-11-24T20:30:00Z,Regular,MGM Grand Garden Arena,Kansas,K,Notre Dame,ND,71,61,FINISHED,ncaam,2026-08-23T20:56:09+00:00
ncaam-213439,NCAAM,2025-26,2025-11-24T21:00:00Z,Regular,John Hurst Adams Gymnasium,UTEP,U,William & Mary,W&M,63,74,FINISHED,ncaam,2026-08-23T20:56:09+00:00
ncaam-213441,NCAAM,2025-26,2025-11-24T21:00:00Z,Regular,Dahlberg Arena,Lamar,L,Oakland,O,68,83,FINISHED,ncaam,2026-08-23T20:56:09+00:00
ncaam-210040,NCAAM,2025-26,2025-11-24T21:30:00Z,Regular,State Farm Field House,UC San Diego,USD,Temple,T,91,76,FINISHED,ncaam,2026-08-23T20:56:09+00:00
ncaam-213454,NCAAM,2025-26,2025-11-24T21:30:00Z,Regular,Michelob ULTRA Arena,St. John's,SJ,Iowa State,IS,82,83,FINISHED,ncaam,2026-08-23T20:56:09+00:00
ncaam-215422,NCAAM,2025-26,2025-11-24T21:30:00Z,Regular,Alico Arena,Kennesaw State,KS,Rice,R,89,84,FINISHED,ncaam,2026-08-23T20:56:09+00:00
ncaam-210041,NCAAM,2025-26,2025-11-24T22:00:00Z,Regular,John Gray Gymnasium,Middle Tennessee,MT,George Washington,GW,79,92,FINISHED,ncaam,2026-08-23T20:56:09+00:00
ncaam-213455,NCAAM,2025-26,2025-11-24T22:00:00Z,Regular,Lahaina Civic Center,Boise State,BS,USC,U,67,70,FINISHED,ncaam,2026-08-23T20:56:09+00:00
ncaam-358298,NCAAM,2025-26,2025-11-24T22:30:00Z,Regular,UVI Sports & Fitness Center,Evansville,E,Charleston,C,59,78,FINISHED,ncaam,2026-08-23T20:56:09+00:00
ncaam-210031,NCAAM,2025-26,2025-11-24T23:00:00Z,Regular,Hart Center,Holy Cross,HC,Siena,S,69,73,FINISHED,ncaam,2026-08-23T20:56:09+00:00
ncaam-210042,NCAAM,2025-26,2025-11-24T23:00:00Z,Regular,MGM Grand Garden Arena,Houston,H,Syracuse,S,78,74,FINISHED,ncaam,2026-08-23T20:56:09+00:00
ncaam-213456,NCAAM,2025-26,2025-11-24T23:00:00Z,Regular,Ocean Center,Ohio,O,George Mason,GM,69,92,FINISHED,ncaam,2026-08-23T20:56:09+00:00
ncaam-213457,NCAAM,2025-26,2025-11-24T23:00:00Z,Regular,Chesapeake Employers Insurance Arena,UMBC,U,Notre Dame (Md),ND(,102,52,FINISHED,ncaam,2026-08-23T20:56:09+00:00
ncaam-213458,NCAAM,2025-26,2025-11-24T23:30:00Z,Regular,Holmes Convocation Center,App State,AS,Elon,E,53,88,FINISHED,ncaam,2026-08-23T20:56:09+00:00
ncaam-215423,NCAAM,2025-26,2025-11-24T23:30:00Z,Regular,John Hurst Adams Gymnasium,Youngstown State,YS,Georgia Southern,GS,67,61,FINISHED,ncaam,2026-08-23T20:56:09+00:00
ncaam-210030,NCAAM,2025-26,2025-11-25T00:00:00Z,Regular,KFC Yum! Center,Louisville,L,Eastern Michigan,EM,87,46,FINISHED,ncaam,2026-08-23T20:56:09+00:00
ncaam-210043,NCAAM,2025-26,2025-11-25T00:00:00Z,Regular,Detrick Gymnasium,Central Connecticut,CC,Sacred Heart,SH,108,106,FINISHED,ncaam,2026-08-23T20:56:09+00:00
ncaam-210044,NCAAM,2025-26,2025-11-25T00:00:00Z,Regular,State Farm Field House,Bradley,B,Princeton,P,88,64,FINISHED,ncaam,2026-08-23T20:56:09+00:00
ncaam-213445,NCAAM,2025-26,2025-11-25T00:00:00Z,Regular,Truist Arena,Northern Kentucky,NK,Eastern Kentucky,EK,82,71,FINISHED,ncaam,2026-08-23T20:56:09+00:00
ncaam-213447,NCAAM,2025-26,2025-11-25T00:00:00Z,Regular,McAlister Field House,The Citadel,TC,Bellarmine,B,58,70,FINISHED,ncaam,2026-08-23T20:56:09+00:00
ncaam-213448,NCAAM,2025-26,2025-11-25T00:00:00Z,Regular,Fifth Third Arena,Cincinnati,C,NJIT,N,94,67,FINISHED,ncaam,2026-08-23T20:56:09+00:00
ncaam-213459,NCAAM,2025-26,2025-11-25T00:00:00Z,Regular,Strahan Arena at the University Events Center,Texas State,TS,Texas Lutheran,TL,93,41,FINISHED,ncaam,2026-08-23T20:56:09+00:00
ncaam-213463,NCAAM,2025-26,2025-11-25T00:00:00Z,Regular,Hyland Arena,Lindenwood,L,Kansas City,KC,80,67,FINISHED,ncaam,2026-08-23T20:56:09+00:00
ncaam-215424,NCAAM,2025-26,2025-11-25T00:00:00Z,Regular,Ocean Bank Convocation Center,Florida International,FI,James Madison,JM,72,80,FINISHED,ncaam,2026-08-23T20:56:09+00:00
ncaam-215425,NCAAM,2025-26,2025-11-25T00:00:00Z,Regular,Bender Arena,American University,AU,Marywood,M,113,53,FINISHED,ncaam,2026-08-23T20:56:09+00:00
ncaam-210035,NCAAM,2025-26,2025-11-25T00:30:00Z,Regular,Humphrey Coliseum,Mississippi State,MS,New Orleans,NO,81,78,FINISHED,ncaam,2026-08-23T20:56:09+00:00
ncaam-210045,NCAAM,2025-26,2025-11-25T00:30:00Z,Regular,John Gray Gymnasium,McNeese,M,Murray State,MS,73,60,FINISHED,ncaam,2026-08-23T20:56:09+00:00
ncaam-213460,NCAAM,2025-26,2025-11-25T00:30:00Z,Regular,Alico Arena,Florida Gulf Coast,FGC,Oral Roberts,OR,93,88,FINISHED,ncaam,2026-08-23T20:56:09+00:00
ncaam-210029,NCAAM,2025-26,2025-11-25T01:00:00Z,Regular,Moody Coliseum,SMU,S,Radford,R,89,72,FINISHED,ncaam,2026-08-23T20:56:09+00:00
ncaam-210032,NCAAM,2025-26,2025-11-25T01:00:00Z,Regular,Great Southern Bank Arena,Missouri State,MS,Long Island University,LIU,61,75,FINISHED,ncaam,2026-08-23T20:56:09+00:00
ncaam-213440,NCAAM,2025-26,2025-11-25T01:00:00Z,Regular,State Farm Center,Illinois,I,UT Rio Grande Valley,URGV,87,73,FINISHED,ncaam,2026-08-23T20:56:09+00:00
ncaam-213461,NCAAM,2025-26,2025-11-25T01:00:00Z,Regular,J. Lawrence Walkup Skydome,Northern Arizona,NA,Cal Poly,CP,93,87,FINISHED,ncaam,2026-08-23T20:56:09+00:00
ncaam-213462,NCAAM,2025-26,2025-11-25T01:00:00Z,Regular,Michelob ULTRA Arena,Oregon,O,Auburn,A,73,84,FINISHED,ncaam,2026-08-23T20:56:09+00:00
ncaam-215426,NCAAM,2025-26,2025-11-25T01:00:00Z,Regular,First National Bank Arena,Arkansas State,AS,Jacksonville State,JS,74,63,FINISHED,ncaam,2026-08-23T20:56:09+00:00
ncaam-358299,NCAAM,2025-26,2025-11-25T01:00:00Z,Regular,UVI Sports & Fitness Center,Akron,A,Yale,Y,94,97,FINISHED,ncaam,2026-08-23T20:56:09+00:00
ncaam-213464,NCAAM,2025-26,2025-11-25T01:30:00Z,Regular,Ocean Center,Loyola Marymount,LM,Florida Atlantic,FA,65,76,FINISHED,ncaam,2026-08-23T20:56:09+00:00
ncaam-213465,NCAAM,2025-26,2025-11-25T02:00:00Z,Regular,University Credit Union Center,UC Davis,UD,Louisiana,L,77,56,FINISHED,ncaam,2026-08-23T20:56:09+00:00
ncaam-213466,NCAAM,2025-26,2025-11-25T02:00:00Z,Regular,Beasley Coliseum,Chaminade,C,Washington State,WS,85,90,FINISHED,ncaam,2026-08-23T20:56:09+00:00
ncaam-215427,NCAAM,2025-26,2025-11-25T02:00:00Z,Regular,The Thunderdome,UC Santa Barbara,USB,Nobel,N,84,49,FINISHED,ncaam,2026-08-23T20:56:09+00:00
ncaam-215428,NCAAM,2025-26,2025-11-25T02:00:00Z,Regular,John Hurst Adams Gymnasium,Abilene Christian,AC,UTSA,U,61,50,FINISHED,ncaam,2026-08-23T20:56:09+00:00
ncaam-210046,NCAAM,2025-26,2025-11-25T02:30:00Z,Regular,MGM Grand Garden Arena,Alabama,A,Gonzaga,G,85,95,FINISHED,ncaam,2026-08-23T20:56:09+00:00
ncaam-213442,NCAAM,2025-26,2025-11-25T03:30:00Z,Regular,McKale Memorial Center,Arizona,A,Denver,D,103,73,FINISHED,ncaam,2026-08-23T20:56:09+00:00
ncaam-213467,NCAAM,2025-26,2025-11-25T03:30:00Z,Regular,Michelob ULTRA Arena,Michigan,M,San Diego State,SDS,94,54,FINISHED,ncaam,2026-08-23T20:56:09+00:00
ncaam-213468,NCAAM,2025-26,2025-11-25T04:43:00Z,Regular,Lahaina Civic Center,Texas,T,Arizona State,AS,86,87,FINISHED,ncaam,2026-08-23T20:56:09+00:00
ncaam-213443,NCAAM,2025-26,2025-11-25T04:59:00Z,Regular,Stan Sheriff Center,Hawai'i,H,Hawai'i Pacific,HP,88,76,FINISHED,ncaam,2026-08-23T20:56:09+00:00
ncaam-213469,NCAAM,2025-26,2025-11-25T04:59:00Z,Regular,MGM Grand Garden Arena,Maryland,M,UNLV,U,74,67,FINISHED,ncaam,2026-08-23T20:56:09+00:00
ncaam-358300,NCAAM,2025-26,2025-11-25T16:00:00Z,Regular,Ocean Center,Bethune-Cookman,BC,Stony Brook,SB,54,61,FINISHED,ncaam,2026-08-23T20:56:09+00:00
ncaam-358301,NCAAM,2025-26,2025-11-25T17:00:00Z,Regular,State Farm Field House,Liberty,L,Towson,T,69,72,FINISHED,ncaam,2026-08-23T20:56:09+00:00
ncaam-210055,NCAAM,2025-26,2025-11-25T18:00:00Z,Regular,MGM Grand Garden Arena,Notre Dame,ND,Rutgers,R,68,63,FINISHED,ncaam,2026-08-23T20:56:09+00:00
ncaam-213486,NCAAM,2025-26,2025-11-25T18:00:00Z,Regular,Suncoast Credit Union Arena,East Carolina,EC,Michigan State,MS,56,89,FINISHED,ncaam,2026-08-23T20:56:09+00:00
ncaam-213490,NCAAM,2025-26,2025-11-25T18:00:00Z,Regular,Flowers Hall,North Alabama,NA,Tennessee Southern,TS,92,60,FINISHED,ncaam,2026-08-23T20:56:09+00:00
ncaam-215429,NCAAM,2025-26,2025-11-25T18:30:00Z,Regular,John Hurst Adams Gymnasium,Delaware,D,UNC Greensboro,UG,73,60,FINISHED,ncaam,2026-08-23T20:56:09+00:00
ncaam-215430,NCAAM,2025-26,2025-11-25T18:30:00Z,Regular,Acrisure Arena,San José State,SJS,Tulsa,T,51,81,FINISHED,ncaam,2026-08-23T20:56:09+00:00
ncaam-358302,NCAAM,2025-26,2025-11-25T18:30:00Z,Regular,Ocean Center,Jacksonville,J,Pacific,P,53,68,FINISHED,ncaam,2026-08-23T20:56:09+00:00
ncaam-213474,NCAAM,2025-26,2025-11-25T19:00:00Z,Regular,Bogota Savings Bank Center,Army,A,East Texas A&M,ETA,67,84,FINISHED,ncaam,2026-08-23T20:56:09+00:00
ncaam-213491,NCAAM,2025-26,2025-11-25T19:00:00Z,Regular,Michelob ULTRA Arena,Iowa State,IS,Creighton,C,78,60,FINISHED,ncaam,2026-08-23T20:56:09+00:00
ncaam-358303,NCAAM,2025-26,2025-11-25T19:30:00Z,Regular,Lahaina Civic Center,Boise State,BS,NC State,NS,70,81,FINISHED,ncaam,2026-08-23T20:56:09+00:00
ncaam-358304,NCAAM,2025-26,2025-11-25T19:30:00Z,Regular,State Farm Field House,Vermont,V,Rhode Island,RI,65,80,FINISHED,ncaam,2026-08-23T20:56:09+00:00
ncaam-215431,NCAAM,2025-26,2025-11-25T20:00:00Z,Regular,Hard Rock Hotel Riviera Maya,Georgia State,GS,Samford,S,63,78,FINISHED,ncaam,2026-08-23T20:56:09+00:00
ncaam-210056,NCAAM,2025-26,2025-11-25T20:30:00Z,Regular,MGM Grand Garden Arena,Kansas,K,Syracuse,S,71,60,FINISHED,ncaam,2026-08-23T20:56:09+00:00
ncaam-210049,NCAAM,2025-26,2025-11-25T21:00:00Z,Regular,Acrisure Arena,Loyola Chicago,LC,Northern Iowa,NI,51,72,FINISHED,ncaam,2026-08-23T20:56:09+00:00
ncaam-213470,NCAAM,2025-26,2025-11-25T21:00:00Z,Regular,John Hurst Adams Gymnasium,UAB,U,UTEP,U,75,59,FINISHED,ncaam,2026-08-23T20:56:09+00:00
ncaam-213493,NCAAM,2025-26,2025-11-25T21:30:00Z,Regular,Michelob ULTRA Arena,Baylor,B,St. John's,SJ,81,96,FINISHED,ncaam,2026-08-23T20:56:09+00:00
ncaam-215432,NCAAM,2025-26,2025-11-25T21:30:00Z,Regular,Alico Arena,Oral Roberts,OR,Kennesaw State,KS,91,83,FINISHED,ncaam,2026-08-23T20:56:09+00:00
ncaam-210057,NCAAM,2025-26,2025-11-25T22:00:00Z,Regular,John Gray Gymnasium,McNeese,M,Middle Tennessee,MT,72,62,FINISHED,ncaam,2026-08-23T20:56:09+00:00
ncaam-358305,NCAAM,2025-26,2025-11-25T22:00:00Z,Regular,Ocean Center,Ohio,O,Loyola Marymount,LM,58,70,FINISHED,ncaam,2026-08-23T20:56:09+00:00
ncaam-358307,NCAAM,2025-26,2025-11-25T22:00:00Z,Regular,State Farm Field House,Bradley,B,UC San Diego,USD,77,87,FINISHED,ncaam,2026-08-23T20:56:09+00:00
ncaam-358306,NCAAM,2025-26,2025-11-25T22:24:00Z,Regular,Lahaina Civic Center,USC,U,Seton Hall,SH,83,81,FINISHED,ncaam,2026-08-23T20:56:09+00:00
ncaam-210048,NCAAM,2025-26,2025-11-25T23:00:00Z,Regular,Suncoast Credit Union Arena,North Carolina,NC,St. Bonaventure,SB,85,70,FINISHED,ncaam,2026-08-23T20:56:09+00:00
ncaam-210053,NCAAM,2025-26,2025-11-25T23:00:00Z,Regular,Hill Field House,Morgan State,MS,Drexel,D,66,71,FINISHED,ncaam,2026-08-23T20:56:09+00:00
ncaam-213488,NCAAM,2025-26,2025-11-25T23:00:00Z,Regular,Reitz Arena,Loyola Maryland,LM,Washington College (MD),WC(,101,51,FINISHED,ncaam,2026-08-23T20:56:09+00:00
ncaam-213492,NCAAM,2025-26,2025-11-25T23:00:00Z,Regular,Fertitta Center,Houston,H,Tennessee,T,73,76,FINISHED,ncaam,2026-08-23T20:56:09+00:00
ncaam-213494,NCAAM,2025-26,2025-11-25T23:00:00Z,Regular,Hard Rock Hotel Riviera Maya,South Dakota State,SDS,Utah Valley,UV,52,75,FINISHED,ncaam,2026-08-23T20:56:09+00:00
ncaam-210051,NCAAM,2025-26,2025-11-25T23:30:00Z,Regular,Schottenstein Center,Ohio State,OS,Mount St. Mary's,MSM,113,60,FINISHED,ncaam,2026-08-23T20:56:09+00:00
ncaam-213471,NCAAM,2025-26,2025-11-25T23:30:00Z,Regular,John Hurst Adams Gymnasium,Abilene Christian,AC,William & Mary,W&M,58,92,FINISHED,ncaam,2026-08-23T20:56:09+00:00
ncaam-213495,NCAAM,2025-26,2025-11-25T23:30:00Z,Regular,Dale E. and Sarah Ann Fowler Events Center,California Baptist,CB,San Diego,SD,76,61,FINISHED,ncaam,2026-08-23T20:56:09+00:00
ncaam-215433,NCAAM,2025-26,2025-11-25T23:30:00Z,Regular,Kimmel Arena,UNC Asheville,UA,Tennessee State,TS,73,75,FINISHED,ncaam,2026-08-23T20:56:09+00:00
ncaam-210047,NCAAM,2025-26,2025-11-26T00:00:00Z,Regular,LJVM Coliseum,Wake Forest,WF,Campbell,C,99,51,FINISHED,ncaam,2026-08-23T20:56:09+00:00
ncaam-210052,NCAAM,2025-26,2025-11-26T00:00:00Z,Regular,McCann Arena,Marist,M,Lehigh,L,78,55,FINISHED,ncaam,2026-08-23T20:56:09+00:00
ncaam-210054,NCAAM,2025-26,2025-11-26T00:00:00Z,Regular,Alumni Gymnasium (Rider),Rider,R,Coppin State,CS,65,68,FINISHED,ncaam,2026-08-23T20:56:09+00:00
ncaam-213475,NCAAM,2025-26,2025-11-26T00:00:00Z,Regular,Bryce Jordan Center,Penn State,PS,Boston University,BU,96,87,FINISHED,ncaam,2026-08-23T20:56:09+00:00
ncaam-213477,NCAAM,2025-26,2025-11-26T00:00:00Z,Regular,Tucker Center,Florida State,FS,Cal State Bakersfield,CSB,89,59,FINISHED,ncaam,2026-08-23T20:56:09+00:00
ncaam-213478,NCAAM,2025-26,2025-11-26T00:00:00Z,Regular,Finneran Pavilion,Villanova,V,Old Dominion,OD,89,75,FINISHED,ncaam,2026-08-23T20:56:09+00:00
ncaam-213481,NCAAM,2025-26,2025-11-26T00:00:00Z,Regular,McGuirk Arena,Central Michigan,CM,Adrian,A,112,67,FINISHED,ncaam,2026-08-23T20:56:09+00:00
ncaam-213482,NCAAM,2025-26,2025-11-26T00:00:00Z,Regular,Knights Hall,Bellarmine,B,Houston Christian,HC,74,69,FINISHED,ncaam,2026-08-23T20:56:09+00:00
ncaam-213483,NCAAM,2025-26,2025-11-26T00:00:00Z,Regular,Michael J. Hagan '85 Arena,Saint Joseph's,SJ,Rutgers-Camden,RC,100,61,FINISHED,ncaam,2026-08-23T20:56:09+00:00
ncaam-213484,NCAAM,2025-26,2025-11-26T00:00:00Z,Regular,Memorial Coliseum (IN),Purdue Fort Wayne,PFW,Chicago State,CS,90,77,FINISHED,ncaam,2026-08-23T20:56:09+00:00
ncaam-213485,NCAAM,2025-26,2025-11-26T00:00:00Z,Regular,UW-Milwaukee Panther Arena,Milwaukee,M,Dominican (IL),D(,125,70,FINISHED,ncaam,2026-08-23T20:56:09+00:00
ncaam-213487,NCAAM,2025-26,2025-11-26T00:00:00Z,Regular,Addition Financial Arena,UCF,U,Quinnipiac,Q,102,91,FINISHED,ncaam,2026-08-23T20:56:09+00:00
ncaam-213497,NCAAM,2025-26,2025-11-26T00:00:00Z,Regular,Wolstein Center,Cleveland State,CS,Waynesburg,W,109,56,FINISHED,ncaam,2026-08-23T20:56:09+00:00
ncaam-213498,NCAAM,2025-26,2025-11-26T00:00:00Z,Regular,G.B. Hodge Center,South Carolina Upstate,SCU,North Carolina Central,NCC,82,67,FINISHED,ncaam,2026-08-23T20:56:09+00:00
ncaam-213499,NCAAM,2025-26,2025-11-26T00:00:00Z,Regular,Edmunds Center,Stetson,S,Wright State,WS,62,79,FINISHED,ncaam,2026-08-23T20:56:09+00:00
ncaam-213500,NCAAM,2025-26,2025-11-26T00:00:00Z,Regular,Alico Arena,Florida Gulf Coast,FGC,Rice,R,78,63,FINISHED,ncaam,2026-08-23T20:56:09+00:00
ncaam-213501,NCAAM,2025-26,2025-11-26T00:00:00Z,Regular,Hytche Center,Maryland Eastern Shore,MES,Hampton,H,68,74,FINISHED,ncaam,2026-08-23T20:56:09+00:00
ncaam-215434,NCAAM,2025-26,2025-11-26T00:00:00Z,Regular,Ocean Bank Convocation Center,James Madison,JM,Omaha,O,88,77,FINISHED,ncaam,2026-08-23T20:56:09+00:00
ncaam-215435,NCAAM,2025-26,2025-11-26T00:00:00Z,Regular,Kathleen and Tom Elam Center,UT Martin,UM,Brescia,B,75,50,FINISHED,ncaam,2026-08-23T20:56:09+00:00
ncaam-215436,NCAAM,2025-26,2025-11-26T00:00:00Z,Regular,Joseph G. Echols Hall,Norfolk State,NS,Virginia-Lynchburg,VL,136,79,FINISHED,ncaam,2026-08-23T20:56:09+00:00
ncaam-215437,NCAAM,2025-26,2025-11-26T00:00:00Z,Regular,Jeffery P. Hazell Athletics Center,New Haven,NH,Salve Regina,SR,78,47,FINISHED,ncaam,2026-08-23T20:56:09+00:00
ncaam-210058,NCAAM,2025-26,2025-11-26T00:30:00Z,Regular,John Gray Gymnasium,George Washington,GW,Murray State,MS,95,96,FINISHED,ncaam,2026-08-23T20:56:09+00:00
ncaam-213502,NCAAM,2025-26,2025-11-26T00:30:00Z,Regular,Farris Center,Central Arkansas,CA,Eastern Illinois,EI,81,60,FINISHED,ncaam,2026-08-23T20:56:09+00:00
ncaam-213503,NCAAM,2025-26,2025-11-26T00:30:00Z,Regular,Buccaneer Fieldhouse,Charleston Southern,CS,Piedmont,P,93,81,FINISHED,ncaam,2026-08-23T20:56:09+00:00
ncaam-358308,NCAAM,2025-26,2025-11-26T00:30:00Z,Regular,Ocean Center,Florida Atlantic,FA,George Mason,GM,65,74,FINISHED,ncaam,2026-08-23T20:56:09+00:00
ncaam-358309,NCAAM,2025-26,2025-11-26T00:45:00Z,Regular,State Farm Field House,Princeton,P,Temple,T,75,79,FINISHED,ncaam,2026-08-23T20:56:09+00:00
ncaam-213479,NCAAM,2025-26,2025-11-26T01:00:00Z,Regular,The Super Pit,North Texas,NT,Eastern Washington,EW,79,71,FINISHED,ncaam,2026-08-23T20:56:09+00:00
ncaam-213480,NCAAM,2025-26,2025-11-26T01:00:00Z,Regular,F&M Bank Arena,Austin Peay,AP,Northern Illinois,NI,77,59,FINISHED,ncaam,2026-08-23T20:56:09+00:00
ncaam-213489,NCAAM,2025-26,2025-11-26T01:00:00Z,Regular,Simon Skjodt Assembly Hall,Indiana,I,Kansas State,KS,86,69,FINISHED,ncaam,2026-08-23T20:56:09+00:00
ncaam-215438,NCAAM,2025-26,2025-11-26T01:00:00Z,Regular,Reed Arena,Texas A&M,TA,Mississippi Valley State,MVS,120,84,FINISHED,ncaam,2026-08-23T20:56:09+00:00
ncaam-215439,NCAAM,2025-26,2025-11-26T01:00:00Z,Regular,Mizzou Arena,Missouri,M,South Carolina State,SCS,98,66,FINISHED,ncaam,2026-08-23T20:56:09+00:00
ncaam-215441,NCAAM,2025-26,2025-11-26T01:00:00Z,Regular,J. Lawrence Walkup Skydome,Cal Poly,CP,Southeast Missouri State,SMS,68,84,FINISHED,ncaam,2026-08-23T20:56:09+00:00
ncaam-358310,NCAAM,2025-26,2025-11-26T01:22:00Z,Regular,Lahaina Civic Center,Arizona State,AS,Washington State,WS,100,94,FINISHED,ncaam,2026-08-23T20:56:09+00:00
ncaam-213472,NCAAM,2025-26,2025-11-26T01:30:00Z,Regular,Pinnacle Bank Arena,Nebraska,N,Winthrop,W,80,73,FINISHED,ncaam,2026-08-23T20:56:09+00:00
ncaam-213496,NCAAM,2025-26,2025-11-26T01:30:00Z,Regular,Bren Events Center,UC Irvine,UI,New Mexico State,NMS,45,57,FINISHED,ncaam,2026-08-23T20:56:09+00:00
ncaam-213504,NCAAM,2025-26,2025-11-26T01:30:00Z,Regular,Michelob ULTRA Arena,Michigan,M,Auburn,A,102,72,FINISHED,ncaam,2026-08-23T20:56:09+00:00
ncaam-213473,NCAAM,2025-26,2025-11-26T02:00:00Z,Regular,Dahlberg Arena,Montana,M,Oakland,O,87,95,FINISHED,ncaam,2026-08-23T20:56:09+00:00
ncaam-213505,NCAAM,2025-26,2025-11-26T02:00:00Z,Regular,Burns Arena,Utah Tech,UT,Portland State,PS,63,68,FINISHED,ncaam,2026-08-23T20:56:09+00:00
ncaam-215440,NCAAM,2025-26,2025-11-26T02:00:00Z,Regular,John Hurst Adams Gymnasium,Georgia Southern,GS,UTSA,U,64,77,FINISHED,ncaam,2026-08-23T20:56:09+00:00
ncaam-213506,NCAAM,2025-26,2025-11-26T02:30:00Z,Regular,MGM Grand Garden Arena,Gonzaga,G,Maryland,M,100,61,FINISHED,ncaam,2026-08-23T20:56:09+00:00
ncaam-213507,NCAAM,2025-26,2025-11-26T02:30:00Z,Regular,Acrisure Arena,Iowa,I,Ole Miss,OM,74,69,FINISHED,ncaam,2026-08-23T20:56:09+00:00
ncaam-210050,NCAAM,2025-26,2025-11-26T03:00:00Z,Regular,Chase Center,California,C,UCLA,U,80,72,FINISHED,ncaam,2026-08-23T20:56:09+00:00
ncaam-213508,NCAAM,2025-26,2025-11-26T03:00:00Z,Regular,The Well,Sacramento State,SS,San Francisco State,SFS,94,46,FINISHED,ncaam,2026-08-23T20:56:09+00:00
ncaam-213476,NCAAM,2025-26,2025-11-26T04:00:00Z,Regular,Michelob ULTRA Arena,Oregon,O,San Diego State,SDS,80,97,FINISHED,ncaam,2026-08-23T20:56:09+00:00
ncaam-358311,NCAAM,2025-26,2025-11-26T04:05:00Z,Regular,Lahaina Civic Center,Chaminade,C,Texas,T,78,119,FINISHED,ncaam,2026-08-23T20:56:09+00:00
ncaam-210059,NCAAM,2025-26,2025-11-26T04:59:00Z,Regular,,Alabama,A,UNLV,U,115,76,FINISHED,ncaam,2026-08-23T20:56:09+00:00
ncaam-213509,NCAAM,2025-26,2025-11-26T04:59:00Z,Regular,Acrisure Arena,Grand Canyon,GC,Utah,U,68,58,FINISHED,ncaam,2026-08-23T20:56:09+00:00
ncaam-213519,NCAAM,2025-26,2025-11-26T16:00:00Z,Regular,Stroh Center,VMI,V,Bowling Green,BG,48,81,FINISHED,ncaam,2026-08-23T20:56:09+00:00
ncaam-213522,NCAAM,2025-26,2025-11-26T16:00:00Z,Regular,Chace Athletic Center,Bryant,B,Mercy,M,87,61,FINISHED,ncaam,2026-08-23T20:56:09+00:00
ncaam-358312,NCAAM,2025-26,2025-11-26T16:00:00Z,Regular,Alico Arena,Troy,T,St. Francis (PA),SF(,74,64,FINISHED,ncaam,2026-08-23T20:56:09+00:00
ncaam-213525,NCAAM,2025-26,2025-11-26T17:00:00Z,Regular,E.A. Diddle Arena,Western Kentucky,WK,Vanderbilt,V,78,83,FINISHED,ncaam,2026-08-23T20:56:09+00:00
ncaam-213526,NCAAM,2025-26,2025-11-26T17:00:00Z,Regular,Merkert Gymnasium,Stonehill,S,UMass Lowell,UL,64,75,FINISHED,ncaam,2026-08-23T20:56:09+00:00
ncaam-215442,NCAAM,2025-26,2025-11-26T17:00:00Z,Regular,Newman Arena,Cornell,C,Misericordia,M,114,70,FINISHED,ncaam,2026-08-23T20:56:09+00:00
ncaam-358313,NCAAM,2025-26,2025-11-26T17:00:00Z,Regular,State Farm Field House,UC San Diego,USD,Towson,T,87,73,FINISHED,ncaam,2026-08-23T20:56:09+00:00
ncaam-210067,NCAAM,2025-26,2025-11-26T18:00:00Z,Regular,United Supermarkets Arena,Texas Tech,TT,New Orleans,NO,82,50,FINISHED,ncaam,2026-08-23T20:56:09+00:00
ncaam-210068,NCAAM,2025-26,2025-11-26T18:00:00Z,Regular,Lundholm Gymnasium,New Hampshire,NH,Brown,B,47,59,FINISHED,ncaam,2026-08-23T20:56:09+00:00
ncaam-213512,NCAAM,2025-26,2025-11-26T18:00:00Z,Regular,Templeton Center,Presbyterian,P,Columbia International,CI,93,50,FINISHED,ncaam,2026-08-23T20:56:09+00:00
ncaam-358314,NCAAM,2025-26,2025-11-26T18:00:00Z,Regular,MGM Grand Garden Arena,Iowa State,IS,Syracuse,S,95,64,FINISHED,ncaam,2026-08-23T20:56:09+00:00
ncaam-213528,NCAAM,2025-26,2025-11-26T18:30:00Z,Regular,Alumni Arena,Bucknell,B,Buffalo,B,71,73,FINISHED,ncaam,2026-08-23T20:56:09+00:00
ncaam-358315,NCAAM,2025-26,2025-11-26T18:30:00Z,Regular,Alico Arena,Toledo,T,Belmont,B,72,87,FINISHED,ncaam,2026-08-23T20:56:09+00:00
ncaam-210063,NCAAM,2025-26,2025-11-26T19:00:00Z,Regular,Hart Center,Holy Cross,HC,Worcester State,WS,77,53,FINISHED,ncaam,2026-08-23T20:56:09+00:00
ncaam-210066,NCAAM,2025-26,2025-11-26T19:00:00Z,Regular,Bogota Savings Bank Center,Fairleigh Dickinson,FD,Army,A,73,81,FINISHED,ncaam,2026-08-23T20:56:09+00:00
ncaam-213518,NCAAM,2025-26,2025-11-26T19:00:00Z,Regular,Hawkins Arena,Mercer,M,App State,AS,75,67,FINISHED,ncaam,2026-08-23T20:56:09+00:00
ncaam-213520,NCAAM,2025-26,2025-11-26T19:00:00Z,Regular,UPMC Events Center,Robert Morris,RM,UIC,U,88,74,FINISHED,ncaam,2026-08-23T20:56:09+00:00
ncaam-213521,NCAAM,2025-26,2025-11-26T19:00:00Z,Regular,Truist Arena,Northern Kentucky,NK,Wofford,W,93,83,FINISHED,ncaam,2026-08-23T20:56:09+00:00
ncaam-215443,NCAAM,2025-26,2025-11-26T19:00:00Z,Regular,John Hurst Adams Gymnasium,UNC Greensboro,UG,Miami (OH),M(,71,82,FINISHED,ncaam,2026-08-23T20:56:09+00:00
ncaam-215444,NCAAM,2025-26,2025-11-26T19:00:00Z,Regular,Ocean Bank Convocation Center,Florida International,FI,Omaha,O,74,61,FINISHED,ncaam,2026-08-23T20:56:09+00:00
ncaam-215449,NCAAM,2025-26,2025-11-26T19:00:00Z,Regular,Burr Gymnasium,Howard,H,St. Mary's (MD),SM(,115,61,FINISHED,ncaam,2026-08-23T20:56:09+00:00
ncaam-358316,NCAAM,2025-26,2025-11-26T19:00:00Z,Regular,Acrisure Arena,Loyola Chicago,LC,San José State,SJS,51,63,FINISHED,ncaam,2026-08-23T20:56:09+00:00
ncaam-215445,NCAAM,2025-26,2025-11-26T19:30:00Z,Regular,Entertainment & Sports Arena,Delaware State,DS,Virginia St,VS,58,62,FINISHED,ncaam,2026-08-23T20:56:09+00:00
ncaam-358317,NCAAM,2025-26,2025-11-26T19:30:00Z,Regular,Lahaina Civic Center,Arizona State,AS,USC,U,75,88,FINISHED,ncaam,2026-08-23T20:56:09+00:00
ncaam-358318,NCAAM,2025-26,2025-11-26T19:30:00Z,Regular,State Farm Field House,Bradley,B,Liberty,L,74,64,FINISHED,ncaam,2026-08-23T20:56:09+00:00
ncaam-213529,NCAAM,2025-26,2025-11-26T19:53:00Z,Regular,Imperial Arena,VCU,V,South Florida,SF,78,66,FINISHED,ncaam,2026-08-23T20:56:09+00:00
ncaam-213527,NCAAM,2025-26,2025-11-26T20:00:00Z,Regular,GSU Convocation Center,New Mexico State,NMS,Georgia State,GS,77,58,FINISHED,ncaam,2026-08-23T20:56:09+00:00
ncaam-213530,NCAAM,2025-26,2025-11-26T20:00:00Z,Regular,Athletics-Recreation Center,Valparaiso,V,Southern Indiana,SI,56,64,FINISHED,ncaam,2026-08-23T20:56:09+00:00
ncaam-215446,NCAAM,2025-26,2025-11-26T20:00:00Z,Regular,McDermott Center,Incarnate Word,IW,Texas Lutheran,TL,117,55,FINISHED,ncaam,2026-08-23T20:56:09+00:00
ncaam-215447,NCAAM,2025-26,2025-11-26T20:00:00Z,Regular,First National Bank Arena,Jacksonville State,JS,North Dakota State,NDS,43,56,FINISHED,ncaam,2026-08-23T20:56:09+00:00
ncaam-358319,NCAAM,2025-26,2025-11-26T20:30:00Z,Regular,MGM Grand Garden Arena,Houston,H,Notre Dame,ND,66,56,FINISHED,ncaam,2026-08-23T20:56:09+00:00
ncaam-210064,NCAAM,2025-26,2025-11-26T21:00:00Z,Regular,Conte Forum,Boston College,BC,Harvard,H,73,60,FINISHED,ncaam,2026-08-23T20:56:09+00:00
ncaam-213523,NCAAM,2025-26,2025-11-26T21:00:00Z,Regular,Trask Coliseum,Gardner-Webb,GW,Navy,N,51,84,FINISHED,ncaam,2026-08-23T20:56:09+00:00
ncaam-213535,NCAAM,2025-26,2025-11-26T21:00:00Z,Regular,Cam Henderson Center,Marshall,M,Lipscomb,L,67,90,FINISHED,ncaam,2026-08-23T20:56:09+00:00
ncaam-215448,NCAAM,2025-26,2025-11-26T21:30:00Z,Regular,Alico Arena,Rice,R,Oral Roberts,OR,81,62,FINISHED,ncaam,2026-08-23T20:56:09+00:00
ncaam-358320,NCAAM,2025-26,2025-11-26T21:30:00Z,Regular,Acrisure Arena,Tulsa,T,Northern Iowa,NI,63,60,FINISHED,ncaam,2026-08-23T20:56:09+00:00
ncaam-210069,NCAAM,2025-26,2025-11-26T22:00:00Z,Regular,Imperial Arena,Colorado State,CS,Virginia Tech,VT,64,66,FINISHED,ncaam,2026-08-23T20:56:09+00:00
ncaam-213531,NCAAM,2025-26,2025-11-26T22:00:00Z,Regular,Draddy Gymnasium,Manhattan,M,Wagner,W,101,103,FINISHED,ncaam,2026-08-23T20:56:09+00:00
ncaam-358321,NCAAM,2025-26,2025-11-26T22:00:00Z,Regular,State Farm Field House,Princeton,P,Vermont,V,74,79,FINISHED,ncaam,2026-08-23T20:56:09+00:00
ncaam-358322,NCAAM,2025-26,2025-11-26T22:30:00Z,Regular,Lahaina Civic Center,Washington State,WS,Seton Hall,SH,61,75,FINISHED,ncaam,2026-08-23T20:56:09+00:00
ncaam-210062,NCAAM,2025-26,2025-11-26T23:00:00Z,Regular,UPMC Cooper Fieldhouse,Duquesne,D,Central State (OH),CS(,101,80,FINISHED,ncaam,2026-08-23T20:56:09+00:00
ncaam-213532,NCAAM,2025-26,2025-11-26T23:00:00Z,Regular,Hard Rock Hotel Riviera Maya,Utah Valley,UV,Samford,S,89,45,FINISHED,ncaam,2026-08-23T20:56:09+00:00
ncaam-213533,NCAAM,2025-26,2025-11-26T23:00:00Z,Regular,Clune Arena,Air Force,AF,Northern Colorado,NC,53,71,FINISHED,ncaam,2026-08-23T20:56:09+00:00
ncaam-213534,NCAAM,2025-26,2025-11-26T23:30:00Z,Regular,Idaho Central Arena,Idaho State,IS,Sam Houston,SH,81,84,FINISHED,ncaam,2026-08-23T20:56:09+00:00
ncaam-210060,NCAAM,2025-26,2025-11-27T00:00:00Z,Regular,Leo D. Mahoney Arena,Fairfield,F,Columbia,C,77,106,FINISHED,ncaam,2026-08-23T20:56:09+00:00
ncaam-213514,NCAAM,2025-26,2025-11-27T00:00:00Z,Regular,Rupp Arena,Kentucky,K,Tennessee Tech,TT,104,54,FINISHED,ncaam,2026-08-23T20:56:09+00:00
ncaam-213517,NCAAM,2025-26,2025-11-27T00:00:00Z,Regular,Trask Coliseum,UNC Wilmington,UW,SE Louisiana,SL,70,57,FINISHED,ncaam,2026-08-23T20:56:09+00:00
ncaam-213524,NCAAM,2025-26,2025-11-27T00:00:00Z,Regular,Fifth Third Arena,Cincinnati,C,Eastern Michigan,EM,56,64,FINISHED,ncaam,2026-08-23T20:56:09+00:00
ncaam-213536,NCAAM,2025-26,2025-11-27T00:00:00Z,Regular,Firestone Fieldhouse,Fresno State,FS,Pepperdine,P,76,53,FINISHED,ncaam,2026-08-23T20:56:09+00:00
ncaam-213538,NCAAM,2025-26,2025-11-27T00:00:00Z,Regular,Alico Arena,Florida Gulf Coast,FGC,Kennesaw State,KS,100,102,FINISHED,ncaam,2026-08-23T20:56:09+00:00
ncaam-215450,NCAAM,2025-26,2025-11-27T00:00:00Z,Regular,McAlister Field House,The Citadel,TC,Houston Christian,HC,65,72,FINISHED,ncaam,2026-08-23T20:56:09+00:00
ncaam-358323,NCAAM,2025-26,2025-11-27T00:00:00Z,Regular,MGM Grand Garden Arena,Tennessee,T,Kansas,K,76,81,FINISHED,ncaam,2026-08-23T20:56:09+00:00
ncaam-213511,NCAAM,2025-26,2025-11-27T00:30:00Z,Regular,H&PE Arena,Texas Southern,TS,College Of Biblical Studies,COBS,102,44,FINISHED,ncaam,2026-08-23T20:56:09+00:00
ncaam-213513,NCAAM,2025-26,2025-11-27T00:30:00Z,Regular,Thomas Assembly Center,Louisiana Tech,LT,Indiana State,IS,75,73,FINISHED,ncaam,2026-08-23T20:56:09+00:00
ncaam-358324,NCAAM,2025-26,2025-11-27T00:30:00Z,Regular,State Farm Field House,Temple,T,Rhode Island,RI,75,90,FINISHED,ncaam,2026-08-23T20:56:09+00:00
ncaam-213515,NCAAM,2025-26,2025-11-27T01:00:00Z,Regular,FedExForum,Memphis,M,Southern Illinois,SI,74,58,FINISHED,ncaam,2026-08-23T20:56:09+00:00
ncaam-213539,NCAAM,2025-26,2025-11-27T01:00:00Z,Regular,Imperial Arena,Wichita State,WS,Saint Mary's,SM,65,70,FINISHED,ncaam,2026-08-23T20:56:09+00:00
ncaam-213540,NCAAM,2025-26,2025-11-27T01:00:00Z,Regular,J. Lawrence Walkup Skydome,Northern Arizona,NA,Southeast Missouri State,SMS,79,72,FINISHED,ncaam,2026-08-23T20:56:09+00:00
ncaam-358325,NCAAM,2025-26,2025-11-27T01:00:00Z,Regular,Michelob ULTRA Arena,Auburn,A,St. John's,SJ,85,74,FINISHED,ncaam,2026-08-23T20:56:09+00:00
ncaam-213516,NCAAM,2025-26,2025-11-27T01:30:00Z,Regular,Arena-Auditorium,Wyoming,W,Denver,D,101,59,FINISHED,ncaam,2026-08-23T20:56:09+00:00
ncaam-215451,NCAAM,2025-26,2025-11-27T01:30:00Z,Regular,Hard Rock Hotel Riviera Maya,UC Irvine,UI,South Dakota State,SDS,64,52,FINISHED,ncaam,2026-08-23T20:56:09+00:00
ncaam-210061,NCAAM,2025-26,2025-11-27T02:00:00Z,Regular,KFC Yum! Center,Louisville,L,NJIT,N,104,47,FINISHED,ncaam,2026-08-23T20:56:09+00:00
ncaam-213510,NCAAM,2025-26,2025-11-27T02:00:00Z,Regular,The Pit,New Mexico,NM,Alabama State,AS,93,87,FINISHED,ncaam,2026-08-23T20:56:09+00:00
ncaam-213541,NCAAM,2025-26,2025-11-27T02:00:00Z,Regular,Idaho Central Arena,Cal State Northridge,CSN,Idaho,I,64,78,FINISHED,ncaam,2026-08-23T20:56:09+00:00
ncaam-358326,NCAAM,2025-26,2025-11-27T02:30:00Z,Regular,MGM Grand Garden Arena,Michigan,M,Gonzaga,G,101,61,FINISHED,ncaam,2026-08-23T20:56:09+00:00
ncaam-358327,NCAAM,2025-26,2025-11-27T02:30:00Z,Regular,Lahaina Civic Center,Texas,T,NC State,NS,102,97,FINISHED,ncaam,2026-08-23T20:56:09+00:00
ncaam-358328,NCAAM,2025-26,2025-11-27T02:30:00Z,Regular,Acrisure Arena,Grand Canyon,GC,Iowa,I,46,59,FINISHED,ncaam,2026-08-23T20:56:09+00:00
ncaam-213537,NCAAM,2025-26,2025-11-27T03:00:00Z,Regular,Chiles Center,Portland,P,Long Beach State,LBS,93,73,FINISHED,ncaam,2026-08-23T20:56:09+00:00
ncaam-358329,NCAAM,2025-26,2025-11-27T03:30:00Z,Regular,Michelob ULTRA Arena,San Diego State,SDS,Baylor,B,81,91,FINISHED,ncaam,2026-08-23T20:56:09+00:00
ncaam-358330,NCAAM,2025-26,2025-11-27T04:59:00Z,Regular,MGM Grand Garden Arena,Alabama,A,Maryland,M,105,72,FINISHED,ncaam,2026-08-23T20:56:09+00:00
ncaam-358331,NCAAM,2025-26,2025-11-27T04:59:00Z,Regular,Lahaina Civic Center,Chaminade,C,Boise State,BS,76,102,FINISHED,ncaam,2026-08-23T20:56:09+00:00
ncaam-358332,NCAAM,2025-26,2025-11-27T04:59:00Z,Regular,Acrisure Arena,Ole Miss,OM,Utah,U,74,75,FINISHED,ncaam,2026-08-23T20:56:09+00:00
ncaam-210074,NCAAM,2025-26,2025-11-27T16:00:00Z,Regular,State Farm Field House,Furman,F,Richmond,R,73,72,FINISHED,ncaam,2026-08-23T20:56:09+00:00
ncaam-210071,NCAAM,2025-26,2025-11-27T17:00:00Z,Regular,Suncoast Credit Union Arena,East Carolina,EC,St. Bonaventure,SB,58,67,FINISHED,ncaam,2026-08-23T20:56:09+00:00
ncaam-358335,NCAAM,2025-26,2025-11-27T17:00:00Z,Regular,Imperial Arena,Vanderbilt,V,VCU,V,89,74,FINISHED,ncaam,2026-08-23T20:56:09+00:00
ncaam-210075,NCAAM,2025-26,2025-11-27T18:30:00Z,Regular,State Farm Field House,Illinois State,IS,Charlotte,C,79,69,FINISHED,ncaam,2026-08-23T20:56:09+00:00
ncaam-213543,NCAAM,2025-26,2025-11-27T19:00:00Z,Regular,Acrisure Arena,Colorado,C,San Francisco,SF,79,69,FINISHED,ncaam,2026-08-23T20:56:09+00:00
ncaam-358333,NCAAM,2025-26,2025-11-27T19:00:00Z,Regular,Michelob ULTRA Arena,Creighton,C,Oregon,O,76,66,FINISHED,ncaam,2026-08-23T20:56:09+00:00
ncaam-358336,NCAAM,2025-26,2025-11-27T19:30:00Z,Regular,Imperial Arena,Virginia Tech,VT,Saint Mary's,SM,66,77,FINISHED,ncaam,2026-08-23T20:56:09+00:00
ncaam-210076,NCAAM,2025-26,2025-11-27T20:00:00Z,Regular,Jenny Craig Pavilion,Florida,F,TCU,T,80,84,FINISHED,ncaam,2026-08-23T20:56:09+00:00
ncaam-210070,NCAAM,2025-26,2025-11-27T21:30:00Z,Regular,Suncoast Credit Union Arena,North Carolina,NC,Michigan State,MS,58,74,FINISHED,ncaam,2026-08-23T20:56:09+00:00
ncaam-213542,NCAAM,2025-26,2025-11-27T21:30:00Z,Regular,Acrisure Arena,Washington,W,Nevada,N,83,66,FINISHED,ncaam,2026-08-23T20:56:09+00:00
ncaam-358334,NCAAM,2025-26,2025-11-27T21:30:00Z,Regular,Michelob ULTRA Arena,Rutgers,R,UNLV,U,80,65,FINISHED,ncaam,2026-08-23T20:56:09+00:00
ncaam-210077,NCAAM,2025-26,2025-11-27T22:00:00Z,Regular,State Farm Field House,Miami,M,BYU,B,62,72,FINISHED,ncaam,2026-08-23T20:56:09+00:00
ncaam-358337,NCAAM,2025-26,2025-11-27T22:30:00Z,Regular,Imperial Arena,Western Kentucky,WK,South Florida,SF,91,97,FINISHED,ncaam,2026-08-23T20:56:09+00:00
ncaam-213544,NCAAM,2025-26,2025-11-27T23:00:00Z,Regular,Jenny Craig Pavilion,Wisconsin,W,Providence,P,104,83,FINISHED,ncaam,2026-08-23T20:56:09+00:00
ncaam-210072,NCAAM,2025-26,2025-11-28T00:00:00Z,Regular,Acrisure Arena,Saint Louis,SL,Santa Clara,SC,71,70,FINISHED,ncaam,2026-08-23T20:56:09+00:00
ncaam-210078,NCAAM,2025-26,2025-11-28T00:30:00Z,Regular,State Farm Field House,Dayton,D,Georgetown,G,84,79,FINISHED,ncaam,2026-08-23T20:56:09+00:00
ncaam-210079,NCAAM,2025-26,2025-11-28T01:00:00Z,Regular,United Center,Arkansas,A,Duke,D,71,80,FINISHED,ncaam,2026-08-23T20:56:09+00:00
ncaam-358338,NCAAM,2025-26,2025-11-28T01:31:00Z,Regular,Imperial Arena,Colorado State,CS,Wichita State,WS,76,70,FINISHED,ncaam,2026-08-23T20:56:09+00:00
ncaam-210080,NCAAM,2025-26,2025-11-28T02:30:00Z,Regular,Acrisure Arena,Minnesota,M,Stanford,S,68,72,FINISHED,ncaam,2026-08-23T20:56:09+00:00
ncaam-210073,NCAAM,2025-26,2025-11-28T03:51:00Z,Regular,United Center,Northwestern,N,Oklahoma State,OS,81,86,FINISHED,ncaam,2026-08-23T20:56:09+00:00
ncaam-358339,NCAAM,2025-26,2025-11-28T15:30:00Z,Regular,Imperial Arena,VCU,V,Virginia Tech,VT,86,68,FINISHED,ncaam,2026-08-23T20:56:09+00:00
ncaam-210081,NCAAM,2025-26,2025-11-28T17:00:00Z,Regular,LJVM Coliseum,Wake Forest,WF,Northeastern,N,86,73,FINISHED,ncaam,2026-08-23T20:56:09+00:00
ncaam-213552,NCAAM,2025-26,2025-11-28T17:00:00Z,Regular,Trask Coliseum,Gardner-Webb,GW,SE Louisiana,SL,68,76,FINISHED,ncaam,2026-08-23T20:56:09+00:00
ncaam-213555,NCAAM,2025-26,2025-11-28T17:00:00Z,Regular,Mackey Arena,Purdue,P,Eastern Illinois,EI,109,62,FINISHED,ncaam,2026-08-23T20:56:09+00:00
ncaam-210086,NCAAM,2025-26,2025-11-28T17:30:00Z,Regular,Madison Square Garden,UConn,U,Illinois,I,74,61,FINISHED,ncaam,2026-08-23T20:56:09+00:00
ncaam-358340,NCAAM,2025-26,2025-11-28T17:30:00Z,Regular,State Farm Field House,Charlotte,C,Richmond,R,66,71,FINISHED,ncaam,2026-08-23T20:56:09+00:00
ncaam-213561,NCAAM,2025-26,2025-11-28T18:00:00Z,Regular,Bender Arena,Siena,S,Longwood,L,70,63,FINISHED,ncaam,2026-08-23T20:56:09+00:00
ncaam-358341,NCAAM,2025-26,2025-11-28T18:00:00Z,Regular,Imperial Arena,Vanderbilt,V,Saint Mary's,SM,96,71,FINISHED,ncaam,2026-08-23T20:56:09+00:00
ncaam-213546,NCAAM,2025-26,2025-11-28T19:00:00Z,Regular,Mizzou Arena,Missouri,M,Cleveland State,CS,86,59,FINISHED,ncaam,2026-08-23T20:56:09+00:00
ncaam-213553,NCAAM,2025-26,2025-11-28T19:00:00Z,Regular,UPMC Events Center,Robert Morris,RM,Southern Utah,SU,61,54,FINISHED,ncaam,2026-08-23T20:56:09+00:00
ncaam-213554,NCAAM,2025-26,2025-11-28T19:00:00Z,Regular,Credit Union 1 Arena,Marquette,M,Oklahoma,O,74,75,FINISHED,ncaam,2026-08-23T20:56:09+00:00
ncaam-213557,NCAAM,2025-26,2025-11-28T19:00:00Z,Regular,Hinkle Fieldhouse,Butler,B,Wright State,WS,94,69,FINISHED,ncaam,2026-08-23T20:56:09+00:00
ncaam-213562,NCAAM,2025-26,2025-11-28T19:00:00Z,Regular,Resorts World Event Center,Seattle U,SU,Texas State,TS,66,52,FINISHED,ncaam,2026-08-23T20:56:09+00:00
ncaam-213563,NCAAM,2025-26,2025-11-28T19:00:00Z,Regular,Memorial Coliseum (IN),Purdue Fort Wayne,PFW,Holy Cross College (IN),HCC(,92,59,FINISHED,ncaam,2026-08-23T20:56:09+00:00
ncaam-213564,NCAAM,2025-26,2025-11-28T19:00:00Z,Regular,Kirby Sports Center,Ball State,BS,Monmouth,M,73,80,FINISHED,ncaam,2026-08-23T20:56:09+00:00
ncaam-213565,NCAAM,2025-26,2025-11-28T19:00:00Z,Regular,The Palestra,La Salle,LS,Hofstra,H,58,63,FINISHED,ncaam,2026-08-23T20:56:09+00:00
ncaam-215452,NCAAM,2025-26,2025-11-28T19:00:00Z,Regular,McKenzie Arena,Chattanooga,C,Tennessee Wesleyan,TW,109,59,FINISHED,ncaam,2026-08-23T20:56:09+00:00
ncaam-215453,NCAAM,2025-26,2025-11-28T19:00:00Z,Regular,Hulman Center,Alcorn State,AS,Indiana State,IS,81,74,FINISHED,ncaam,2026-08-23T20:56:09+00:00
ncaam-358342,NCAAM,2025-26,2025-11-28T19:00:00Z,Regular,Acrisure Arena,Nevada,N,San Francisco,SF,81,65,FINISHED,ncaam,2026-08-23T20:56:09+00:00
ncaam-213549,NCAAM,2025-26,2025-11-28T20:00:00Z,Regular,Devlin Fieldhouse,Tulane,T,Nicholls,N,82,72,FINISHED,ncaam,2026-08-23T20:56:09+00:00
ncaam-213560,NCAAM,2025-26,2025-11-28T20:00:00Z,Regular,Trask Coliseum,UNC Wilmington,UW,Navy,N,87,57,FINISHED,ncaam,2026-08-23T20:56:09+00:00
ncaam-213566,NCAAM,2025-26,2025-11-28T20:00:00Z,Regular,Beeghly Center,Youngstown State,YS,Chicago State,CS,87,64,FINISHED,ncaam,2026-08-23T20:56:09+00:00
ncaam-215454,NCAAM,2025-26,2025-11-28T20:00:00Z,Regular,First National Bank Arena,Arkansas State,AS,North Dakota State,NDS,85,80,FINISHED,ncaam,2026-08-23T20:56:09+00:00
ncaam-358343,NCAAM,2025-26,2025-11-28T20:00:00Z,Regular,Jenny Craig Pavilion,Florida,F,Providence,P,90,78,FINISHED,ncaam,2026-08-23T20:56:09+00:00
ncaam-358344,NCAAM,2025-26,2025-11-28T20:00:00Z,Regular,State Farm Field House,Illinois State,IS,Furman,F,72,65,FINISHED,ncaam,2026-08-23T20:56:09+00:00
ncaam-210082,NCAAM,2025-26,2025-11-28T21:00:00Z,Regular,John Paul Jones Arena,Virginia,V,Queens University,QU,94,69,FINISHED,ncaam,2026-08-23T20:56:09+00:00
ncaam-213545,NCAAM,2025-26,2025-11-28T21:00:00Z,Regular,John M. Belk Arena,Davidson,D,North Carolina A&T,NCA,90,74,FINISHED,ncaam,2026-08-23T20:56:09+00:00
ncaam-213556,NCAAM,2025-26,2025-11-28T21:00:00Z,Regular,Colonial Life Arena,South Carolina,SC,Charleston Southern,CS,74,62,FINISHED,ncaam,2026-08-23T20:56:09+00:00
ncaam-213567,NCAAM,2025-26,2025-11-28T21:00:00Z,Regular,Gervin GameAbove Center,Eastern Michigan,EM,NJIT,N,73,55,FINISHED,ncaam,2026-08-23T20:56:09+00:00
ncaam-213568,NCAAM,2025-26,2025-11-28T21:00:00Z,Regular,Moody Coliseum (Abilene),Abilene Christian,AC,Jarvis Christian,JC,87,55,FINISHED,ncaam,2026-08-23T20:56:09+00:00
ncaam-215455,NCAAM,2025-26,2025-11-28T21:00:00Z,Regular,Bender Arena,American University,AU,Maine,M,74,61,FINISHED,ncaam,2026-08-23T20:56:09+00:00
ncaam-215456,NCAAM,2025-26,2025-11-28T21:00:00Z,Regular,First Community Arena,SIU Edwardsville,SE,Missouri Baptist,MB,92,55,FINISHED,ncaam,2026-08-23T20:56:09+00:00
ncaam-210087,NCAAM,2025-26,2025-11-28T21:30:00Z,Regular,The Palestra,Pennsylvania,P,Merrimack,M,77,65,FINISHED,ncaam,2026-08-23T20:56:09+00:00
ncaam-213569,NCAAM,2025-26,2025-11-28T21:30:00Z,Regular,Kirby Sports Center,Lafayette,L,Le Moyne,LM,63,76,FINISHED,ncaam,2026-08-23T20:56:09+00:00
ncaam-215457,NCAAM,2025-26,2025-11-28T21:30:00Z,Regular,Resorts World Event Center,Lehigh,L,UC Santa Barbara,USB,70,72,FINISHED,ncaam,2026-08-23T20:56:09+00:00
ncaam-358345,NCAAM,2025-26,2025-11-28T21:30:00Z,Regular,Imperial Arena,South Florida,SF,Colorado State,CS,68,83,FINISHED,ncaam,2026-08-23T20:56:09+00:00
ncaam-358346,NCAAM,2025-26,2025-11-28T21:30:00Z,Regular,Acrisure Arena,Colorado,C,Washington,W,81,68,FINISHED,ncaam,2026-08-23T20:56:09+00:00
ncaam-213548,NCAAM,2025-26,2025-11-28T22:00:00Z,Regular,Wisdom Gym,Tarleton State,TS,Midwestern State,MS,67,57,FINISHED,ncaam,2026-08-23T20:56:09+00:00
ncaam-213550,NCAAM,2025-26,2025-11-28T22:00:00Z,Regular,Amalie Arena,Florida State,FS,Texas A&M,TA,59,95,FINISHED,ncaam,2026-08-23T20:56:09+00:00
ncaam-215458,NCAAM,2025-26,2025-11-28T22:00:00Z,Regular,Place Bell,Fordham,F,Franklin Pierce,FP,74,72,FINISHED,ncaam,2026-08-23T20:56:09+00:00
ncaam-213559,NCAAM,2025-26,2025-11-28T22:30:00Z,Regular,Cintas Center,Xavier,X,Texas A&M-Corpus Christi,TACC,88,67,FINISHED,ncaam,2026-08-23T20:56:09+00:00
ncaam-358347,NCAAM,2025-26,2025-11-28T22:30:00Z,Regular,Jenny Craig Pavilion,TCU,T,Wisconsin,W,74,63,FINISHED,ncaam,2026-08-23T20:56:09+00:00
ncaam-213570,NCAAM,2025-26,2025-11-28T23:30:00Z,Regular,Idaho Central Arena,Idaho State,IS,Cal State Northridge,CSN,82,50,FINISHED,ncaam,2026-08-23T20:56:09+00:00
ncaam-210083,NCAAM,2025-26,2025-11-29T00:00:00Z,Regular,Humphrey Coliseum,Mississippi State,MS,SMU,S,81,87,FINISHED,ncaam,2026-08-23T20:56:09+00:00
ncaam-210084,NCAAM,2025-26,2025-11-29T00:00:00Z,Regular,Petersen Events Center,Pittsburgh,P,Ohio State,OS,67,66,FINISHED,ncaam,2026-08-23T20:56:09+00:00
ncaam-213547,NCAAM,2025-26,2025-11-29T00:00:00Z,Regular,Littlejohn Coliseum,Clemson,C,Alabama A&M,AA,92,56,FINISHED,ncaam,2026-08-23T20:56:09+00:00
ncaam-213571,NCAAM,2025-26,2025-11-29T00:00:00Z,Regular,Raider Arena,DePaul,D,Georgia Tech,GT,75,61,FINISHED,ncaam,2026-08-23T20:56:09+00:00
ncaam-358348,NCAAM,2025-26,2025-11-29T00:00:00Z,Regular,State Farm Field House,Georgetown,G,Miami,M,65,78,FINISHED,ncaam,2026-08-23T20:56:09+00:00
ncaam-358349,NCAAM,2025-26,2025-11-29T00:00:00Z,Regular,Imperial Arena,Western Kentucky,WK,Wichita State,WS,75,70,FINISHED,ncaam,2026-08-23T20:56:09+00:00
ncaam-358350,NCAAM,2025-26,2025-11-29T00:00:00Z,Regular,Acrisure Arena,Saint Louis,SL,Stanford,S,77,78,FINISHED,ncaam,2026-08-23T20:56:09+00:00
ncaam-215459,NCAAM,2025-26,2025-11-29T00:30:00Z,Regular,Place Bell,UAlbany,U,Colgate,C,67,69,FINISHED,ncaam,2026-08-23T20:56:09+00:00
ncaam-215460,NCAAM,2025-26,2025-11-29T01:00:00Z,Regular,Cajundome,Louisiana,L,Jackson State,JS,45,51,FINISHED,ncaam,2026-08-23T20:56:09+00:00
ncaam-213572,NCAAM,2025-26,2025-11-29T02:00:00Z,Regular,Idaho Central Arena,Idaho,I,Sam Houston,SH,68,94,FINISHED,ncaam,2026-08-23T20:56:09+00:00
ncaam-358351,NCAAM,2025-26,2025-11-29T02:30:00Z,Regular,State Farm Field House,Dayton,D,BYU,B,79,83,FINISHED,ncaam,2026-08-23T20:56:09+00:00
ncaam-358352,NCAAM,2025-26,2025-11-29T02:30:00Z,Regular,Acrisure Arena,Santa Clara,SC,Minnesota,M,86,75,FINISHED,ncaam,2026-08-23T20:56:09+00:00
ncaam-215461,NCAAM,2025-26,2025-11-29T02:46:00Z,Regular,Raider Arena,Drake,D,LSU,L,62,71,FINISHED,ncaam,2026-08-23T20:56:09+00:00
ncaam-213573,NCAAM,2025-26,2025-11-29T03:00:00Z,Regular,Ocean Center,Loyola Marymount,LM,Stony Brook,SB,68,71,FINISHED,ncaam,2026-08-23T20:56:09+00:00
ncaam-213551,NCAAM,2025-26,2025-11-29T04:59:00Z,Regular,Stan Sheriff Center,Hawai'i,H,North Dakota,ND,92,55,FINISHED,ncaam,2026-08-23T20:56:09+00:00
ncaam-213574,NCAAM,2025-26,2025-11-29T17:00:00Z,Regular,Simon Skjodt Assembly Hall,Indiana,I,Bethune-Cookman,BC,100,56,FINISHED,ncaam,2026-08-23T20:56:09+00:00
ncaam-213594,NCAAM,2025-26,2025-11-29T17:00:00Z,Regular,Alumni Hall (Navy),Navy,N,SE Louisiana,SL,65,69,FINISHED,ncaam,2026-08-23T20:56:09+00:00
ncaam-210088,NCAAM,2025-26,2025-11-29T18:00:00Z,Regular,Gallagher Center,Niagara,N,Detroit Mercy,DM,66,70,FINISHED,ncaam,2026-08-23T20:56:09+00:00
ncaam-213578,NCAAM,2025-26,2025-11-29T18:00:00Z,Regular,Thomas Assembly Center,Louisiana Tech,LT,Alcorn State,AS,83,58,FINISHED,ncaam,2026-08-23T20:56:09+00:00
ncaam-213588,NCAAM,2025-26,2025-11-29T18:00:00Z,Regular,Addition Financial Arena,UCF,U,VMI,V,82,57,FINISHED,ncaam,2026-08-23T20:56:09+00:00
ncaam-213590,NCAAM,2025-26,2025-11-29T18:00:00Z,Regular,Truist Arena,Northern Kentucky,NK,Boston University,BU,74,65,FINISHED,ncaam,2026-08-23T20:56:09+00:00
ncaam-213592,NCAAM,2025-26,2025-11-29T18:00:00Z,Regular,Bender Arena,Longwood,L,Maine,M,65,61,FINISHED,ncaam,2026-08-23T20:56:09+00:00
ncaam-213596,NCAAM,2025-26,2025-11-29T18:00:00Z,Regular,Christl Arena,Army,A,Manhattan,M,81,78,FINISHED,ncaam,2026-08-23T20:56:09+00:00
ncaam-215462,NCAAM,2025-26,2025-11-29T18:00:00Z,Regular,Costello Athletic Center,UMass Lowell,UL,Emerson,E,90,67,FINISHED,ncaam,2026-08-23T20:56:09+00:00
ncaam-210065,NCAAM,2025-26,2025-11-29T19:00:00Z,Regular,DeGol Arena,St. Francis (PA),SF(,Franciscan University,FU,85,60,FINISHED,ncaam,2026-08-23T20:56:09+00:00
ncaam-210092,NCAAM,2025-26,2025-11-29T19:00:00Z,Regular,Levien Gymnasium,Columbia,C,Sarah Lawrence,SL,92,44,FINISHED,ncaam,2026-08-23T20:56:09+00:00
ncaam-210093,NCAAM,2025-26,2025-11-29T19:00:00Z,Regular,Lavietes Pavilion,Harvard,H,Bryant,B,56,53,FINISHED,ncaam,2026-08-23T20:56:09+00:00
ncaam-213576,NCAAM,2025-26,2025-11-29T19:00:00Z,Regular,Pinnacle Bank Arena,Nebraska,N,South Carolina Upstate,SCU,72,63,FINISHED,ncaam,2026-08-23T20:56:09+00:00
ncaam-213580,NCAAM,2025-26,2025-11-29T19:00:00Z,Regular,Stegeman Coliseum,Georgia,G,Tennessee Tech,TT,123,81,FINISHED,ncaam,2026-08-23T20:56:09+00:00
ncaam-213581,NCAAM,2025-26,2025-11-29T19:00:00Z,Regular,EagleBank Arena,George Mason,GM,James Madison,JM,82,66,FINISHED,ncaam,2026-08-23T20:56:09+00:00
ncaam-213597,NCAAM,2025-26,2025-11-29T19:00:00Z,Regular,Prather Coliseum,Northwestern State,NS,Southern,S,73,75,FINISHED,ncaam,2026-08-23T20:56:09+00:00
ncaam-213598,NCAAM,2025-26,2025-11-29T19:00:00Z,Regular,The Palestra,Hofstra,H,Merrimack,M,78,58,FINISHED,ncaam,2026-08-23T20:56:09+00:00
ncaam-213599,NCAAM,2025-26,2025-11-29T19:00:00Z,Regular,Qubein Center,High Point,HP,Western Carolina,WC,93,73,FINISHED,ncaam,2026-08-23T20:56:09+00:00
ncaam-213600,NCAAM,2025-26,2025-11-29T19:00:00Z,Regular,Chesapeake Employers Insurance Arena,UMBC,U,Delaware State,DS,71,57,FINISHED,ncaam,2026-08-23T20:56:09+00:00
ncaam-213601,NCAAM,2025-26,2025-11-29T19:00:00Z,Regular,Kirby Sports Center,Le Moyne,LM,Monmouth,M,83,79,FINISHED,ncaam,2026-08-23T20:56:09+00:00
ncaam-213602,NCAAM,2025-26,2025-11-29T19:00:00Z,Regular,UPMC Events Center,Stetson,S,Southern Utah,SU,68,70,FINISHED,ncaam,2026-08-23T20:56:09+00:00
ncaam-213603,NCAAM,2025-26,2025-11-29T19:00:00Z,Regular,The Jungle,IU Indianapolis,II,Morehead State,MS,85,80,FINISHED,ncaam,2026-08-23T20:56:09+00:00
ncaam-215463,NCAAM,2025-26,2025-11-29T19:00:00Z,Regular,Yanitelli Center,Saint Peter's,SP,Dartmouth,D,61,87,FINISHED,ncaam,2026-08-23T20:56:09+00:00
ncaam-215464,NCAAM,2025-26,2025-11-29T19:00:00Z,Regular,McKenzie Arena,Tennessee State,TS,Tennessee Wesleyan,TW,98,77,FINISHED,ncaam,2026-08-23T20:56:09+00:00
ncaam-215465,NCAAM,2025-26,2025-11-29T19:00:00Z,Regular,McDougald-McLendon Arena,North Carolina Central,NCC,Carolina University,CU,109,61,FINISHED,ncaam,2026-08-23T20:56:09+00:00
ncaam-215466,NCAAM,2025-26,2025-11-29T19:00:00Z,Regular,Resch Center,Green Bay,GB,Haskell,H,95,55,FINISHED,ncaam,2026-08-23T20:56:09+00:00
ncaam-215467,NCAAM,2025-26,2025-11-29T19:00:00Z,Regular,Jack and Ruth Ann Hill Convocation Center,Georgia Southern,GS,Houston Christian,HC,80,62,FINISHED,ncaam,2026-08-23T20:56:09+00:00
ncaam-358355,NCAAM,2025-26,2025-11-29T19:00:00Z,Regular,Resorts World Event Center,Texas State,TS,Lehigh,L,74,78,FINISHED,ncaam,2026-08-23T20:56:09+00:00
ncaam-213582,NCAAM,2025-26,2025-11-29T19:30:00Z,Regular,The Dedmon Center,Radford,R,Notre Dame (Md),ND(,102,75,FINISHED,ncaam,2026-08-23T20:56:09+00:00
ncaam-213586,NCAAM,2025-26,2025-11-29T20:00:00Z,Regular,Trask Coliseum,UNC Wilmington,UW,Gardner-Webb,GW,88,62,FINISHED,ncaam,2026-08-23T20:56:09+00:00
ncaam-213595,NCAAM,2025-26,2025-11-29T20:00:00Z,Regular,Show Me Center,Southeast Missouri State,SMS,Lipscomb,L,77,88,FINISHED,ncaam,2026-08-23T20:56:09+00:00
ncaam-213605,NCAAM,2025-26,2025-11-29T20:00:00Z,Regular,College Park Center,UT Arlington,UA,Stephen F. Austin,SFA,66,61,FINISHED,ncaam,2026-08-23T20:56:09+00:00
ncaam-213606,NCAAM,2025-26,2025-11-29T20:00:00Z,Regular,Athletics-Recreation Center,Valparaiso,V,Western Michigan,WM,84,55,FINISHED,ncaam,2026-08-23T20:56:09+00:00
ncaam-210091,NCAAM,2025-26,2025-11-29T21:00:00Z,Regular,Clune Arena,South Dakota,SD,Air Force,AF,80,63,FINISHED,ncaam,2026-08-23T20:56:09+00:00
ncaam-210094,NCAAM,2025-26,2025-11-29T21:00:00Z,Regular,Knott Arena,Mount St. Mary's,MSM,Howard,H,79,75,FINISHED,ncaam,2026-08-23T20:56:09+00:00
ncaam-213575,NCAAM,2025-26,2025-11-29T21:00:00Z,Regular,Winthrop Coliseum,Winthrop,W,South Carolina State,SCS,101,79,FINISHED,ncaam,2026-08-23T20:56:09+00:00
ncaam-213577,NCAAM,2025-26,2025-11-29T21:00:00Z,Regular,Dee Events Center,Weber State,WS,Kansas City,KC,82,61,FINISHED,ncaam,2026-08-23T20:56:09+00:00
ncaam-213579,NCAAM,2025-26,2025-11-29T21:00:00Z,Regular,McKale Memorial Center,Arizona,A,Norfolk State,NS,98,61,FINISHED,ncaam,2026-08-23T20:56:09+00:00
ncaam-213583,NCAAM,2025-26,2025-11-29T21:00:00Z,Regular,Dee Glen Smith Spectrum,Utah State,US,Montana State,MS,84,81,FINISHED,ncaam,2026-08-23T20:56:09+00:00
ncaam-213589,NCAAM,2025-26,2025-11-29T21:00:00Z,Regular,Schar Center,Elon,E,Mercer,M,84,91,FINISHED,ncaam,2026-08-23T20:56:09+00:00
ncaam-213607,NCAAM,2025-26,2025-11-29T21:00:00Z,Regular,Hytche Center,Maryland Eastern Shore,MES,Gwynedd-Mercy,GM,84,60,FINISHED,ncaam,2026-08-23T20:56:09+00:00
ncaam-213608,NCAAM,2025-26,2025-11-29T21:00:00Z,Regular,Bender Arena,American University,AU,Siena,S,55,59,FINISHED,ncaam,2026-08-23T20:56:09+00:00
ncaam-213610,NCAAM,2025-26,2025-11-29T21:00:00Z,Regular,Freedom Hall (TN),East Tennessee State,ETS,Central Arkansas,CA,80,57,FINISHED,ncaam,2026-08-23T20:56:09+00:00
ncaam-215468,NCAAM,2025-26,2025-11-29T21:00:00Z,Regular,Screaming Eagles Arena,Southern Indiana,SI,Kentucky State,KS,93,56,FINISHED,ncaam,2026-08-23T20:56:09+00:00
ncaam-358357,NCAAM,2025-26,2025-11-29T21:00:00Z,Regular,Raider Arena,Drake,D,Georgia Tech,GT,84,74,FINISHED,ncaam,2026-08-23T20:56:09+00:00
ncaam-210095,NCAAM,2025-26,2025-11-29T21:30:00Z,Regular,The Palestra,Pennsylvania,P,La Salle,LS,73,71,FINISHED,ncaam,2026-08-23T20:56:09+00:00
ncaam-213609,NCAAM,2025-26,2025-11-29T21:30:00Z,Regular,Kirby Sports Center,Lafayette,L,Ball State,BS,55,37,FINISHED,ncaam,2026-08-23T20:56:09+00:00
ncaam-358356,NCAAM,2025-26,2025-11-29T21:30:00Z,Regular,Resorts World Event Center,UC Santa Barbara,USB,Seattle U,SU,74,71,FINISHED,ncaam,2026-08-23T20:56:09+00:00
ncaam-213604,NCAAM,2025-26,2025-11-29T22:00:00Z,Regular,Titan Gym,Cal State Fullerton,CSF,Pepperdine,P,83,69,FINISHED,ncaam,2026-08-23T20:56:09+00:00
ncaam-213611,NCAAM,2025-26,2025-11-29T22:00:00Z,Regular,Burns Arena,Utah Tech,UT,UC Riverside,UR,77,69,FINISHED,ncaam,2026-08-23T20:56:09+00:00
ncaam-213612,NCAAM,2025-26,2025-11-29T22:00:00Z,Regular,UNF Arena,North Florida,NF,Trinity Baptist,TB,111,67,FINISHED,ncaam,2026-08-23T20:56:09+00:00
ncaam-215469,NCAAM,2025-26,2025-11-29T22:00:00Z,Regular,Place Bell,Colgate,C,SUNY-Oneonta,SO,85,50,FINISHED,ncaam,2026-08-23T20:56:09+00:00
ncaam-215470,NCAAM,2025-26,2025-11-29T22:00:00Z,Regular,Baptist Health Arena,Eastern Kentucky,EK,Wofford,W,77,83,FINISHED,ncaam,2026-08-23T20:56:09+00:00
ncaam-210089,NCAAM,2025-26,2025-11-29T23:00:00Z,Regular,Koessler Athletic Center,Canisius,C,Buffalo,B,53,71,FINISHED,ncaam,2026-08-23T20:56:09+00:00
ncaam-213585,NCAAM,2025-26,2025-11-29T23:00:00Z,Regular,Bryce Jordan Center,Penn State,PS,Sacred Heart,SH,90,59,FINISHED,ncaam,2026-08-23T20:56:09+00:00
ncaam-213584,NCAAM,2025-26,2025-11-30T00:00:00Z,Regular,Banterra Center,Southern Illinois,SI,Little Rock,LR,74,65,FINISHED,ncaam,2026-08-23T20:56:09+00:00
ncaam-213593,NCAAM,2025-26,2025-11-30T00:00:00Z,Regular,James A. Rhodes Arena,Akron,A,Milwaukee,M,105,81,FINISHED,ncaam,2026-08-23T20:56:09+00:00
ncaam-213613,NCAAM,2025-26,2025-11-30T00:00:00Z,Regular,M.A.C. Center,Kent State,KS,Penn State-Shenango,PSS,123,59,FINISHED,ncaam,2026-08-23T20:56:09+00:00
ncaam-215471,NCAAM,2025-26,2025-11-30T00:00:00Z,Regular,Mott Athletics Center,Cal Poly,CP,Redlands,R,87,81,FINISHED,ncaam,2026-08-23T20:56:09+00:00
ncaam-215472,NCAAM,2025-26,2025-11-30T00:00:00Z,Regular,Montagne Center,Lamar,L,Our Lady Of The Lake,OLOT,90,46,FINISHED,ncaam,2026-08-23T20:56:09+00:00
ncaam-358358,NCAAM,2025-26,2025-11-30T00:00:00Z,Regular,Raider Arena,LSU,L,DePaul,D,96,63,FINISHED,ncaam,2026-08-23T20:56:09+00:00
ncaam-215473,NCAAM,2025-26,2025-11-30T00:30:00Z,Regular,Place Bell,Fordham,F,UAlbany,U,88,68,FINISHED,ncaam,2026-08-23T20:56:09+00:00
ncaam-213614,NCAAM,2025-26,2025-11-30T01:00:00Z,Regular,Bank of Colorado Arena,Northern Colorado,NC,Regis (CO),R(,104,63,FINISHED,ncaam,2026-08-23T20:56:09+00:00
ncaam-215474,NCAAM,2025-26,2025-11-30T01:00:00Z,Regular,Lee & Penny Anderson Arena,St. Thomas-Minnesota,STM,Lawrence University,LU,87,52,FINISHED,ncaam,2026-08-23T20:56:09+00:00
ncaam-215475,NCAAM,2025-26,2025-11-30T01:00:00Z,Regular,Baxter Arena,Omaha,O,Mid-America Christian,MAC,84,62,FINISHED,ncaam,2026-08-23T20:56:09+00:00
ncaam-213587,NCAAM,2025-26,2025-11-30T03:00:00Z,Regular,Gill Coliseum,Oregon State,OS,California Baptist,CB,69,75,FINISHED,ncaam,2026-08-23T20:56:09+00:00
ncaam-213615,NCAAM,2025-26,2025-11-30T03:00:00Z,Regular,Alex G. Spanos Center,Pacific,P,Sacramento State,SS,68,54,FINISHED,ncaam,2026-08-23T20:56:09+00:00
ncaam-213629,NCAAM,2025-26,2025-11-30T17:00:00Z,Regular,Kirby Sports Center,Ball State,BS,Le Moyne,LM,96,85,FINISHED,ncaam,2026-08-23T20:56:09+00:00
ncaam-213630,NCAAM,2025-26,2025-11-30T17:00:00Z,Regular,The Palestra,La Salle,LS,Merrimack,M,60,66,FINISHED,ncaam,2026-08-23T20:56:09+00:00
ncaam-210100,NCAAM,2025-26,2025-11-30T18:00:00Z,Regular,Detrick Gymnasium,Central Connecticut,CC,Johnson & Wales (RI),J&W(,122,57,FINISHED,ncaam,2026-08-23T20:56:09+00:00
ncaam-213624,NCAAM,2025-26,2025-11-30T18:00:00Z,Regular,CURE Insurance Arena,Princeton,P,Saint Joseph's,SJ,58,60,FINISHED,ncaam,2026-08-23T20:56:09+00:00
ncaam-213625,NCAAM,2025-26,2025-11-30T18:00:00Z,Regular,Bender Arena,Maine,M,Siena,S,60,64,FINISHED,ncaam,2026-08-23T20:56:09+00:00
ncaam-215476,NCAAM,2025-26,2025-11-30T18:00:00Z,Regular,Jeffery P. Hazell Athletics Center,New Haven,NH,Mitchell College,MC,92,69,FINISHED,ncaam,2026-08-23T20:56:09+00:00
ncaam-215477,NCAAM,2025-26,2025-11-30T18:00:00Z,Regular,Place Bell,UAlbany,U,SUNY-Oneonta,SO,90,62,FINISHED,ncaam,2026-08-23T20:56:09+00:00
ncaam-213620,NCAAM,2025-26,2025-11-30T18:30:00Z,Regular,Harrah's Cherokee Center,UNC Asheville,UA,App State,AS,67,55,FINISHED,ncaam,2026-08-23T20:56:09+00:00
ncaam-210096,NCAAM,2025-26,2025-11-30T19:00:00Z,Regular,Patrick Gymnasium,Vermont,V,Yale,Y,74,77,FINISHED,ncaam,2026-08-23T20:56:09+00:00
ncaam-210099,NCAAM,2025-26,2025-11-30T19:00:00Z,Regular,Sojka Pavilion,Bucknell,B,Cornell,C,72,101,FINISHED,ncaam,2026-08-23T20:56:09+00:00
ncaam-213631,NCAAM,2025-26,2025-11-30T19:00:00Z,Regular,Kaplan Arena,William & Mary,W&M,Old Dominion,OD,88,75,FINISHED,ncaam,2026-08-23T20:56:09+00:00
ncaam-213632,NCAAM,2025-26,2025-11-30T19:00:00Z,Regular,UPMC Events Center,Robert Morris,RM,Stetson,S,80,62,FINISHED,ncaam,2026-08-23T20:56:09+00:00
ncaam-213634,NCAAM,2025-26,2025-11-30T19:00:00Z,Regular,Leo D. Mahoney Arena,Fairfield,F,New Hampshire,NH,72,68,FINISHED,ncaam,2026-08-23T20:56:09+00:00
ncaam-213635,NCAAM,2025-26,2025-11-30T19:00:00Z,Regular,M&T Bank Arena,Quinnipiac,Q,Stonehill,S,76,62,FINISHED,ncaam,2026-08-23T20:56:09+00:00
ncaam-215478,NCAAM,2025-26,2025-11-30T19:00:00Z,Regular,UTSA Convocation Center,UTSA,U,South Alabama,SA,58,82,FINISHED,ncaam,2026-08-23T20:56:09+00:00
ncaam-215479,NCAAM,2025-26,2025-11-30T19:00:00Z,Regular,McKenzie Arena,Chattanooga,C,Tennessee State,TS,64,70,FINISHED,ncaam,2026-08-23T20:56:09+00:00
ncaam-210101,NCAAM,2025-26,2025-11-30T19:30:00Z,Regular,The Palestra,Pennsylvania,P,Hofstra,H,60,77,FINISHED,ncaam,2026-08-23T20:56:09+00:00
ncaam-213621,NCAAM,2025-26,2025-11-30T19:30:00Z,Regular,Kirby Sports Center,Lafayette,L,Monmouth,M,74,88,FINISHED,ncaam,2026-08-23T20:56:09+00:00
ncaam-213623,NCAAM,2025-26,2025-11-30T20:00:00Z,Regular,Great Southern Bank Arena,Missouri State,MS,Northeastern State,NS,92,71,FINISHED,ncaam,2026-08-23T20:56:09+00:00
ncaam-213627,NCAAM,2025-26,2025-11-30T20:00:00Z,Regular,WVU Coliseum,West Virginia,WV,Mercyhurst,M,70,38,FINISHED,ncaam,2026-08-23T20:56:09+00:00
ncaam-213628,NCAAM,2025-26,2025-11-30T20:00:00Z,Regular,United Supermarkets Arena,Texas Tech,TT,Wyoming,W,76,72,FINISHED,ncaam,2026-08-23T20:56:09+00:00
ncaam-210097,NCAAM,2025-26,2025-11-30T20:30:00Z,Regular,Eleanor R. Baldwin Arena,Florida Atlantic,FA,St. Bonaventure,SB,65,70,FINISHED,ncaam,2026-08-23T20:56:09+00:00
ncaam-210098,NCAAM,2025-26,2025-11-30T20:30:00Z,Regular,TD Arena,Charleston,C,Belmont,B,73,96,FINISHED,ncaam,2026-08-23T20:56:09+00:00
ncaam-213616,NCAAM,2025-26,2025-11-30T20:30:00Z,Regular,The HTC Center,Coastal Carolina,CC,Alabama A&M,AA,67,60,FINISHED,ncaam,2026-08-23T20:56:09+00:00
ncaam-215480,NCAAM,2025-26,2025-11-30T20:30:00Z,Regular,Place Bell,Colgate,C,Fordham,F,72,62,FINISHED,ncaam,2026-08-23T20:56:09+00:00
ncaam-213617,NCAAM,2025-26,2025-11-30T21:00:00Z,Regular,The Super Pit,North Texas,NT,Prairie View A&M,PVA,72,69,FINISHED,ncaam,2026-08-23T20:56:09+00:00
ncaam-213618,NCAAM,2025-26,2025-11-30T21:00:00Z,Regular,Bender Arena,American University,AU,Longwood,L,92,66,FINISHED,ncaam,2026-08-23T20:56:09+00:00
ncaam-213619,NCAAM,2025-26,2025-11-30T21:00:00Z,Regular,,The Citadel,TC,Presbyterian,P,41,69,FINISHED,ncaam,2026-08-23T20:56:09+00:00
ncaam-215481,NCAAM,2025-26,2025-11-30T21:00:00Z,Regular,Western Hall,Western Illinois,WI,St. Ambrose,SA,89,73,FINISHED,ncaam,2026-08-23T20:56:09+00:00
ncaam-213633,NCAAM,2025-26,2025-11-30T22:00:00Z,Regular,Walter Pyramid,Long Beach State,LBS,San Diego,SD,76,72,FINISHED,ncaam,2026-08-23T20:56:09+00:00
ncaam-215482,NCAAM,2025-26,2025-11-30T22:00:00Z,Regular,Provident Credit Union Event Center,San José State,SJS,UC Irvine,UI,63,72,FINISHED,ncaam,2026-08-23T20:56:09+00:00
ncaam-213622,NCAAM,2025-26,2025-11-30T23:00:00Z,Regular,Save Mart Center,Fresno State,FS,Cal State Bakersfield,CSB,71,76,FINISHED,ncaam,2026-08-23T20:56:09+00:00
ncaam-213626,NCAAM,2025-26,2025-11-30T23:00:00Z,Regular,Reitz Arena,Loyola Maryland,LM,Coppin State,CS,95,84,FINISHED,ncaam,2026-08-23T20:56:09+00:00
ncaam-213646,NCAAM,2025-26,2025-12-01T17:00:00Z,Regular,F.G. Clark Activity Center,Southern,S,Louisiana Christian,LC,101,48,FINISHED,ncaam,2026-08-23T20:56:09+00:00
ncaam-213637,NCAAM,2025-26,2025-12-01T23:30:00Z,Regular,Finneran Pavilion,Villanova,V,Temple,T,74,56,FINISHED,ncaam,2026-08-23T20:56:09+00:00
ncaam-213639,NCAAM,2025-26,2025-12-01T23:30:00Z,Regular,Savage Arena,Toledo,T,Central State (OH),CS(,102,58,FINISHED,ncaam,2026-08-23T20:56:09+00:00
ncaam-210102,NCAAM,2025-26,2025-12-02T00:00:00Z,Regular,Cintas Center,Xavier,X,St. Francis (PA),SF(,96,74,FINISHED,ncaam,2026-08-23T20:56:09+00:00
ncaam-213636,NCAAM,2025-26,2025-12-02T00:00:00Z,Regular,Bob Carpenter Center,Delaware,D,Iona,I,66,89,FINISHED,ncaam,2026-08-23T20:56:09+00:00
ncaam-213640,NCAAM,2025-26,2025-12-02T00:00:00Z,Regular,Pete Mathews Coliseum,Jacksonville State,JS,North Alabama,NA,66,73,FINISHED,ncaam,2026-08-23T20:56:09+00:00
ncaam-213645,NCAAM,2025-26,2025-12-02T00:00:00Z,Regular,Fifth Third Arena,Cincinnati,C,Tarleton State,TS,76,58,FINISHED,ncaam,2026-08-23T20:56:09+00:00
ncaam-213648,NCAAM,2025-26,2025-12-02T00:00:00Z,Regular,Convocation Center (VA),Hampton,H,Apprentice School,AS,94,58,FINISHED,ncaam,2026-08-23T20:56:09+00:00
ncaam-213649,NCAAM,2025-26,2025-12-02T00:00:00Z,Regular,Trojan Arena,Troy,T,West Georgia,WG,89,93,FINISHED,ncaam,2026-08-23T20:56:09+00:00
ncaam-210103,NCAAM,2025-26,2025-12-02T00:30:00Z,Regular,McDermott Center,Incarnate Word,IW,McNeese,M,71,67,FINISHED,ncaam,2026-08-23T20:56:09+00:00
ncaam-213641,NCAAM,2025-26,2025-12-02T00:30:00Z,Regular,Murphy Center,Middle Tennessee,MT,UAB,U,76,61,FINISHED,ncaam,2026-08-23T20:56:09+00:00
ncaam-213642,NCAAM,2025-26,2025-12-02T01:00:00Z,Regular,McLeod Center,Northern Iowa,NI,Coe,C,99,34,FINISHED,ncaam,2026-08-23T20:56:09+00:00
ncaam-213643,NCAAM,2025-26,2025-12-02T01:00:00Z,Regular,Bramlage Coliseum,Kansas State,KS,Bowling Green,BG,66,82,FINISHED,ncaam,2026-08-23T20:56:09+00:00
ncaam-213638,NCAAM,2025-26,2025-12-02T01:30:00Z,Regular,America First Events Center,Southern Utah,SU,West Coast Baptist,WCB,124,59,FINISHED,ncaam,2026-08-23T20:56:09+00:00
ncaam-213644,NCAAM,2025-26,2025-12-02T02:00:00Z,Regular,CU Events Center,Colorado,C,California Baptist,CB,78,70,FINISHED,ncaam,2026-08-23T20:56:09+00:00
ncaam-215483,NCAAM,2025-26,2025-12-02T02:00:00Z,Regular,The Pit,New Mexico,NM,New Mexico Highlands,NMH,97,47,FINISHED,ncaam,2026-08-23T20:56:09+00:00
ncaam-210104,NCAAM,2025-26,2025-12-02T03:00:00Z,Regular,Maples Pavilion,Stanford,S,Portland,P,94,72,FINISHED,ncaam,2026-08-23T20:56:09+00:00
ncaam-210108,NCAAM,2025-26,2025-12-02T16:00:00Z,Regular,Christl Arena,Army,A,George Washington,GW,70,84,FINISHED,ncaam,2026-08-23T20:56:09+00:00
ncaam-212709,NCAAM,2025-26,2025-12-02T16:00:00Z,Regular,Ramsey Center,Western Carolina,WC,Virginia-Lynchburg,VL,124,62,FINISHED,ncaam,2026-08-23T20:56:09+00:00
ncaam-213660,NCAAM,2025-26,2025-12-02T17:00:00Z,Regular,Kathleen and Tom Elam Center,UT Martin,UM,Charleston Southern,CS,73,56,FINISHED,ncaam,2026-08-23T20:56:09+00:00
ncaam-212705,NCAAM,2025-26,2025-12-02T23:00:00Z,Regular,Bryce Jordan Center,Penn State,PS,Campbell,C,87,76,FINISHED,ncaam,2026-08-23T20:56:09+00:00
ncaam-213658,NCAAM,2025-26,2025-12-02T23:00:00Z,Regular,Chace Athletic Center,Bryant,B,Stonehill,S,77,65,FINISHED,ncaam,2026-08-23T20:56:09+00:00
ncaam-210109,NCAAM,2025-26,2025-12-03T00:00:00Z,Regular,UPMC Cooper Fieldhouse,Duquesne,D,William & Mary,W&M,79,83,FINISHED,ncaam,2026-08-23T20:56:09+00:00
ncaam-210110,NCAAM,2025-26,2025-12-03T00:00:00Z,Regular,UD Arena,Dayton,D,East Tennessee State,ETS,88,71,FINISHED,ncaam,2026-08-23T20:56:09+00:00
ncaam-210114,NCAAM,2025-26,2025-12-03T00:00:00Z,Regular,Amica Mutual Pavilion,Providence,P,Fairleigh Dickinson,FD,94,64,FINISHED,ncaam,2026-08-23T20:56:09+00:00
ncaam-210115,NCAAM,2025-26,2025-12-03T00:00:00Z,Regular,Colonial Life Arena,South Carolina,SC,Virginia Tech,VT,83,86,FINISHED,ncaam,2026-08-23T20:56:09+00:00
ncaam-210117,NCAAM,2025-26,2025-12-03T00:00:00Z,Regular,LJVM Coliseum,Wake Forest,WF,Oklahoma,O,68,86,FINISHED,ncaam,2026-08-23T20:56:09+00:00
ncaam-210120,NCAAM,2025-26,2025-12-03T00:00:00Z,Regular,Petersen Events Center,Pittsburgh,P,Texas A&M,TA,73,81,FINISHED,ncaam,2026-08-23T20:56:09+00:00
ncaam-210121,NCAAM,2025-26,2025-12-03T00:00:00Z,Regular,JMA Wireless Dome,Syracuse,S,Tennessee,T,62,60,FINISHED,ncaam,2026-08-23T20:56:09+00:00
ncaam-210124,NCAAM,2025-26,2025-12-03T00:00:00Z,Regular,John J. Lee Amphitheater,Yale,Y,SUNY-Maritime,SM,117,53,FINISHED,ncaam,2026-08-23T20:56:09+00:00
ncaam-210125,NCAAM,2025-26,2025-12-03T00:00:00Z,Regular,Thomas M. Ryan Center,Rhode Island,RI,Brown,B,66,56,FINISHED,ncaam,2026-08-23T20:56:09+00:00
ncaam-212710,NCAAM,2025-26,2025-12-03T00:00:00Z,Regular,EagleBank Arena,George Mason,GM,Cornell,C,99,81,FINISHED,ncaam,2026-08-23T20:56:09+00:00
ncaam-212713,NCAAM,2025-26,2025-12-03T00:00:00Z,Regular,Breslin Center,Michigan State,MS,Iowa,I,71,52,FINISHED,ncaam,2026-08-23T20:56:09+00:00
ncaam-213651,NCAAM,2025-26,2025-12-03T00:00:00Z,Regular,Hawkins Arena,Mercer,M,Georgia State,GS,78,67,FINISHED,ncaam,2026-08-23T20:56:09+00:00
ncaam-213652,NCAAM,2025-26,2025-12-03T00:00:00Z,Regular,Swisher Gymnasium,Jacksonville,J,Florida A&M,FA,85,82,FINISHED,ncaam,2026-08-23T20:56:09+00:00
ncaam-213656,NCAAM,2025-26,2025-12-03T00:00:00Z,Regular,Hinkle Fieldhouse,Butler,B,Eastern Michigan,EM,84,68,FINISHED,ncaam,2026-08-23T20:56:09+00:00
ncaam-213657,NCAAM,2025-26,2025-12-03T00:00:00Z,Regular,Minges Coliseum,East Carolina,EC,Maryland Eastern Shore,MES,68,56,FINISHED,ncaam,2026-08-23T20:56:09+00:00
ncaam-213661,NCAAM,2025-26,2025-12-03T00:00:00Z,Regular,Events Center (Binghamton),Binghamton,B,Lehigh,L,80,71,FINISHED,ncaam,2026-08-23T20:56:09+00:00
ncaam-213662,NCAAM,2025-26,2025-12-03T00:00:00Z,Regular,UNF Arena,North Florida,NF,SIU Edwardsville,SE,63,72,FINISHED,ncaam,2026-08-23T20:56:09+00:00
ncaam-213689,NCAAM,2025-26,2025-12-03T00:00:00Z,Regular,Halton Arena,Charlotte,C,North Carolina A&T,NCA,74,57,FINISHED,ncaam,2026-08-23T20:56:09+00:00
ncaam-215484,NCAAM,2025-26,2025-12-03T00:00:00Z,Regular,Millett Hall,Miami (OH),M(,Indiana University East,IUE,109,65,FINISHED,ncaam,2026-08-23T20:56:09+00:00
ncaam-215485,NCAAM,2025-26,2025-12-03T00:00:00Z,Regular,Hulman Center,Indiana State,IS,Eureka,E,99,57,FINISHED,ncaam,2026-08-23T20:56:09+00:00
ncaam-215486,NCAAM,2025-26,2025-12-03T00:00:00Z,Regular,Leonard E. Merrell Center,South Alabama,SA,New Mexico State,NMS,77,75,FINISHED,ncaam,2026-08-23T20:56:09+00:00
ncaam-215487,NCAAM,2025-26,2025-12-03T00:00:00Z,Regular,Harrah's Cherokee Center,UNC Asheville,UA,UNC Greensboro,UG,82,77,FINISHED,ncaam,2026-08-23T20:56:09+00:00
ncaam-215488,NCAAM,2025-26,2025-12-03T00:00:00Z,Regular,KSU Convocation Center,Kennesaw State,KS,Jackson State,JS,88,73,FINISHED,ncaam,2026-08-23T20:56:09+00:00
ncaam-210113,NCAAM,2025-26,2025-12-03T00:30:00Z,Regular,Steinberg Wellness Center,Long Island University,LIU,Winthrop,W,92,94,FINISHED,ncaam,2026-08-23T20:56:09+00:00
ncaam-210123,NCAAM,2025-26,2025-12-03T00:30:00Z,Regular,Cameron Indoor Stadium,Duke,D,Florida,F,67,66,FINISHED,ncaam,2026-08-23T20:56:09+00:00
ncaam-212707,NCAAM,2025-26,2025-12-03T00:30:00Z,Regular,Charles Koch Arena,Wichita State,WS,Mount Marty College,MMC,95,69,FINISHED,ncaam,2026-08-23T20:56:09+00:00
ncaam-212708,NCAAM,2025-26,2025-12-03T00:30:00Z,Regular,Devlin Fieldhouse,Tulane,T,Grambling,G,65,63,FINISHED,ncaam,2026-08-23T20:56:09+00:00
ncaam-215489,NCAAM,2025-26,2025-12-03T00:30:00Z,Regular,Show Me Center,Southeast Missouri State,SMS,Saint Mary of the Woods College,SMOT,88,57,FINISHED,ncaam,2026-08-23T20:56:09+00:00
ncaam-215490,NCAAM,2025-26,2025-12-03T00:30:00Z,Regular,Knapp Center,Drake,D,Western Illinois,WI,108,57,FINISHED,ncaam,2026-08-23T20:56:09+00:00
ncaam-210107,NCAAM,2025-26,2025-12-03T01:00:00Z,Regular,Gentile Arena,Loyola Chicago,LC,Central Michigan,CM,83,72,FINISHED,ncaam,2026-08-23T20:56:09+00:00
ncaam-210111,NCAAM,2025-26,2025-12-03T01:00:00Z,Regular,Gallagher-Iba Arena,Oklahoma State,OS,Sam Houston,SH,93,83,FINISHED,ncaam,2026-08-23T20:56:09+00:00
ncaam-212706,NCAAM,2025-26,2025-12-03T01:00:00Z,Regular,XFINITY Center,Maryland,M,Wagner,W,89,63,FINISHED,ncaam,2026-08-23T20:56:09+00:00
ncaam-212712,NCAAM,2025-26,2025-12-03T01:00:00Z,Regular,Jersey Mike’s Arena,Rutgers,R,Purdue,P,65,81,FINISHED,ncaam,2026-08-23T20:56:09+00:00
ncaam-212714,NCAAM,2025-26,2025-12-03T01:00:00Z,Regular,Carver Arena,Bradley,B,Washington State,WS,64,60,FINISHED,ncaam,2026-08-23T20:56:09+00:00
ncaam-212715,NCAAM,2025-26,2025-12-03T01:00:00Z,Regular,First National Bank Arena,Arkansas State,AS,UT Arlington,UA,83,63,FINISHED,ncaam,2026-08-23T20:56:09+00:00
ncaam-213653,NCAAM,2025-26,2025-12-03T01:00:00Z,Regular,NIU Convocation Center,Northern Illinois,NI,Lindenwood,L,64,99,FINISHED,ncaam,2026-08-23T20:56:09+00:00
ncaam-213654,NCAAM,2025-26,2025-12-03T01:00:00Z,Regular,Fiserv Forum,Marquette,M,Valparaiso,V,75,72,FINISHED,ncaam,2026-08-23T20:56:09+00:00
ncaam-213659,NCAAM,2025-26,2025-12-03T01:00:00Z,Regular,Foster Pavilion,Baylor,B,Sacramento State,SS,110,88,FINISHED,ncaam,2026-08-23T20:56:09+00:00
ncaam-213663,NCAAM,2025-26,2025-12-03T01:00:00Z,Regular,CFSB Center,Murray State,MS,Morehead State,MS,84,52,FINISHED,ncaam,2026-08-23T20:56:09+00:00
ncaam-215491,NCAAM,2025-26,2025-12-03T01:00:00Z,Regular,Reynolds Center,Tulsa,T,Manhattan Christian,MC,111,60,FINISHED,ncaam,2026-08-23T20:56:09+00:00
ncaam-215492,NCAAM,2025-26,2025-12-03T01:00:00Z,Regular,The Super Pit,North Texas,NT,Houston Christian,HC,77,75,FINISHED,ncaam,2026-08-23T20:56:09+00:00
ncaam-210112,NCAAM,2025-26,2025-12-03T02:00:00Z,Regular,Allen Fieldhouse,Kansas,K,UConn,U,56,61,FINISHED,ncaam,2026-08-23T20:56:09+00:00
ncaam-210116,NCAAM,2025-26,2025-12-03T02:00:00Z,Regular,The Sandy and John Black Pavilion at Ole Miss,Ole Miss,OM,Miami,M,66,75,FINISHED,ncaam,2026-08-23T20:56:09+00:00
ncaam-210118,NCAAM,2025-26,2025-12-03T02:00:00Z,Regular,Tucker Center,Florida State,FS,Georgia,G,73,107,FINISHED,ncaam,2026-08-23T20:56:09+00:00
ncaam-210119,NCAAM,2025-26,2025-12-03T02:00:00Z,Regular,Purcell Pavilion,Notre Dame,ND,Missouri,M,76,71,FINISHED,ncaam,2026-08-23T20:56:09+00:00
ncaam-212716,NCAAM,2025-26,2025-12-03T02:00:00Z,Regular,Firestone Fieldhouse,Pepperdine,P,Abilene Christian,AC,63,71,FINISHED,ncaam,2026-08-23T20:56:09+00:00
ncaam-213655,NCAAM,2025-26,2025-12-03T02:00:00Z,Regular,CHI Health Center Omaha,Creighton,C,Nicholls,N,96,76,FINISHED,ncaam,2026-08-23T20:56:09+00:00
ncaam-213664,NCAAM,2025-26,2025-12-03T02:00:00Z,Regular,Global Credit Union Arena,Grand Canyon,GC,Stetson,S,67,45,FINISHED,ncaam,2026-08-23T20:56:09+00:00
ncaam-210122,NCAAM,2025-26,2025-12-03T02:30:00Z,Regular,Rupp Arena,Kentucky,K,North Carolina,NC,64,67,FINISHED,ncaam,2026-08-23T20:56:09+00:00
ncaam-210105,NCAAM,2025-26,2025-12-03T03:00:00Z,Regular,Haas Pavilion,California,C,Utah,U,79,72,FINISHED,ncaam,2026-08-23T20:56:09+00:00
ncaam-210106,NCAAM,2025-26,2025-12-03T03:00:00Z,Regular,Gersten Pavilion,Loyola Marymount,LM,Saint Louis,SL,70,91,FINISHED,ncaam,2026-08-23T20:56:09+00:00
ncaam-212711,NCAAM,2025-26,2025-12-03T03:00:00Z,Regular,Matthew Knight Arena,Oregon,O,USC,U,77,82,FINISHED,ncaam,2026-08-23T20:56:09+00:00
ncaam-213665,NCAAM,2025-26,2025-12-03T03:00:00Z,Regular,Lawlor Events Center,Nevada,N,UC San Diego,USD,76,70,FINISHED,ncaam,2026-08-23T20:56:09+00:00
ncaam-213669,NCAAM,2025-26,2025-12-03T17:00:00Z,Regular,Credit Union 1 Arena,UIC,U,Arkansas-Pine Bluff,APB,62,63,FINISHED,ncaam,2026-08-23T20:56:09+00:00
ncaam-213696,NCAAM,2025-26,2025-12-03T17:00:00Z,Regular,Allen Arena,Lipscomb,L,Tennessee Tech,TT,83,80,FINISHED,ncaam,2026-08-23T20:56:09+00:00
ncaam-210132,NCAAM,2025-26,2025-12-03T23:00:00Z,Regular,Hart Center,Holy Cross,HC,Northeastern,N,76,59,FINISHED,ncaam,2026-08-23T20:56:09+00:00
ncaam-213680,NCAAM,2025-26,2025-12-03T23:00:00Z,Regular,Case Gym,Boston University,BU,Vermont State - Johnson,VSJ,104,57,FINISHED,ncaam,2026-08-23T20:56:09+00:00
ncaam-210127,NCAAM,2025-26,2025-12-03T23:30:00Z,Regular,Beeghly Center,Youngstown State,YS,Wright State,WS,69,68,FINISHED,ncaam,2026-08-23T20:56:09+00:00
ncaam-213697,NCAAM,2025-26,2025-12-03T23:30:00Z,Regular,Holmes Convocation Center,App State,AS,Virginia-Lynchburg,VL,133,45,FINISHED,ncaam,2026-08-23T20:56:09+00:00
ncaam-210024,NCAAM,2025-26,2025-12-04T00:00:00Z,Regular,DeGol Arena,St. Francis (PA),SF(,Penn State-Shenango,PSS,100,41,FINISHED,ncaam,2026-08-23T20:56:09+00:00
ncaam-210126,NCAAM,2025-26,2025-12-04T00:00:00Z,Regular,Truist Arena,Northern Kentucky,NK,Cleveland State,CS,95,80,FINISHED,ncaam,2026-08-23T20:56:09+00:00
ncaam-210128,NCAAM,2025-26,2025-12-04T00:00:00Z,Regular,OU Credit Union O'rena,Oakland,O,Purdue Fort Wayne,PFW,101,92,FINISHED,ncaam,2026-08-23T20:56:09+00:00
ncaam-210129,NCAAM,2025-26,2025-12-04T00:00:00Z,Regular,Calihan Hall,Detroit Mercy,DM,IU Indianapolis,II,92,78,FINISHED,ncaam,2026-08-23T20:56:09+00:00
ncaam-210130,NCAAM,2025-26,2025-12-04T00:00:00Z,Regular,Reilly Center,St. Bonaventure,SB,Bloomsburg,B,83,43,FINISHED,ncaam,2026-08-23T20:56:09+00:00
ncaam-210133,NCAAM,2025-26,2025-12-04T00:00:00Z,Regular,Prudential Center,Seton Hall,SH,Central Connecticut,CC,77,61,FINISHED,ncaam,2026-08-23T20:56:09+00:00
ncaam-210134,NCAAM,2025-26,2025-12-04T00:00:00Z,Regular,Mullins Center,Massachusetts,M,Harvard,H,78,71,FINISHED,ncaam,2026-08-23T20:56:09+00:00
ncaam-210136,NCAAM,2025-26,2025-12-04T00:00:00Z,Regular,James A. Rhodes Arena,Akron,A,Bucknell,B,97,77,FINISHED,ncaam,2026-08-23T20:56:09+00:00
ncaam-210137,NCAAM,2025-26,2025-12-04T00:00:00Z,Regular,William R. Johnson Coliseum,Stephen F. Austin,SFA,UT Rio Grande Valley,URGV,73,60,FINISHED,ncaam,2026-08-23T20:56:09+00:00
ncaam-210146,NCAAM,2025-26,2025-12-04T00:00:00Z,Regular,Levien Gymnasium,Columbia,C,Hofstra,H,72,70,FINISHED,ncaam,2026-08-23T20:56:09+00:00
ncaam-210147,NCAAM,2025-26,2025-12-04T00:00:00Z,Regular,Knott Arena,Mount St. Mary's,MSM,Sacred Heart,SH,80,87,FINISHED,ncaam,2026-08-23T20:56:09+00:00
ncaam-213666,NCAAM,2025-26,2025-12-04T00:00:00Z,Regular,Bender Arena,American University,AU,Drexel,D,75,73,FINISHED,ncaam,2026-08-23T20:56:09+00:00
ncaam-213667,NCAAM,2025-26,2025-12-04T00:00:00Z,Regular,TU Arena,Towson,T,Cornell,C,93,80,FINISHED,ncaam,2026-08-23T20:56:09+00:00
ncaam-213668,NCAAM,2025-26,2025-12-04T00:00:00Z,Regular,Leede Arena,Dartmouth,D,New Hampshire,NH,69,68,FINISHED,ncaam,2026-08-23T20:56:09+00:00
ncaam-213671,NCAAM,2025-26,2025-12-04T00:00:00Z,Regular,Jerry Richardson Indoor Stadium,Wofford,W,Presbyterian,P,63,56,FINISHED,ncaam,2026-08-23T20:56:09+00:00
ncaam-213673,NCAAM,2025-26,2025-12-04T00:00:00Z,Regular,Jack and Ruth Ann Hill Convocation Center,Georgia Southern,GS,Louisiana Tech,LT,77,69,FINISHED,ncaam,2026-08-23T20:56:09+00:00
ncaam-213677,NCAAM,2025-26,2025-12-04T00:00:00Z,Regular,Williams Arena,Minnesota,M,Indiana,I,73,64,FINISHED,ncaam,2026-08-23T20:56:09+00:00
ncaam-213684,NCAAM,2025-26,2025-12-04T00:00:00Z,Regular,Trask Coliseum,UNC Wilmington,UW,Marshall,M,70,69,FINISHED,ncaam,2026-08-23T20:56:09+00:00
ncaam-213686,NCAAM,2025-26,2025-12-04T00:00:00Z,Regular,Knights Hall,Bellarmine,B,Midway University,MU,99,60,FINISHED,ncaam,2026-08-23T20:56:09+00:00
ncaam-213690,NCAAM,2025-26,2025-12-04T00:00:00Z,Regular,Convocation Center (OH),Ohio,O,Maine,M,79,57,FINISHED,ncaam,2026-08-23T20:56:09+00:00
ncaam-213691,NCAAM,2025-26,2025-12-04T00:00:00Z,Regular,Convocation Center (VA),Hampton,H,Loyola Maryland,LM,93,71,FINISHED,ncaam,2026-08-23T20:56:09+00:00
ncaam-213692,NCAAM,2025-26,2025-12-04T00:00:00Z,Regular,Memorial Hall (DE),Delaware State,DS,Navy,N,59,66,FINISHED,ncaam,2026-08-23T20:56:09+00:00
ncaam-213693,NCAAM,2025-26,2025-12-04T00:00:00Z,Regular,WVU Coliseum,West Virginia,WV,Coppin State,CS,91,49,FINISHED,ncaam,2026-08-23T20:56:09+00:00
ncaam-213698,NCAAM,2025-26,2025-12-04T00:00:00Z,Regular,G.B. Hodge Center,South Carolina Upstate,SCU,Coastal Carolina,CC,85,78,FINISHED,ncaam,2026-08-23T20:56:09+00:00
ncaam-213699,NCAAM,2025-26,2025-12-04T00:00:00Z,Regular,Joan Perry Brock Center,Longwood,L,Pfeiffer,P,101,55,FINISHED,ncaam,2026-08-23T20:56:09+00:00
ncaam-213700,NCAAM,2025-26,2025-12-04T00:00:00Z,Regular,Qubein Center,High Point,HP,Southern Illinois,SI,84,86,FINISHED,ncaam,2026-08-23T20:56:09+00:00
ncaam-213701,NCAAM,2025-26,2025-12-04T00:00:00Z,Regular,The Dedmon Center,Radford,R,Southern Miss,SM,75,82,FINISHED,ncaam,2026-08-23T20:56:09+00:00
ncaam-213702,NCAAM,2025-26,2025-12-04T00:00:00Z,Regular,Schar Center,Elon,E,Furman,F,88,97,FINISHED,ncaam,2026-08-23T20:56:09+00:00
ncaam-213703,NCAAM,2025-26,2025-12-04T00:00:00Z,Regular,Curry Arena,Queens University,QU,Gardner-Webb,GW,107,74,FINISHED,ncaam,2026-08-23T20:56:09+00:00
ncaam-213704,NCAAM,2025-26,2025-12-04T00:00:00Z,Regular,Ocean Bank Convocation Center,Florida International,FI,Florida Gulf Coast,FGC,89,83,FINISHED,ncaam,2026-08-23T20:56:09+00:00
ncaam-213705,NCAAM,2025-26,2025-12-04T00:00:00Z,Regular,M.A.C. Center,Kent State,KS,Austin Peay,AP,96,84,FINISHED,ncaam,2026-08-23T20:56:09+00:00
ncaam-215493,NCAAM,2025-26,2025-12-04T00:00:00Z,Regular,University Arena (MI),Western Michigan,WM,Southern Indiana,SI,88,74,FINISHED,ncaam,2026-08-23T20:56:09+00:00
ncaam-215494,NCAAM,2025-26,2025-12-04T00:00:00Z,Regular,Atlantic Union Bank Center,James Madison,JM,North Carolina Central,NCC,67,62,FINISHED,ncaam,2026-08-23T20:56:09+00:00
ncaam-215495,NCAAM,2025-26,2025-12-04T00:00:00Z,Regular,Montagne Center,Lamar,L,Louisiana,L,65,55,FINISHED,ncaam,2026-08-23T20:56:09+00:00
ncaam-210140,NCAAM,2025-26,2025-12-04T00:15:00Z,Regular,Conte Forum,Boston College,BC,LSU,L,69,78,FINISHED,ncaam,2026-08-23T20:56:09+00:00
ncaam-210142,NCAAM,2025-26,2025-12-04T00:15:00Z,Regular,Coleman Coliseum,Alabama,A,Clemson,C,90,84,FINISHED,ncaam,2026-08-23T20:56:09+00:00
ncaam-210144,NCAAM,2025-26,2025-12-04T00:15:00Z,Regular,Bud Walton Arena,Arkansas,A,Louisville,L,89,80,FINISHED,ncaam,2026-08-23T20:56:09+00:00
ncaam-210148,NCAAM,2025-26,2025-12-04T00:30:00Z,Regular,John J. Lee Amphitheater,Yale,Y,Brandeis,B,79,61,FINISHED,ncaam,2026-08-23T20:56:09+00:00
ncaam-210149,NCAAM,2025-26,2025-12-04T00:30:00Z,Regular,Curb Event Center Arena,Belmont,B,Richmond,R,76,84,FINISHED,ncaam,2026-08-23T20:56:09+00:00
ncaam-213706,NCAAM,2025-26,2025-12-04T00:30:00Z,Regular,Farris Center,Central Arkansas,CA,Little Rock,LR,85,47,FINISHED,ncaam,2026-08-23T20:56:09+00:00
ncaam-215496,NCAAM,2025-26,2025-12-04T00:30:00Z,Regular,Fant-Ewing Coliseum,UL Monroe,UM,Mississippi Valley State,MVS,66,52,FINISHED,ncaam,2026-08-23T20:56:09+00:00
ncaam-210131,NCAAM,2025-26,2025-12-04T01:00:00Z,Regular,CEFCU Arena,Illinois State,IS,Eastern Kentucky,EK,89,78,FINISHED,ncaam,2026-08-23T20:56:09+00:00
ncaam-210135,NCAAM,2025-26,2025-12-04T01:00:00Z,Regular,Sanford Coyote Sports Center,South Dakota,SD,Portland State,PS,71,77,FINISHED,ncaam,2026-08-23T20:56:09+00:00
ncaam-210138,NCAAM,2025-26,2025-12-04T01:00:00Z,Regular,FedExForum,Memphis,M,New Orleans,NO,86,70,FINISHED,ncaam,2026-08-23T20:56:09+00:00
ncaam-213670,NCAAM,2025-26,2025-12-04T01:00:00Z,Regular,Wisdom Gym,Tarleton State,TS,Howard Payne,HP,119,54,FINISHED,ncaam,2026-08-23T20:56:09+00:00
ncaam-213672,NCAAM,2025-26,2025-12-04T01:00:00Z,Regular,Baxter Arena,Omaha,O,Northern Colorado,NC,70,75,FINISHED,ncaam,2026-08-23T20:56:09+00:00
ncaam-213678,NCAAM,2025-26,2025-12-04T01:00:00Z,Regular,OceanFirst Bank Center,Monmouth,M,Princeton,P,63,58,FINISHED,ncaam,2026-08-23T20:56:09+00:00
ncaam-213679,NCAAM,2025-26,2025-12-04T01:00:00Z,Regular,Swinney Center,Kansas City,KC,Idaho State,IS,59,68,FINISHED,ncaam,2026-08-23T20:56:09+00:00
ncaam-213687,NCAAM,2025-26,2025-12-04T01:00:00Z,Regular,Capital One Arena,Georgetown,G,UMBC,U,90,81,FINISHED,ncaam,2026-08-23T20:56:09+00:00
ncaam-213688,NCAAM,2025-26,2025-12-04T01:00:00Z,Regular,Ford Center,Evansville,E,Ball State,BS,64,52,FINISHED,ncaam,2026-08-23T20:56:09+00:00
ncaam-213694,NCAAM,2025-26,2025-12-04T01:00:00Z,Regular,Hilton Coliseum,Iowa State,IS,Alcorn State,AS,132,68,FINISHED,ncaam,2026-08-23T20:56:09+00:00
ncaam-213707,NCAAM,2025-26,2025-12-04T01:00:00Z,Regular,Event Center,Alabama A&M,AA,Tennessee State,TS,80,53,FINISHED,ncaam,2026-08-23T20:56:09+00:00
ncaam-213708,NCAAM,2025-26,2025-12-04T01:00:00Z,Regular,J. Lawrence Walkup Skydome,Northern Arizona,NA,South Dakota State,SDS,62,75,FINISHED,ncaam,2026-08-23T20:56:09+00:00
ncaam-213674,NCAAM,2025-26,2025-12-04T02:00:00Z,Regular,Tudor Fieldhouse,Rice,R,Texas State,TS,77,72,FINISHED,ncaam,2026-08-23T20:56:09+00:00
ncaam-213675,NCAAM,2025-26,2025-12-04T02:00:00Z,Regular,Kohl Center,Wisconsin,W,Northwestern,N,85,73,FINISHED,ncaam,2026-08-23T20:56:09+00:00
ncaam-213695,NCAAM,2025-26,2025-12-04T02:00:00Z,Regular,Delta Center,BYU,B,California Baptist,CB,91,60,FINISHED,ncaam,2026-08-23T20:56:09+00:00
ncaam-213709,NCAAM,2025-26,2025-12-04T02:00:00Z,Regular,Dee Events Center,Weber State,WS,Oral Roberts,OR,92,66,FINISHED,ncaam,2026-08-23T20:56:09+00:00
ncaam-213710,NCAAM,2025-26,2025-12-04T02:00:00Z,Regular,Worthington Arena,Montana State,MS,St. Thomas-Minnesota,STM,82,74,FINISHED,ncaam,2026-08-23T20:56:09+00:00
ncaam-213711,NCAAM,2025-26,2025-12-04T02:00:00Z,Regular,ICCU Arena,Idaho,I,North Dakota,ND,90,58,FINISHED,ncaam,2026-08-23T20:56:09+00:00
ncaam-213712,NCAAM,2025-26,2025-12-04T02:00:00Z,Regular,Hamilton Gymnasium,Denver,D,Eastern Washington,EW,93,89,FINISHED,ncaam,2026-08-23T20:56:09+00:00
ncaam-213713,NCAAM,2025-26,2025-12-04T02:00:00Z,Regular,Clune Arena,Air Force,AF,Pacific,P,65,80,FINISHED,ncaam,2026-08-23T20:56:09+00:00
ncaam-215497,NCAAM,2025-26,2025-12-04T02:00:00Z,Regular,Dahlberg Arena,Montana,M,North Dakota State,NDS,72,81,FINISHED,ncaam,2026-08-23T20:56:09+00:00
ncaam-210139,NCAAM,2025-26,2025-12-04T02:15:00Z,Regular,Moody Center,Texas,T,Virginia,V,69,88,FINISHED,ncaam,2026-08-23T20:56:09+00:00
ncaam-210141,NCAAM,2025-26,2025-12-04T02:15:00Z,Regular,McCamish Pavilion,Georgia Tech,GT,Mississippi State,MS,73,85,FINISHED,ncaam,2026-08-23T20:56:09+00:00
ncaam-210143,NCAAM,2025-26,2025-12-04T02:15:00Z,Regular,Memorial Gymnasium (TN),Vanderbilt,V,SMU,S,88,69,FINISHED,ncaam,2026-08-23T20:56:09+00:00
ncaam-210145,NCAAM,2025-26,2025-12-04T02:25:00Z,Regular,Neville Arena,Auburn,A,NC State,NS,83,73,FINISHED,ncaam,2026-08-23T20:56:09+00:00
ncaam-213682,NCAAM,2025-26,2025-12-04T02:30:00Z,Regular,Gill Coliseum,Oregon State,OS,Vermont,V,80,58,FINISHED,ncaam,2026-08-23T20:56:09+00:00
ncaam-213681,NCAAM,2025-26,2025-12-04T03:00:00Z,Regular,Redhawk Center,Seattle U,SU,Puget Sound,PS,97,43,FINISHED,ncaam,2026-08-23T20:56:09+00:00
ncaam-213683,NCAAM,2025-26,2025-12-04T03:00:00Z,Regular,Viejas Arena,San Diego State,SDS,Utah Valley,UV,77,66,FINISHED,ncaam,2026-08-23T20:56:09+00:00
ncaam-213685,NCAAM,2025-26,2025-12-04T03:00:00Z,Regular,The Sobrato Center,San Francisco,SF,North Alabama,NA,63,65,FINISHED,ncaam,2026-08-23T20:56:09+00:00
ncaam-213714,NCAAM,2025-26,2025-12-04T03:00:00Z,Regular,Leavey Center,Santa Clara,SC,Utah Tech,UT,90,80,FINISHED,ncaam,2026-08-23T20:56:09+00:00
ncaam-213676,NCAAM,2025-26,2025-12-04T04:00:00Z,Regular,Alaska Airlines Arena,Washington,W,UCLA,U,80,82,FINISHED,ncaam,2026-08-23T20:56:09+00:00
ncaam-210151,NCAAM,2025-26,2025-12-04T21:00:00Z,Regular,Bogota Savings Bank Center,Fairleigh Dickinson,FD,Manor College,MC,86,38,FINISHED,ncaam,2026-08-23T20:56:09+00:00
ncaam-210150,NCAAM,2025-26,2025-12-05T00:00:00Z,Regular,Resch Center,Green Bay,GB,Robert Morris,RM,78,80,FINISHED,ncaam,2026-08-23T20:56:09+00:00
ncaam-213715,NCAAM,2025-26,2025-12-05T00:00:00Z,Regular,Yuengling Center,South Florida,SF,Utah State,US,74,61,FINISHED,ncaam,2026-08-23T20:56:09+00:00
ncaam-213717,NCAAM,2025-26,2025-12-05T00:00:00Z,Regular,Hammel Court,Merrimack,M,Rider,R,68,66,FINISHED,ncaam,2026-08-23T20:56:09+00:00
ncaam-213719,NCAAM,2025-26,2025-12-05T00:00:00Z,Regular,Buccaneer Fieldhouse,Charleston Southern,CS,Warren Wilson,WW,124,63,FINISHED,ncaam,2026-08-23T20:56:09+00:00
ncaam-215498,NCAAM,2025-26,2025-12-05T00:00:00Z,Regular,John M. Belk Arena,Davidson,D,The Citadel,TC,79,63,FINISHED,ncaam,2026-08-23T20:56:09+00:00
ncaam-213716,NCAAM,2025-26,2025-12-05T02:00:00Z,Regular,The Thunderdome,UC Santa Barbara,USB,Long Beach State,LBS,84,77,FINISHED,ncaam,2026-08-23T20:56:09+00:00
ncaam-210152,NCAAM,2025-26,2025-12-05T03:00:00Z,Regular,Titan Gym,Cal State Fullerton,CSF,Cal Poly,CP,91,94,FINISHED,ncaam,2026-08-23T20:56:09+00:00
ncaam-210154,NCAAM,2025-26,2025-12-05T03:00:00Z,Regular,Bren Events Center,UC Irvine,UI,UC Riverside,UR,73,60,FINISHED,ncaam,2026-08-23T20:56:09+00:00
ncaam-213718,NCAAM,2025-26,2025-12-05T03:00:00Z,Regular,Premier America Credit Union Arena,Cal State Northridge,CSN,Cal State Bakersfield,CSB,87,66,FINISHED,ncaam,2026-08-23T20:56:09+00:00
ncaam-210153,NCAAM,2025-26,2025-12-05T04:59:00Z,Regular,Stan Sheriff Center,Hawai'i,H,UC Davis,UD,75,69,FINISHED,ncaam,2026-08-23T20:56:09+00:00
ncaam-210155,NCAAM,2025-26,2025-12-06T00:00:00Z,Regular,MVP Arena,Siena,S,Niagara,N,83,54,FINISHED,ncaam,2026-08-23T20:56:09+00:00
ncaam-210156,NCAAM,2025-26,2025-12-06T00:00:00Z,Regular,Yanitelli Center,Saint Peter's,SP,Canisius,C,69,57,FINISHED,ncaam,2026-08-23T20:56:09+00:00
ncaam-210157,NCAAM,2025-26,2025-12-06T00:00:00Z,Regular,McCann Arena,Marist,M,Mount St. Mary's,MSM,64,56,FINISHED,ncaam,2026-08-23T20:56:09+00:00
ncaam-210158,NCAAM,2025-26,2025-12-06T00:00:00Z,Regular,Draddy Gymnasium,Manhattan,M,Fairfield,F,70,66,FINISHED,ncaam,2026-08-23T20:56:09+00:00
ncaam-210162,NCAAM,2025-26,2025-12-06T00:00:00Z,Regular,Pizzitola Sports Center,Brown,B,Bryant,B,75,56,FINISHED,ncaam,2026-08-23T20:56:09+00:00
ncaam-213720,NCAAM,2025-26,2025-12-06T00:00:00Z,Regular,Moore Gymnasium (FL),Bethune-Cookman,BC,South Carolina State,SCS,80,59,FINISHED,ncaam,2026-08-23T20:56:09+00:00
ncaam-213722,NCAAM,2025-26,2025-12-06T00:00:00Z,Regular,Freedom Hall (TN),East Tennessee State,ETS,South Alabama,SA,91,65,FINISHED,ncaam,2026-08-23T20:56:09+00:00
ncaam-213724,NCAAM,2025-26,2025-12-06T00:00:00Z,Regular,McCarthey Athletic Center,Kentucky,K,Gonzaga,G,59,94,FINISHED,ncaam,2026-08-23T20:56:09+00:00
ncaam-213725,NCAAM,2025-26,2025-12-06T00:00:00Z,Regular,Siegel Center,VCU,V,Samford,S,83,57,FINISHED,ncaam,2026-08-23T20:56:09+00:00
ncaam-213726,NCAAM,2025-26,2025-12-06T00:00:00Z,Regular,Hynes Athletics Center,Iona,I,Quinnipiac,Q,68,89,FINISHED,ncaam,2026-08-23T20:56:09+00:00
ncaam-213727,NCAAM,2025-26,2025-12-06T00:00:00Z,Regular,Kirby Sports Center,Lafayette,L,Mercyhurst,M,79,71,FINISHED,ncaam,2026-08-23T20:56:09+00:00
ncaam-213729,NCAAM,2025-26,2025-12-06T00:00:00Z,Regular,Qubein Center,High Point,HP,NJIT,N,89,72,FINISHED,ncaam,2026-08-23T20:56:09+00:00
ncaam-213732,NCAAM,2025-26,2025-12-06T00:00:00Z,Regular,Chiles Center,Portland,P,Lewis & Clark,L&C,104,87,FINISHED,ncaam,2026-08-23T20:56:09+00:00
ncaam-210159,NCAAM,2025-26,2025-12-06T00:30:00Z,Regular,Gampel Pavilion,UConn,U,East Texas A&M,ETA,83,59,FINISHED,ncaam,2026-08-23T20:56:09+00:00
ncaam-210161,NCAAM,2025-26,2025-12-06T00:30:00Z,Regular,Legacy Center,McNeese,M,Northwestern State,NS,92,54,FINISHED,ncaam,2026-08-23T20:56:09+00:00
ncaam-213721,NCAAM,2025-26,2025-12-06T00:30:00Z,Regular,Knapp Center,Drake,D,UAB,U,69,74,FINISHED,ncaam,2026-08-23T20:56:09+00:00
ncaam-213728,NCAAM,2025-26,2025-12-06T00:30:00Z,Regular,Cintas Center,Xavier,X,Cincinnati,C,79,74,FINISHED,ncaam,2026-08-23T20:56:09+00:00
ncaam-213730,NCAAM,2025-26,2025-12-06T00:30:00Z,Regular,Gervin GameAbove Center,Eastern Michigan,EM,Cleary University,CU,86,48,FINISHED,ncaam,2026-08-23T20:56:09+00:00
ncaam-213731,NCAAM,2025-26,2025-12-06T00:30:00Z,Regular,Cameron Hall,VMI,V,Christendom,C,89,36,FINISHED,ncaam,2026-08-23T20:56:09+00:00
ncaam-210160,NCAAM,2025-26,2025-12-06T01:00:00Z,Regular,Schollmaier Arena,TCU,T,Notre Dame,ND,85,87,FINISHED,ncaam,2026-08-23T20:56:09+00:00
ncaam-213723,NCAAM,2025-26,2025-12-06T03:00:00Z,Regular,Provident Credit Union Event Center,San José State,SJS,San Diego,SD,86,69,FINISHED,ncaam,2026-08-23T20:56:09+00:00
ncaam-210170,NCAAM,2025-26,2025-12-06T17:00:00Z,Regular,Breslin Center,Michigan State,MS,Duke,D,60,66,FINISHED,ncaam,2026-08-23T20:56:09+00:00
ncaam-210175,NCAAM,2025-26,2025-12-06T17:00:00Z,Regular,Amica Mutual Pavilion,Providence,P,Rhode Island,RI,90,71,FINISHED,ncaam,2026-08-23T20:56:09+00:00
ncaam-210178,NCAAM,2025-26,2025-12-06T17:00:00Z,Regular,Spectrum Center,Virginia,V,Dayton,D,86,73,FINISHED,ncaam,2026-08-23T20:56:09+00:00
ncaam-210187,NCAAM,2025-26,2025-12-06T17:00:00Z,Regular,Watsco Center,Miami,M,Southern Miss,SM,88,64,FINISHED,ncaam,2026-08-23T20:56:09+00:00
ncaam-210192,NCAAM,2025-26,2025-12-06T17:00:00Z,Regular,Sojka Pavilion,Bucknell,B,UMBC,U,66,73,FINISHED,ncaam,2026-08-23T20:56:09+00:00
ncaam-213752,NCAAM,2025-26,2025-12-06T17:00:00Z,Regular,McCamish Pavilion,Georgia Tech,GT,Monmouth,M,79,67,FINISHED,ncaam,2026-08-23T20:56:09+00:00
ncaam-213780,NCAAM,2025-26,2025-12-06T17:00:00Z,Regular,Mackey Arena,Purdue,P,Iowa State,IS,58,81,FINISHED,ncaam,2026-08-23T20:56:09+00:00
ncaam-213783,NCAAM,2025-26,2025-12-06T17:00:00Z,Regular,Conte Forum,Boston College,BC,New Haven,NH,67,63,FINISHED,ncaam,2026-08-23T20:56:09+00:00
ncaam-210174,NCAAM,2025-26,2025-12-06T17:30:00Z,Regular,Robins Center,Richmond,R,Old Dominion,OD,86,77,FINISHED,ncaam,2026-08-23T20:56:09+00:00
ncaam-210169,NCAAM,2025-26,2025-12-06T18:00:00Z,Regular,Lenovo Center,NC State,NS,UNC Asheville,UA,75,63,FINISHED,ncaam,2026-08-23T20:56:09+00:00
ncaam-213764,NCAAM,2025-26,2025-12-06T18:00:00Z,Regular,Stroh Center,Bowling Green,BG,Utah Valley,UV,71,82,FINISHED,ncaam,2026-08-23T20:56:09+00:00
ncaam-213775,NCAAM,2025-26,2025-12-06T18:00:00Z,Regular,Millett Hall,Miami (OH),M(,Maine,M,93,61,FINISHED,ncaam,2026-08-23T20:56:09+00:00
ncaam-215501,NCAAM,2025-26,2025-12-06T18:00:00Z,Regular,Spiro Sports Center,Wagner,W,Bryant & Stratton,B&S,92,36,FINISHED,ncaam,2026-08-23T20:56:09+00:00
ncaam-210167,NCAAM,2025-26,2025-12-06T19:00:00Z,Regular,Wolstein Center,Cleveland State,CS,Detroit Mercy,DM,59,71,FINISHED,ncaam,2026-08-23T20:56:09+00:00
ncaam-210168,NCAAM,2025-26,2025-12-06T19:00:00Z,Regular,Memorial Coliseum (IN),Purdue Fort Wayne,PFW,Northern Kentucky,NK,79,77,FINISHED,ncaam,2026-08-23T20:56:09+00:00
ncaam-210173,NCAAM,2025-26,2025-12-06T19:00:00Z,Regular,Alumni Arena,Buffalo,B,St. Bonaventure,SB,69,77,FINISHED,ncaam,2026-08-23T20:56:09+00:00
ncaam-210177,NCAAM,2025-26,2025-12-06T19:00:00Z,Regular,UPMC Cooper Fieldhouse,Duquesne,D,Stony Brook,SB,84,75,FINISHED,ncaam,2026-08-23T20:56:09+00:00
ncaam-210182,NCAAM,2025-26,2025-12-06T19:00:00Z,Regular,Rose Hill Gym,Fordham,F,Holy Cross,HC,69,70,FINISHED,ncaam,2026-08-23T20:56:09+00:00
ncaam-210183,NCAAM,2025-26,2025-12-06T19:00:00Z,Regular,Timmons Arena,Furman,F,Harvard,H,79,69,FINISHED,ncaam,2026-08-23T20:56:09+00:00
ncaam-210196,NCAAM,2025-26,2025-12-06T19:00:00Z,Regular,The Jungle,IU Indianapolis,II,Youngstown State,YS,55,78,FINISHED,ncaam,2026-08-23T20:56:09+00:00
ncaam-213736,NCAAM,2025-26,2025-12-06T19:00:00Z,Regular,Winthrop Coliseum,Winthrop,W,Coastal Carolina,CC,84,88,FINISHED,ncaam,2026-08-23T20:56:09+00:00
ncaam-213738,NCAAM,2025-26,2025-12-06T19:00:00Z,Regular,Templeton Center,Presbyterian,P,Morehead State,MS,80,72,FINISHED,ncaam,2026-08-23T20:56:09+00:00
ncaam-213747,NCAAM,2025-26,2025-12-06T19:00:00Z,Regular,Welsh-Ryan Arena,Northwestern,N,Ohio State,OS,82,86,FINISHED,ncaam,2026-08-23T20:56:09+00:00
ncaam-213749,NCAAM,2025-26,2025-12-06T19:00:00Z,Regular,The Coliseum,West Georgia,WG,Tennessee Tech,TT,59,87,FINISHED,ncaam,2026-08-23T20:56:09+00:00
ncaam-213750,NCAAM,2025-26,2025-12-06T19:00:00Z,Regular,Colonial Life Arena,South Carolina,SC,Stetson,S,82,51,FINISHED,ncaam,2026-08-23T20:56:09+00:00
ncaam-213767,NCAAM,2025-26,2025-12-06T19:00:00Z,Regular,Ocean Bank Convocation Center,Florida International,FI,Jacksonville,J,88,65,FINISHED,ncaam,2026-08-23T20:56:09+00:00
ncaam-213769,NCAAM,2025-26,2025-12-06T19:00:00Z,Regular,Bender Arena,American University,AU,Maryland Eastern Shore,MES,78,60,FINISHED,ncaam,2026-08-23T20:56:09+00:00
ncaam-213770,NCAAM,2025-26,2025-12-06T19:00:00Z,Regular,Kohl Center,Wisconsin,W,Marquette,M,96,76,FINISHED,ncaam,2026-08-23T20:56:09+00:00
ncaam-213771,NCAAM,2025-26,2025-12-06T19:00:00Z,Regular,Liberty Arena,Liberty,L,Coppin State,CS,92,50,FINISHED,ncaam,2026-08-23T20:56:09+00:00
ncaam-213773,NCAAM,2025-26,2025-12-06T19:00:00Z,Regular,Hinkle Fieldhouse,Butler,B,Boise State,BS,68,77,FINISHED,ncaam,2026-08-23T20:56:09+00:00
ncaam-213784,NCAAM,2025-26,2025-12-06T19:00:00Z,Regular,Paul Porter Arena,Gardner-Webb,GW,Georgia Southern,GS,84,88,FINISHED,ncaam,2026-08-23T20:56:09+00:00
ncaam-213785,NCAAM,2025-26,2025-12-06T19:00:00Z,Regular,G.B. Hodge Center,South Carolina Upstate,SCU,Western Carolina,WC,78,67,FINISHED,ncaam,2026-08-23T20:56:09+00:00
ncaam-215503,NCAAM,2025-26,2025-12-06T19:00:00Z,Regular,Western Hall,Western Illinois,WI,Hannibal-LaGrange,HL,78,47,FINISHED,ncaam,2026-08-23T20:56:09+00:00
ncaam-215504,NCAAM,2025-26,2025-12-06T19:00:00Z,Regular,Cotterell Court,Colgate,C,St. John Fisher,SJF,94,50,FINISHED,ncaam,2026-08-23T20:56:09+00:00
ncaam-215505,NCAAM,2025-26,2025-12-06T19:00:00Z,Regular,First Community Arena,SIU Edwardsville,SE,Western Michigan,WM,73,83,FINISHED,ncaam,2026-08-23T20:56:09+00:00
ncaam-215506,NCAAM,2025-26,2025-12-06T19:00:00Z,Regular,Atlantic Union Bank Center,James Madison,JM,Norfolk State,NS,68,67,FINISHED,ncaam,2026-08-23T20:56:09+00:00
ncaam-215507,NCAAM,2025-26,2025-12-06T19:00:00Z,Regular,Memorial Hall (DE),Delaware State,DS,Delaware,D,75,72,FINISHED,ncaam,2026-08-23T20:56:09+00:00
ncaam-358353,NCAAM,2025-26,2025-12-06T19:00:00Z,Regular,Wells Fargo Center,La Salle,LS,Drexel,D,69,64,FINISHED,ncaam,2026-08-23T20:56:09+00:00
ncaam-210197,NCAAM,2025-26,2025-12-06T19:15:00Z,Regular,Gainbridge Fieldhouse,Louisville,L,Indiana,I,87,78,FINISHED,ncaam,2026-08-23T20:56:09+00:00
ncaam-210176,NCAAM,2025-26,2025-12-06T19:30:00Z,Regular,Gentile Arena,Loyola Chicago,LC,Princeton,P,73,68,FINISHED,ncaam,2026-08-23T20:56:09+00:00
ncaam-210165,NCAAM,2025-26,2025-12-06T20:00:00Z,Regular,Cassell Coliseum,Virginia Tech,VT,George Mason,GM,73,62,FINISHED,ncaam,2026-08-23T20:56:09+00:00
ncaam-213759,NCAAM,2025-26,2025-12-06T20:00:00Z,Regular,First Bank & Trust Arena,South Dakota State,SDS,Idaho,I,81,84,FINISHED,ncaam,2026-08-23T20:56:09+00:00
ncaam-213768,NCAAM,2025-26,2025-12-06T20:00:00Z,Regular,Reynolds Center,Tulsa,T,Missouri State,MS,98,74,FINISHED,ncaam,2026-08-23T20:56:09+00:00
ncaam-213772,NCAAM,2025-26,2025-12-06T20:00:00Z,Regular,Athletics-Recreation Center,Valparaiso,V,Calumet College,CC,98,58,FINISHED,ncaam,2026-08-23T20:56:09+00:00
ncaam-213786,NCAAM,2025-26,2025-12-06T20:00:00Z,Regular,OU Credit Union O'rena,Oakland,O,Toledo,T,98,97,FINISHED,ncaam,2026-08-23T20:56:09+00:00
ncaam-213787,NCAAM,2025-26,2025-12-06T20:00:00Z,Regular,CFSB Center,Murray State,MS,Bellarmine,B,81,68,FINISHED,ncaam,2026-08-23T20:56:09+00:00
ncaam-215500,NCAAM,2025-26,2025-12-06T20:00:00Z,Regular,KSU Convocation Center,Kennesaw State,KS,Georgia State,GS,92,69,FINISHED,ncaam,2026-08-23T20:56:09+00:00
ncaam-210180,NCAAM,2025-26,2025-12-06T21:00:00Z,Regular,Hill Field House,Morgan State,MS,Longwood,L,80,84,FINISHED,ncaam,2026-08-23T20:56:09+00:00
ncaam-210193,NCAAM,2025-26,2025-12-06T21:00:00Z,Regular,David R. Stopher Gymnasium,Nicholls,N,Incarnate Word,IW,74,67,FINISHED,ncaam,2026-08-23T20:56:09+00:00
ncaam-213733,NCAAM,2025-26,2025-12-06T21:00:00Z,Regular,McDougald-McLendon Arena,North Carolina Central,NCC,North Carolina A&T,NCA,54,69,FINISHED,ncaam,2026-08-23T20:56:09+00:00
ncaam-213734,NCAAM,2025-26,2025-12-06T21:00:00Z,Regular,Jerry Richardson Indoor Stadium,Wofford,W,Elon,E,52,73,FINISHED,ncaam,2026-08-23T20:56:09+00:00
ncaam-213735,NCAAM,2025-26,2025-12-06T21:00:00Z,Regular,Convocation Center (OH),Ohio,O,Marshall,M,88,81,FINISHED,ncaam,2026-08-23T20:56:09+00:00
ncaam-213740,NCAAM,2025-26,2025-12-06T21:00:00Z,Regular,Simmons Bank Arena,Arkansas,A,Fresno State,FS,82,58,FINISHED,ncaam,2026-08-23T20:56:09+00:00
ncaam-213746,NCAAM,2025-26,2025-12-06T21:00:00Z,Regular,Crisler Center,Michigan,M,Rutgers,R,101,60,FINISHED,ncaam,2026-08-23T20:56:09+00:00
ncaam-213748,NCAAM,2025-26,2025-12-06T21:00:00Z,Regular,Carver-Hawkeye Arena,Iowa,I,Maryland,M,83,64,FINISHED,ncaam,2026-08-23T20:56:09+00:00
ncaam-213756,NCAAM,2025-26,2025-12-06T21:00:00Z,Regular,Arena-Auditorium,Wyoming,W,Dartmouth,D,93,80,FINISHED,ncaam,2026-08-23T20:56:09+00:00
ncaam-213758,NCAAM,2025-26,2025-12-06T21:00:00Z,Regular,Cajundome,Louisiana,L,UNC Wilmington,UW,63,70,FINISHED,ncaam,2026-08-23T20:56:09+00:00
ncaam-213765,NCAAM,2025-26,2025-12-06T21:00:00Z,Regular,E.A. Diddle Arena,Western Kentucky,WK,Evansville,E,80,79,FINISHED,ncaam,2026-08-23T20:56:09+00:00
ncaam-213774,NCAAM,2025-26,2025-12-06T21:00:00Z,Regular,Minges Coliseum,East Carolina,EC,UNC Greensboro,UG,78,82,FINISHED,ncaam,2026-08-23T20:56:09+00:00
ncaam-213776,NCAAM,2025-26,2025-12-06T21:00:00Z,Regular,Devlin Fieldhouse,Tulane,T,Akron,A,71,88,FINISHED,ncaam,2026-08-23T20:56:09+00:00
ncaam-213779,NCAAM,2025-26,2025-12-06T21:00:00Z,Regular,Bramlage Coliseum,Kansas State,KS,Seton Hall,SH,67,78,FINISHED,ncaam,2026-08-23T20:56:09+00:00
ncaam-213788,NCAAM,2025-26,2025-12-06T21:00:00Z,Regular,William Nicks Building,Prairie View A&M,PVA,Champion Christian,CC,124,62,FINISHED,ncaam,2026-08-23T20:56:09+00:00
ncaam-213789,NCAAM,2025-26,2025-12-06T21:00:00Z,Regular,Mullins Center,Massachusetts,M,UMass Lowell,UL,80,60,FINISHED,ncaam,2026-08-23T20:56:09+00:00
ncaam-213790,NCAAM,2025-26,2025-12-06T21:00:00Z,Regular,Moody Coliseum (Abilene),Abilene Christian,AC,New Mexico State,NMS,77,69,FINISHED,ncaam,2026-08-23T20:56:09+00:00
ncaam-213791,NCAAM,2025-26,2025-12-06T21:00:00Z,Regular,M.A.C. Center,Kent State,KS,Roberts Wesleyan,RW,111,68,FINISHED,ncaam,2026-08-23T20:56:09+00:00
ncaam-213792,NCAAM,2025-26,2025-12-06T21:00:00Z,Regular,Events Center (Binghamton),Binghamton,B,Le Moyne,LM,63,78,FINISHED,ncaam,2026-08-23T20:56:09+00:00
ncaam-215508,NCAAM,2025-26,2025-12-06T21:00:00Z,Regular,Baptist Health Arena,Eastern Kentucky,EK,Indiana University East,IUE,122,67,FINISHED,ncaam,2026-08-23T20:56:09+00:00
ncaam-213793,NCAAM,2025-26,2025-12-06T21:30:00Z,Regular,FedExForum,Memphis,M,Baylor,B,78,71,FINISHED,ncaam,2026-08-23T20:56:09+00:00
ncaam-213796,NCAAM,2025-26,2025-12-06T21:30:00Z,Regular,Trojan Arena,Troy,T,LaGrange,L,101,47,FINISHED,ncaam,2026-08-23T20:56:09+00:00
ncaam-215509,NCAAM,2025-26,2025-12-06T21:30:00Z,Regular,McKenzie Arena,Chattanooga,C,Southeast Missouri State,SMS,70,74,FINISHED,ncaam,2026-08-23T20:56:09+00:00
ncaam-358379,NCAAM,2025-26,2025-12-06T21:30:00Z,Regular,Wells Fargo Center,Temple,T,Saint Joseph's,SJ,69,70,FINISHED,ncaam,2026-08-23T20:56:09+00:00
ncaam-210171,NCAAM,2025-26,2025-12-06T22:00:00Z,Regular,Haas Pavilion,California,C,Pacific,P,67,61,FINISHED,ncaam,2026-08-23T20:56:09+00:00
ncaam-210184,NCAAM,2025-26,2025-12-06T22:00:00Z,Regular,Stabler Arena,Lehigh,L,Long Island University,LIU,82,87,FINISHED,ncaam,2026-08-23T20:56:09+00:00
ncaam-210198,NCAAM,2025-26,2025-12-06T22:00:00Z,Regular,Pizzitola Sports Center,Brown,B,Elms College,EC,115,34,FINISHED,ncaam,2026-08-23T20:56:09+00:00
ncaam-213755,NCAAM,2025-26,2025-12-06T22:00:00Z,Regular,Firestone Fieldhouse,Pepperdine,P,Vermont,V,56,65,FINISHED,ncaam,2026-08-23T20:56:09+00:00
ncaam-213760,NCAAM,2025-26,2025-12-06T22:00:00Z,Regular,Gill Coliseum,Oregon State,OS,Southern Utah,SU,81,70,FINISHED,ncaam,2026-08-23T20:56:09+00:00
ncaam-213761,NCAAM,2025-26,2025-12-06T22:00:00Z,Regular,Reese Court,Eastern Washington,EW,Kansas City,KC,90,66,FINISHED,ncaam,2026-08-23T20:56:09+00:00
ncaam-213766,NCAAM,2025-26,2025-12-06T22:00:00Z,Regular,H&PE Arena,Texas Southern,TS,Sam Houston,SH,70,82,FINISHED,ncaam,2026-08-23T20:56:09+00:00
ncaam-213781,NCAAM,2025-26,2025-12-06T22:00:00Z,Regular,Moby Arena,Colorado State,CS,Colorado,C,91,86,FINISHED,ncaam,2026-08-23T20:56:09+00:00
ncaam-213794,NCAAM,2025-26,2025-12-06T22:00:00Z,Regular,Viking Pavilion,Portland State,PS,Omaha,O,55,60,FINISHED,ncaam,2026-08-23T20:56:09+00:00
ncaam-210163,NCAAM,2025-26,2025-12-06T22:30:00Z,Regular,Levien Gymnasium,Columbia,C,UAlbany,U,93,65,FINISHED,ncaam,2026-08-23T20:56:09+00:00
ncaam-358396,NCAAM,2025-26,2025-12-06T22:30:00Z,Regular,State Farm Field House,Florida A&M,FA,Florida Memorial,FM,60,58,FINISHED,ncaam,2026-08-23T20:56:09+00:00
ncaam-210164,NCAAM,2025-26,2025-12-06T23:00:00Z,Regular,WVU Coliseum,West Virginia,WV,Wake Forest,WF,66,75,FINISHED,ncaam,2026-08-23T20:56:09+00:00
ncaam-210194,NCAAM,2025-26,2025-12-06T23:00:00Z,Regular,Lakefront Arena,New Orleans,NO,Houston Christian,HC,76,85,FINISHED,ncaam,2026-08-23T20:56:09+00:00
ncaam-210199,NCAAM,2025-26,2025-12-06T23:00:00Z,Regular,Charles E. Smith Center,George Washington,GW,William & Mary,W&M,99,86,FINISHED,ncaam,2026-08-23T20:56:09+00:00
ncaam-213744,NCAAM,2025-26,2025-12-06T23:00:00Z,Regular,Galen Center,USC,U,Washington,W,76,84,FINISHED,ncaam,2026-08-23T20:56:09+00:00
ncaam-213745,NCAAM,2025-26,2025-12-06T23:00:00Z,Regular,Pauley Pavilion,UCLA,U,Oregon,O,74,63,FINISHED,ncaam,2026-08-23T20:56:09+00:00
ncaam-213795,NCAAM,2025-26,2025-12-06T23:00:00Z,Regular,Reed Arena,Idaho State,IS,Denver,D,93,79,FINISHED,ncaam,2026-08-23T20:56:09+00:00
ncaam-215502,NCAAM,2025-26,2025-12-06T23:00:00Z,Regular,Burr Gymnasium,Howard,H,Bowie State,BS,85,69,FINISHED,ncaam,2026-08-23T20:56:09+00:00
ncaam-210188,NCAAM,2025-26,2025-12-07T00:00:00Z,Regular,Mott Athletics Center,Cal Poly,CP,UC Riverside,UR,84,88,FINISHED,ncaam,2026-08-23T20:56:09+00:00
ncaam-213778,NCAAM,2025-26,2025-12-07T00:00:00Z,Regular,Jon M. Huntsman Center,Utah,U,California Baptist,CB,91,85,FINISHED,ncaam,2026-08-23T20:56:09+00:00
ncaam-213797,NCAAM,2025-26,2025-12-07T00:00:00Z,Regular,Lundholm Gymnasium,New Hampshire,NH,Boston University,BU,88,82,FINISHED,ncaam,2026-08-23T20:56:09+00:00
ncaam-213798,NCAAM,2025-26,2025-12-07T00:00:00Z,Regular,Montagne Center,Lamar,L,Texas A&M-Corpus Christi,TACC,49,57,FINISHED,ncaam,2026-08-23T20:56:09+00:00
ncaam-210179,NCAAM,2025-26,2025-12-07T00:30:00Z,Regular,Footprint Center,Grand Canyon,GC,Oklahoma State,OS,78,84,FINISHED,ncaam,2026-08-23T20:56:09+00:00
ncaam-358380,NCAAM,2025-26,2025-12-07T00:30:00Z,Regular,Wells Fargo Center,Villanova,V,Pennsylvania,P,90,63,FINISHED,ncaam,2026-08-23T20:56:09+00:00
ncaam-210166,NCAAM,2025-26,2025-12-07T01:00:00Z,Regular,UW-Milwaukee Panther Arena,Milwaukee,M,Robert Morris,RM,74,72,FINISHED,ncaam,2026-08-23T20:56:09+00:00
ncaam-210181,NCAAM,2025-26,2025-12-07T01:00:00Z,Regular,CEFCU Arena,Illinois State,IS,Chicago State,CS,95,53,FINISHED,ncaam,2026-08-23T20:56:09+00:00
ncaam-210185,NCAAM,2025-26,2025-12-07T01:00:00Z,Regular,Bank of Colorado Arena,Northern Colorado,NC,South Dakota,SD,89,87,FINISHED,ncaam,2026-08-23T20:56:09+00:00
ncaam-210186,NCAAM,2025-26,2025-12-07T01:00:00Z,Regular,Food City Center,Tennessee,T,Illinois,I,62,75,FINISHED,ncaam,2026-08-23T20:56:09+00:00
ncaam-210195,NCAAM,2025-26,2025-12-07T01:00:00Z,Regular,Groniger Arena,Eastern Illinois,EI,Lindenwood,L,74,82,FINISHED,ncaam,2026-08-23T20:56:09+00:00
ncaam-213739,NCAAM,2025-26,2025-12-07T01:00:00Z,Regular,Carnesecca Arena,St. John's,SJ,Ole Miss,OM,63,58,FINISHED,ncaam,2026-08-23T20:56:09+00:00
ncaam-213741,NCAAM,2025-26,2025-12-07T01:00:00Z,Regular,Scheels Center,North Dakota State,NDS,Northern Arizona,NA,69,68,FINISHED,ncaam,2026-08-23T20:56:09+00:00
ncaam-213742,NCAAM,2025-26,2025-12-07T01:00:00Z,Regular,Mabee Center,Oral Roberts,OR,Montana State,MS,72,68,FINISHED,ncaam,2026-08-23T20:56:09+00:00
ncaam-213753,NCAAM,2025-26,2025-12-07T01:00:00Z,Regular,Toyota Center (Houston),Houston,H,Florida State,FS,82,67,FINISHED,ncaam,2026-08-23T20:56:09+00:00
ncaam-213763,NCAAM,2025-26,2025-12-07T01:00:00Z,Regular,Carver Arena,Bradley,B,Northern Illinois,NI,84,55,FINISHED,ncaam,2026-08-23T20:56:09+00:00
ncaam-213777,NCAAM,2025-26,2025-12-07T01:00:00Z,Regular,McLeod Center,Northern Iowa,NI,Wichita State,WS,69,74,FINISHED,ncaam,2026-08-23T20:56:09+00:00
ncaam-358354,NCAAM,2025-26,2025-12-07T01:00:00Z,Regular,Betty Engelstad Sioux Center,North Dakota,ND,Montana,M,75,79,FINISHED,ncaam,2026-08-23T20:56:09+00:00
ncaam-210191,NCAAM,2025-26,2025-12-07T02:00:00Z,Regular,Walter Pyramid,Long Beach State,LBS,UC San Diego,USD,74,80,FINISHED,ncaam,2026-08-23T20:56:09+00:00
ncaam-213743,NCAAM,2025-26,2025-12-07T02:00:00Z,Regular,Wintrust Arena,DePaul,D,Arkansas-Pine Bluff,APB,76,72,FINISHED,ncaam,2026-08-23T20:56:09+00:00
ncaam-213754,NCAAM,2025-26,2025-12-07T02:00:00Z,Regular,The Pit,New Mexico,NM,Santa Clara,SC,98,71,FINISHED,ncaam,2026-08-23T20:56:09+00:00
ncaam-213757,NCAAM,2025-26,2025-12-07T02:00:00Z,Regular,The Thunderdome,UC Santa Barbara,USB,Cal State Bakersfield,CSB,109,84,FINISHED,ncaam,2026-08-23T20:56:09+00:00
ncaam-213751,NCAAM,2025-26,2025-12-07T02:33:00Z,Regular,Jack Stephens Center,Little Rock,LR,Arkansas State,AS,78,90,FINISHED,ncaam,2026-08-23T20:56:09+00:00
ncaam-210190,NCAAM,2025-26,2025-12-07T03:00:00Z,Regular,Bren Events Center,UC Irvine,UI,Cal State Northridge,CSN,85,71,FINISHED,ncaam,2026-08-23T20:56:09+00:00
ncaam-213762,NCAAM,2025-26,2025-12-07T03:00:00Z,Regular,McKale Memorial Center,Arizona,A,Auburn,A,97,68,FINISHED,ncaam,2026-08-23T20:56:09+00:00
ncaam-213782,NCAAM,2025-26,2025-12-07T03:00:00Z,Regular,Footprint Center,Arizona State,AS,Oklahoma,O,86,70,FINISHED,ncaam,2026-08-23T20:56:09+00:00
ncaam-210189,NCAAM,2025-26,2025-12-07T04:59:00Z,Regular,Stan Sheriff Center,Hawai'i,H,Cal State Fullerton,CSF,69,59,FINISHED,ncaam,2026-08-23T20:56:09+00:00
ncaam-213812,NCAAM,2025-26,2025-12-07T17:00:00Z,Regular,Alumni Hall (Navy),Navy,N,Air Force,AF,61,56,FINISHED,ncaam,2026-08-23T20:56:09+00:00
ncaam-213815,NCAAM,2025-26,2025-12-07T17:00:00Z,Regular,Christl Arena,Army,A,Gallaudet,G,111,53,FINISHED,ncaam,2026-08-23T20:56:09+00:00
ncaam-210208,NCAAM,2025-26,2025-12-07T18:00:00Z,Regular,Matthews Arena,Northeastern,N,Central Connecticut,CC,73,56,FINISHED,ncaam,2026-08-23T20:56:09+00:00
ncaam-213737,NCAAM,2025-26,2025-12-07T18:00:00Z,Regular,Lee & Penny Anderson Arena,St. Thomas-Minnesota,STM,Weber State,WS,88,65,FINISHED,ncaam,2026-08-23T20:56:09+00:00
ncaam-213814,NCAAM,2025-26,2025-12-07T18:00:00Z,Regular,T-Mobile Center,Kansas,K,Missouri,M,80,60,FINISHED,ncaam,2026-08-23T20:56:09+00:00
ncaam-213816,NCAAM,2025-26,2025-12-07T18:00:00Z,Regular,Hammel Court,Merrimack,M,Fairfield,F,74,63,FINISHED,ncaam,2026-08-23T20:56:09+00:00
ncaam-358359,NCAAM,2025-26,2025-12-07T18:00:00Z,Regular,Hulman Center,Indiana State,IS,Southern Indiana,SI,77,55,FINISHED,ncaam,2026-08-23T20:56:09+00:00
ncaam-210205,NCAAM,2025-26,2025-12-07T19:00:00Z,Regular,Yanitelli Center,Saint Peter's,SP,Niagara,N,71,43,FINISHED,ncaam,2026-08-23T20:56:09+00:00
ncaam-210206,NCAAM,2025-26,2025-12-07T19:00:00Z,Regular,MVP Arena,Siena,S,Canisius,C,74,52,FINISHED,ncaam,2026-08-23T20:56:09+00:00
ncaam-210207,NCAAM,2025-26,2025-12-07T19:00:00Z,Regular,McCann Arena,Marist,M,Manhattan,M,80,68,FINISHED,ncaam,2026-08-23T20:56:09+00:00
ncaam-210210,NCAAM,2025-26,2025-12-07T19:00:00Z,Regular,Coleman Coliseum,Alabama,A,UTSA,U,97,55,FINISHED,ncaam,2026-08-23T20:56:09+00:00
ncaam-210214,NCAAM,2025-26,2025-12-07T19:00:00Z,Regular,John J. Lee Amphitheater,Yale,Y,UIC,U,80,66,FINISHED,ncaam,2026-08-23T20:56:09+00:00
ncaam-213803,NCAAM,2025-26,2025-12-07T19:00:00Z,Regular,Freedom Hall (TN),East Tennessee State,ETS,Tusculum,T,78,62,FINISHED,ncaam,2026-08-23T20:56:09+00:00
ncaam-213807,NCAAM,2025-26,2025-12-07T19:00:00Z,Regular,Hawkins Arena,Mercer,M,Oglethorpe,O,100,50,FINISHED,ncaam,2026-08-23T20:56:09+00:00
ncaam-213811,NCAAM,2025-26,2025-12-07T19:00:00Z,Regular,Halton Arena,Charlotte,C,Utah State,US,53,79,FINISHED,ncaam,2026-08-23T20:56:09+00:00
ncaam-213817,NCAAM,2025-26,2025-12-07T19:00:00Z,Regular,William H. Pitt Center,Sacred Heart,SH,Iona,I,69,81,FINISHED,ncaam,2026-08-23T20:56:09+00:00
ncaam-213818,NCAAM,2025-26,2025-12-07T19:00:00Z,Regular,Alico Arena,Florida Gulf Coast,FGC,Florida Atlantic,FA,76,81,FINISHED,ncaam,2026-08-23T20:56:09+00:00
ncaam-213819,NCAAM,2025-26,2025-12-07T19:00:00Z,Regular,M&T Bank Arena,Quinnipiac,Q,Rider,R,72,58,FINISHED,ncaam,2026-08-23T20:56:09+00:00
ncaam-213820,NCAAM,2025-26,2025-12-07T19:00:00Z,Regular,Mercyhurst Athletic Center,Mercyhurst,M,Bethany (WV),B(,80,51,FINISHED,ncaam,2026-08-23T20:56:09+00:00
ncaam-358360,NCAAM,2025-26,2025-12-07T19:00:00Z,Regular,UTRGV Fieldhouse,UT Rio Grande Valley,URGV,Austin Peay,AP,63,50,FINISHED,ncaam,2026-08-23T20:56:09+00:00
ncaam-358361,NCAAM,2025-26,2025-12-07T19:00:00Z,Regular,John M. Belk Arena,Davidson,D,Saint Mary's,SM,61,70,FINISHED,ncaam,2026-08-23T20:56:09+00:00
ncaam-210209,NCAAM,2025-26,2025-12-07T19:30:00Z,Regular,The Dedmon Center,Radford,R,St. Francis (PA),SF(,89,56,FINISHED,ncaam,2026-08-23T20:56:09+00:00
ncaam-210204,NCAAM,2025-26,2025-12-07T20:00:00Z,Regular,Chaifetz Arena,Saint Louis,SL,Central Michigan,CM,107,65,FINISHED,ncaam,2026-08-23T20:56:09+00:00
ncaam-213799,NCAAM,2025-26,2025-12-07T20:00:00Z,Regular,Kathleen and Tom Elam Center,UT Martin,UM,Alabama State,AS,74,64,FINISHED,ncaam,2026-08-23T20:56:09+00:00
ncaam-213801,NCAAM,2025-26,2025-12-07T20:00:00Z,Regular,Thomas Assembly Center,Louisiana Tech,LT,Ecclesia,E,89,37,FINISHED,ncaam,2026-08-23T20:56:09+00:00
ncaam-213813,NCAAM,2025-26,2025-12-07T20:00:00Z,Regular,Dickies Arena,Texas Tech,TT,LSU,L,82,58,FINISHED,ncaam,2026-08-23T20:56:09+00:00
ncaam-358362,NCAAM,2025-26,2025-12-07T20:00:00Z,Regular,William R. Johnson Coliseum,Stephen F. Austin,SFA,UL Monroe,UM,96,76,FINISHED,ncaam,2026-08-23T20:56:09+00:00
ncaam-210202,NCAAM,2025-26,2025-12-07T21:00:00Z,Regular,Petersen Events Center,Pittsburgh,P,Hofstra,H,73,80,FINISHED,ncaam,2026-08-23T20:56:09+00:00
ncaam-210215,NCAAM,2025-26,2025-12-07T21:00:00Z,Regular,Maples Pavilion,Stanford,S,UNLV,U,74,75,FINISHED,ncaam,2026-08-23T20:56:09+00:00
ncaam-213802,NCAAM,2025-26,2025-12-07T21:00:00Z,Regular,Cadence Bank Arena,Mississippi State,MS,San Francisco,SF,62,65,FINISHED,ncaam,2026-08-23T20:56:09+00:00
ncaam-213804,NCAAM,2025-26,2025-12-07T21:00:00Z,Regular,Addition Financial Arena,UCF,U,Towson,T,86,61,FINISHED,ncaam,2026-08-23T20:56:09+00:00
ncaam-213809,NCAAM,2025-26,2025-12-07T21:00:00Z,Regular,Stroh Center,Bowling Green,BG,Aquinas,A,131,50,FINISHED,ncaam,2026-08-23T20:56:09+00:00
ncaam-358363,NCAAM,2025-26,2025-12-07T21:00:00Z,Regular,John W. Pope Jr. Convocation Center,Campbell,C,Virginia-Lynchburg,VL,149,62,FINISHED,ncaam,2026-08-23T20:56:09+00:00
ncaam-210212,NCAAM,2025-26,2025-12-07T21:30:00Z,Regular,Murphy Center,Middle Tennessee,MT,Belmont,B,62,83,FINISHED,ncaam,2026-08-23T20:56:09+00:00
ncaam-210213,NCAAM,2025-26,2025-12-07T21:30:00Z,Regular,Pride Roofing University Center,SE Louisiana,SL,Northwestern State,NS,68,76,FINISHED,ncaam,2026-08-23T20:56:09+00:00
ncaam-210200,NCAAM,2025-26,2025-12-07T22:00:00Z,Regular,Nutter Center,Wright State,WS,Green Bay,GB,86,58,FINISHED,ncaam,2026-08-23T20:56:09+00:00
ncaam-210201,NCAAM,2025-26,2025-12-07T22:00:00Z,Regular,College Park Center,SMU,S,Texas A&M,TA,93,80,FINISHED,ncaam,2026-08-23T20:56:09+00:00
ncaam-210203,NCAAM,2025-26,2025-12-07T22:00:00Z,Regular,Dean E. Smith Center,North Carolina,NC,Georgetown,G,81,61,FINISHED,ncaam,2026-08-23T20:56:09+00:00
ncaam-213805,NCAAM,2025-26,2025-12-07T22:00:00Z,Regular,Beasley Coliseum,Washington State,WS,Nevada,N,64,78,FINISHED,ncaam,2026-08-23T20:56:09+00:00
ncaam-213810,NCAAM,2025-26,2025-12-07T22:00:00Z,Regular,Pinnacle Bank Arena,Nebraska,N,Creighton,C,71,50,FINISHED,ncaam,2026-08-23T20:56:09+00:00
ncaam-213821,NCAAM,2025-26,2025-12-07T22:00:00Z,Regular,Allen Arena,Lipscomb,L,Alabama A&M,AA,92,58,FINISHED,ncaam,2026-08-23T20:56:09+00:00
ncaam-358364,NCAAM,2025-26,2025-12-07T22:00:00Z,Regular,Pete Mathews Coliseum,Jacksonville State,JS,Auburn-Montgomery,AM,66,39,FINISHED,ncaam,2026-08-23T20:56:09+00:00
ncaam-210211,NCAAM,2025-26,2025-12-07T22:30:00Z,Regular,The Super Pit,North Texas,NT,TCU,T,55,65,FINISHED,ncaam,2026-08-23T20:56:09+00:00
ncaam-213800,NCAAM,2025-26,2025-12-07T22:30:00Z,Regular,Wisdom Gym,Tarleton State,TS,Cameron,C,93,63,FINISHED,ncaam,2026-08-23T20:56:09+00:00
ncaam-213822,NCAAM,2025-26,2025-12-07T23:00:00Z,Regular,The Field House,East Texas A&M,ETA,Central Arkansas,CA,75,68,FINISHED,ncaam,2026-08-23T20:56:09+00:00
ncaam-358365,NCAAM,2025-26,2025-12-08T00:00:00Z,Regular,Pete Hanna Center,Samford,S,Cornell,C,93,90,FINISHED,ncaam,2026-08-23T20:56:09+00:00
ncaam-213806,NCAAM,2025-26,2025-12-08T01:00:00Z,Regular,Redhawk Center,Seattle U,SU,UTEP,U,75,68,FINISHED,ncaam,2026-08-23T20:56:09+00:00
ncaam-213808,NCAAM,2025-26,2025-12-08T02:00:00Z,Regular,McCarthey Athletic Center,Gonzaga,G,North Florida,NF,109,58,FINISHED,ncaam,2026-08-23T20:56:09+00:00
ncaam-358366,NCAAM,2025-26,2025-12-08T17:00:00Z,Regular,KSU Convocation Center,Kennesaw State,KS,Southern Wesleyan,SW,121,66,FINISHED,ncaam,2026-08-23T20:56:09+00:00
ncaam-210216,NCAAM,2025-26,2025-12-08T23:00:00Z,Regular,The Palestra,Pennsylvania,P,Lafayette,L,74,72,FINISHED,ncaam,2026-08-23T20:56:09+00:00
ncaam-213825,NCAAM,2025-26,2025-12-09T00:00:00Z,Regular,Buccaneer Fieldhouse,Charleston Southern,CS,South Carolina State,SCS,84,44,FINISHED,ncaam,2026-08-23T20:56:09+00:00
ncaam-210217,NCAAM,2025-26,2025-12-09T01:00:00Z,Regular,Lakefront Arena,New Orleans,NO,Incarnate Word,IW,84,83,FINISHED,ncaam,2026-08-23T20:56:09+00:00
ncaam-213823,NCAAM,2025-26,2025-12-09T01:00:00Z,Regular,Moody Center,Texas,T,Southern,S,95,69,FINISHED,ncaam,2026-08-23T20:56:09+00:00
ncaam-213824,NCAAM,2025-26,2025-12-09T01:00:00Z,Regular,Bramlage Coliseum,Kansas State,KS,Mississippi Valley State,MVS,108,49,FINISHED,ncaam,2026-08-23T20:56:09+00:00
ncaam-213826,NCAAM,2025-26,2025-12-09T01:00:00Z,Regular,Reed Green Coliseum,Southern Miss,SM,Grambling,G,68,60,FINISHED,ncaam,2026-08-23T20:56:09+00:00
ncaam-358367,NCAAM,2025-26,2025-12-09T18:00:00Z,Regular,Fant-Ewing Coliseum,UL Monroe,UM,Arkansas Baptist,AB,79,69,FINISHED,ncaam,2026-08-23T20:56:09+00:00
ncaam-213843,NCAAM,2025-26,2025-12-09T22:00:00Z,Regular,Chesapeake Employers Insurance Arena,UMBC,U,Buffalo,B,79,83,FINISHED,ncaam,2026-08-23T20:56:09+00:00
ncaam-210222,NCAAM,2025-26,2025-12-09T23:00:00Z,Regular,Hart Center,Holy Cross,HC,Regis,R,69,47,FINISHED,ncaam,2026-08-23T20:56:09+00:00
ncaam-213844,NCAAM,2025-26,2025-12-09T23:00:00Z,Regular,Cameron Hall,VMI,V,Loyola Maryland,LM,86,70,FINISHED,ncaam,2026-08-23T20:56:09+00:00
ncaam-210225,NCAAM,2025-26,2025-12-09T23:30:00Z,Regular,Marriott Center,BYU,B,Clemson,C,67,64,FINISHED,ncaam,2026-08-23T20:56:09+00:00
ncaam-213828,NCAAM,2025-26,2025-12-09T23:30:00Z,Regular,Winthrop Coliseum,Winthrop,W,Toccoa Falls,TF,111,62,FINISHED,ncaam,2026-08-23T20:56:09+00:00
ncaam-213832,NCAAM,2025-26,2025-12-09T23:30:00Z,Regular,Timmons Arena,Furman,F,Bob Jones,BJ,105,57,FINISHED,ncaam,2026-08-23T20:56:09+00:00
ncaam-213835,NCAAM,2025-26,2025-12-09T23:30:00Z,Regular,Crisler Center,Michigan,M,Villanova,V,89,61,FINISHED,ncaam,2026-08-23T20:56:09+00:00
ncaam-210219,NCAAM,2025-26,2025-12-10T00:00:00Z,Regular,John Paul Jones Arena,Virginia,V,Maryland Eastern Shore,MES,84,60,FINISHED,ncaam,2026-08-23T20:56:09+00:00
ncaam-210220,NCAAM,2025-26,2025-12-10T00:00:00Z,Regular,Thomas M. Ryan Center,Rhode Island,RI,McNeese,M,64,66,FINISHED,ncaam,2026-08-23T20:56:09+00:00
ncaam-210224,NCAAM,2025-26,2025-12-10T00:00:00Z,Regular,Alumni Gymnasium (Rider),Rider,R,Bucknell,B,38,51,FINISHED,ncaam,2026-08-23T20:56:09+00:00
ncaam-210226,NCAAM,2025-26,2025-12-10T00:00:00Z,Regular,Stony Brook Arena,Stony Brook,SB,Columbia,C,77,73,FINISHED,ncaam,2026-08-23T20:56:09+00:00
ncaam-213827,NCAAM,2025-26,2025-12-10T00:00:00Z,Regular,Corbett Sports Center,Howard,H,North Carolina A&T,NCA,73,69,FINISHED,ncaam,2026-08-23T20:56:09+00:00
ncaam-213829,NCAAM,2025-26,2025-12-10T00:00:00Z,Regular,Liacouras Center,Temple,T,Georgian Court,GC,103,57,FINISHED,ncaam,2026-08-23T20:56:09+00:00
ncaam-213836,NCAAM,2025-26,2025-12-10T00:00:00Z,Regular,Truist Arena,Northern Kentucky,NK,Brescia,B,92,53,FINISHED,ncaam,2026-08-23T20:56:09+00:00
ncaam-213838,NCAAM,2025-26,2025-12-10T00:00:00Z,Regular,Michael J. Hagan '85 Arena,Saint Joseph's,SJ,Coppin State,CS,87,65,FINISHED,ncaam,2026-08-23T20:56:09+00:00
ncaam-213839,NCAAM,2025-26,2025-12-10T00:00:00Z,Regular,Worthen Arena,Ball State,BS,South Dakota State,SDS,64,68,FINISHED,ncaam,2026-08-23T20:56:09+00:00
ncaam-213841,NCAAM,2025-26,2025-12-10T00:00:00Z,Regular,WVU Coliseum,West Virginia,WV,Little Rock,LR,90,58,FINISHED,ncaam,2026-08-23T20:56:09+00:00
ncaam-213845,NCAAM,2025-26,2025-12-10T00:00:00Z,Regular,Hyland Arena,Lindenwood,L,Culver-Stockton,CS,110,44,FINISHED,ncaam,2026-08-23T20:56:09+00:00
ncaam-358368,NCAAM,2025-26,2025-12-10T00:00:00Z,Regular,Rupp Arena,Kentucky,K,North Carolina Central,NCC,103,67,FINISHED,ncaam,2026-08-23T20:56:09+00:00
ncaam-358369,NCAAM,2025-26,2025-12-10T00:00:00Z,Regular,McAlister Field House,The Citadel,TC,Southern Wesleyan,SW,98,73,FINISHED,ncaam,2026-08-23T20:56:09+00:00
ncaam-358370,NCAAM,2025-26,2025-12-10T00:00:00Z,Regular,McKenzie Arena,Chattanooga,C,Oakwood,O,103,46,FINISHED,ncaam,2026-08-23T20:56:09+00:00
ncaam-210218,NCAAM,2025-26,2025-12-10T00:30:00Z,Regular,Amica Mutual Pavilion,Providence,P,Brown,B,86,79,FINISHED,ncaam,2026-08-23T20:56:09+00:00
ncaam-213830,NCAAM,2025-26,2025-12-10T00:30:00Z,Regular,Schottenstein Center,Ohio State,OS,Illinois,I,80,88,FINISHED,ncaam,2026-08-23T20:56:09+00:00
ncaam-210221,NCAAM,2025-26,2025-12-10T01:00:00Z,Regular,Wintrust Arena,DePaul,D,Morgan State,MS,92,49,FINISHED,ncaam,2026-08-23T20:56:09+00:00
ncaam-358371,NCAAM,2025-26,2025-12-10T01:00:00Z,Regular,Baxter Arena,Omaha,O,Doane,D,79,70,FINISHED,ncaam,2026-08-23T20:56:09+00:00
ncaam-210223,NCAAM,2025-26,2025-12-10T01:30:00Z,Regular,Arena-Auditorium,Wyoming,W,South Dakota,SD,106,79,FINISHED,ncaam,2026-08-23T20:56:09+00:00
ncaam-213831,NCAAM,2025-26,2025-12-10T01:30:00Z,Regular,Simon Skjodt Assembly Hall,Indiana,I,Penn State,PS,113,72,FINISHED,ncaam,2026-08-23T20:56:09+00:00
ncaam-213833,NCAAM,2025-26,2025-12-10T02:00:00Z,Regular,Jenny Craig Pavilion,San Diego,SD,USC,U,81,94,FINISHED,ncaam,2026-08-23T20:56:09+00:00
ncaam-213834,NCAAM,2025-26,2025-12-10T02:00:00Z,Regular,Moby Arena,Colorado State,CS,Dartmouth,D,76,55,FINISHED,ncaam,2026-08-23T20:56:09+00:00
ncaam-213842,NCAAM,2025-26,2025-12-10T02:00:00Z,Regular,Desert Financial Arena,Arizona State,AS,Northern Arizona,NA,73,48,FINISHED,ncaam,2026-08-23T20:56:09+00:00
ncaam-213846,NCAAM,2025-26,2025-12-10T02:00:00Z,Regular,Hamilton Gymnasium,Denver,D,Colorado Christian,CC,95,59,FINISHED,ncaam,2026-08-23T20:56:09+00:00
ncaam-210227,NCAAM,2025-26,2025-12-10T02:31:00Z,Regular,Madison Square Garden,UConn,U,Florida,F,77,73,FINISHED,ncaam,2026-08-23T20:56:09+00:00
ncaam-213837,NCAAM,2025-26,2025-12-10T03:00:00Z,Regular,Provident Credit Union Event Center,San José State,SJS,Long Beach State,LBS,89,83,FINISHED,ncaam,2026-08-23T20:56:09+00:00
ncaam-213840,NCAAM,2025-26,2025-12-10T03:00:00Z,Regular,Haas Pavilion,California,C,Dominican (CA),D(,93,71,FINISHED,ncaam,2026-08-23T20:56:09+00:00
ncaam-213863,NCAAM,2025-26,2025-12-10T17:00:00Z,Regular,Foster Pavilion,Baylor,B,Norfolk State,NS,97,67,FINISHED,ncaam,2026-08-23T20:56:09+00:00
ncaam-210234,NCAAM,2025-26,2025-12-10T21:30:00Z,Regular,MassMutual Center,Yale,Y,UAlbany,U,93,82,FINISHED,ncaam,2026-08-23T20:56:09+00:00
ncaam-213864,NCAAM,2025-26,2025-12-10T22:00:00Z,Regular,Jadwin Gymnasium,Princeton,P,Merrimack,M,56,59,FINISHED,ncaam,2026-08-23T20:56:09+00:00
ncaam-213852,NCAAM,2025-26,2025-12-10T23:00:00Z,Regular,Costello Athletic Center,UMass Lowell,UL,Fisher College,FC,122,73,FINISHED,ncaam,2026-08-23T20:56:09+00:00
ncaam-358372,NCAAM,2025-26,2025-12-10T23:00:00Z,Regular,Kimmel Arena,UNC Asheville,UA,Miami (OH),M(,87,90,FINISHED,ncaam,2026-08-23T20:56:09+00:00
ncaam-210228,NCAAM,2025-26,2025-12-11T00:00:00Z,Regular,Purcell Pavilion,Notre Dame,ND,Idaho,I,80,65,FINISHED,ncaam,2026-08-23T20:56:09+00:00
ncaam-210229,NCAAM,2025-26,2025-12-11T00:00:00Z,Regular,Lenovo Center,NC State,NS,Liberty,L,85,45,FINISHED,ncaam,2026-08-23T20:56:09+00:00
ncaam-210230,NCAAM,2025-26,2025-12-11T00:00:00Z,Regular,Reilly Center,St. Bonaventure,SB,Colgate,C,85,77,FINISHED,ncaam,2026-08-23T20:56:09+00:00
ncaam-210231,NCAAM,2025-26,2025-12-11T00:00:00Z,Regular,Charles E. Smith Center,George Washington,GW,Delaware,D,58,70,FINISHED,ncaam,2026-08-23T20:56:09+00:00
ncaam-210233,NCAAM,2025-26,2025-12-11T00:00:00Z,Regular,Rose Hill Gym,Fordham,F,Fairleigh Dickinson,FD,75,54,FINISHED,ncaam,2026-08-23T20:56:09+00:00
ncaam-210235,NCAAM,2025-26,2025-12-11T00:00:00Z,Regular,MassMutual Center,Boston College,BC,Massachusetts,M,74,76,FINISHED,ncaam,2026-08-23T20:56:09+00:00
ncaam-213850,NCAAM,2025-26,2025-12-11T00:00:00Z,Regular,Yuengling Center,South Florida,SF,Charleston,C,81,75,FINISHED,ncaam,2026-08-23T20:56:09+00:00
ncaam-213851,NCAAM,2025-26,2025-12-11T00:00:00Z,Regular,Eleanor R. Baldwin Arena,Florida Atlantic,FA,Saint Leo,SL,112,55,FINISHED,ncaam,2026-08-23T20:56:09+00:00
ncaam-213854,NCAAM,2025-26,2025-12-11T00:00:00Z,Regular,Mackey Arena,Purdue,P,Minnesota,M,85,57,FINISHED,ncaam,2026-08-23T20:56:09+00:00
ncaam-213859,NCAAM,2025-26,2025-12-11T00:00:00Z,Regular,Cam Henderson Center,Marshall,M,Western Kentucky,WK,77,61,FINISHED,ncaam,2026-08-23T20:56:09+00:00
ncaam-213860,NCAAM,2025-26,2025-12-11T00:00:00Z,Regular,Siegel Center,VCU,V,New Mexico,NM,78,81,FINISHED,ncaam,2026-08-23T20:56:09+00:00
ncaam-213861,NCAAM,2025-26,2025-12-11T00:00:00Z,Regular,Case Gym,Boston University,BU,Maine,M,59,69,FINISHED,ncaam,2026-08-23T20:56:09+00:00
ncaam-213862,NCAAM,2025-26,2025-12-11T00:00:00Z,Regular,Hynes Athletics Center,Iona,I,Bryant,B,69,63,FINISHED,ncaam,2026-08-23T20:56:09+00:00
ncaam-358373,NCAAM,2025-26,2025-12-11T00:00:00Z,Regular,David S. Mack Sports and Exhibition Complex,Hofstra,H,Old Westbury,OW,92,23,FINISHED,ncaam,2026-08-23T20:56:09+00:00
ncaam-358374,NCAAM,2025-26,2025-12-11T00:00:00Z,Regular,Joel & Diane Bloom Wellness and Events Center,NJIT,N,New Haven,NH,70,64,FINISHED,ncaam,2026-08-23T20:56:09+00:00
ncaam-213849,NCAAM,2025-26,2025-12-11T00:30:00Z,Regular,Devlin Fieldhouse,Tulane,T,Tougaloo,T,84,72,FINISHED,ncaam,2026-08-23T20:56:09+00:00
ncaam-213853,NCAAM,2025-26,2025-12-11T00:30:00Z,Regular,David R. Stopher Gymnasium,Nicholls,N,College Of Biblical Studies,COBS,117,49,FINISHED,ncaam,2026-08-23T20:56:09+00:00
ncaam-213847,NCAAM,2025-26,2025-12-11T01:00:00Z,Regular,Reynolds Center,Tulsa,T,Arkansas-Pine Bluff,APB,117,84,FINISHED,ncaam,2026-08-23T20:56:09+00:00
ncaam-213848,NCAAM,2025-26,2025-12-11T01:00:00Z,Regular,Swinney Center,Kansas City,KC,Weber State,WS,60,64,FINISHED,ncaam,2026-08-23T20:56:09+00:00
ncaam-213857,NCAAM,2025-26,2025-12-11T01:00:00Z,Regular,Fertitta Center,Houston,H,Jackson State,JS,80,38,FINISHED,ncaam,2026-08-23T20:56:09+00:00
ncaam-213867,NCAAM,2025-26,2025-12-11T01:00:00Z,Regular,UCCU Center,Utah Valley,UV,Idaho State,IS,73,69,FINISHED,ncaam,2026-08-23T20:56:09+00:00
ncaam-213868,NCAAM,2025-26,2025-12-11T01:00:00Z,Regular,Memorial Coliseum (IN),Purdue Fort Wayne,PFW,Eastern Michigan,EM,80,65,FINISHED,ncaam,2026-08-23T20:56:09+00:00
ncaam-358375,NCAAM,2025-26,2025-12-11T01:00:00Z,Regular,Betty Engelstad Sioux Center,North Dakota,ND,Crown College,CC,89,43,FINISHED,ncaam,2026-08-23T20:56:09+00:00
ncaam-358376,NCAAM,2025-26,2025-12-11T01:00:00Z,Regular,Banterra Center,Southern Illinois,SI,UT Martin,UM,83,54,FINISHED,ncaam,2026-08-23T20:56:09+00:00
ncaam-358377,NCAAM,2025-26,2025-12-11T01:00:00Z,Regular,Groniger Arena,Eastern Illinois,EI,Eastern Kentucky,EK,59,68,FINISHED,ncaam,2026-08-23T20:56:09+00:00
ncaam-213869,NCAAM,2025-26,2025-12-11T01:30:00Z,Regular,Strahan Arena at the University Events Center,Texas State,TS,Southern,S,86,83,FINISHED,ncaam,2026-08-23T20:56:09+00:00
ncaam-210232,NCAAM,2025-26,2025-12-11T02:00:00Z,Regular,ExtraMile Arena,Boise State,BS,Duquesne,D,86,64,FINISHED,ncaam,2026-08-23T20:56:09+00:00
ncaam-213855,NCAAM,2025-26,2025-12-11T02:00:00Z,Regular,Pinnacle Bank Arena,Nebraska,N,Wisconsin,W,90,60,FINISHED,ncaam,2026-08-23T20:56:09+00:00
ncaam-213858,NCAAM,2025-26,2025-12-11T03:00:00Z,Regular,Viejas Arena,San Diego State,SDS,Lamar,L,89,71,FINISHED,ncaam,2026-08-23T20:56:09+00:00
ncaam-213865,NCAAM,2025-26,2025-12-11T03:00:00Z,Regular,Premier America Credit Union Arena,Cal State Northridge,CSN,Fresno State,FS,89,87,FINISHED,ncaam,2026-08-23T20:56:09+00:00
ncaam-213866,NCAAM,2025-26,2025-12-11T03:00:00Z,Regular,Titan Gym,Cal State Fullerton,CSF,Bethesda University,BU,116,66,FINISHED,ncaam,2026-08-23T20:56:09+00:00
ncaam-358378,NCAAM,2025-26,2025-12-11T03:45:00Z,Regular,Dahlberg Arena,Montana,M,Salish Kootenai,SK,102,46,FINISHED,ncaam,2026-08-23T20:56:09+00:00
ncaam-213856,NCAAM,2025-26,2025-12-11T04:59:00Z,Regular,Stan Sheriff Center,Hawai'i,H,Hawai'i Hilo,HH,98,46,FINISHED,ncaam,2026-08-23T20:56:09+00:00
ncaam-210237,NCAAM,2025-26,2025-12-11T23:30:00Z,Regular,The Jungle,IU Indianapolis,II,Green Bay,GB,75,85,FINISHED,ncaam,2026-08-23T20:56:09+00:00
ncaam-210236,NCAAM,2025-26,2025-12-12T00:00:00Z,Regular,Cassell Coliseum,Virginia Tech,VT,Western Carolina,WC,96,74,FINISHED,ncaam,2026-08-23T20:56:09+00:00
ncaam-213872,NCAAM,2025-26,2025-12-12T00:00:00Z,Regular,Swisher Gymnasium,Jacksonville,J,Trinity Baptist,TB,122,49,FINISHED,ncaam,2026-08-23T20:56:09+00:00
ncaam-213873,NCAAM,2025-26,2025-12-12T00:00:00Z,Regular,Minges Coliseum,East Carolina,EC,App State,AS,54,67,FINISHED,ncaam,2026-08-23T20:56:09+00:00
ncaam-358381,NCAAM,2025-26,2025-12-12T00:00:00Z,Regular,Spiro Sports Center,Wagner,W,Bloomfield,B,95,93,FINISHED,ncaam,2026-08-23T20:56:09+00:00
ncaam-358382,NCAAM,2025-26,2025-12-12T00:00:00Z,Regular,Jack and Ruth Ann Hill Convocation Center,Georgia Southern,GS,Coastal Georgia,CG,100,58,FINISHED,ncaam,2026-08-23T20:56:09+00:00
ncaam-213871,NCAAM,2025-26,2025-12-12T00:30:00Z,Regular,UTRGV Fieldhouse,UT Rio Grande Valley,URGV,UT Arlington,UA,50,58,FINISHED,ncaam,2026-08-23T20:56:09+00:00
ncaam-213870,NCAAM,2025-26,2025-12-12T01:00:00Z,Regular,Mizzou Arena,Missouri,M,Alabama State,AS,85,77,FINISHED,ncaam,2026-08-23T20:56:09+00:00
ncaam-213874,NCAAM,2025-26,2025-12-12T01:00:00Z,Regular,Hilton Coliseum,Iowa State,IS,Iowa,I,66,62,FINISHED,ncaam,2026-08-23T20:56:09+00:00
ncaam-358383,NCAAM,2025-26,2025-12-12T01:00:00Z,Regular,Lee & Penny Anderson Arena,St. Thomas-Minnesota,STM,Saint John's (MN),SJ(,80,56,FINISHED,ncaam,2026-08-23T20:56:09+00:00
ncaam-210009,NCAAM,2025-26,2025-12-12T02:00:00Z,Regular,Thomas & Mack Center,Syracuse,S,Saint Joseph's,SJ,71,63,FINISHED,ncaam,2026-08-23T20:56:09+00:00
ncaam-213876,NCAAM,2025-26,2025-12-12T02:00:00Z,Regular,Hamilton Gymnasium,Denver,D,Alaska Anchorage,AA,97,61,FINISHED,ncaam,2026-08-23T20:56:09+00:00
ncaam-213875,NCAAM,2025-26,2025-12-12T02:30:00Z,Regular,Icardo Center,Cal State Bakersfield,CSB,North Dakota State,NDS,69,80,FINISHED,ncaam,2026-08-23T20:56:09+00:00
ncaam-213881,NCAAM,2025-26,2025-12-12T23:00:00Z,Regular,Chesapeake Employers Insurance Arena,UMBC,U,Army,A,60,63,FINISHED,ncaam,2026-08-23T20:56:09+00:00
ncaam-213879,NCAAM,2025-26,2025-12-13T00:00:00Z,Regular,Cintas Center,Xavier,X,Missouri State,MS,75,57,FINISHED,ncaam,2026-08-23T20:56:09+00:00
ncaam-213880,NCAAM,2025-26,2025-12-13T00:00:00Z,Regular,Corbett Sports Center,North Carolina A&T,NCA,Maryland Eastern Shore,MES,82,79,FINISHED,ncaam,2026-08-23T20:56:09+00:00
ncaam-213882,NCAAM,2025-26,2025-12-13T00:00:00Z,Regular,Paul Porter Arena,Gardner-Webb,GW,Brevard,B,77,63,FINISHED,ncaam,2026-08-23T20:56:09+00:00
ncaam-213883,NCAAM,2025-26,2025-12-13T00:00:00Z,Regular,Curry Arena,Queens University,QU,South Carolina State,SCS,102,78,FINISHED,ncaam,2026-08-23T20:56:09+00:00
ncaam-213884,NCAAM,2025-26,2025-12-13T00:00:00Z,Regular,Merkert Gymnasium,Stonehill,S,Vermont State - Johnson,VSJ,101,60,FINISHED,ncaam,2026-08-23T20:56:09+00:00
ncaam-358384,NCAAM,2025-26,2025-12-13T00:00:00Z,Regular,First Horizon Coliseum,UNC Greensboro,UG,William Peace,WP,90,62,FINISHED,ncaam,2026-08-23T20:56:09+00:00
ncaam-210238,NCAAM,2025-26,2025-12-13T01:00:00Z,Regular,XL Center,UConn,U,Texas,T,71,63,FINISHED,ncaam,2026-08-23T20:56:09+00:00
ncaam-213877,NCAAM,2025-26,2025-12-13T01:00:00Z,Regular,F&M Bank Arena,Austin Peay,AP,East Tennessee State,ETS,76,75,FINISHED,ncaam,2026-08-23T20:56:09+00:00
ncaam-213885,NCAAM,2025-26,2025-12-13T01:00:00Z,Regular,American Bank Center,Texas A&M-Corpus Christi,TACC,Dallas Christian,DC,108,55,FINISHED,ncaam,2026-08-23T20:56:09+00:00
ncaam-358385,NCAAM,2025-26,2025-12-13T01:00:00Z,Regular,First Bank & Trust Arena,South Dakota State,SDS,Dakota Wesleyan,DW,94,62,FINISHED,ncaam,2026-08-23T20:56:09+00:00
ncaam-210239,NCAAM,2025-26,2025-12-13T01:30:00Z,Regular,Legacy Center,McNeese,M,East Texas A&M,ETA,102,66,FINISHED,ncaam,2026-08-23T20:56:09+00:00
ncaam-213878,NCAAM,2025-26,2025-12-13T02:00:00Z,Regular,Reese Court,Eastern Washington,EW,California Baptist,CB,83,88,FINISHED,ncaam,2026-08-23T20:56:09+00:00
ncaam-210268,NCAAM,2025-26,2025-12-13T17:00:00Z,Regular,Watsco Center,Miami,M,UL Monroe,UM,104,79,FINISHED,ncaam,2026-08-23T20:56:09+00:00
ncaam-213896,NCAAM,2025-26,2025-12-13T17:00:00Z,Regular,Eleanor R. Baldwin Arena,Florida Atlantic,FA,UAlbany,U,105,79,FINISHED,ncaam,2026-08-23T20:56:09+00:00
ncaam-213897,NCAAM,2025-26,2025-12-13T17:00:00Z,Regular,American Airlines Center,Arkansas,A,Texas Tech,TT,93,86,FINISHED,ncaam,2026-08-23T20:56:09+00:00
ncaam-213898,NCAAM,2025-26,2025-12-13T17:00:00Z,Regular,Amerant Bank Arena,Florida State,FS,Massachusetts,M,95,103,FINISHED,ncaam,2026-08-23T20:56:09+00:00
ncaam-213901,NCAAM,2025-26,2025-12-13T17:00:00Z,Regular,Charles Koch Arena,Wichita State,WS,DePaul,D,58,61,FINISHED,ncaam,2026-08-23T20:56:09+00:00
ncaam-213902,NCAAM,2025-26,2025-12-13T17:00:00Z,Regular,Bryce Jordan Center,Penn State,PS,Michigan State,MS,72,76,FINISHED,ncaam,2026-08-23T20:56:09+00:00
ncaam-213909,NCAAM,2025-26,2025-12-13T17:00:00Z,Regular,Carnesecca Arena,St. John's,SJ,Iona,I,91,64,FINISHED,ncaam,2026-08-23T20:56:09+00:00
ncaam-213915,NCAAM,2025-26,2025-12-13T17:00:00Z,Regular,Stony Brook Arena,Stony Brook,SB,Central Michigan,CM,78,55,FINISHED,ncaam,2026-08-23T20:56:09+00:00
ncaam-213899,NCAAM,2025-26,2025-12-13T17:30:00Z,Regular,EagleBank Arena,George Mason,GM,Old Dominion,OD,73,61,FINISHED,ncaam,2026-08-23T20:56:09+00:00
ncaam-210259,NCAAM,2025-26,2025-12-13T18:00:00Z,Regular,Paycom Center,Oklahoma State,OS,Oklahoma,O,76,85,FINISHED,ncaam,2026-08-23T20:56:09+00:00
ncaam-210264,NCAAM,2025-26,2025-12-13T18:00:00Z,Regular,Bob Carpenter Center,Delaware,D,Cal State Northridge,CSN,66,88,FINISHED,ncaam,2026-08-23T20:56:09+00:00
ncaam-213914,NCAAM,2025-26,2025-12-13T18:00:00Z,Regular,Schar Center,Elon,E,Northern Illinois,NI,85,79,FINISHED,ncaam,2026-08-23T20:56:09+00:00
ncaam-213917,NCAAM,2025-26,2025-12-13T18:00:00Z,Regular,UPMC Events Center,Robert Morris,RM,Toledo,T,75,70,FINISHED,ncaam,2026-08-23T20:56:09+00:00
ncaam-210244,NCAAM,2025-26,2025-12-13T19:00:00Z,Regular,Purcell Pavilion,Notre Dame,ND,Evansville,E,82,58,FINISHED,ncaam,2026-08-23T20:56:09+00:00
ncaam-210245,NCAAM,2025-26,2025-12-13T19:00:00Z,Regular,Dean E. Smith Center,North Carolina,NC,South Carolina Upstate,SCU,80,62,FINISHED,ncaam,2026-08-23T20:56:09+00:00
ncaam-210257,NCAAM,2025-26,2025-12-13T19:00:00Z,Regular,The Pit in Memorial Gymnasium,Maine,M,Canisius,C,43,70,FINISHED,ncaam,2026-08-23T20:56:09+00:00
ncaam-210267,NCAAM,2025-26,2025-12-13T19:00:00Z,Regular,Sanford Coyote Sports Center,South Dakota,SD,Prairie View A&M,PVA,97,85,FINISHED,ncaam,2026-08-23T20:56:09+00:00
ncaam-213890,NCAAM,2025-26,2025-12-13T19:00:00Z,Regular,Delta Center,Utah Valley,UV,UC Santa Barbara,USB,68,53,FINISHED,ncaam,2026-08-23T20:56:09+00:00
ncaam-213891,NCAAM,2025-26,2025-12-13T19:00:00Z,Regular,Welsh-Ryan Arena,Northwestern,N,Jackson State,JS,93,53,FINISHED,ncaam,2026-08-23T20:56:09+00:00
ncaam-213908,NCAAM,2025-26,2025-12-13T19:00:00Z,Regular,Leede Arena,Dartmouth,D,Boston University,BU,77,64,FINISHED,ncaam,2026-08-23T20:56:09+00:00
ncaam-213918,NCAAM,2025-26,2025-12-13T19:00:00Z,Regular,Knights Hall,Bellarmine,B,Northern Kentucky,NK,76,80,FINISHED,ncaam,2026-08-23T20:56:09+00:00
ncaam-213919,NCAAM,2025-26,2025-12-13T19:00:00Z,Regular,Mackey Arena,Purdue,P,Marquette,M,79,59,FINISHED,ncaam,2026-08-23T20:56:09+00:00
ncaam-213920,NCAAM,2025-26,2025-12-13T19:00:00Z,Regular,Hinkle Fieldhouse,Butler,B,Providence,P,113,110,FINISHED,ncaam,2026-08-23T20:56:09+00:00
ncaam-213923,NCAAM,2025-26,2025-12-13T19:00:00Z,Regular,John M. Belk Arena,Davidson,D,Mercyhurst,M,80,47,FINISHED,ncaam,2026-08-23T20:56:09+00:00
ncaam-213928,NCAAM,2025-26,2025-12-13T19:00:00Z,Regular,State Farm Arena,Georgia,G,Cincinnati,C,84,65,FINISHED,ncaam,2026-08-23T20:56:09+00:00
ncaam-213931,NCAAM,2025-26,2025-12-13T19:00:00Z,Regular,Joel & Diane Bloom Wellness and Events Center,NJIT,N,Sacred Heart,SH,49,65,FINISHED,ncaam,2026-08-23T20:56:09+00:00
ncaam-213932,NCAAM,2025-26,2025-12-13T19:00:00Z,Regular,Rose Hill Gym,Fordham,F,Manhattan,M,82,53,FINISHED,ncaam,2026-08-23T20:56:09+00:00
ncaam-213933,NCAAM,2025-26,2025-12-13T19:00:00Z,Regular,M&T Bank Arena,Quinnipiac,Q,UMass Lowell,UL,75,71,FINISHED,ncaam,2026-08-23T20:56:09+00:00
ncaam-358386,NCAAM,2025-26,2025-12-13T19:00:00Z,Regular,Kimmel Arena,UNC Asheville,UA,St. Thomas-Minnesota,STM,59,80,FINISHED,ncaam,2026-08-23T20:56:09+00:00
ncaam-358387,NCAAM,2025-26,2025-12-13T19:00:00Z,Regular,Betty Engelstad Sioux Center,North Dakota,ND,Western Illinois,WI,66,69,FINISHED,ncaam,2026-08-23T20:56:09+00:00
ncaam-358388,NCAAM,2025-26,2025-12-13T19:00:00Z,Regular,Knapp Center,Drake,D,North Dakota State,NDS,94,99,FINISHED,ncaam,2026-08-23T20:56:09+00:00
ncaam-358389,NCAAM,2025-26,2025-12-13T19:00:00Z,Regular,GSU Convocation Center,Georgia State,GS,Jacksonville State,JS,77,73,FINISHED,ncaam,2026-08-23T20:56:09+00:00
ncaam-213921,NCAAM,2025-26,2025-12-13T19:30:00Z,Regular,Capital One Arena,Georgetown,G,Saint Peter's,SP,76,68,FINISHED,ncaam,2026-08-23T20:56:09+00:00
ncaam-210252,NCAAM,2025-26,2025-12-13T19:52:00Z,Regular,Amerant Bank Arena,Florida,F,George Washington,GW,80,70,FINISHED,ncaam,2026-08-23T20:56:09+00:00
ncaam-210262,NCAAM,2025-26,2025-12-13T20:00:00Z,Regular,Littlejohn Coliseum,Clemson,C,Mercer,M,70,63,FINISHED,ncaam,2026-08-23T20:56:09+00:00
ncaam-210270,NCAAM,2025-26,2025-12-13T20:00:00Z,Regular,Fertitta Center,Houston,H,New Orleans,NO,99,57,FINISHED,ncaam,2026-08-23T20:56:09+00:00
ncaam-213886,NCAAM,2025-26,2025-12-13T20:00:00Z,Regular,Entertainment & Sports Arena,Howard,H,Hampton,H,61,57,FINISHED,ncaam,2026-08-23T20:56:09+00:00
ncaam-213887,NCAAM,2025-26,2025-12-13T20:00:00Z,Regular,Mississippi Coast Coliseum,Ole Miss,OM,Southern Miss,SM,71,67,FINISHED,ncaam,2026-08-23T20:56:09+00:00
ncaam-213892,NCAAM,2025-26,2025-12-13T20:00:00Z,Regular,Thomas Assembly Center,Louisiana Tech,LT,Louisiana,L,65,44,FINISHED,ncaam,2026-08-23T20:56:09+00:00
ncaam-213895,NCAAM,2025-26,2025-12-13T20:00:00Z,Regular,Tudor Fieldhouse,Rice,R,Arkansas State,AS,77,76,FINISHED,ncaam,2026-08-23T20:56:09+00:00
ncaam-213926,NCAAM,2025-26,2025-12-13T20:00:00Z,Regular,CHI Health Center Omaha,Creighton,C,Kansas State,KS,76,83,FINISHED,ncaam,2026-08-23T20:56:09+00:00
ncaam-213934,NCAAM,2025-26,2025-12-13T20:00:00Z,Regular,Joan Perry Brock Center,Longwood,L,Delaware State,DS,76,81,FINISHED,ncaam,2026-08-23T20:56:09+00:00
ncaam-213935,NCAAM,2025-26,2025-12-13T20:00:00Z,Regular,Athletics-Recreation Center,Valparaiso,V,UNC Wilmington,UW,70,73,FINISHED,ncaam,2026-08-23T20:56:09+00:00
ncaam-358390,NCAAM,2025-26,2025-12-13T20:00:00Z,Regular,Baptist Health Arena,Eastern Kentucky,EK,Miami (OH),M(,69,79,FINISHED,ncaam,2026-08-23T20:56:09+00:00
ncaam-358391,NCAAM,2025-26,2025-12-13T20:00:00Z,Regular,Comerica Center,New Mexico State,NMS,Tulsa,T,70,83,FINISHED,ncaam,2026-08-23T20:56:09+00:00
ncaam-210247,NCAAM,2025-26,2025-12-13T20:30:00Z,Regular,KFC Yum! Center,Louisville,L,Memphis,M,99,73,FINISHED,ncaam,2026-08-23T20:56:09+00:00
ncaam-210240,NCAAM,2025-26,2025-12-13T21:00:00Z,Regular,JMA Wireless Dome,Syracuse,S,Hofstra,H,69,70,FINISHED,ncaam,2026-08-23T20:56:09+00:00
ncaam-210258,NCAAM,2025-26,2025-12-13T21:00:00Z,Regular,Chace Athletic Center,Bryant,B,Marist,M,74,82,FINISHED,ncaam,2026-08-23T20:56:09+00:00
ncaam-210260,NCAAM,2025-26,2025-12-13T21:00:00Z,Regular,Hill Field House,Morgan State,MS,Niagara,N,81,73,FINISHED,ncaam,2026-08-23T20:56:09+00:00
ncaam-210263,NCAAM,2025-26,2025-12-13T21:00:00Z,Regular,Events Center (Binghamton),Binghamton,B,Central Connecticut,CC,67,84,FINISHED,ncaam,2026-08-23T20:56:09+00:00
ncaam-210265,NCAAM,2025-26,2025-12-13T21:00:00Z,Regular,Steinberg Wellness Center,Long Island University,LIU,La Salle,LS,70,60,FINISHED,ncaam,2026-08-23T20:56:09+00:00
ncaam-213894,NCAAM,2025-26,2025-12-13T21:00:00Z,Regular,Hooper Eblen Center,Tennessee Tech,TT,Bethel (TN),B(,101,69,FINISHED,ncaam,2026-08-23T20:56:09+00:00
ncaam-213900,NCAAM,2025-26,2025-12-13T21:00:00Z,Regular,Matthew Knight Arena,Oregon,O,UC Davis,UD,104,62,FINISHED,ncaam,2026-08-23T20:56:09+00:00
ncaam-213904,NCAAM,2025-26,2025-12-13T21:00:00Z,Regular,State Farm Center,Illinois,I,Nebraska,N,80,83,FINISHED,ncaam,2026-08-23T20:56:09+00:00
ncaam-213916,NCAAM,2025-26,2025-12-13T21:00:00Z,Regular,Cam Henderson Center,Marshall,M,Wright State,WS,76,74,FINISHED,ncaam,2026-08-23T20:56:09+00:00
ncaam-213927,NCAAM,2025-26,2025-12-13T21:00:00Z,Regular,CU Events Center,Colorado,C,UTSA,U,88,64,FINISHED,ncaam,2026-08-23T20:56:09+00:00
ncaam-213936,NCAAM,2025-26,2025-12-13T21:00:00Z,Regular,Hamilton Gymnasium,Denver,D,Cal State Fullerton,CSF,86,105,FINISHED,ncaam,2026-08-23T20:56:09+00:00
ncaam-213937,NCAAM,2025-26,2025-12-13T21:00:00Z,Regular,Lee's Family Forum,Akron,A,Murray State,MS,100,115,FINISHED,ncaam,2026-08-23T20:56:09+00:00
ncaam-358392,NCAAM,2025-26,2025-12-13T21:00:00Z,Regular,Curb Event Center Arena,Belmont,B,UIC,U,87,84,FINISHED,ncaam,2026-08-23T20:56:09+00:00
ncaam-210243,NCAAM,2025-26,2025-12-13T21:30:00Z,Regular,Finneran Pavilion,Villanova,V,Pittsburgh,P,79,61,FINISHED,ncaam,2026-08-23T20:56:09+00:00
ncaam-210269,NCAAM,2025-26,2025-12-13T21:30:00Z,Regular,Sharp Gymnasium,Houston Christian,HC,SE Louisiana,SL,71,74,FINISHED,ncaam,2026-08-23T20:56:09+00:00
ncaam-213913,NCAAM,2025-26,2025-12-13T21:50:00Z,Regular,Neville Arena,Auburn,A,Chattanooga,C,92,78,FINISHED,ncaam,2026-08-23T20:56:09+00:00
ncaam-210248,NCAAM,2025-26,2025-12-13T22:00:00Z,Regular,Haas Pavilion,California,C,Northwestern State,NS,79,70,FINISHED,ncaam,2026-08-23T20:56:09+00:00
ncaam-210249,NCAAM,2025-26,2025-12-13T22:00:00Z,Regular,Rocket Mortgage FieldHouse,Ohio,O,St. Bonaventure,SB,88,83,FINISHED,ncaam,2026-08-23T20:56:09+00:00
ncaam-210261,NCAAM,2025-26,2025-12-13T22:00:00Z,Regular,,Utah State,US,Illinois State,IS,83,78,FINISHED,ncaam,2026-08-23T20:56:09+00:00
ncaam-213911,NCAAM,2025-26,2025-12-13T22:00:00Z,Regular,Gill Coliseum,Oregon State,OS,Montana State,MS,67,57,FINISHED,ncaam,2026-08-23T20:56:09+00:00
ncaam-213938,NCAAM,2025-26,2025-12-13T22:00:00Z,Regular,Event Center,Alabama A&M,AA,Arkansas Baptist,AB,67,59,FINISHED,ncaam,2026-08-23T20:56:09+00:00
ncaam-213939,NCAAM,2025-26,2025-12-13T22:00:00Z,Regular,Viking Pavilion,Portland State,PS,George Fox,GF,94,50,FINISHED,ncaam,2026-08-23T20:56:09+00:00
ncaam-210246,NCAAM,2025-26,2025-12-13T22:30:00Z,Regular,Lenovo Center,NC State,NS,Kansas,K,76,77,FINISHED,ncaam,2026-08-23T20:56:09+00:00
ncaam-210251,NCAAM,2025-26,2025-12-13T23:00:00Z,Regular,Robins Center,Richmond,R,Southern Illinois,SI,93,84,FINISHED,ncaam,2026-08-23T20:56:09+00:00
ncaam-210256,NCAAM,2025-26,2025-12-13T23:00:00Z,Regular,Reitz Arena,Loyola Maryland,LM,Mount St. Mary's,MSM,73,81,FINISHED,ncaam,2026-08-23T20:56:09+00:00
ncaam-213912,NCAAM,2025-26,2025-12-13T23:00:00Z,Regular,Alaska Airlines Arena,Washington,W,Southern Utah,SU,105,69,FINISHED,ncaam,2026-08-23T20:56:09+00:00
ncaam-213922,NCAAM,2025-26,2025-12-13T23:00:00Z,Regular,McLeod Center,Northern Iowa,NI,Oakland,O,75,63,FINISHED,ncaam,2026-08-23T20:56:09+00:00
ncaam-213940,NCAAM,2025-26,2025-12-13T23:00:00Z,Regular,Jenny Craig Pavilion,San Diego,SD,Northern Arizona,NA,78,69,FINISHED,ncaam,2026-08-23T20:56:09+00:00
ncaam-213889,NCAAM,2025-26,2025-12-13T23:30:00Z,Regular,Winthrop Coliseum,Winthrop,W,Bob Jones,BJ,101,55,FINISHED,ncaam,2026-08-23T20:56:09+00:00
ncaam-213906,NCAAM,2025-26,2025-12-13T23:30:00Z,Regular,Memorial Gymnasium (TN),Vanderbilt,V,Central Arkansas,CA,83,72,FINISHED,ncaam,2026-08-23T20:56:09+00:00
ncaam-210241,NCAAM,2025-26,2025-12-14T00:00:00Z,Regular,Provident Credit Union Event Center,San José State,SJS,Stanford,S,82,86,FINISHED,ncaam,2026-08-23T20:56:09+00:00
ncaam-210255,NCAAM,2025-26,2025-12-14T00:00:00Z,Regular,UD Arena,Dayton,D,North Florida,NF,84,61,FINISHED,ncaam,2026-08-23T20:56:09+00:00
ncaam-213905,NCAAM,2025-26,2025-12-14T00:00:00Z,Regular,The Coliseum,West Georgia,WG,Georgia Southern,GS,85,91,FINISHED,ncaam,2026-08-23T20:56:09+00:00
ncaam-213930,NCAAM,2025-26,2025-12-14T00:00:00Z,Regular,Lee's Family Forum,Santa Clara,SC,Arizona State,AS,79,82,FINISHED,ncaam,2026-08-23T20:56:09+00:00
ncaam-213942,NCAAM,2025-26,2025-12-14T00:00:00Z,Regular,Alex G. Spanos Center,Pacific,P,Simpson University (CA),SU(,104,50,FINISHED,ncaam,2026-08-23T20:56:09+00:00
ncaam-358393,NCAAM,2025-26,2025-12-14T00:00:00Z,Regular,Colonial Life Arena,South Carolina,SC,The Citadel,TC,71,55,FINISHED,ncaam,2026-08-23T20:56:09+00:00
ncaam-213888,NCAAM,2025-26,2025-12-14T00:45:00Z,Regular,Rupp Arena,Kentucky,K,Indiana,I,72,60,FINISHED,ncaam,2026-08-23T20:56:09+00:00
ncaam-210250,NCAAM,2025-26,2025-12-14T01:00:00Z,Regular,Chaifetz Arena,Saint Louis,SL,San Francisco,SF,85,75,FINISHED,ncaam,2026-08-23T20:56:09+00:00
ncaam-213893,NCAAM,2025-26,2025-12-14T01:00:00Z,Regular,Prudential Center,Seton Hall,SH,Rutgers,R,81,59,FINISHED,ncaam,2026-08-23T20:56:09+00:00
ncaam-213903,NCAAM,2025-26,2025-12-14T01:00:00Z,Regular,XFINITY Center,Maryland,M,Michigan,M,83,101,FINISHED,ncaam,2026-08-23T20:56:09+00:00
ncaam-213910,NCAAM,2025-26,2025-12-14T01:00:00Z,Regular,Redhawk Center,Seattle U,SU,Warner Pacific,WP,115,60,FINISHED,ncaam,2026-08-23T20:56:09+00:00
ncaam-213924,NCAAM,2025-26,2025-12-14T01:00:00Z,Regular,Rocket Mortgage FieldHouse,Ohio State,OS,West Virginia,WV,89,88,FINISHED,ncaam,2026-08-23T20:56:09+00:00
ncaam-213943,NCAAM,2025-26,2025-12-14T01:00:00Z,Regular,Global Credit Union Arena,Grand Canyon,GC,Coastal Carolina,CC,82,61,FINISHED,ncaam,2026-08-23T20:56:09+00:00
ncaam-358394,NCAAM,2025-26,2025-12-14T01:00:00Z,Regular,Swinney Center,Kansas City,KC,Spurgeon College,SC,102,75,FINISHED,ncaam,2026-08-23T20:56:09+00:00
ncaam-358395,NCAAM,2025-26,2025-12-14T01:00:00Z,Regular,Mabee Center,Oral Roberts,OR,Ecclesia,E,97,52,FINISHED,ncaam,2026-08-23T20:56:09+00:00
ncaam-210242,NCAAM,2025-26,2025-12-14T01:30:00Z,Regular,Smoothie King Center,LSU,L,SMU,S,89,77,FINISHED,ncaam,2026-08-23T20:56:09+00:00
ncaam-213929,NCAAM,2025-26,2025-12-14T02:00:00Z,Regular,Marriott Center,BYU,B,UC Riverside,UR,100,53,FINISHED,ncaam,2026-08-23T20:56:09+00:00
ncaam-213944,NCAAM,2025-26,2025-12-14T02:00:00Z,Regular,Burns Arena,Utah Tech,UT,Justice College,JC,89,48,FINISHED,ncaam,2026-08-23T20:56:09+00:00
ncaam-210266,NCAAM,2025-26,2025-12-14T02:30:00Z,Regular,Legacy Arena at BJCC,Alabama,A,Arizona,A,75,96,FINISHED,ncaam,2026-08-23T20:56:09+00:00
ncaam-213941,NCAAM,2025-26,2025-12-14T02:30:00Z,Regular,Icardo Center,Cal State Bakersfield,CSB,Pepperdine,P,62,70,FINISHED,ncaam,2026-08-23T20:56:09+00:00
ncaam-213945,NCAAM,2025-26,2025-12-14T02:30:00Z,Regular,Gentry Center,UNLV,U,Tennessee State,TS,60,63,FINISHED,ncaam,2026-08-23T20:56:09+00:00
ncaam-210254,NCAAM,2025-26,2025-12-14T03:00:00Z,Regular,Lawlor Events Center,Nevada,N,Duquesne,D,78,75,FINISHED,ncaam,2026-08-23T20:56:09+00:00
ncaam-213925,NCAAM,2025-26,2025-12-14T03:00:00Z,Regular,Delta Center,Utah,U,Mississippi State,MS,74,82,FINISHED,ncaam,2026-08-23T20:56:09+00:00
ncaam-210253,NCAAM,2025-26,2025-12-14T04:45:00Z,Regular,Climate Pledge Arena,Gonzaga,G,UCLA,U,82,72,FINISHED,ncaam,2026-08-23T20:56:09+00:00
ncaam-213907,NCAAM,2025-26,2025-12-14T04:59:00Z,Regular,Stan Sheriff Center,Hawai'i,H,UTEP,U,66,61,FINISHED,ncaam,2026-08-23T20:56:09+00:00
ncaam-213946,NCAAM,2025-26,2025-12-14T04:59:00Z,Regular,Lee's Family Forum,UC San Diego,USD,Tulane,T,93,67,FINISHED,ncaam,2026-08-23T20:56:09+00:00
ncaam-210272,NCAAM,2025-26,2025-12-14T17:00:00Z,Regular,Cassell Coliseum,Virginia Tech,VT,Maryland Eastern Shore,MES,82,53,FINISHED,ncaam,2026-08-23T20:56:09+00:00
ncaam-210275,NCAAM,2025-26,2025-12-14T17:00:00Z,Regular,Liacouras Center,Temple,T,St. Francis (PA),SF(,95,67,FINISHED,ncaam,2026-08-23T20:56:09+00:00
ncaam-213948,NCAAM,2025-26,2025-12-14T18:00:00Z,Regular,Williams Arena,Minnesota,M,Texas Southern,TS,89,53,FINISHED,ncaam,2026-08-23T20:56:09+00:00
ncaam-213960,NCAAM,2025-26,2025-12-14T18:00:00Z,Regular,Minges Coliseum,East Carolina,EC,Buffalo,B,73,70,FINISHED,ncaam,2026-08-23T20:56:09+00:00
ncaam-213962,NCAAM,2025-26,2025-12-14T18:00:00Z,Regular,Hilton Coliseum,Iowa State,IS,Eastern Illinois,EI,78,53,FINISHED,ncaam,2026-08-23T20:56:09+00:00
ncaam-213947,NCAAM,2025-26,2025-12-14T19:00:00Z,Regular,Mizzou Arena,Missouri,M,Bethune-Cookman,BC,82,60,FINISHED,ncaam,2026-08-23T20:56:09+00:00
ncaam-213950,NCAAM,2025-26,2025-12-14T19:00:00Z,Regular,Tarlton Complex,App State,AS,High Point,HP,86,78,FINISHED,ncaam,2026-08-23T20:56:09+00:00
ncaam-213958,NCAAM,2025-26,2025-12-14T19:00:00Z,Regular,John W. Pope Jr. Convocation Center,Campbell,C,Ball State,BS,69,64,FINISHED,ncaam,2026-08-23T20:56:09+00:00
ncaam-213959,NCAAM,2025-26,2025-12-14T19:00:00Z,Regular,UW-Milwaukee Panther Arena,Milwaukee,M,Indiana State,IS,68,70,FINISHED,ncaam,2026-08-23T20:56:09+00:00
ncaam-213963,NCAAM,2025-26,2025-12-14T19:00:00Z,Regular,Wolstein Center,Cleveland State,CS,Oakland City,OC,96,52,FINISHED,ncaam,2026-08-23T20:56:09+00:00
ncaam-213964,NCAAM,2025-26,2025-12-14T19:00:00Z,Regular,Patrick Gymnasium,Vermont,V,Merrimack,M,66,59,FINISHED,ncaam,2026-08-23T20:56:09+00:00
ncaam-213965,NCAAM,2025-26,2025-12-14T19:00:00Z,Regular,Leo D. Mahoney Arena,Fairfield,F,Monmouth,M,73,65,FINISHED,ncaam,2026-08-23T20:56:09+00:00
ncaam-213966,NCAAM,2025-26,2025-12-14T19:00:00Z,Regular,Beeghly Center,Youngstown State,YS,Thiel,T,103,52,FINISHED,ncaam,2026-08-23T20:56:09+00:00
ncaam-358397,NCAAM,2025-26,2025-12-14T19:00:00Z,Regular,Carver Arena,Bradley,B,North Central College,NCC,86,53,FINISHED,ncaam,2026-08-23T20:56:09+00:00
ncaam-358398,NCAAM,2025-26,2025-12-14T19:00:00Z,Regular,First Community Arena,SIU Edwardsville,SE,Eureka,E,97,54,FINISHED,ncaam,2026-08-23T20:56:09+00:00
ncaam-213957,NCAAM,2025-26,2025-12-14T19:30:00Z,Regular,The Dedmon Center,Radford,R,Coppin State,CS,107,77,FINISHED,ncaam,2026-08-23T20:56:09+00:00
ncaam-213949,NCAAM,2025-26,2025-12-14T20:00:00Z,Regular,Bartow Arena,UAB,U,Troy,T,85,86,FINISHED,ncaam,2026-08-23T20:56:09+00:00
ncaam-213953,NCAAM,2025-26,2025-12-14T20:00:00Z,Regular,Moby Arena,Colorado State,CS,Northern New Mexico,NNM,104,54,FINISHED,ncaam,2026-08-23T20:56:09+00:00
ncaam-213954,NCAAM,2025-26,2025-12-14T20:00:00Z,Regular,Carver-Hawkeye Arena,Iowa,I,Western Michigan,WM,91,51,FINISHED,ncaam,2026-08-23T20:56:09+00:00
ncaam-358399,NCAAM,2025-26,2025-12-14T20:00:00Z,Regular,Show Me Center,Southeast Missouri State,SMS,St. Xavier  (IL),SX(,88,65,FINISHED,ncaam,2026-08-23T20:56:09+00:00
ncaam-213956,NCAAM,2025-26,2025-12-14T21:00:00Z,Regular,The Pit,New Mexico,NM,Florida Gulf Coast,FGC,75,59,FINISHED,ncaam,2026-08-23T20:56:09+00:00
ncaam-213961,NCAAM,2025-26,2025-12-14T21:00:00Z,Regular,TD Arena,Charleston,C,Charlotte,C,74,67,FINISHED,ncaam,2026-08-23T20:56:09+00:00
ncaam-210271,NCAAM,2025-26,2025-12-14T22:00:00Z,Regular,LJVM Coliseum,Wake Forest,WF,Queens University,QU,111,73,FINISHED,ncaam,2026-08-23T20:56:09+00:00
ncaam-210273,NCAAM,2025-26,2025-12-14T22:00:00Z,Regular,Memorial Coliseum (IN),Purdue Fort Wayne,PFW,Detroit Mercy,DM,81,77,FINISHED,ncaam,2026-08-23T20:56:09+00:00
ncaam-210274,NCAAM,2025-26,2025-12-14T22:00:00Z,Regular,Gentile Arena,Loyola Chicago,LC,Chicago State,CS,75,84,FINISHED,ncaam,2026-08-23T20:56:09+00:00
ncaam-213967,NCAAM,2025-26,2025-12-14T22:00:00Z,Regular,ICCU Arena,Idaho,I,Evergreen State,ES,109,55,FINISHED,ncaam,2026-08-23T20:56:09+00:00
ncaam-213968,NCAAM,2025-26,2025-12-14T22:00:00Z,Regular,Chiles Center,Portland,P,Kent State,KS,88,78,FINISHED,ncaam,2026-08-23T20:56:09+00:00
ncaam-358400,NCAAM,2025-26,2025-12-14T22:30:00Z,Regular,Kathleen and Tom Elam Center,UT Martin,UM,Champion Christian,CC,96,52,FINISHED,ncaam,2026-08-23T20:56:09+00:00
ncaam-358401,NCAAM,2025-26,2025-12-14T22:30:00Z,Regular,Mitchell Center,South Alabama,SA,North Texas,NT,57,58,FINISHED,ncaam,2026-08-23T20:56:09+00:00
ncaam-213952,NCAAM,2025-26,2025-12-14T23:00:00Z,Regular,Mountain America Center,Boise State,BS,Saint Mary's,SM,68,67,FINISHED,ncaam,2026-08-23T20:56:09+00:00
ncaam-213955,NCAAM,2025-26,2025-12-15T00:00:00Z,Regular,Reed Arena,Texas A&M,TA,Jacksonville,J,112,75,FINISHED,ncaam,2026-08-23T20:56:09+00:00
ncaam-213951,NCAAM,2025-26,2025-12-15T00:30:00Z,Regular,Galen Center,USC,U,Washington State,WS,68,61,FINISHED,ncaam,2026-08-23T20:56:09+00:00
ncaam-358402,NCAAM,2025-26,2025-12-15T18:00:00Z,Regular,Pete Hanna Center,Samford,S,Bryan (TN),B(,106,51,FINISHED,ncaam,2026-08-23T20:56:09+00:00
ncaam-210276,NCAAM,2025-26,2025-12-16T00:00:00Z,Regular,Siegel Center,VCU,V,Niagara,N,84,58,FINISHED,ncaam,2026-08-23T20:56:09+00:00
ncaam-210278,NCAAM,2025-26,2025-12-16T00:00:00Z,Regular,Pride Roofing University Center,SE Louisiana,SL,East Texas A&M,ETA,69,70,FINISHED,ncaam,2026-08-23T20:56:09+00:00
ncaam-213969,NCAAM,2025-26,2025-12-16T00:00:00Z,Regular,H.O. Clemmons Arena,Arkansas-Pine Bluff,APB,Ecclesia,E,114,64,FINISHED,ncaam,2026-08-23T20:56:09+00:00
ncaam-213972,NCAAM,2025-26,2025-12-16T00:00:00Z,Regular,Paul Porter Arena,Gardner-Webb,GW,Wofford,W,57,83,FINISHED,ncaam,2026-08-23T20:56:09+00:00
ncaam-213973,NCAAM,2025-26,2025-12-16T00:00:00Z,Regular,Edmunds Center,Stetson,S,Rhodes,R,95,76,FINISHED,ncaam,2026-08-23T20:56:09+00:00
ncaam-213971,NCAAM,2025-26,2025-12-16T00:30:00Z,Regular,E.A. Diddle Arena,Western Kentucky,WK,Campbellsville,C,102,59,FINISHED,ncaam,2026-08-23T20:56:09+00:00
ncaam-210277,NCAAM,2025-26,2025-12-16T01:00:00Z,Regular,Schollmaier Arena,TCU,T,Incarnate Word,IW,69,65,FINISHED,ncaam,2026-08-23T20:56:09+00:00
ncaam-213970,NCAAM,2025-26,2025-12-16T01:00:00Z,Regular,Sanford Pentagon,South Dakota State,SDS,Wyoming,W,72,87,FINISHED,ncaam,2026-08-23T20:56:09+00:00
ncaam-213974,NCAAM,2025-26,2025-12-16T01:00:00Z,Regular,Event Center,Alabama A&M,AA,North Alabama,NA,68,60,FINISHED,ncaam,2026-08-23T20:56:09+00:00
ncaam-213975,NCAAM,2025-26,2025-12-16T01:00:00Z,Regular,Sharp Gymnasium,Houston Christian,HC,McNeese,M,68,78,FINISHED,ncaam,2026-08-23T20:56:09+00:00
ncaam-358403,NCAAM,2025-26,2025-12-16T01:00:00Z,Regular,Scheels Center,North Dakota State,NDS,Minnesota Crookston,MC,101,67,FINISHED,ncaam,2026-08-23T20:56:09+00:00
ncaam-213977,NCAAM,2025-26,2025-12-16T16:00:00Z,Regular,Daskalakis Athletic Center,Drexel,D,Howard,H,66,74,FINISHED,ncaam,2026-08-23T20:56:09+00:00
ncaam-210281,NCAAM,2025-26,2025-12-16T23:00:00Z,Regular,Cameron Indoor Stadium,Duke,D,Lipscomb,L,97,73,FINISHED,ncaam,2026-08-23T20:56:09+00:00
ncaam-210286,NCAAM,2025-26,2025-12-16T23:00:00Z,Regular,Hart Center,Holy Cross,HC,Dartmouth,D,64,89,FINISHED,ncaam,2026-08-23T20:56:09+00:00
ncaam-213982,NCAAM,2025-26,2025-12-16T23:00:00Z,Regular,Costello Athletic Center,UMass Lowell,UL,Sacred Heart,SH,87,82,FINISHED,ncaam,2026-08-23T20:56:09+00:00
ncaam-213996,NCAAM,2025-26,2025-12-16T23:00:00Z,Regular,Smith-Hammond-Middleton Memorial Center,South Carolina State,SCS,South Carolina Upstate,SCU,72,78,FINISHED,ncaam,2026-08-23T20:56:09+00:00
ncaam-358405,NCAAM,2025-26,2025-12-16T23:00:00Z,Regular,Liberty Arena,Liberty,L,Midway University,MU,95,57,FINISHED,ncaam,2026-08-23T20:56:09+00:00
ncaam-213985,NCAAM,2025-26,2025-12-16T23:30:00Z,Regular,Breslin Center,Michigan State,MS,Toledo,T,92,69,FINISHED,ncaam,2026-08-23T20:56:09+00:00
ncaam-213997,NCAAM,2025-26,2025-12-16T23:30:00Z,Regular,The Jungle,IU Indianapolis,II,Miami (OH)-Middletown,M(M,126,73,FINISHED,ncaam,2026-08-23T20:56:09+00:00
ncaam-358406,NCAAM,2025-26,2025-12-16T23:30:00Z,Regular,Kimmel Arena,UNC Asheville,UA,Kentucky Christian,KC,83,73,FINISHED,ncaam,2026-08-23T20:56:09+00:00
ncaam-210280,NCAAM,2025-26,2025-12-17T00:00:00Z,Regular,Food City Center,Tennessee,T,Louisville,L,83,62,FINISHED,ncaam,2026-08-23T20:56:09+00:00
ncaam-210282,NCAAM,2025-26,2025-12-17T00:00:00Z,Regular,UD Arena,Dayton,D,Florida State,FS,97,69,FINISHED,ncaam,2026-08-23T20:56:09+00:00
ncaam-210283,NCAAM,2025-26,2025-12-17T00:00:00Z,Regular,Thomas M. Ryan Center,Rhode Island,RI,Canisius,C,62,45,FINISHED,ncaam,2026-08-23T20:56:09+00:00
ncaam-210285,NCAAM,2025-26,2025-12-17T00:00:00Z,Regular,Littlejohn Coliseum,Clemson,C,South Carolina,SC,68,61,FINISHED,ncaam,2026-08-23T20:56:09+00:00
ncaam-210288,NCAAM,2025-26,2025-12-17T00:00:00Z,Regular,Watsco Center,Miami,M,Florida International,FI,98,81,FINISHED,ncaam,2026-08-23T20:56:09+00:00
ncaam-210289,NCAAM,2025-26,2025-12-17T00:00:00Z,Regular,Montagne Center,Lamar,L,UT Rio Grande Valley,URGV,72,83,FINISHED,ncaam,2026-08-23T20:56:09+00:00
ncaam-213976,NCAAM,2025-26,2025-12-17T00:00:00Z,Regular,First Horizon Coliseum,UNC Greensboro,UG,North Carolina A&T,NCA,65,71,FINISHED,ncaam,2026-08-23T20:56:09+00:00
ncaam-213978,NCAAM,2025-26,2025-12-17T00:00:00Z,Regular,R.W. Harrison HPER Complex,Mississippi Valley State,MVS,Tarleton State,TS,64,88,FINISHED,ncaam,2026-08-23T20:56:09+00:00
ncaam-213981,NCAAM,2025-26,2025-12-17T00:00:00Z,Regular,Bob Carpenter Center,Delaware,D,Rider,R,65,57,FINISHED,ncaam,2026-08-23T20:56:09+00:00
ncaam-213987,NCAAM,2025-26,2025-12-17T00:00:00Z,Regular,Nutter Center,Wright State,WS,Miami (OH),M(,76,83,FINISHED,ncaam,2026-08-23T20:56:09+00:00
ncaam-213989,NCAAM,2025-26,2025-12-17T00:00:00Z,Regular,Carnesecca Arena,St. John's,SJ,DePaul,D,79,66,FINISHED,ncaam,2026-08-23T20:56:09+00:00
ncaam-213991,NCAAM,2025-26,2025-12-17T00:00:00Z,Regular,Stroh Center,Bowling Green,BG,Chicago State,CS,76,55,FINISHED,ncaam,2026-08-23T20:56:09+00:00
ncaam-213998,NCAAM,2025-26,2025-12-17T00:00:00Z,Regular,Qubein Center,High Point,HP,Mary Baldwin,MB,129,47,FINISHED,ncaam,2026-08-23T20:56:09+00:00
ncaam-214000,NCAAM,2025-26,2025-12-17T00:00:00Z,Regular,Lloyd Noble Center,Oklahoma,O,Kansas City,KC,89,67,FINISHED,ncaam,2026-08-23T20:56:09+00:00
ncaam-358407,NCAAM,2025-26,2025-12-17T00:00:00Z,Regular,Ford Center,Evansville,E,Belmont,B,78,83,FINISHED,ncaam,2026-08-23T20:56:09+00:00
ncaam-358408,NCAAM,2025-26,2025-12-17T00:00:00Z,Regular,Convocation Center (OH),Ohio,O,Ohio Wesleyan,OW,89,56,FINISHED,ncaam,2026-08-23T20:56:09+00:00
ncaam-210284,NCAAM,2025-26,2025-12-17T00:30:00Z,Regular,McCamish Pavilion,Georgia Tech,GT,Marist,M,87,76,FINISHED,ncaam,2026-08-23T20:56:09+00:00
ncaam-210287,NCAAM,2025-26,2025-12-17T00:30:00Z,Regular,Humphrey Coliseum,Mississippi State,MS,Long Island University,LIU,87,83,FINISHED,ncaam,2026-08-23T20:56:09+00:00
ncaam-210290,NCAAM,2025-26,2025-12-17T00:30:00Z,Regular,Ellis T. Johnson Arena,Morehead State,MS,Little Rock,LR,78,64,FINISHED,ncaam,2026-08-23T20:56:09+00:00
ncaam-210279,NCAAM,2025-26,2025-12-17T01:00:00Z,Regular,Dean E. Smith Center,North Carolina,NC,East Tennessee State,ETS,77,58,FINISHED,ncaam,2026-08-23T20:56:09+00:00
ncaam-213979,NCAAM,2025-26,2025-12-17T01:00:00Z,Regular,Moody Center,Texas,T,Le Moyne,LM,95,53,FINISHED,ncaam,2026-08-23T20:56:09+00:00
ncaam-213986,NCAAM,2025-26,2025-12-17T01:00:00Z,Regular,NIU Convocation Center,Northern Illinois,NI,East-West University,EWU,112,64,FINISHED,ncaam,2026-08-23T20:56:09+00:00
ncaam-213988,NCAAM,2025-26,2025-12-17T01:00:00Z,Regular,Great Southern Bank Arena,Missouri State,MS,Oral Roberts,OR,63,62,FINISHED,ncaam,2026-08-23T20:56:09+00:00
ncaam-213992,NCAAM,2025-26,2025-12-17T01:00:00Z,Regular,Welsh-Ryan Arena,Northwestern,N,Valparaiso,V,86,70,FINISHED,ncaam,2026-08-23T20:56:09+00:00
ncaam-213993,NCAAM,2025-26,2025-12-17T01:00:00Z,Regular,United Supermarkets Arena,Texas Tech,TT,Northern Colorado,NC,101,90,FINISHED,ncaam,2026-08-23T20:56:09+00:00
ncaam-358409,NCAAM,2025-26,2025-12-17T01:00:00Z,Regular,Baxter Arena,Omaha,O,York College Nebraska,YCN,105,58,FINISHED,ncaam,2026-08-23T20:56:09+00:00
ncaam-213990,NCAAM,2025-26,2025-12-17T01:30:00Z,Regular,Gampel Pavilion,UConn,U,Butler,B,79,60,FINISHED,ncaam,2026-08-23T20:56:09+00:00
ncaam-213983,NCAAM,2025-26,2025-12-17T02:00:00Z,Regular,McKale Memorial Center,Arizona,A,Abilene Christian,AC,96,62,FINISHED,ncaam,2026-08-23T20:56:09+00:00
ncaam-213984,NCAAM,2025-26,2025-12-17T02:00:00Z,Regular,Bud Walton Arena,Arkansas,A,Queens University,QU,108,80,FINISHED,ncaam,2026-08-23T20:56:09+00:00
ncaam-213994,NCAAM,2025-26,2025-12-17T02:00:00Z,Regular,Allen Fieldhouse,Kansas,K,Towson,T,73,49,FINISHED,ncaam,2026-08-23T20:56:09+00:00
ncaam-213995,NCAAM,2025-26,2025-12-17T02:00:00Z,Regular,Marriott Center,BYU,B,Pacific,P,93,57,FINISHED,ncaam,2026-08-23T20:56:09+00:00
ncaam-214001,NCAAM,2025-26,2025-12-17T02:00:00Z,Regular,Hamilton Gymnasium,Denver,D,Colorado-Colorado Springs,CCS,129,93,FINISHED,ncaam,2026-08-23T20:56:09+00:00
ncaam-213980,NCAAM,2025-26,2025-12-17T03:00:00Z,Regular,Mott Athletics Center,Cal Poly,CP,Montana State,MS,80,83,FINISHED,ncaam,2026-08-23T20:56:09+00:00
ncaam-213999,NCAAM,2025-26,2025-12-17T03:00:00Z,Regular,SRC Arena,UC Riverside,UR,Stanton,S,95,70,FINISHED,ncaam,2026-08-23T20:56:09+00:00
ncaam-214002,NCAAM,2025-26,2025-12-17T03:00:00Z,Regular,Dale E. and Sarah Ann Fowler Events Center,California Baptist,CB,Southern,S,75,67,FINISHED,ncaam,2026-08-23T20:56:09+00:00
ncaam-214003,NCAAM,2025-26,2025-12-17T04:30:00Z,Regular,Gersten Pavilion,Loyola Marymount,LM,UC San Diego,USD,57,67,FINISHED,ncaam,2026-08-23T20:56:09+00:00
ncaam-214031,NCAAM,2025-26,2025-12-17T17:00:00Z,Regular,Farris Center,Central Arkansas,CA,Kansas Christian,KC,102,47,FINISHED,ncaam,2026-08-23T20:56:09+00:00
ncaam-214012,NCAAM,2025-26,2025-12-17T17:15:00Z,Regular,Tudor Fieldhouse,Rice,R,Southwestern Christian,SC,94,47,FINISHED,ncaam,2026-08-23T20:56:09+00:00
ncaam-214008,NCAAM,2025-26,2025-12-17T18:00:00Z,Regular,H.O. Clemmons Arena,Arkansas-Pine Bluff,APB,Champion Christian,CC,138,73,FINISHED,ncaam,2026-08-23T20:56:09+00:00
ncaam-358410,NCAAM,2025-26,2025-12-17T22:00:00Z,Regular,Credit Union 1 Arena,UIC,U,Northern Iowa,NI,54,60,FINISHED,ncaam,2026-08-23T20:56:09+00:00
ncaam-214032,NCAAM,2025-26,2025-12-17T23:00:00Z,Regular,Lundholm Gymnasium,New Hampshire,NH,Stonehill,S,59,58,FINISHED,ncaam,2026-08-23T20:56:09+00:00
ncaam-210302,NCAAM,2025-26,2025-12-17T23:30:00Z,Regular,Stephen C. O'Connell Center,Florida,F,St. Francis (PA),SF(,102,61,FINISHED,ncaam,2026-08-23T20:56:09+00:00
ncaam-214024,NCAAM,2025-26,2025-12-17T23:30:00Z,Regular,Cintas Center,Xavier,X,Creighton,C,57,98,FINISHED,ncaam,2026-08-23T20:56:09+00:00
ncaam-210292,NCAAM,2025-26,2025-12-18T00:00:00Z,Regular,UPMC Events Center,Robert Morris,RM,Youngstown State,YS,80,77,FINISHED,ncaam,2026-08-23T20:56:09+00:00
ncaam-210293,NCAAM,2025-26,2025-12-18T00:00:00Z,Regular,Truist Arena,Northern Kentucky,NK,Oakland,O,77,82,FINISHED,ncaam,2026-08-23T20:56:09+00:00
ncaam-210294,NCAAM,2025-26,2025-12-18T00:00:00Z,Regular,LJVM Coliseum,Wake Forest,WF,Longwood,L,71,68,FINISHED,ncaam,2026-08-23T20:56:09+00:00
ncaam-210295,NCAAM,2025-26,2025-12-18T00:00:00Z,Regular,JMA Wireless Dome,Syracuse,S,Mercyhurst,M,76,62,FINISHED,ncaam,2026-08-23T20:56:09+00:00
ncaam-210296,NCAAM,2025-26,2025-12-18T00:00:00Z,Regular,Petersen Events Center,Pittsburgh,P,Binghamton,B,103,63,FINISHED,ncaam,2026-08-23T20:56:09+00:00
ncaam-210297,NCAAM,2025-26,2025-12-18T00:00:00Z,Regular,Reynolds Coliseum,NC State,NS,Texas Southern,TS,108,72,FINISHED,ncaam,2026-08-23T20:56:09+00:00
ncaam-210299,NCAAM,2025-26,2025-12-18T00:00:00Z,Regular,Schar Center,Elon,E,Richmond,R,73,70,FINISHED,ncaam,2026-08-23T20:56:09+00:00
ncaam-214004,NCAAM,2025-26,2025-12-18T00:00:00Z,Regular,Stony Brook Arena,Stony Brook,SB,UAlbany,U,55,71,FINISHED,ncaam,2026-08-23T20:56:09+00:00
ncaam-214005,NCAAM,2025-26,2025-12-18T00:00:00Z,Regular,TD Arena,Charleston,C,The Citadel,TC,82,78,FINISHED,ncaam,2026-08-23T20:56:09+00:00
ncaam-214013,NCAAM,2025-26,2025-12-18T00:00:00Z,Regular,FedExForum,Memphis,M,Vanderbilt,V,70,77,FINISHED,ncaam,2026-08-23T20:56:09+00:00
ncaam-214014,NCAAM,2025-26,2025-12-18T00:00:00Z,Regular,The Coliseum,West Georgia,WG,Brewton-Parker,BP,70,49,FINISHED,ncaam,2026-08-23T20:56:09+00:00
ncaam-214018,NCAAM,2025-26,2025-12-18T00:00:00Z,Regular,Addition Financial Arena,UCF,U,Mercer,M,81,63,FINISHED,ncaam,2026-08-23T20:56:09+00:00
ncaam-214019,NCAAM,2025-26,2025-12-18T00:00:00Z,Regular,McGuirk Arena,Central Michigan,CM,Olivet,O,85,65,FINISHED,ncaam,2026-08-23T20:56:09+00:00
ncaam-214021,NCAAM,2025-26,2025-12-18T00:00:00Z,Regular,Al Lawson Center,Florida A&M,FA,Jacksonville,J,72,65,FINISHED,ncaam,2026-08-23T20:56:09+00:00
ncaam-214022,NCAAM,2025-26,2025-12-18T00:00:00Z,Regular,Knights Hall,Bellarmine,B,Chattanooga,C,79,64,FINISHED,ncaam,2026-08-23T20:56:09+00:00
ncaam-214026,NCAAM,2025-26,2025-12-18T00:00:00Z,Regular,Minges Coliseum,East Carolina,EC,Presbyterian,P,74,53,FINISHED,ncaam,2026-08-23T20:56:09+00:00
ncaam-214027,NCAAM,2025-26,2025-12-18T00:00:00Z,Regular,OceanFirst Bank Center,Monmouth,M,Quinnipiac,Q,75,85,FINISHED,ncaam,2026-08-23T20:56:09+00:00
ncaam-214030,NCAAM,2025-26,2025-12-18T00:00:00Z,Regular,Fifth Third Arena,Cincinnati,C,Alabama State,AS,88,51,FINISHED,ncaam,2026-08-23T20:56:09+00:00
ncaam-214033,NCAAM,2025-26,2025-12-18T00:00:00Z,Regular,G.B. Hodge Center,South Carolina Upstate,SCU,Southern Wesleyan,SW,98,63,FINISHED,ncaam,2026-08-23T20:56:09+00:00
ncaam-214034,NCAAM,2025-26,2025-12-18T00:00:00Z,Regular,Spiro Sports Center,Wagner,W,Maryland Eastern Shore,MES,78,64,FINISHED,ncaam,2026-08-23T20:56:09+00:00
ncaam-214035,NCAAM,2025-26,2025-12-18T00:00:00Z,Regular,Patrick Gymnasium,Vermont,V,Siena,S,83,69,FINISHED,ncaam,2026-08-23T20:56:09+00:00
ncaam-358411,NCAAM,2025-26,2025-12-18T00:00:00Z,Regular,McDougald-McLendon Arena,North Carolina Central,NCC,Mid-Atlantic Christian,MAC,96,62,FINISHED,ncaam,2026-08-23T20:56:09+00:00
ncaam-358412,NCAAM,2025-26,2025-12-18T00:00:00Z,Regular,Kress Center,Green Bay,GB,UC Santa Barbara,USB,67,64,FINISHED,ncaam,2026-08-23T20:56:09+00:00
ncaam-358413,NCAAM,2025-26,2025-12-18T00:00:00Z,Regular,Pete Mathews Coliseum,Jacksonville State,JS,Eastern Kentucky,EK,59,62,FINISHED,ncaam,2026-08-23T20:56:09+00:00
ncaam-210306,NCAAM,2025-26,2025-12-18T00:30:00Z,Regular,David R. Stopher Gymnasium,Nicholls,N,Houston Christian,HC,79,64,FINISHED,ncaam,2026-08-23T20:56:09+00:00
ncaam-210307,NCAAM,2025-26,2025-12-18T00:30:00Z,Regular,Fant-Ewing Coliseum,UL Monroe,UM,South Alabama,SA,92,96,FINISHED,ncaam,2026-08-23T20:56:09+00:00
ncaam-214009,NCAAM,2025-26,2025-12-18T00:30:00Z,Regular,Charles Koch Arena,Wichita State,WS,Wofford,W,84,73,FINISHED,ncaam,2026-08-23T20:56:09+00:00
ncaam-214010,NCAAM,2025-26,2025-12-18T00:30:00Z,Regular,Bartow Arena,UAB,U,Cleveland State,CS,101,77,FINISHED,ncaam,2026-08-23T20:56:09+00:00
ncaam-214011,NCAAM,2025-26,2025-12-18T00:30:00Z,Regular,Devlin Fieldhouse,Tulane,T,Louisiana Tech,LT,61,53,FINISHED,ncaam,2026-08-23T20:56:09+00:00
ncaam-214023,NCAAM,2025-26,2025-12-18T00:30:00Z,Regular,Murphy Center,Middle Tennessee,MT,Kennesaw State,KS,68,67,FINISHED,ncaam,2026-08-23T20:56:09+00:00
ncaam-210298,NCAAM,2025-26,2025-12-18T01:00:00Z,Regular,Chaifetz Arena,Saint Louis,SL,Bethune-Cookman,BC,112,53,FINISHED,ncaam,2026-08-23T20:56:09+00:00
ncaam-210303,NCAAM,2025-26,2025-12-18T01:00:00Z,Regular,Coleman Coliseum,Alabama,A,South Florida,SF,104,93,FINISHED,ncaam,2026-08-23T20:56:09+00:00
ncaam-210304,NCAAM,2025-26,2025-12-18T01:00:00Z,Regular,Sanford Coyote Sports Center,South Dakota,SD,Dakota State,DS,80,71,FINISHED,ncaam,2026-08-23T20:56:09+00:00
ncaam-210308,NCAAM,2025-26,2025-12-18T01:00:00Z,Regular,Chartway Arena,Old Dominion,OD,James Madison,JM,77,68,FINISHED,ncaam,2026-08-23T20:56:09+00:00
ncaam-214007,NCAAM,2025-26,2025-12-18T01:00:00Z,Regular,The Sandy and John Black Pavilion at Ole Miss,Ole Miss,OM,Alabama A&M,AA,80,66,FINISHED,ncaam,2026-08-23T20:56:09+00:00
ncaam-214036,NCAAM,2025-26,2025-12-18T01:00:00Z,Regular,UCCU Center,Utah Valley,UV,Weber State,WS,90,74,FINISHED,ncaam,2026-08-23T20:56:09+00:00
ncaam-210310,NCAAM,2025-26,2025-12-18T01:30:00Z,Regular,Strahan Arena at the University Events Center,Texas State,TS,Arkansas State,AS,70,89,FINISHED,ncaam,2026-08-23T20:56:09+00:00
ncaam-214025,NCAAM,2025-26,2025-12-18T01:30:00Z,Regular,Fiserv Forum,Marquette,M,Georgetown,G,69,78,FINISHED,ncaam,2026-08-23T20:56:09+00:00
ncaam-210305,NCAAM,2025-26,2025-12-18T02:00:00Z,Regular,William R. Johnson Coliseum,Stephen F. Austin,SFA,Texas A&M-Corpus Christi,TACC,69,60,FINISHED,ncaam,2026-08-23T20:56:09+00:00
ncaam-214006,NCAAM,2025-26,2025-12-18T02:00:00Z,Regular,Galen Center,USC,U,UTSA,U,97,70,FINISHED,ncaam,2026-08-23T20:56:09+00:00
ncaam-214016,NCAAM,2025-26,2025-12-18T02:00:00Z,Regular,McCarthey Athletic Center,Gonzaga,G,Campbell,C,98,70,FINISHED,ncaam,2026-08-23T20:56:09+00:00
ncaam-214029,NCAAM,2025-26,2025-12-18T02:00:00Z,Regular,CU Events Center,Colorado,C,Portland State,PS,84,73,FINISHED,ncaam,2026-08-23T20:56:09+00:00
ncaam-214037,NCAAM,2025-26,2025-12-18T02:00:00Z,Regular,University Credit Union Center,UC Davis,UD,Seattle U,SU,78,79,FINISHED,ncaam,2026-08-23T20:56:09+00:00
ncaam-214038,NCAAM,2025-26,2025-12-18T02:00:00Z,Regular,Leavey Center,Santa Clara,SC,North Texas,NT,63,60,FINISHED,ncaam,2026-08-23T20:56:09+00:00
ncaam-358414,NCAAM,2025-26,2025-12-18T02:00:00Z,Regular,Dahlberg Arena,Montana,M,Montana Tech,MT,75,82,FINISHED,ncaam,2026-08-23T20:56:09+00:00
ncaam-214020,NCAAM,2025-26,2025-12-18T02:30:00Z,Regular,Gill Coliseum,Oregon State,OS,Sam Houston,SH,75,85,FINISHED,ncaam,2026-08-23T20:56:09+00:00
ncaam-210300,NCAAM,2025-26,2025-12-18T03:00:00Z,Regular,,San Francisco,SF,Loyola Chicago,LC,85,71,FINISHED,ncaam,2026-08-23T20:56:09+00:00
ncaam-210311,NCAAM,2025-26,2025-12-18T03:00:00Z,Regular,Maples Pavilion,Stanford,S,UT Arlington,UA,76,60,FINISHED,ncaam,2026-08-23T20:56:09+00:00
ncaam-214017,NCAAM,2025-26,2025-12-18T03:00:00Z,Regular,Reese Court,Eastern Washington,EW,Washington State,WS,63,78,FINISHED,ncaam,2026-08-23T20:56:09+00:00
ncaam-214028,NCAAM,2025-26,2025-12-18T03:00:00Z,Regular,Viejas Arena,San Diego State,SDS,Air Force,AF,81,58,FINISHED,ncaam,2026-08-23T20:56:09+00:00
ncaam-210301,NCAAM,2025-26,2025-12-18T03:45:00Z,Regular,Pauley Pavilion,UCLA,U,Arizona State,AS,90,77,FINISHED,ncaam,2026-08-23T20:56:09+00:00
ncaam-214015,NCAAM,2025-26,2025-12-18T04:00:00Z,Regular,Matthew Knight Arena,Oregon,O,Portland,P,94,69,FINISHED,ncaam,2026-08-23T20:56:09+00:00
ncaam-214048,NCAAM,2025-26,2025-12-18T16:00:00Z,Regular,Buccaneer Fieldhouse,Charleston Southern,CS,North Florida,NF,113,90,FINISHED,ncaam,2026-08-23T20:56:09+00:00
ncaam-214050,NCAAM,2025-26,2025-12-18T16:00:00Z,Regular,Paul Porter Arena,Gardner-Webb,GW,Toccoa Falls,TF,105,65,FINISHED,ncaam,2026-08-23T20:56:09+00:00
ncaam-358415,NCAAM,2025-26,2025-12-18T22:00:00Z,Regular,Gateway Center,Jackson State,JS,Hampton,H,77,84,FINISHED,ncaam,2026-08-23T20:56:09+00:00
ncaam-210315,NCAAM,2025-26,2025-12-18T23:30:00Z,Regular,Holmes Convocation Center,App State,AS,Coastal Carolina,CC,67,49,FINISHED,ncaam,2026-08-23T20:56:09+00:00
ncaam-210320,NCAAM,2025-26,2025-12-18T23:30:00Z,Regular,Groniger Arena,Eastern Illinois,EI,SIU Edwardsville,SE,76,72,FINISHED,ncaam,2026-08-23T20:56:09+00:00
ncaam-358416,NCAAM,2025-26,2025-12-18T23:30:00Z,Regular,Kimmel Arena,UNC Asheville,UA,Morris College,MC,89,56,FINISHED,ncaam,2026-08-23T20:56:09+00:00
ncaam-210321,NCAAM,2025-26,2025-12-19T00:00:00Z,Regular,Detrick Gymnasium,Central Connecticut,CC,Fairfield,F,70,84,FINISHED,ncaam,2026-08-23T20:56:09+00:00
ncaam-214041,NCAAM,2025-26,2025-12-19T00:00:00Z,Regular,John M. Belk Arena,Davidson,D,Temple,T,63,68,FINISHED,ncaam,2026-08-23T20:56:09+00:00
ncaam-214042,NCAAM,2025-26,2025-12-19T00:00:00Z,Regular,Stegeman Coliseum,Georgia,G,Western Carolina,WC,112,82,FINISHED,ncaam,2026-08-23T20:56:09+00:00
ncaam-214043,NCAAM,2025-26,2025-12-19T00:00:00Z,Regular,Kaplan Arena,William & Mary,W&M,Radford,R,96,83,FINISHED,ncaam,2026-08-23T20:56:09+00:00
ncaam-214044,NCAAM,2025-26,2025-12-19T00:00:00Z,Regular,J. Lawrence Walkup Skydome,Northern Arizona,NA,Southern Utah,SU,65,57,FINISHED,ncaam,2026-08-23T20:56:09+00:00
ncaam-214045,NCAAM,2025-26,2025-12-19T00:00:00Z,Regular,Siegel Center,VCU,V,American University,AU,105,83,FINISHED,ncaam,2026-08-23T20:56:09+00:00
ncaam-214046,NCAAM,2025-26,2025-12-19T00:00:00Z,Regular,Michael J. Hagan '85 Arena,Saint Joseph's,SJ,Delaware State,DS,67,51,FINISHED,ncaam,2026-08-23T20:56:09+00:00
ncaam-214047,NCAAM,2025-26,2025-12-19T00:00:00Z,Regular,Halton Arena,Charlotte,C,Lafayette,L,81,67,FINISHED,ncaam,2026-08-23T20:56:09+00:00
ncaam-214051,NCAAM,2025-26,2025-12-19T00:00:00Z,Regular,Draddy Gymnasium,Manhattan,M,Furman,F,68,75,FINISHED,ncaam,2026-08-23T20:56:09+00:00
ncaam-358417,NCAAM,2025-26,2025-12-19T00:00:00Z,Regular,Hulman Center,Indiana State,IS,Bradley,B,99,108,FINISHED,ncaam,2026-08-23T20:56:09+00:00
ncaam-358418,NCAAM,2025-26,2025-12-19T00:00:00Z,Regular,Stabler Arena,Lehigh,L,Penn State Hazleton,PSH,83,74,FINISHED,ncaam,2026-08-23T20:56:09+00:00
ncaam-214055,NCAAM,2025-26,2025-12-19T00:30:00Z,Regular,Gateway Center,Grambling,G,Norfolk State,NS,80,68,FINISHED,ncaam,2026-08-23T20:56:09+00:00
ncaam-210309,NCAAM,2025-26,2025-12-19T01:00:00Z,Regular,Jack and Ruth Ann Hill Convocation Center,Georgia Southern,GS,Georgia State,GS,90,67,FINISHED,ncaam,2026-08-23T20:56:09+00:00
ncaam-210312,NCAAM,2025-26,2025-12-19T01:00:00Z,Regular,Gallagher-Iba Arena,Oklahoma State,OS,Kansas City,KC,91,79,FINISHED,ncaam,2026-08-23T20:56:09+00:00
ncaam-210313,NCAAM,2025-26,2025-12-19T01:00:00Z,Regular,Schollmaier Arena,TCU,T,Oral Roberts,OR,72,53,FINISHED,ncaam,2026-08-23T20:56:09+00:00
ncaam-214040,NCAAM,2025-26,2025-12-19T01:00:00Z,Regular,Betty Engelstad Sioux Center,North Dakota,ND,Winthrop,W,90,88,FINISHED,ncaam,2026-08-23T20:56:09+00:00
ncaam-358419,NCAAM,2025-26,2025-12-19T01:00:00Z,Regular,CFSB Center,Murray State,MS,Drake,D,81,72,FINISHED,ncaam,2026-08-23T20:56:09+00:00
ncaam-210314,NCAAM,2025-26,2025-12-19T01:30:00Z,Regular,Reed Green Coliseum,Southern Miss,SM,Louisiana,L,62,54,FINISHED,ncaam,2026-08-23T20:56:09+00:00
ncaam-210316,NCAAM,2025-26,2025-12-19T01:30:00Z,Regular,Gentry Center,Tennessee State,TS,UT Martin,UM,78,71,FINISHED,ncaam,2026-08-23T20:56:09+00:00
ncaam-210318,NCAAM,2025-26,2025-12-19T01:30:00Z,Regular,Screaming Eagles Arena,Southern Indiana,SI,Little Rock,LR,62,77,FINISHED,ncaam,2026-08-23T20:56:09+00:00
ncaam-210319,NCAAM,2025-26,2025-12-19T01:30:00Z,Regular,Hyland Arena,Lindenwood,L,Western Illinois,WI,92,76,FINISHED,ncaam,2026-08-23T20:56:09+00:00
ncaam-214053,NCAAM,2025-26,2025-12-19T02:00:00Z,Regular,Reed Arena,Idaho State,IS,Montana-Western,MW,80,64,FINISHED,ncaam,2026-08-23T20:56:09+00:00
ncaam-358420,NCAAM,2025-26,2025-12-19T02:00:00Z,Regular,Banterra Center,Southern Illinois,SI,Illinois State,IS,68,75,FINISHED,ncaam,2026-08-23T20:56:09+00:00
ncaam-210317,NCAAM,2025-26,2025-12-19T02:05:00Z,Regular,Hooper Eblen Center,Tennessee Tech,TT,Southeast Missouri State,SMS,85,74,FINISHED,ncaam,2026-08-23T20:56:09+00:00
ncaam-214049,NCAAM,2025-26,2025-12-19T02:30:00Z,Regular,Icardo Center,Cal State Bakersfield,CSB,Nobel,N,97,66,FINISHED,ncaam,2026-08-23T20:56:09+00:00
ncaam-214052,NCAAM,2025-26,2025-12-19T03:00:00Z,Regular,Walter Pyramid,Long Beach State,LBS,Pepperdine,P,81,78,FINISHED,ncaam,2026-08-23T20:56:09+00:00
ncaam-214067,NCAAM,2025-26,2025-12-19T16:00:00Z,Regular,William H. Pitt Center,Sacred Heart,SH,Dartmouth,D,85,63,FINISHED,ncaam,2026-08-23T20:56:09+00:00
ncaam-358421,NCAAM,2025-26,2025-12-19T17:00:00Z,Regular,Smith-Hammond-Middleton Memorial Center,South Carolina State,SCS,Brewton-Parker,BP,68,54,FINISHED,ncaam,2026-08-23T20:56:09+00:00
ncaam-358422,NCAAM,2025-26,2025-12-19T18:00:00Z,Regular,Pete Hanna Center,Samford,S,Reinhardt,R,85,49,FINISHED,ncaam,2026-08-23T20:56:09+00:00
ncaam-210328,NCAAM,2025-26,2025-12-19T20:00:00Z,Regular,Bogota Savings Bank Center,Fairleigh Dickinson,FD,Lehman College,LC,76,42,FINISHED,ncaam,2026-08-23T20:56:09+00:00
ncaam-214039,NCAAM,2025-26,2025-12-19T22:00:00Z,Regular,Gateway Center,Hampton,H,Grambling,G,72,81,FINISHED,ncaam,2026-08-23T20:56:09+00:00
ncaam-214063,NCAAM,2025-26,2025-12-19T22:00:00Z,Regular,Fiserv Forum,Milwaukee,M,South Dakota State,SDS,88,87,FINISHED,ncaam,2026-08-23T20:56:09+00:00
ncaam-214064,NCAAM,2025-26,2025-12-19T22:00:00Z,Regular,Alumni Hall (Navy),Navy,N,Coppin State,CS,88,55,FINISHED,ncaam,2026-08-23T20:56:09+00:00
ncaam-214068,NCAAM,2025-26,2025-12-19T22:00:00Z,Regular,Premier America Credit Union Arena,Cal State Northridge,CSN,La Sierra,LS,88,53,FINISHED,ncaam,2026-08-23T20:56:09+00:00
ncaam-214054,NCAAM,2025-26,2025-12-19T23:00:00Z,Regular,TU Arena,Towson,T,Notre Dame (Md),ND(,107,60,FINISHED,ncaam,2026-08-23T20:56:09+00:00
ncaam-214062,NCAAM,2025-26,2025-12-19T23:30:00Z,Regular,Amica Mutual Pavilion,Providence,P,Seton Hall,SH,67,72,FINISHED,ncaam,2026-08-23T20:56:09+00:00
ncaam-210322,NCAAM,2025-26,2025-12-20T00:00:00Z,Regular,James A. Rhodes Arena,Akron,A,Eastern Michigan,EM,93,72,FINISHED,ncaam,2026-08-23T20:56:09+00:00
ncaam-210324,NCAAM,2025-26,2025-12-20T00:00:00Z,Regular,Daskalakis Athletic Center,Drexel,D,Mount St. Mary's,MSM,75,67,FINISHED,ncaam,2026-08-23T20:56:09+00:00
ncaam-214058,NCAAM,2025-26,2025-12-20T00:00:00Z,Regular,Tucker Center,Florida State,FS,Mississippi Valley State,MVS,96,49,FINISHED,ncaam,2026-08-23T20:56:09+00:00
ncaam-214069,NCAAM,2025-26,2025-12-20T00:00:00Z,Regular,Qubein Center,High Point,HP,La Salle,LS,84,72,FINISHED,ncaam,2026-08-23T20:56:09+00:00
ncaam-214061,NCAAM,2025-26,2025-12-20T00:30:00Z,Regular,E.A. Diddle Arena,Western Kentucky,WK,Tulsa,T,81,82,FINISHED,ncaam,2026-08-23T20:56:09+00:00
ncaam-358423,NCAAM,2025-26,2025-12-20T00:30:00Z,Regular,Gateway Center,Jackson State,JS,Norfolk State,NS,72,82,FINISHED,ncaam,2026-08-23T20:56:09+00:00
ncaam-210327,NCAAM,2025-26,2025-12-20T01:00:00Z,Regular,Pete Maravich Assembly Center,LSU,L,SE Louisiana,SL,78,65,FINISHED,ncaam,2026-08-23T20:56:09+00:00
ncaam-214056,NCAAM,2025-26,2025-12-20T01:00:00Z,Regular,Wisdom Gym,Tarleton State,TS,Florida A&M,FA,78,54,FINISHED,ncaam,2026-08-23T20:56:09+00:00
ncaam-214060,NCAAM,2025-26,2025-12-20T01:00:00Z,Regular,Fiserv Forum,Villanova,V,Wisconsin,W,76,66,FINISHED,ncaam,2026-08-23T20:56:09+00:00
ncaam-214066,NCAAM,2025-26,2025-12-20T01:00:00Z,Regular,Foster Pavilion,Baylor,B,Alcorn State,AS,113,56,FINISHED,ncaam,2026-08-23T20:56:09+00:00
ncaam-210326,NCAAM,2025-26,2025-12-20T02:00:00Z,Regular,Bren Events Center,UC Irvine,UI,Belmont,B,58,84,FINISHED,ncaam,2026-08-23T20:56:09+00:00
ncaam-214065,NCAAM,2025-26,2025-12-20T02:30:00Z,Regular,Marriott Center,BYU,B,Abilene Christian,AC,85,67,FINISHED,ncaam,2026-08-23T20:56:09+00:00
ncaam-210323,NCAAM,2025-26,2025-12-20T03:00:00Z,Regular,Pauley Pavilion,UCLA,U,Cal Poly,CP,108,87,FINISHED,ncaam,2026-08-23T20:56:09+00:00
ncaam-210325,NCAAM,2025-26,2025-12-20T03:00:00Z,Regular,Haas Pavilion,California,C,Morgan State,MS,97,50,FINISHED,ncaam,2026-08-23T20:56:09+00:00
ncaam-214057,NCAAM,2025-26,2025-12-20T03:00:00Z,Regular,University Credit Union Pavilion,Saint Mary's,SM,Florida Atlantic,FA,88,75,FINISHED,ncaam,2026-08-23T20:56:09+00:00
ncaam-214070,NCAAM,2025-26,2025-12-20T03:00:00Z,Regular,LionTree Arena,UC San Diego,USD,San Diego,SD,80,82,FINISHED,ncaam,2026-08-23T20:56:09+00:00
ncaam-214071,NCAAM,2025-26,2025-12-20T03:00:00Z,Regular,Gersten Pavilion,Loyola Marymount,LM,North Alabama,NA,91,57,FINISHED,ncaam,2026-08-23T20:56:09+00:00
ncaam-214059,NCAAM,2025-26,2025-12-20T04:30:00Z,Regular,Redhawk Center,Seattle U,SU,Washington,W,70,66,FINISHED,ncaam,2026-08-23T20:56:09+00:00
ncaam-210333,NCAAM,2025-26,2025-12-20T17:00:00Z,Regular,KFC Yum! Center,Louisville,L,Montana,M,94,54,FINISHED,ncaam,2026-08-23T20:56:09+00:00
ncaam-210346,NCAAM,2025-26,2025-12-20T17:00:00Z,Regular,Bramlage Coliseum,Kansas State,KS,South Dakota,SD,106,76,FINISHED,ncaam,2026-08-23T20:56:09+00:00
ncaam-214075,NCAAM,2025-26,2025-12-20T17:00:00Z,Regular,Little Caesars Arena,Michigan State,MS,Oakland,O,79,70,FINISHED,ncaam,2026-08-23T20:56:09+00:00
ncaam-214087,NCAAM,2025-26,2025-12-20T17:00:00Z,Regular,Savage Arena,Toledo,T,Lourdes University,LU,100,67,FINISHED,ncaam,2026-08-23T20:56:09+00:00
ncaam-210341,NCAAM,2025-26,2025-12-20T17:30:00Z,Regular,UD Arena,Dayton,D,Liberty,L,61,64,FINISHED,ncaam,2026-08-23T20:56:09+00:00
ncaam-210348,NCAAM,2025-26,2025-12-20T17:30:00Z,Regular,State Farm Arena,Kentucky,K,St. John's,SJ,78,66,FINISHED,ncaam,2026-08-23T20:56:09+00:00
ncaam-210334,NCAAM,2025-26,2025-12-20T18:00:00Z,Regular,Reilly Center,St. Bonaventure,SB,Le Moyne,LM,92,81,FINISHED,ncaam,2026-08-23T20:56:09+00:00
ncaam-210339,NCAAM,2025-26,2025-12-20T18:00:00Z,Regular,University Arena (MI),Western Michigan,WM,Buffalo,B,71,88,FINISHED,ncaam,2026-08-23T20:56:09+00:00
ncaam-210342,NCAAM,2025-26,2025-12-20T18:00:00Z,Regular,Gallagher Center,Niagara,N,Houghton,H,81,58,FINISHED,ncaam,2026-08-23T20:56:09+00:00
ncaam-210344,NCAAM,2025-26,2025-12-20T18:00:00Z,Regular,DeGol Arena,St. Francis (PA),SF(,Robert Morris,RM,70,79,FINISHED,ncaam,2026-08-23T20:56:09+00:00
ncaam-210356,NCAAM,2025-26,2025-12-20T18:00:00Z,Regular,Holmes Convocation Center,App State,AS,Georgia State,GS,63,70,FINISHED,ncaam,2026-08-23T20:56:09+00:00
ncaam-214088,NCAAM,2025-26,2025-12-20T18:00:00Z,Regular,Calihan Hall,Detroit Mercy,DM,Siena Heights,SH,91,60,FINISHED,ncaam,2026-08-23T20:56:09+00:00
ncaam-214091,NCAAM,2025-26,2025-12-20T18:00:00Z,Regular,Simon Skjodt Assembly Hall,Indiana,I,Chicago State,CS,78,58,FINISHED,ncaam,2026-08-23T20:56:09+00:00
ncaam-214095,NCAAM,2025-26,2025-12-20T18:00:00Z,Regular,Beeghly Center,Youngstown State,YS,South Carolina Upstate,SCU,74,65,FINISHED,ncaam,2026-08-23T20:56:09+00:00
ncaam-210329,NCAAM,2025-26,2025-12-20T19:00:00Z,Regular,Cassell Coliseum,Virginia Tech,VT,Elon,E,82,81,FINISHED,ncaam,2026-08-23T20:56:09+00:00
ncaam-210336,NCAAM,2025-26,2025-12-20T19:00:00Z,Regular,Worthen Arena,Ball State,BS,Miami (OH),M(,77,86,FINISHED,ncaam,2026-08-23T20:56:09+00:00
ncaam-210337,NCAAM,2025-26,2025-12-20T19:00:00Z,Regular,Mullins Center,Massachusetts,M,Kent State,KS,59,69,FINISHED,ncaam,2026-08-23T20:56:09+00:00
ncaam-210350,NCAAM,2025-26,2025-12-20T19:00:00Z,Regular,Trojan Arena,Troy,T,Marshall,M,70,63,FINISHED,ncaam,2026-08-23T20:56:09+00:00
ncaam-210354,NCAAM,2025-26,2025-12-20T19:00:00Z,Regular,Chartway Arena,Old Dominion,OD,Coastal Carolina,CC,74,76,FINISHED,ncaam,2026-08-23T20:56:09+00:00
ncaam-210360,NCAAM,2025-26,2025-12-20T19:00:00Z,Regular,Lavietes Pavilion,Harvard,H,Holy Cross,HC,81,53,FINISHED,ncaam,2026-08-23T20:56:09+00:00
ncaam-214072,NCAAM,2025-26,2025-12-20T19:00:00Z,Regular,Dee Glen Smith Spectrum,Utah State,US,Colorado State,CS,100,58,FINISHED,ncaam,2026-08-23T20:56:09+00:00
ncaam-214073,NCAAM,2025-26,2025-12-20T19:00:00Z,Regular,Trask Coliseum,UNC Wilmington,UW,Howard,H,66,67,FINISHED,ncaam,2026-08-23T20:56:09+00:00
ncaam-214074,NCAAM,2025-26,2025-12-20T19:00:00Z,Regular,McDougald-McLendon Arena,North Carolina Central,NCC,Longwood,L,72,74,FINISHED,ncaam,2026-08-23T20:56:09+00:00
ncaam-214078,NCAAM,2025-26,2025-12-20T19:00:00Z,Regular,McCamish Pavilion,Georgia Tech,GT,Lafayette,L,95,81,FINISHED,ncaam,2026-08-23T20:56:09+00:00
ncaam-214097,NCAAM,2025-26,2025-12-20T19:00:00Z,Regular,William Nicks Building,Prairie View A&M,PVA,Paul Quinn,PQ,100,64,FINISHED,ncaam,2026-08-23T20:56:09+00:00
ncaam-214098,NCAAM,2025-26,2025-12-20T19:00:00Z,Regular,Allen Arena,Lipscomb,L,Blue Mountain,BM,123,60,FINISHED,ncaam,2026-08-23T20:56:09+00:00
ncaam-214099,NCAAM,2025-26,2025-12-20T19:00:00Z,Regular,Hyland Arena,Lindenwood,L,Harris-Stowe State,HSS,109,52,FINISHED,ncaam,2026-08-23T20:56:09+00:00
ncaam-214100,NCAAM,2025-26,2025-12-20T19:00:00Z,Regular,Mercyhurst Athletic Center,Mercyhurst,M,Binghamton,B,82,61,FINISHED,ncaam,2026-08-23T20:56:09+00:00
ncaam-214104,NCAAM,2025-26,2025-12-20T19:00:00Z,Regular,Patrick Gymnasium,Vermont,V,Iona,I,78,83,FINISHED,ncaam,2026-08-23T20:56:09+00:00
ncaam-358424,NCAAM,2025-26,2025-12-20T19:00:00Z,Regular,Prather Coliseum,Northwestern State,NS,Southern-New Orleans,SNO,108,55,FINISHED,ncaam,2026-08-23T20:56:09+00:00
ncaam-210338,NCAAM,2025-26,2025-12-20T20:00:00Z,Regular,NIU Convocation Center,Northern Illinois,NI,Central Michigan,CM,74,73,FINISHED,ncaam,2026-08-23T20:56:09+00:00
ncaam-210352,NCAAM,2025-26,2025-12-20T20:00:00Z,Regular,Fant-Ewing Coliseum,UL Monroe,UM,Louisiana,L,62,76,FINISHED,ncaam,2026-08-23T20:56:09+00:00
ncaam-214101,NCAAM,2025-26,2025-12-20T20:00:00Z,Regular,Bank of Colorado Arena,Northern Colorado,NC,Denver,D,79,86,FINISHED,ncaam,2026-08-23T20:56:09+00:00
ncaam-358425,NCAAM,2025-26,2025-12-20T20:00:00Z,Regular,UTRGV Fieldhouse,UT Rio Grande Valley,URGV,College Of Biblical Studies,COBS,109,51,FINISHED,ncaam,2026-08-23T20:56:09+00:00
ncaam-210347,NCAAM,2025-26,2025-12-20T20:26:00Z,Regular,State Farm Arena,Ohio State,OS,North Carolina,NC,70,71,FINISHED,ncaam,2026-08-23T20:56:09+00:00
ncaam-210351,NCAAM,2025-26,2025-12-20T20:45:00Z,Regular,Strahan Arena at the University Events Center,Texas State,TS,South Alabama,SA,67,65,FINISHED,ncaam,2026-08-23T20:56:09+00:00
ncaam-210331,NCAAM,2025-26,2025-12-20T21:00:00Z,Regular,JMA Wireless Dome,Syracuse,S,Northeastern,N,91,83,FINISHED,ncaam,2026-08-23T20:56:09+00:00
ncaam-210340,NCAAM,2025-26,2025-12-20T21:00:00Z,Regular,Convocation Center (OH),Ohio,O,Bowling Green,BG,58,68,FINISHED,ncaam,2026-08-23T20:56:09+00:00
ncaam-210357,NCAAM,2025-26,2025-12-20T21:00:00Z,Regular,Hooper Eblen Center,Tennessee Tech,TT,UT Martin,UM,62,86,FINISHED,ncaam,2026-08-23T20:56:09+00:00
ncaam-214077,NCAAM,2025-26,2025-12-20T21:00:00Z,Regular,Humphrey Coliseum,Mississippi State,MS,Memphis,M,71,66,FINISHED,ncaam,2026-08-23T20:56:09+00:00
ncaam-214079,NCAAM,2025-26,2025-12-20T21:00:00Z,Regular,Freedom Hall (TN),East Tennessee State,ETS,Jacksonville State,JS,75,81,FINISHED,ncaam,2026-08-23T20:56:09+00:00
ncaam-214083,NCAAM,2025-26,2025-12-20T21:00:00Z,Regular,Arena-Auditorium,Wyoming,W,Grand Canyon,GC,70,82,FINISHED,ncaam,2026-08-23T20:56:09+00:00
ncaam-214092,NCAAM,2025-26,2025-12-20T21:00:00Z,Regular,Gainbridge Fieldhouse,Butler,B,Northwestern,N,61,58,FINISHED,ncaam,2026-08-23T20:56:09+00:00
ncaam-210353,NCAAM,2025-26,2025-12-20T21:30:00Z,Regular,Reed Green Coliseum,Southern Miss,SM,Arkansas State,AS,86,93,FINISHED,ncaam,2026-08-23T20:56:09+00:00
ncaam-210358,NCAAM,2025-26,2025-12-20T21:30:00Z,Regular,Gentry Center,Tennessee State,TS,Southeast Missouri State,SMS,82,91,FINISHED,ncaam,2026-08-23T20:56:09+00:00
ncaam-210359,NCAAM,2025-26,2025-12-20T21:30:00Z,Regular,Screaming Eagles Arena,Southern Indiana,SI,Morehead State,MS,60,64,FINISHED,ncaam,2026-08-23T20:56:09+00:00
ncaam-214096,NCAAM,2025-26,2025-12-20T21:30:00Z,Regular,Corbett Sports Center,North Carolina A&T,NCA,Mid-Atlantic Christian,MAC,95,55,FINISHED,ncaam,2026-08-23T20:56:09+00:00
ncaam-210345,NCAAM,2025-26,2025-12-20T22:00:00Z,Regular,Ocean Bank Convocation Center,Florida International,FI,Long Island University,LIU,86,79,FINISHED,ncaam,2026-08-23T20:56:09+00:00
ncaam-210355,NCAAM,2025-26,2025-12-20T22:00:00Z,Regular,Jack and Ruth Ann Hill Convocation Center,Georgia Southern,GS,James Madison,JM,96,92,FINISHED,ncaam,2026-08-23T20:56:09+00:00
ncaam-214080,NCAAM,2025-26,2025-12-20T22:00:00Z,Regular,Addition Financial Arena,UCF,U,Florida Gulf Coast,FGC,102,80,FINISHED,ncaam,2026-08-23T20:56:09+00:00
ncaam-214085,NCAAM,2025-26,2025-12-20T22:00:00Z,Regular,Beasley Coliseum,Washington State,WS,Mercer,M,84,78,FINISHED,ncaam,2026-08-23T20:56:09+00:00
ncaam-214102,NCAAM,2025-26,2025-12-20T22:00:00Z,Regular,UCCU Center,Utah Valley,UV,Bethesda University,BU,109,48,FINISHED,ncaam,2026-08-23T20:56:09+00:00
ncaam-214105,NCAAM,2025-26,2025-12-20T22:00:00Z,Regular,Leavey Center,Santa Clara,SC,Loyola Chicago,LC,78,80,FINISHED,ncaam,2026-08-23T20:56:09+00:00
ncaam-214093,NCAAM,2025-26,2025-12-20T22:30:00Z,Regular,Prudential Center,Arkansas,A,Houston,H,85,94,FINISHED,ncaam,2026-08-23T20:56:09+00:00
ncaam-210330,NCAAM,2025-26,2025-12-20T23:00:00Z,Regular,John Paul Jones Arena,Virginia,V,Maryland,M,80,72,FINISHED,ncaam,2026-08-23T20:56:09+00:00
ncaam-210335,NCAAM,2025-26,2025-12-20T23:00:00Z,Regular,Robins Center,Richmond,R,The Citadel,TC,80,56,FINISHED,ncaam,2026-08-23T20:56:09+00:00
ncaam-210349,NCAAM,2025-26,2025-12-20T23:00:00Z,Regular,Carver-Hawkeye Arena,Iowa,I,Bucknell,B,94,39,FINISHED,ncaam,2026-08-23T20:56:09+00:00
ncaam-214086,NCAAM,2025-26,2025-12-20T23:30:00Z,Regular,Mackey Arena,Purdue,P,Auburn,A,88,60,FINISHED,ncaam,2026-08-23T20:56:09+00:00
ncaam-214094,NCAAM,2025-26,2025-12-21T00:00:00Z,Regular,Jon M. Huntsman Center,Utah,U,Eastern Washington,EW,101,77,FINISHED,ncaam,2026-08-23T20:56:09+00:00
ncaam-358426,NCAAM,2025-26,2025-12-21T00:00:00Z,Regular,Thomas & Mack Center,UNLV,U,Fresno State,FS,84,72,FINISHED,ncaam,2026-08-23T20:56:09+00:00
ncaam-358427,NCAAM,2025-26,2025-12-21T00:00:00Z,Regular,Montagne Center,Lamar,L,Omaha,O,82,85,FINISHED,ncaam,2026-08-23T20:56:09+00:00
ncaam-214076,NCAAM,2025-26,2025-12-21T00:30:00Z,Regular,Devlin Fieldhouse,Tulane,T,Portland State,PS,63,61,FINISHED,ncaam,2026-08-23T20:56:09+00:00
ncaam-210332,NCAAM,2025-26,2025-12-21T01:00:00Z,Regular,Footprint Center,Colorado,C,Stanford,S,68,77,FINISHED,ncaam,2026-08-23T20:56:09+00:00
ncaam-210343,NCAAM,2025-26,2025-12-21T01:00:00Z,Regular,Jersey Mike’s Arena,Rutgers,R,Pennsylvania,P,70,69,FINISHED,ncaam,2026-08-23T20:56:09+00:00
ncaam-214103,NCAAM,2025-26,2025-12-21T01:00:00Z,Regular,Lee & Penny Anderson Arena,St. Thomas-Minnesota,STM,UC Riverside,UR,92,78,FINISHED,ncaam,2026-08-23T20:56:09+00:00
ncaam-214106,NCAAM,2025-26,2025-12-21T01:00:00Z,Regular,Dale E. and Sarah Ann Fowler Events Center,California Baptist,CB,Sacramento State,SS,74,67,FINISHED,ncaam,2026-08-23T20:56:09+00:00
ncaam-210361,NCAAM,2025-26,2025-12-21T01:10:00Z,Regular,Madison Square Garden,Duke,D,Texas Tech,TT,81,82,FINISHED,ncaam,2026-08-23T20:56:09+00:00
ncaam-214089,NCAAM,2025-26,2025-12-21T01:30:00Z,Regular,Capital One Arena,Georgetown,G,Xavier,X,77,80,FINISHED,ncaam,2026-08-23T20:56:09+00:00
ncaam-214090,NCAAM,2025-26,2025-12-21T01:30:00Z,Regular,CHI Health Center Omaha,Creighton,C,Marquette,M,84,63,FINISHED,ncaam,2026-08-23T20:56:09+00:00
ncaam-214107,NCAAM,2025-26,2025-12-21T01:30:00Z,Regular,American Bank Center,Texas A&M-Corpus Christi,TACC,Southwestern Adventist,SA,93,36,FINISHED,ncaam,2026-08-23T20:56:09+00:00
ncaam-214081,NCAAM,2025-26,2025-12-21T02:00:00Z,Regular,Firestone Fieldhouse,Pepperdine,P,Rice,R,84,62,FINISHED,ncaam,2026-08-23T20:56:09+00:00
ncaam-214108,NCAAM,2025-26,2025-12-21T02:00:00Z,Regular,Dee Events Center,Weber State,WS,Utah Tech,UT,80,82,FINISHED,ncaam,2026-08-23T20:56:09+00:00
ncaam-358428,NCAAM,2025-26,2025-12-21T02:00:00Z,Regular,The Pit,New Mexico,NM,San José State,SJS,88,65,FINISHED,ncaam,2026-08-23T20:56:09+00:00
ncaam-214082,NCAAM,2025-26,2025-12-21T03:00:00Z,Regular,Lawlor Events Center,Nevada,N,Boise State,BS,81,66,FINISHED,ncaam,2026-08-23T20:56:09+00:00
ncaam-214084,NCAAM,2025-26,2025-12-21T03:30:00Z,Regular,Footprint Center,Arizona,A,San Diego State,SDS,68,45,FINISHED,ncaam,2026-08-23T20:56:09+00:00
ncaam-210366,NCAAM,2025-26,2025-12-21T17:00:00Z,Regular,Giant Center,Penn State,PS,Pittsburgh,P,46,80,FINISHED,ncaam,2026-08-23T20:56:09+00:00
ncaam-210379,NCAAM,2025-26,2025-12-21T17:00:00Z,Regular,Knott Arena,Mount St. Mary's,MSM,Penn State (Brandywine),PS(,73,42,FINISHED,ncaam,2026-08-23T20:56:09+00:00
ncaam-214111,NCAAM,2025-26,2025-12-21T17:00:00Z,Regular,Winthrop Coliseum,Winthrop,W,Clinton College,CC,107,41,FINISHED,ncaam,2026-08-23T20:56:09+00:00
ncaam-214116,NCAAM,2025-26,2025-12-21T17:00:00Z,Regular,Case Gym,Boston University,BU,UMass Lowell,UL,88,76,FINISHED,ncaam,2026-08-23T20:56:09+00:00
ncaam-214120,NCAAM,2025-26,2025-12-21T17:00:00Z,Regular,Truist Arena,Northern Kentucky,NK,Charleston,C,74,85,FINISHED,ncaam,2026-08-23T20:56:09+00:00
ncaam-214130,NCAAM,2025-26,2025-12-21T17:00:00Z,Regular,Alumni Hall (Navy),Navy,N,Rosemont,R,70,23,FINISHED,ncaam,2026-08-23T20:56:09+00:00
ncaam-358429,NCAAM,2025-26,2025-12-21T17:00:00Z,Regular,Stephen C. O'Connell Center,Florida,F,Colgate,C,90,60,FINISHED,ncaam,2026-08-23T20:56:09+00:00
ncaam-210364,NCAAM,2025-26,2025-12-21T18:00:00Z,Regular,LJVM Coliseum,Wake Forest,WF,Vanderbilt,V,67,98,FINISHED,ncaam,2026-08-23T20:56:09+00:00
ncaam-210368,NCAAM,2025-26,2025-12-21T18:00:00Z,Regular,,NC State,NS,Ole Miss,OM,76,62,FINISHED,ncaam,2026-08-23T20:56:09+00:00
ncaam-210371,NCAAM,2025-26,2025-12-21T18:00:00Z,Regular,McCann Arena,Marist,M,Stony Brook,SB,70,51,FINISHED,ncaam,2026-08-23T20:56:09+00:00
ncaam-214115,NCAAM,2025-26,2025-12-21T18:00:00Z,Regular,OceanFirst Bank Center,Monmouth,M,Lehigh,L,76,62,FINISHED,ncaam,2026-08-23T20:56:09+00:00
ncaam-214127,NCAAM,2025-26,2025-12-21T18:00:00Z,Regular,David S. Mack Sports and Exhibition Complex,Hofstra,H,Quinnipiac,Q,74,66,FINISHED,ncaam,2026-08-23T20:56:09+00:00
ncaam-214132,NCAAM,2025-26,2025-12-21T18:00:00Z,Regular,Foster Pavilion,Baylor,B,Southern,S,111,67,FINISHED,ncaam,2026-08-23T20:56:09+00:00
ncaam-210365,NCAAM,2025-26,2025-12-21T19:00:00Z,Regular,Moody Coliseum,SMU,S,Central Arkansas,CA,99,82,FINISHED,ncaam,2026-08-23T20:56:09+00:00
ncaam-210367,NCAAM,2025-26,2025-12-21T19:00:00Z,Regular,Purcell Pavilion,Notre Dame,ND,Purdue Fort Wayne,PFW,69,72,FINISHED,ncaam,2026-08-23T20:56:09+00:00
ncaam-210372,NCAAM,2025-26,2025-12-21T19:00:00Z,Regular,Gallagher-Iba Arena,Oklahoma State,OS,Cal State Fullerton,CSF,94,89,FINISHED,ncaam,2026-08-23T20:56:09+00:00
ncaam-210375,NCAAM,2025-26,2025-12-21T19:00:00Z,Regular,Propst Arena,Alabama,A,Kennesaw State,KS,92,81,FINISHED,ncaam,2026-08-23T20:56:09+00:00
ncaam-214121,NCAAM,2025-26,2025-12-21T19:00:00Z,Regular,Murphy Center,Middle Tennessee,MT,Cumberland (TN),C(,74,58,FINISHED,ncaam,2026-08-23T20:56:09+00:00
ncaam-214124,NCAAM,2025-26,2025-12-21T19:00:00Z,Regular,Timmons Arena,Furman,F,Charleston Southern,CS,84,76,FINISHED,ncaam,2026-08-23T20:56:09+00:00
ncaam-214125,NCAAM,2025-26,2025-12-21T19:00:00Z,Regular,Halton Arena,Charlotte,C,UIC,U,88,76,FINISHED,ncaam,2026-08-23T20:56:09+00:00
ncaam-214126,NCAAM,2025-26,2025-12-21T19:00:00Z,Regular,Daskalakis Athletic Center,Drexel,D,Maine,M,74,56,FINISHED,ncaam,2026-08-23T20:56:09+00:00
ncaam-214129,NCAAM,2025-26,2025-12-21T19:00:00Z,Regular,EagleBank Arena,George Mason,GM,Loyola Maryland,LM,86,79,FINISHED,ncaam,2026-08-23T20:56:09+00:00
ncaam-214134,NCAAM,2025-26,2025-12-21T19:00:00Z,Regular,Draddy Gymnasium,Manhattan,M,Presbyterian,P,87,81,FINISHED,ncaam,2026-08-23T20:56:09+00:00
ncaam-358430,NCAAM,2025-26,2025-12-21T19:00:00Z,Regular,Memorial Hall (DE),Delaware State,DS,Holy Family University,HFU,73,61,FINISHED,ncaam,2026-08-23T20:56:09+00:00
ncaam-358431,NCAAM,2025-26,2025-12-21T19:00:00Z,Regular,Athletics-Recreation Center,Valparaiso,V,Murray State,MS,79,85,FINISHED,ncaam,2026-08-23T20:56:09+00:00
ncaam-358432,NCAAM,2025-26,2025-12-21T19:00:00Z,Regular,Carver Arena,Bradley,B,Southern Illinois,SI,73,69,FINISHED,ncaam,2026-08-23T20:56:09+00:00
ncaam-358433,NCAAM,2025-26,2025-12-21T19:00:00Z,Regular,First Horizon Coliseum,UNC Greensboro,UG,Virginia-Lynchburg,VL,131,53,FINISHED,ncaam,2026-08-23T20:56:09+00:00
ncaam-358434,NCAAM,2025-26,2025-12-21T19:00:00Z,Regular,William R. Johnson Coliseum,Stephen F. Austin,SFA,Dallas,D,103,55,FINISHED,ncaam,2026-08-23T20:56:09+00:00
ncaam-214119,NCAAM,2025-26,2025-12-21T19:30:00Z,Regular,The Dedmon Center,Radford,R,VMI,V,97,90,FINISHED,ncaam,2026-08-23T20:56:09+00:00
ncaam-210370,NCAAM,2025-26,2025-12-21T20:00:00Z,Regular,Chaifetz Arena,Saint Louis,SL,New Hampshire,NH,93,79,FINISHED,ncaam,2026-08-23T20:56:09+00:00
ncaam-214112,NCAAM,2025-26,2025-12-21T20:00:00Z,Regular,Food City Center,Tennessee,T,Gardner-Webb,GW,94,52,FINISHED,ncaam,2026-08-23T20:56:09+00:00
ncaam-214114,NCAAM,2025-26,2025-12-21T20:00:00Z,Regular,Bartow Arena,UAB,U,UNC Asheville,UA,72,47,FINISHED,ncaam,2026-08-23T20:56:09+00:00
ncaam-214128,NCAAM,2025-26,2025-12-21T20:00:00Z,Regular,McDermott Center,Incarnate Word,IW,Northern Arizona,NA,90,66,FINISHED,ncaam,2026-08-23T20:56:09+00:00
ncaam-214133,NCAAM,2025-26,2025-12-21T20:00:00Z,Regular,Desert Financial Arena,Arizona State,AS,Oregon State,OS,75,78,FINISHED,ncaam,2026-08-23T20:56:09+00:00
ncaam-214135,NCAAM,2025-26,2025-12-21T20:00:00Z,Regular,Yuengling Center,South Florida,SF,UMBC,U,94,69,FINISHED,ncaam,2026-08-23T20:56:09+00:00
ncaam-214138,NCAAM,2025-26,2025-12-21T20:00:00Z,Regular,Event Center,Alabama A&M,AA,Chattanooga,C,66,73,FINISHED,ncaam,2026-08-23T20:56:09+00:00
ncaam-358435,NCAAM,2025-26,2025-12-21T20:00:00Z,Regular,Broadview Center,UAlbany,U,Cornell,C,75,83,FINISHED,ncaam,2026-08-23T20:56:09+00:00
ncaam-210374,NCAAM,2025-26,2025-12-21T20:10:00Z,Regular,Fifth Third Arena,Clemson,C,Cincinnati,C,68,65,FINISHED,ncaam,2026-08-23T20:56:09+00:00
ncaam-210376,NCAAM,2025-26,2025-12-21T21:00:00Z,Regular,Schollmaier Arena,TCU,T,Florida A&M,FA,80,56,FINISHED,ncaam,2026-08-23T20:56:09+00:00
ncaam-210377,NCAAM,2025-26,2025-12-21T21:00:00Z,Regular,Watsco Center,Miami,M,North Florida,NF,105,67,FINISHED,ncaam,2026-08-23T20:56:09+00:00
ncaam-210378,NCAAM,2025-26,2025-12-21T21:00:00Z,Regular,Pan American Center,New Mexico State,NMS,Sam Houston,SH,87,78,FINISHED,ncaam,2026-08-23T20:56:09+00:00
ncaam-214123,NCAAM,2025-26,2025-12-21T21:00:00Z,Regular,Crisler Center,Michigan,M,La Salle,LS,102,50,FINISHED,ncaam,2026-08-23T20:56:09+00:00
ncaam-358436,NCAAM,2025-26,2025-12-21T21:00:00Z,Regular,Ford Center,Evansville,E,Drake,D,65,66,FINISHED,ncaam,2026-08-23T20:56:09+00:00
ncaam-358437,NCAAM,2025-26,2025-12-21T21:00:00Z,Regular,Reed Arena,Texas A&M,TA,East Texas A&M,ETA,118,77,FINISHED,ncaam,2026-08-23T20:56:09+00:00
ncaam-358451,NCAAM,2025-26,2025-12-21T21:00:00Z,Regular,Galen Center,USC,U,UC Santa Cruz,USC,102,63,FINISHED,ncaam,2026-08-23T20:56:09+00:00
ncaam-214122,NCAAM,2025-26,2025-12-21T21:30:00Z,Regular,Wintrust Arena,DePaul,D,UConn,U,54,72,FINISHED,ncaam,2026-08-23T20:56:09+00:00
ncaam-210363,NCAAM,2025-26,2025-12-21T22:00:00Z,Regular,Wolstein Center,Cleveland State,CS,Milwaukee,M,71,81,FINISHED,ncaam,2026-08-23T20:56:09+00:00
ncaam-210369,NCAAM,2025-26,2025-12-21T22:00:00Z,Regular,Haas Pavilion,California,C,Columbia,C,74,56,FINISHED,ncaam,2026-08-23T20:56:09+00:00
ncaam-214113,NCAAM,2025-26,2025-12-21T22:00:00Z,Regular,Charles Koch Arena,Wichita State,WS,Eastern Kentucky,EK,88,57,FINISHED,ncaam,2026-08-23T20:56:09+00:00
ncaam-358438,NCAAM,2025-26,2025-12-21T22:00:00Z,Regular,CEFCU Arena,Illinois State,IS,Indiana State,IS,85,65,FINISHED,ncaam,2026-08-23T20:56:09+00:00
ncaam-210373,NCAAM,2025-26,2025-12-21T23:00:00Z,Regular,The Sobrato Center,San Francisco,SF,Morgan State,MS,94,64,FINISHED,ncaam,2026-08-23T20:56:09+00:00
ncaam-214110,NCAAM,2025-26,2025-12-21T23:00:00Z,Regular,Williams Arena,Minnesota,M,Campbell,C,78,50,FINISHED,ncaam,2026-08-23T20:56:09+00:00
ncaam-214117,NCAAM,2025-26,2025-12-21T23:00:00Z,Regular,Moda Center,Oregon,O,Gonzaga,G,82,91,FINISHED,ncaam,2026-08-23T20:56:09+00:00
ncaam-214131,NCAAM,2025-26,2025-12-21T23:00:00Z,Regular,Hilton Coliseum,Iowa State,IS,Long Beach State,LBS,91,60,FINISHED,ncaam,2026-08-23T20:56:09+00:00
ncaam-214136,NCAAM,2025-26,2025-12-21T23:00:00Z,Regular,Reed Arena,Idaho State,IS,UC Davis,UD,83,93,FINISHED,ncaam,2026-08-23T20:56:09+00:00
ncaam-214118,NCAAM,2025-26,2025-12-22T00:00:00Z,Regular,Mott Athletics Center,Cal Poly,CP,Idaho,I,80,83,FINISHED,ncaam,2026-08-23T20:56:09+00:00
ncaam-214137,NCAAM,2025-26,2025-12-22T00:00:00Z,Regular,Alex G. Spanos Center,Pacific,P,Nicholls,N,95,82,FINISHED,ncaam,2026-08-23T20:56:09+00:00
ncaam-358440,NCAAM,2025-26,2025-12-22T00:00:00Z,Regular,Don Haskins Center,North Dakota State,NDS,UC Irvine,UI,73,74,FINISHED,ncaam,2026-08-23T20:56:09+00:00
ncaam-214109,NCAAM,2025-26,2025-12-22T01:00:00Z,Regular,Pinnacle Bank Arena,Nebraska,N,North Dakota,ND,78,55,FINISHED,ncaam,2026-08-23T20:56:09+00:00
ncaam-358441,NCAAM,2025-26,2025-12-22T02:30:00Z,Regular,Don Haskins Center,UTEP,U,Norfolk State,NS,71,72,FINISHED,ncaam,2026-08-23T20:56:09+00:00
ncaam-214178,NCAAM,2025-26,2025-12-22T16:00:00Z,Regular,Rose Hill Gym,Fordham,F,New Haven,NH,65,47,FINISHED,ncaam,2026-08-23T20:56:09+00:00
ncaam-210384,NCAAM,2025-26,2025-12-22T17:00:00Z,Regular,Charles E. Smith Center,George Washington,GW,St. Mary's (MD),SM(,97,40,FINISHED,ncaam,2026-08-23T20:56:09+00:00
ncaam-214172,NCAAM,2025-26,2025-12-22T17:00:00Z,Regular,Mullins Center,Massachusetts,M,Massachusetts-Boston,MB,91,40,FINISHED,ncaam,2026-08-23T20:56:09+00:00
ncaam-358442,NCAAM,2025-26,2025-12-22T17:00:00Z,Regular,Spiro Sports Center,Wagner,W,Manor College,MC,74,57,FINISHED,ncaam,2026-08-23T20:56:09+00:00
ncaam-358443,NCAAM,2025-26,2025-12-22T17:00:00Z,Regular,Yanitelli Center,Saint Peter's,SP,Centenary (NJ),C(,116,50,FINISHED,ncaam,2026-08-23T20:56:09+00:00
ncaam-358444,NCAAM,2025-26,2025-12-22T17:00:00Z,Regular,Convocation Center (OH),Ohio,O,Miami (OH)-Hamilton,M(H,102,59,FINISHED,ncaam,2026-08-23T20:56:09+00:00
ncaam-358445,NCAAM,2025-26,2025-12-22T17:00:00Z,Regular,Ocean Bank Convocation Center,Florida International,FI,Trinity Baptist,TB,121,70,FINISHED,ncaam,2026-08-23T20:56:09+00:00
ncaam-358446,NCAAM,2025-26,2025-12-22T18:00:00Z,Regular,Millett Hall,Miami (OH),M(,Milligan,M,135,81,FINISHED,ncaam,2026-08-23T20:56:09+00:00
ncaam-358447,NCAAM,2025-26,2025-12-22T18:00:00Z,Regular,University Arena (MI),Western Michigan,WM,Defiance,D,94,57,FINISHED,ncaam,2026-08-23T20:56:09+00:00
ncaam-214143,NCAAM,2025-26,2025-12-22T19:00:00Z,Regular,Thomas Assembly Center,Louisiana Tech,LT,Dallas Christian,DC,90,37,FINISHED,ncaam,2026-08-23T20:56:09+00:00
ncaam-214148,NCAAM,2025-26,2025-12-22T19:00:00Z,Regular,Stegeman Coliseum,Georgia,G,West Georgia,WG,103,74,FINISHED,ncaam,2026-08-23T20:56:09+00:00
ncaam-214154,NCAAM,2025-26,2025-12-22T19:00:00Z,Regular,TU Arena,Towson,T,Sacred Heart,SH,72,47,FINISHED,ncaam,2026-08-23T20:56:09+00:00
ncaam-214157,NCAAM,2025-26,2025-12-22T19:00:00Z,Regular,Stroh Center,Bowling Green,BG,Siena Heights,SH,125,66,FINISHED,ncaam,2026-08-23T20:56:09+00:00
ncaam-214167,NCAAM,2025-26,2025-12-22T19:00:00Z,Regular,Hinkle Fieldhouse,Butler,B,NJIT,N,101,52,FINISHED,ncaam,2026-08-23T20:56:09+00:00
ncaam-358448,NCAAM,2025-26,2025-12-22T19:00:00Z,Regular,The Super Pit,North Texas,NT,Science & Arts (OK),S&A(,109,56,FINISHED,ncaam,2026-08-23T20:56:09+00:00
ncaam-214147,NCAAM,2025-26,2025-12-22T20:00:00Z,Regular,Reynolds Center,Tulsa,T,Denver,D,90,85,FINISHED,ncaam,2026-08-23T20:56:09+00:00
ncaam-214150,NCAAM,2025-26,2025-12-22T20:00:00Z,Regular,UTSA Convocation Center,UTSA,U,Seattle U,SU,68,71,FINISHED,ncaam,2026-08-23T20:56:09+00:00
ncaam-214165,NCAAM,2025-26,2025-12-22T20:00:00Z,Regular,Groniger Arena,Eastern Illinois,EI,East-West University,EWU,110,56,FINISHED,ncaam,2026-08-23T20:56:09+00:00
ncaam-214173,NCAAM,2025-26,2025-12-22T20:00:00Z,Regular,Worthington Arena,Montana State,MS,Northwest University,NU,93,54,FINISHED,ncaam,2026-08-23T20:56:09+00:00
ncaam-214139,NCAAM,2025-26,2025-12-22T21:00:00Z,Regular,Schar Center,Elon,E,Greensboro College,GC,97,63,FINISHED,ncaam,2026-08-23T20:56:09+00:00
ncaam-214142,NCAAM,2025-26,2025-12-22T21:00:00Z,Regular,Dee Events Center,Weber State,WS,Lincoln University (CA),LU(,103,64,FINISHED,ncaam,2026-08-23T20:56:09+00:00
ncaam-214153,NCAAM,2025-26,2025-12-22T21:00:00Z,Regular,Viejas Arena,San Diego State,SDS,Whittier,W,121,59,FINISHED,ncaam,2026-08-23T20:56:09+00:00
ncaam-358449,NCAAM,2025-26,2025-12-22T21:00:00Z,Regular,Colonial Life Arena,South Carolina,SC,South Carolina State,SCS,95,70,FINISHED,ncaam,2026-08-23T20:56:09+00:00
ncaam-210389,NCAAM,2025-26,2025-12-22T21:30:00Z,Regular,Western Hall,Western Illinois,WI,SIU Edwardsville,SE,61,66,FINISHED,ncaam,2026-08-23T20:56:09+00:00
ncaam-214141,NCAAM,2025-26,2025-12-22T22:00:00Z,Regular,H&PE Arena,Texas Southern,TS,Abilene Christian,AC,68,75,FINISHED,ncaam,2026-08-23T20:56:09+00:00
ncaam-214174,NCAAM,2025-26,2025-12-22T22:00:00Z,Regular,The Thunderdome,UC Santa Barbara,USB,Portland,P,79,61,FINISHED,ncaam,2026-08-23T20:56:09+00:00
ncaam-210380,NCAAM,2025-26,2025-12-22T23:00:00Z,Regular,John Paul Jones Arena,Virginia,V,American University,AU,95,51,FINISHED,ncaam,2026-08-23T20:56:09+00:00
ncaam-214162,NCAAM,2025-26,2025-12-22T23:00:00Z,Regular,Simon Skjodt Assembly Hall,Indiana,I,Siena,S,81,60,FINISHED,ncaam,2026-08-23T20:56:09+00:00
ncaam-214156,NCAAM,2025-26,2025-12-22T23:30:00Z,Regular,Alumni Arena,Buffalo,B,Penn State-Behrend,PSB,92,63,FINISHED,ncaam,2026-08-23T20:56:09+00:00
ncaam-214163,NCAAM,2025-26,2025-12-22T23:30:00Z,Regular,Capital One Arena,Georgetown,G,Coppin State,CS,97,67,FINISHED,ncaam,2026-08-23T20:56:09+00:00
ncaam-210381,NCAAM,2025-26,2025-12-23T00:00:00Z,Regular,JMA Wireless Dome,Syracuse,S,Stonehill,S,77,48,FINISHED,ncaam,2026-08-23T20:56:09+00:00
ncaam-210383,NCAAM,2025-26,2025-12-23T00:00:00Z,Regular,Thomas M. Ryan Center,Rhode Island,RI,Northeastern,N,85,77,FINISHED,ncaam,2026-08-23T20:56:09+00:00
ncaam-210385,NCAAM,2025-26,2025-12-23T00:00:00Z,Regular,UPMC Cooper Fieldhouse,Duquesne,D,Canisius,C,103,59,FINISHED,ncaam,2026-08-23T20:56:09+00:00
ncaam-210386,NCAAM,2025-26,2025-12-23T00:00:00Z,Regular,Siegel Center,VCU,V,Rider,R,100,79,FINISHED,ncaam,2026-08-23T20:56:09+00:00
ncaam-210387,NCAAM,2025-26,2025-12-23T00:00:00Z,Regular,Conte Forum,Boston College,BC,Fairleigh Dickinson,FD,72,61,FINISHED,ncaam,2026-08-23T20:56:09+00:00
ncaam-214140,NCAAM,2025-26,2025-12-23T00:00:00Z,Regular,Pete Maravich Assembly Center,LSU,L,Prairie View A&M,PVA,104,90,FINISHED,ncaam,2026-08-23T20:56:09+00:00
ncaam-214145,NCAAM,2025-26,2025-12-23T00:00:00Z,Regular,Liacouras Center,Temple,T,Princeton,P,65,61,FINISHED,ncaam,2026-08-23T20:56:09+00:00
ncaam-214158,NCAAM,2025-26,2025-12-23T00:00:00Z,Regular,Nutter Center,Wright State,WS,Eastern Michigan,EM,70,64,FINISHED,ncaam,2026-08-23T20:56:09+00:00
ncaam-214160,NCAAM,2025-26,2025-12-23T00:00:00Z,Regular,Tucker Center,Florida State,FS,Jacksonville,J,87,63,FINISHED,ncaam,2026-08-23T20:56:09+00:00
ncaam-214164,NCAAM,2025-26,2025-12-23T00:00:00Z,Regular,Michael J. Hagan '85 Arena,Saint Joseph's,SJ,Coastal Carolina,CC,62,68,FINISHED,ncaam,2026-08-23T20:56:09+00:00
ncaam-214169,NCAAM,2025-26,2025-12-23T00:00:00Z,Regular,WVU Coliseum,West Virginia,WV,Mississippi Valley State,MVS,86,51,FINISHED,ncaam,2026-08-23T20:56:09+00:00
ncaam-214176,NCAAM,2025-26,2025-12-23T00:00:00Z,Regular,Leo D. Mahoney Arena,Fairfield,F,City College NY,CCN,121,58,FINISHED,ncaam,2026-08-23T20:56:09+00:00
ncaam-214179,NCAAM,2025-26,2025-12-23T00:00:00Z,Regular,Qubein Center,High Point,HP,Bryant,B,93,47,FINISHED,ncaam,2026-08-23T20:56:09+00:00
ncaam-358479,NCAAM,2025-26,2025-12-23T00:00:00Z,Regular,Don Haskins Center,UTEP,U,North Dakota State,NDS,76,66,FINISHED,ncaam,2026-08-23T20:56:09+00:00
ncaam-210382,NCAAM,2025-26,2025-12-23T01:00:00Z,Regular,Dean E. Smith Center,North Carolina,NC,East Carolina,EC,99,51,FINISHED,ncaam,2026-08-23T20:56:09+00:00
ncaam-210388,NCAAM,2025-26,2025-12-23T01:00:00Z,Regular,Mizzou Arena,Illinois,I,Missouri,M,91,48,FINISHED,ncaam,2026-08-23T20:56:09+00:00
ncaam-214146,NCAAM,2025-26,2025-12-23T01:00:00Z,Regular,FedExForum,Memphis,M,Alabama State,AS,88,67,FINISHED,ncaam,2026-08-23T20:56:09+00:00
ncaam-214149,NCAAM,2025-26,2025-12-23T01:00:00Z,Regular,Jack Stephens Center,Little Rock,LR,Williams Baptist,WB,98,84,FINISHED,ncaam,2026-08-23T20:56:09+00:00
ncaam-214152,NCAAM,2025-26,2025-12-23T01:00:00Z,Regular,Mabee Center,Oral Roberts,OR,UT Arlington,UA,57,69,FINISHED,ncaam,2026-08-23T20:56:09+00:00
ncaam-214155,NCAAM,2025-26,2025-12-23T01:00:00Z,Regular,Kohl Center,Wisconsin,W,Central Michigan,CM,88,61,FINISHED,ncaam,2026-08-23T20:56:09+00:00
ncaam-214159,NCAAM,2025-26,2025-12-23T01:00:00Z,Regular,Global Credit Union Arena,Grand Canyon,GC,IU Indianapolis,II,91,78,FINISHED,ncaam,2026-08-23T20:56:09+00:00
ncaam-214161,NCAAM,2025-26,2025-12-23T01:00:00Z,Regular,Moody Center,Texas,T,Maryland Eastern Shore,MES,94,71,FINISHED,ncaam,2026-08-23T20:56:09+00:00
ncaam-214166,NCAAM,2025-26,2025-12-23T01:00:00Z,Regular,CHI Health Center Omaha,Creighton,C,Utah Tech,UT,92,69,FINISHED,ncaam,2026-08-23T20:56:09+00:00
ncaam-214170,NCAAM,2025-26,2025-12-23T01:00:00Z,Regular,Allen Fieldhouse,Kansas,K,Davidson,D,90,61,FINISHED,ncaam,2026-08-23T20:56:09+00:00
ncaam-214144,NCAAM,2025-26,2025-12-23T02:00:00Z,Regular,McKale Memorial Center,Arizona,A,Bethune-Cookman,BC,107,71,FINISHED,ncaam,2026-08-23T20:56:09+00:00
ncaam-214171,NCAAM,2025-26,2025-12-23T02:00:00Z,Regular,Marriott Center,BYU,B,Eastern Washington,EW,109,81,FINISHED,ncaam,2026-08-23T20:56:09+00:00
ncaam-214175,NCAAM,2025-26,2025-12-23T02:00:00Z,Regular,Lloyd Noble Center,Oklahoma,O,Stetson,S,107,54,FINISHED,ncaam,2026-08-23T20:56:09+00:00
ncaam-358480,NCAAM,2025-26,2025-12-23T02:00:00Z,Regular,Don Haskins Center,Norfolk State,NS,UC Irvine,UI,70,89,FINISHED,ncaam,2026-08-23T20:56:09+00:00
ncaam-214151,NCAAM,2025-26,2025-12-23T03:00:00Z,Regular,Alaska Airlines Arena,Washington,W,San Diego,SD,86,56,FINISHED,ncaam,2026-08-23T20:56:09+00:00
ncaam-214168,NCAAM,2025-26,2025-12-23T03:00:00Z,Regular,University Credit Union Pavilion,Saint Mary's,SM,Northern Iowa,NI,63,58,FINISHED,ncaam,2026-08-23T20:56:09+00:00
ncaam-214177,NCAAM,2025-26,2025-12-23T03:00:00Z,Regular,Premier America Credit Union Arena,Cal State Northridge,CSN,Sacramento State,SS,100,88,FINISHED,ncaam,2026-08-23T20:56:09+00:00
ncaam-214186,NCAAM,2025-26,2025-12-23T17:00:00Z,Regular,Christl Arena,Army,A,Binghamton,B,95,85,FINISHED,ncaam,2026-08-23T20:56:09+00:00
ncaam-358450,NCAAM,2025-26,2025-12-23T17:00:00Z,Regular,John W. Pope Jr. Convocation Center,Campbell,C,Green Bay,GB,102,79,FINISHED,ncaam,2026-08-23T20:56:09+00:00
ncaam-214183,NCAAM,2025-26,2025-12-23T18:00:00Z,Regular,Rupp Arena,Kentucky,K,Bellarmine,B,99,85,FINISHED,ncaam,2026-08-23T20:56:09+00:00
ncaam-214181,NCAAM,2025-26,2025-12-23T19:00:00Z,Regular,Schottenstein Center,Ohio State,OS,Grambling,G,89,63,FINISHED,ncaam,2026-08-23T20:56:09+00:00
ncaam-214182,NCAAM,2025-26,2025-12-23T19:00:00Z,Regular,Addition Financial Arena,UCF,U,Florida Atlantic,FA,85,80,FINISHED,ncaam,2026-08-23T20:56:09+00:00
ncaam-214185,NCAAM,2025-26,2025-12-23T20:00:00Z,Regular,Great Southern Bank Arena,Missouri State,MS,Lindenwood,L,70,65,FINISHED,ncaam,2026-08-23T20:56:09+00:00
ncaam-210390,NCAAM,2025-26,2025-12-23T21:00:00Z,Regular,Pauley Pavilion,UCLA,U,UC Riverside,UR,97,65,FINISHED,ncaam,2026-08-23T20:56:09+00:00
ncaam-214187,NCAAM,2025-26,2025-12-23T22:00:00Z,Regular,Icardo Center,Cal State Bakersfield,CSB,Idaho,I,64,63,FINISHED,ncaam,2026-08-23T20:56:09+00:00
ncaam-210391,NCAAM,2025-26,2025-12-23T23:00:00Z,Regular,Gersten Pavilion,Loyola Marymount,LM,Morgan State,MS,83,56,FINISHED,ncaam,2026-08-23T20:56:09+00:00
ncaam-210392,NCAAM,2025-26,2025-12-23T23:00:00Z,Regular,Carnesecca Arena,St. John's,SJ,Harvard,H,85,59,FINISHED,ncaam,2026-08-23T20:56:09+00:00
ncaam-214180,NCAAM,2025-26,2025-12-24T00:00:00Z,Regular,Cam Henderson Center,Marshall,M,WVU Tech,WT,102,52,FINISHED,ncaam,2026-08-23T20:56:09+00:00
ncaam-214184,NCAAM,2025-26,2025-12-24T00:00:00Z,Regular,Prudential Center,Seton Hall,SH,Villanova,V,56,64,FINISHED,ncaam,2026-08-23T20:56:09+00:00
ncaam-214188,NCAAM,2025-26,2025-12-27T17:00:00Z,Regular,Trask Coliseum,UNC Wilmington,UW,Columbia College (SC),CC(,100,56,FINISHED,ncaam,2026-08-23T20:56:09+00:00
ncaam-210393,NCAAM,2025-26,2025-12-27T19:00:00Z,Regular,UPMC Cooper Fieldhouse,Duquesne,D,Cleary University,CU,99,49,FINISHED,ncaam,2026-08-23T20:56:09+00:00
ncaam-210394,NCAAM,2025-26,2025-12-28T01:00:00Z,Regular,Maples Pavilion,Stanford,S,Cal State Northridge,CSN,88,80,FINISHED,ncaam,2026-08-23T20:56:09+00:00
ncaam-214193,NCAAM,2025-26,2025-12-28T17:00:00Z,Regular,Michael J. Hagan '85 Arena,Saint Joseph's,SJ,Arcadia,A,87,65,FINISHED,ncaam,2026-08-23T20:56:09+00:00
ncaam-214194,NCAAM,2025-26,2025-12-28T18:00:00Z,Regular,Chace Athletic Center,Bryant,B,Worcester State,WS,95,59,FINISHED,ncaam,2026-08-23T20:56:09+00:00
ncaam-210395,NCAAM,2025-26,2025-12-28T19:00:00Z,Regular,UNF Arena,North Florida,NF,Columbia,C,82,90,FINISHED,ncaam,2026-08-23T20:56:09+00:00
ncaam-210397,NCAAM,2025-26,2025-12-28T19:00:00Z,Regular,Conte Forum,Boston College,BC,Le Moyne,LM,72,64,FINISHED,ncaam,2026-08-23T20:56:09+00:00
ncaam-210401,NCAAM,2025-26,2025-12-28T19:00:00Z,Regular,Sanford Coyote Sports Center,South Dakota,SD,Mount Marty College,MMC,85,61,FINISHED,ncaam,2026-08-23T20:56:09+00:00
ncaam-210402,NCAAM,2025-26,2025-12-28T19:00:00Z,Regular,Ocean Bank Convocation Center,Florida International,FI,Liberty,L,94,97,FINISHED,ncaam,2026-08-23T20:56:09+00:00
ncaam-210403,NCAAM,2025-26,2025-12-28T19:00:00Z,Regular,Cotterell Court,Colgate,C,Harvard,H,69,78,FINISHED,ncaam,2026-08-23T20:56:09+00:00
ncaam-214195,NCAAM,2025-26,2025-12-28T19:00:00Z,Regular,United Supermarkets Arena,Texas Tech,TT,Winthrop,W,87,57,FINISHED,ncaam,2026-08-23T20:56:09+00:00
ncaam-214196,NCAAM,2025-26,2025-12-28T19:00:00Z,Regular,Bramlage Coliseum,Kansas State,KS,UL Monroe,UM,94,85,FINISHED,ncaam,2026-08-23T20:56:09+00:00
ncaam-214198,NCAAM,2025-26,2025-12-28T19:00:00Z,Regular,Qubein Center,High Point,HP,Pfeiffer,P,123,64,FINISHED,ncaam,2026-08-23T20:56:09+00:00
ncaam-214199,NCAAM,2025-26,2025-12-28T19:00:00Z,Regular,Alico Arena,Florida Gulf Coast,FGC,Fort Lauderdale,FL,84,43,FINISHED,ncaam,2026-08-23T20:56:09+00:00
ncaam-358452,NCAAM,2025-26,2025-12-28T19:00:00Z,Regular,Hawkins Arena,Mercer,M,Baptist (Fl),B(,122,49,FINISHED,ncaam,2026-08-23T20:56:09+00:00
ncaam-358453,NCAAM,2025-26,2025-12-28T19:00:00Z,Regular,Ellis T. Johnson Arena,Morehead State,MS,Alice Lloyd College,ALC,115,65,FINISHED,ncaam,2026-08-23T20:56:09+00:00
ncaam-358454,NCAAM,2025-26,2025-12-28T19:00:00Z,Regular,Lee & Penny Anderson Arena,St. Thomas-Minnesota,STM,North Central (MN),NC(,105,59,FINISHED,ncaam,2026-08-23T20:56:09+00:00
ncaam-358455,NCAAM,2025-26,2025-12-28T19:00:00Z,Regular,Betty Engelstad Sioux Center,North Dakota,ND,Dakota State,DS,88,56,FINISHED,ncaam,2026-08-23T20:56:09+00:00
ncaam-358456,NCAAM,2025-26,2025-12-28T19:00:00Z,Regular,Jerry Richardson Indoor Stadium,Wofford,W,Union (KY),U(,88,54,FINISHED,ncaam,2026-08-23T20:56:09+00:00
ncaam-214192,NCAAM,2025-26,2025-12-28T19:30:00Z,Regular,The Dedmon Center,Radford,R,Shenandoah,S,87,44,FINISHED,ncaam,2026-08-23T20:56:09+00:00
ncaam-214213,NCAAM,2025-26,2025-12-28T19:30:00Z,Regular,McCamish Pavilion,Georgia Tech,GT,Florida A&M,FA,89,65,FINISHED,ncaam,2026-08-23T20:56:09+00:00
ncaam-210396,NCAAM,2025-26,2025-12-28T20:00:00Z,Regular,Moody Coliseum,SMU,S,Cal State Fullerton,CSF,110,63,FINISHED,ncaam,2026-08-23T20:56:09+00:00
ncaam-210398,NCAAM,2025-26,2025-12-28T20:00:00Z,Regular,Chaifetz Arena,Saint Louis,SL,Principia College,PC,114,33,FINISHED,ncaam,2026-08-23T20:56:09+00:00
ncaam-214197,NCAAM,2025-26,2025-12-28T20:00:00Z,Regular,CU Events Center,Colorado,C,Northern Colorado,NC,81,86,FINISHED,ncaam,2026-08-23T20:56:09+00:00
ncaam-214201,NCAAM,2025-26,2025-12-28T20:00:00Z,Regular,Joan Perry Brock Center,Longwood,L,Averett,A,92,49,FINISHED,ncaam,2026-08-23T20:56:09+00:00
ncaam-358457,NCAAM,2025-26,2025-12-28T20:00:00Z,Regular,Cajundome,Louisiana,L,Norfolk State,NS,63,54,FINISHED,ncaam,2026-08-23T20:56:09+00:00
ncaam-214200,NCAAM,2025-26,2025-12-28T20:30:00Z,Regular,Bernard G. Johnson Coliseum,Sam Houston,SH,College Of Biblical Studies,COBS,117,57,FINISHED,ncaam,2026-08-23T20:56:09+00:00
ncaam-210399,NCAAM,2025-26,2025-12-28T21:00:00Z,Regular,Robins Center,Richmond,R,Charleston Southern,CS,72,77,FINISHED,ncaam,2026-08-23T20:56:09+00:00
ncaam-214191,NCAAM,2025-26,2025-12-28T21:00:00Z,Regular,Templeton Center,Presbyterian,P,Truett-McConnell,TM,91,64,FINISHED,ncaam,2026-08-23T20:56:09+00:00
ncaam-358458,NCAAM,2025-26,2025-12-28T21:00:00Z,Regular,Pan American Center,New Mexico State,NMS,University of The Southwest,UOTS,104,33,FINISHED,ncaam,2026-08-23T20:56:09+00:00
ncaam-210400,NCAAM,2025-26,2025-12-28T22:00:00Z,Regular,EagleBank Arena,George Mason,GM,Pennsylvania,P,83,79,FINISHED,ncaam,2026-08-23T20:56:09+00:00
ncaam-214202,NCAAM,2025-26,2025-12-28T22:00:00Z,Regular,University Credit Union Center,UC Davis,UD,Pacific Union,PU,108,52,FINISHED,ncaam,2026-08-23T20:56:09+00:00
ncaam-358459,NCAAM,2025-26,2025-12-28T22:00:00Z,Regular,GSU Convocation Center,Georgia State,GS,Columbia College (SC),CC(,110,72,FINISHED,ncaam,2026-08-23T20:56:09+00:00
ncaam-358460,NCAAM,2025-26,2025-12-28T22:00:00Z,Regular,Chiles Center,Portland,P,Washington State,WS,62,67,FINISHED,ncaam,2026-08-23T20:56:09+00:00
ncaam-358461,NCAAM,2025-26,2025-12-28T22:30:00Z,Regular,F&M Bank Arena,Austin Peay,AP,Fisk,F,110,59,FINISHED,ncaam,2026-08-23T20:56:09+00:00
ncaam-214190,NCAAM,2025-26,2025-12-28T23:00:00Z,Regular,XFINITY Center,Maryland,M,Old Dominion,OD,73,58,FINISHED,ncaam,2026-08-23T20:56:09+00:00
ncaam-358462,NCAAM,2025-26,2025-12-28T23:00:00Z,Regular,Swinney Center,Kansas City,KC,McPherson,M,91,78,FINISHED,ncaam,2026-08-23T20:56:09+00:00
ncaam-358463,NCAAM,2025-26,2025-12-28T23:00:00Z,Regular,Gill Coliseum,Oregon State,OS,Santa Clara,SC,64,102,FINISHED,ncaam,2026-08-23T20:56:09+00:00
ncaam-358464,NCAAM,2025-26,2025-12-28T23:00:00Z,Regular,Jenny Craig Pavilion,San Diego,SD,Pacific,P,66,54,FINISHED,ncaam,2026-08-23T20:56:09+00:00
ncaam-214203,NCAAM,2025-26,2025-12-29T00:00:00Z,Regular,LionTree Arena,UC San Diego,USD,Stanton,S,85,62,FINISHED,ncaam,2026-08-23T20:56:09+00:00
ncaam-358465,NCAAM,2025-26,2025-12-29T00:00:00Z,Regular,Gersten Pavilion,Loyola Marymount,LM,Saint Mary's,SM,73,78,FINISHED,ncaam,2026-08-23T20:56:09+00:00
ncaam-214189,NCAAM,2025-26,2025-12-29T01:00:00Z,Regular,Matthew Knight Arena,Oregon,O,Omaha,O,80,57,FINISHED,ncaam,2026-08-23T20:56:09+00:00
ncaam-358466,NCAAM,2025-26,2025-12-29T01:00:00Z,Regular,Firestone Fieldhouse,Pepperdine,P,Gonzaga,G,56,96,FINISHED,ncaam,2026-08-23T20:56:09+00:00
ncaam-358467,NCAAM,2025-26,2025-12-29T01:00:00Z,Regular,Redhawk Center,Seattle U,SU,San Francisco,SF,59,67,FINISHED,ncaam,2026-08-23T20:56:09+00:00
ncaam-214205,NCAAM,2025-26,2025-12-29T18:00:00Z,Regular,Bryce Jordan Center,Penn State,PS,North Carolina Central,NCC,90,67,FINISHED,ncaam,2026-08-23T20:56:09+00:00
ncaam-210429,NCAAM,2025-26,2025-12-29T19:00:00Z,Regular,Bob Carpenter Center,Delaware,D,Missouri State,MS,43,61,FINISHED,ncaam,2026-08-23T20:56:09+00:00
ncaam-214225,NCAAM,2025-26,2025-12-29T19:00:00Z,Regular,William H. Pitt Center,Sacred Heart,SH,Merrimack,M,72,80,FINISHED,ncaam,2026-08-23T20:56:09+00:00
ncaam-214210,NCAAM,2025-26,2025-12-29T20:00:00Z,Regular,State Farm Center,Illinois,I,Southern,S,90,55,FINISHED,ncaam,2026-08-23T20:56:09+00:00
ncaam-210409,NCAAM,2025-26,2025-12-29T21:00:00Z,Regular,M&T Bank Arena,Quinnipiac,Q,Marist,M,64,58,FINISHED,ncaam,2026-08-23T20:56:09+00:00
ncaam-214224,NCAAM,2025-26,2025-12-29T21:00:00Z,Regular,Foster Pavilion,Baylor,B,Arlington Baptist,AB,124,61,FINISHED,ncaam,2026-08-23T20:56:09+00:00
ncaam-214226,NCAAM,2025-26,2025-12-29T21:00:00Z,Regular,Events Center (Binghamton),Binghamton,B,Elmira,E,100,60,FINISHED,ncaam,2026-08-23T20:56:09+00:00
ncaam-358468,NCAAM,2025-26,2025-12-29T21:00:00Z,Regular,Joel & Diane Bloom Wellness and Events Center,NJIT,N,SUNY-Canton,SC,95,60,FINISHED,ncaam,2026-08-23T20:56:09+00:00
ncaam-358469,NCAAM,2025-26,2025-12-29T21:00:00Z,Regular,Credit Union 1 Arena,UIC,U,Illinois Tech,IT,102,64,FINISHED,ncaam,2026-08-23T20:56:09+00:00
ncaam-213388,NCAAM,2025-26,2025-12-29T21:30:00Z,Regular,Yuengling Center,South Florida,SF,Georgia College,GC,111,50,FINISHED,ncaam,2026-08-23T20:56:09+00:00
ncaam-210417,NCAAM,2025-26,2025-12-29T22:00:00Z,Regular,Kaplan Arena,William & Mary,W&M,Towson,T,84,70,FINISHED,ncaam,2026-08-23T20:56:09+00:00
ncaam-214215,NCAAM,2025-26,2025-12-29T22:00:00Z,Regular,Carver-Hawkeye Arena,Iowa,I,UMass Lowell,UL,90,62,FINISHED,ncaam,2026-08-23T20:56:09+00:00
ncaam-214227,NCAAM,2025-26,2025-12-29T23:00:00Z,Regular,Physical Education Complex,Coppin State,CS,UMBC,U,59,93,FINISHED,ncaam,2026-08-23T20:56:09+00:00
ncaam-358471,NCAAM,2025-26,2025-12-29T23:00:00Z,Regular,Stephen C. O'Connell Center,Florida,F,Dartmouth,D,94,72,FINISHED,ncaam,2026-08-23T20:56:09+00:00
ncaam-210405,NCAAM,2025-26,2025-12-29T23:30:00Z,Regular,Beeghly Center,Youngstown State,YS,Detroit Mercy,DM,68,73,FINISHED,ncaam,2026-08-23T20:56:09+00:00
ncaam-210404,NCAAM,2025-26,2025-12-30T00:00:00Z,Regular,Nutter Center,Wright State,WS,Oakland,O,88,73,FINISHED,ncaam,2026-08-23T20:56:09+00:00
ncaam-210406,NCAAM,2025-26,2025-12-30T00:00:00Z,Regular,UPMC Events Center,Robert Morris,RM,Northern Kentucky,NK,77,79,FINISHED,ncaam,2026-08-23T20:56:09+00:00
ncaam-210408,NCAAM,2025-26,2025-12-30T00:00:00Z,Regular,Wolstein Center,Cleveland State,CS,IU Indianapolis,II,99,86,FINISHED,ncaam,2026-08-23T20:56:09+00:00
ncaam-210410,NCAAM,2025-26,2025-12-30T00:00:00Z,Regular,Alumni Gymnasium (Rider),Rider,R,Manhattan,M,71,74,FINISHED,ncaam,2026-08-23T20:56:09+00:00
ncaam-210412,NCAAM,2025-26,2025-12-30T00:00:00Z,Regular,Stegeman Coliseum,Georgia,G,Long Island University,LIU,89,74,FINISHED,ncaam,2026-08-23T20:56:09+00:00
ncaam-210416,NCAAM,2025-26,2025-12-30T00:00:00Z,Regular,Corbett Sports Center,North Carolina A&T,NCA,UNC Wilmington,UW,78,87,FINISHED,ncaam,2026-08-23T20:56:09+00:00
ncaam-210418,NCAAM,2025-26,2025-12-30T00:00:00Z,Regular,TD Arena,Charleston,C,Drexel,D,72,63,FINISHED,ncaam,2026-08-23T20:56:09+00:00
ncaam-210419,NCAAM,2025-26,2025-12-30T00:00:00Z,Regular,David S. Mack Sports and Exhibition Complex,Hofstra,H,Campbell,C,86,72,FINISHED,ncaam,2026-08-23T20:56:09+00:00
ncaam-210420,NCAAM,2025-26,2025-12-30T00:00:00Z,Regular,Convocation Center (VA),Hampton,H,Stony Brook,SB,62,59,FINISHED,ncaam,2026-08-23T20:56:09+00:00
ncaam-210421,NCAAM,2025-26,2025-12-30T00:00:00Z,Regular,Schar Center,Elon,E,Northeastern,N,103,91,FINISHED,ncaam,2026-08-23T20:56:09+00:00
ncaam-210431,NCAAM,2025-26,2025-12-30T00:00:00Z,Regular,Pete Mathews Coliseum,Jacksonville State,JS,Western Kentucky,WK,78,67,FINISHED,ncaam,2026-08-23T20:56:09+00:00
ncaam-210432,NCAAM,2025-26,2025-12-30T00:00:00Z,Regular,Knott Arena,Mount St. Mary's,MSM,Iona,I,66,59,FINISHED,ncaam,2026-08-23T20:56:09+00:00
ncaam-214204,NCAAM,2025-26,2025-12-30T00:00:00Z,Regular,Jersey Mike’s Arena,Rutgers,R,Delaware State,DS,65,50,FINISHED,ncaam,2026-08-23T20:56:09+00:00
ncaam-214207,NCAAM,2025-26,2025-12-30T00:00:00Z,Regular,Breslin Center,Michigan State,MS,Cornell,C,114,97,FINISHED,ncaam,2026-08-23T20:56:09+00:00
ncaam-214214,NCAAM,2025-26,2025-12-30T00:00:00Z,Regular,Crisler Center,Michigan,M,McNeese,M,112,71,FINISHED,ncaam,2026-08-23T20:56:09+00:00
ncaam-214217,NCAAM,2025-26,2025-12-30T00:00:00Z,Regular,Mackey Arena,Purdue,P,Kent State,KS,101,60,FINISHED,ncaam,2026-08-23T20:56:09+00:00
ncaam-214219,NCAAM,2025-26,2025-12-30T00:00:00Z,Regular,Worthen Arena,Ball State,BS,Earlham College,EC,93,30,FINISHED,ncaam,2026-08-23T20:56:09+00:00
ncaam-214220,NCAAM,2025-26,2025-12-30T00:00:00Z,Regular,James A. Rhodes Arena,Akron,A,Concord,C,115,64,FINISHED,ncaam,2026-08-23T20:56:09+00:00
ncaam-214228,NCAAM,2025-26,2025-12-30T00:00:00Z,Regular,Leo D. Mahoney Arena,Fairfield,F,Saint Peter's,SP,66,70,FINISHED,ncaam,2026-08-23T20:56:09+00:00
ncaam-214231,NCAAM,2025-26,2025-12-30T00:00:00Z,Regular,Fifth Third Arena,Cincinnati,C,Lipscomb,L,89,62,FINISHED,ncaam,2026-08-23T20:56:09+00:00
ncaam-358470,NCAAM,2025-26,2025-12-30T00:00:00Z,Regular,Memorial Gymnasium (TN),Vanderbilt,V,New Haven,NH,96,53,FINISHED,ncaam,2026-08-23T20:56:09+00:00
ncaam-358472,NCAAM,2025-26,2025-12-30T00:00:00Z,Regular,CFSB Center,Murray State,MS,Southern Illinois,SI,84,81,FINISHED,ncaam,2026-08-23T20:56:09+00:00
ncaam-358473,NCAAM,2025-26,2025-12-30T00:00:00Z,Regular,Hulman Center,Indiana State,IS,Belmont,B,81,80,FINISHED,ncaam,2026-08-23T20:56:09+00:00
ncaam-210422,NCAAM,2025-26,2025-12-30T00:30:00Z,Regular,Prather Coliseum,Northwestern State,NS,Lamar,L,61,76,FINISHED,ncaam,2026-08-23T20:56:09+00:00
ncaam-210425,NCAAM,2025-26,2025-12-30T00:30:00Z,Regular,The Field House,East Texas A&M,ETA,Stephen F. Austin,SFA,48,75,FINISHED,ncaam,2026-08-23T20:56:09+00:00
ncaam-210430,NCAAM,2025-26,2025-12-30T00:30:00Z,Regular,Thomas Assembly Center,Louisiana Tech,LT,UTEP,U,75,63,FINISHED,ncaam,2026-08-23T20:56:09+00:00
ncaam-214208,NCAAM,2025-26,2025-12-30T00:30:00Z,Regular,Humphrey Coliseum,Mississippi State,MS,Alabama State,AS,94,56,FINISHED,ncaam,2026-08-23T20:56:09+00:00
ncaam-210407,NCAAM,2025-26,2025-12-30T01:00:00Z,Regular,UW-Milwaukee Panther Arena,Milwaukee,M,Purdue Fort Wayne,PFW,77,55,FINISHED,ncaam,2026-08-23T20:56:09+00:00
ncaam-210411,NCAAM,2025-26,2025-12-30T01:00:00Z,Regular,Gallagher-Iba Arena,Oklahoma State,OS,Bethune-Cookman,BC,103,77,FINISHED,ncaam,2026-08-23T20:56:09+00:00
ncaam-210414,NCAAM,2025-26,2025-12-30T01:00:00Z,Regular,Coleman Coliseum,Alabama,A,Yale,Y,102,78,FINISHED,ncaam,2026-08-23T20:56:09+00:00
ncaam-210415,NCAAM,2025-26,2025-12-30T01:00:00Z,Regular,Schollmaier Arena,TCU,T,Jackson State,JS,115,64,FINISHED,ncaam,2026-08-23T20:56:09+00:00
ncaam-210426,NCAAM,2025-26,2025-12-30T01:00:00Z,Regular,UCCU Center,Utah Valley,UV,California Baptist,CB,73,66,FINISHED,ncaam,2026-08-23T20:56:09+00:00
ncaam-210428,NCAAM,2025-26,2025-12-30T01:00:00Z,Regular,College Park Center,UT Arlington,UA,Tarleton State,TS,63,69,FINISHED,ncaam,2026-08-23T20:56:09+00:00
ncaam-214206,NCAAM,2025-26,2025-12-30T01:00:00Z,Regular,Pete Maravich Assembly Center,LSU,L,Southern Miss,SM,90,62,FINISHED,ncaam,2026-08-23T20:56:09+00:00
ncaam-214209,NCAAM,2025-26,2025-12-30T01:00:00Z,Regular,Reed Arena,Texas A&M,TA,Prairie View A&M,PVA,111,82,FINISHED,ncaam,2026-08-23T20:56:09+00:00
ncaam-214212,NCAAM,2025-26,2025-12-30T01:00:00Z,Regular,Bud Walton Arena,Arkansas,A,James Madison,JM,103,74,FINISHED,ncaam,2026-08-23T20:56:09+00:00
ncaam-214218,NCAAM,2025-26,2025-12-30T01:00:00Z,Regular,Fertitta Center,Houston,H,Middle Tennessee,MT,69,60,FINISHED,ncaam,2026-08-23T20:56:09+00:00
ncaam-214223,NCAAM,2025-26,2025-12-30T01:00:00Z,Regular,Hilton Coliseum,Iowa State,IS,Houston Christian,HC,89,61,FINISHED,ncaam,2026-08-23T20:56:09+00:00
ncaam-214229,NCAAM,2025-26,2025-12-30T01:00:00Z,Regular,Lloyd Noble Center,Oklahoma,O,Mississippi Valley State,MVS,93,69,FINISHED,ncaam,2026-08-23T20:56:09+00:00
ncaam-214230,NCAAM,2025-26,2025-12-30T01:00:00Z,Regular,J. Lawrence Walkup Skydome,Northern Arizona,NA,Benedictine (AZ),B(,112,60,FINISHED,ncaam,2026-08-23T20:56:09+00:00
ncaam-358474,NCAAM,2025-26,2025-12-30T01:00:00Z,Regular,Mitchell Center,South Alabama,SA,Mobile,M,85,52,FINISHED,ncaam,2026-08-23T20:56:09+00:00
ncaam-358475,NCAAM,2025-26,2025-12-30T01:00:00Z,Regular,McLeod Center,Northern Iowa,NI,Valparaiso,V,58,48,FINISHED,ncaam,2026-08-23T20:56:09+00:00
ncaam-358476,NCAAM,2025-26,2025-12-30T01:00:00Z,Regular,Carver Arena,Bradley,B,Evansville,E,76,68,FINISHED,ncaam,2026-08-23T20:56:09+00:00
ncaam-358477,NCAAM,2025-26,2025-12-30T01:00:00Z,Regular,The Sandy and John Black Pavilion at Ole Miss,Ole Miss,OM,Alcorn State,AS,79,43,FINISHED,ncaam,2026-08-23T20:56:09+00:00
ncaam-210424,NCAAM,2025-26,2025-12-30T01:07:00Z,Regular,UTRGV Fieldhouse,UT Rio Grande Valley,URGV,New Orleans,NO,69,85,FINISHED,ncaam,2026-08-23T20:56:09+00:00
ncaam-210423,NCAAM,2025-26,2025-12-30T01:49:00Z,Regular,American Bank Center,Texas A&M-Corpus Christi,TACC,Nicholls,N,71,76,FINISHED,ncaam,2026-08-23T20:56:09+00:00
ncaam-210413,NCAAM,2025-26,2025-12-30T02:00:00Z,Regular,Williams Arena,Minnesota,M,Fairleigh Dickinson,FD,60,43,FINISHED,ncaam,2026-08-23T20:56:09+00:00
ncaam-210427,NCAAM,2025-26,2025-12-30T02:00:00Z,Regular,Burns Arena,Utah Tech,UT,Southern Utah,SU,80,66,FINISHED,ncaam,2026-08-23T20:56:09+00:00
ncaam-214211,NCAAM,2025-26,2025-12-30T02:00:00Z,Regular,McKale Memorial Center,Arizona,A,South Dakota State,SDS,99,71,FINISHED,ncaam,2026-08-23T20:56:09+00:00
ncaam-358478,NCAAM,2025-26,2025-12-30T02:00:00Z,Regular,Knapp Center,Drake,D,Illinois State,IS,56,73,FINISHED,ncaam,2026-08-23T20:56:09+00:00
ncaam-214216,NCAAM,2025-26,2025-12-30T03:00:00Z,Regular,Neville Arena,Auburn,A,Queens University,QU,106,65,FINISHED,ncaam,2026-08-23T20:56:09+00:00
ncaam-214221,NCAAM,2025-26,2025-12-30T03:00:00Z,Regular,Thomas & Mack Center,UNLV,U,La Sierra,LS,89,47,FINISHED,ncaam,2026-08-23T20:56:09+00:00
ncaam-214222,NCAAM,2025-26,2025-12-30T04:00:00Z,Regular,Alaska Airlines Arena,Washington,W,Utah,U,74,65,FINISHED,ncaam,2026-08-23T20:56:09+00:00
ncaam-214234,NCAAM,2025-26,2025-12-30T18:00:00Z,Regular,Fredrick C. Hobdy Assembly Center,Grambling,G,Centenary (LA),C(,90,58,FINISHED,ncaam,2026-08-23T20:56:09+00:00
ncaam-214253,NCAAM,2025-26,2025-12-30T18:00:00Z,Regular,Jadwin Gymnasium,Princeton,P,Vermont,V,75,69,FINISHED,ncaam,2026-08-23T20:56:09+00:00
ncaam-214254,NCAAM,2025-26,2025-12-30T19:00:00Z,Regular,The Pit in Memorial Gymnasium,Maine,M,Maine-Fort Kent,MFK,104,66,FINISHED,ncaam,2026-08-23T20:56:09+00:00
ncaam-210435,NCAAM,2025-26,2025-12-30T20:00:00Z,Regular,McGuirk Arena,Central Michigan,CM,Ohio,O,64,80,FINISHED,ncaam,2026-08-23T20:56:09+00:00
ncaam-214252,NCAAM,2025-26,2025-12-30T20:00:00Z,Regular,McDermott Center,Incarnate Word,IW,SE Louisiana,SL,79,70,FINISHED,ncaam,2026-08-23T20:56:09+00:00
ncaam-214251,NCAAM,2025-26,2025-12-30T21:00:00Z,Regular,Clune Arena,Air Force,AF,Wyoming,W,56,68,FINISHED,ncaam,2026-08-23T20:56:09+00:00
ncaam-214236,NCAAM,2025-26,2025-12-30T22:00:00Z,Regular,Welsh-Ryan Arena,Northwestern,N,Howard,H,80,60,FINISHED,ncaam,2026-08-23T20:56:09+00:00
ncaam-210438,NCAAM,2025-26,2025-12-30T23:00:00Z,Regular,Hill Field House,Morgan State,MS,Penn State (Brandywine),PS(,92,55,FINISHED,ncaam,2026-08-23T20:56:09+00:00
ncaam-210450,NCAAM,2025-26,2025-12-30T23:00:00Z,Regular,McAlister Field House,The Citadel,TC,East Tennessee State,ETS,49,74,FINISHED,ncaam,2026-08-23T20:56:09+00:00
ncaam-214233,NCAAM,2025-26,2025-12-30T23:00:00Z,Regular,Event Center,Alabama A&M,AA,Fisk,F,90,58,FINISHED,ncaam,2026-08-23T20:56:09+00:00
ncaam-358482,NCAAM,2025-26,2025-12-30T23:00:00Z,Regular,Colonial Life Arena,South Carolina,SC,UAlbany,U,96,67,FINISHED,ncaam,2026-08-23T20:56:09+00:00
ncaam-210433,NCAAM,2025-26,2025-12-30T23:30:00Z,Regular,Savage Arena,Toledo,T,Western Michigan,WM,84,79,FINISHED,ncaam,2026-08-23T20:56:09+00:00
ncaam-210436,NCAAM,2025-26,2025-12-31T00:00:00Z,Regular,Stroh Center,Bowling Green,BG,Miami (OH),M(,83,93,FINISHED,ncaam,2026-08-23T20:56:09+00:00
ncaam-214241,NCAAM,2025-26,2025-12-31T00:00:00Z,Regular,Fiserv Forum,Marquette,M,Seton Hall,SH,73,79,FINISHED,ncaam,2026-08-23T20:56:09+00:00
ncaam-214242,NCAAM,2025-26,2025-12-31T00:00:00Z,Regular,Kohl Center,Wisconsin,W,Milwaukee,M,80,60,FINISHED,ncaam,2026-08-23T20:56:09+00:00
ncaam-214245,NCAAM,2025-26,2025-12-31T00:00:00Z,Regular,Dean E. Smith Center,North Carolina,NC,Florida State,FS,79,66,FINISHED,ncaam,2026-08-23T20:56:09+00:00
ncaam-214247,NCAAM,2025-26,2025-12-31T00:00:00Z,Regular,Watsco Center,Miami,M,Pittsburgh,P,76,69,FINISHED,ncaam,2026-08-23T20:56:09+00:00
ncaam-358483,NCAAM,2025-26,2025-12-31T00:00:00Z,Regular,John M. Belk Arena,Davidson,D,Duquesne,D,83,89,FINISHED,ncaam,2026-08-23T20:56:09+00:00
ncaam-358484,NCAAM,2025-26,2025-12-31T00:00:00Z,Regular,Halton Arena,Charlotte,C,Temple,T,73,76,FINISHED,ncaam,2026-08-23T20:56:09+00:00
ncaam-214235,NCAAM,2025-26,2025-12-31T00:30:00Z,Regular,H&PE Arena,Texas Southern,TS,Huston-Tillotson,HT,80,56,FINISHED,ncaam,2026-08-23T20:56:09+00:00
ncaam-210434,NCAAM,2025-26,2025-12-31T01:00:00Z,Regular,Gervin GameAbove Center,Eastern Michigan,EM,Massachusetts,M,80,74,FINISHED,ncaam,2026-08-23T20:56:09+00:00
ncaam-358485,NCAAM,2025-26,2025-12-31T01:00:00Z,Regular,Food City Center,Tennessee,T,South Carolina State,SCS,105,54,FINISHED,ncaam,2026-08-23T20:56:09+00:00
ncaam-358486,NCAAM,2025-26,2025-12-31T01:00:00Z,Regular,First National Bank Arena,Arkansas State,AS,Arkansas Tech,AT,107,63,FINISHED,ncaam,2026-08-23T20:56:09+00:00
ncaam-210439,NCAAM,2025-26,2025-12-31T01:55:00Z,Regular,Hooper Eblen Center,Tennessee Tech,TT,Tennessee State,TS,76,88,FINISHED,ncaam,2026-08-23T20:56:09+00:00
ncaam-214232,NCAAM,2025-26,2025-12-31T02:00:00Z,Regular,Save Mart Center,Fresno State,FS,Utah State,US,63,72,FINISHED,ncaam,2026-08-23T20:56:09+00:00
ncaam-214237,NCAAM,2025-26,2025-12-31T02:00:00Z,Regular,Pinnacle Bank Arena,Nebraska,N,New Hampshire,NH,86,55,FINISHED,ncaam,2026-08-23T20:56:09+00:00
ncaam-214249,NCAAM,2025-26,2025-12-31T02:00:00Z,Regular,Maples Pavilion,Stanford,S,Notre Dame,ND,40,47,FINISHED,ncaam,2026-08-23T20:56:09+00:00
ncaam-214250,NCAAM,2025-26,2025-12-31T02:00:00Z,Regular,Haas Pavilion,California,C,Louisville,L,70,90,FINISHED,ncaam,2026-08-23T20:56:09+00:00
ncaam-358481,NCAAM,2025-26,2025-12-31T02:00:00Z,Regular,Moby Arena,Colorado State,CS,Nevada,N,62,75,FINISHED,ncaam,2026-08-23T20:56:09+00:00
ncaam-358487,NCAAM,2025-26,2025-12-31T02:00:00Z,Regular,Firestone Fieldhouse,Pepperdine,P,Saint Mary's,SM,45,72,FINISHED,ncaam,2026-08-23T20:56:09+00:00
ncaam-214240,NCAAM,2025-26,2025-12-31T02:12:00Z,Regular,CHI Health Center Omaha,Creighton,C,Butler,B,89,85,FINISHED,ncaam,2026-08-23T20:56:09+00:00
ncaam-358488,NCAAM,2025-26,2025-12-31T02:30:00Z,Regular,Jenny Craig Pavilion,San Diego,SD,Gonzaga,G,93,99,FINISHED,ncaam,2026-08-23T20:56:09+00:00
ncaam-214239,NCAAM,2025-26,2025-12-31T03:00:00Z,Regular,Provident Credit Union Event Center,San José State,SJS,San Diego State,SDS,68,81,FINISHED,ncaam,2026-08-23T20:56:09+00:00
ncaam-214255,NCAAM,2025-26,2025-12-31T03:00:00Z,Regular,Walter Pyramid,Long Beach State,LBS,Lincoln University (CA),LU(,113,66,FINISHED,ncaam,2026-08-23T20:56:09+00:00
ncaam-358489,NCAAM,2025-26,2025-12-31T03:00:00Z,Regular,Climate Pledge Arena,Seattle U,SU,Washington State,WS,69,55,FINISHED,ncaam,2026-08-23T20:56:09+00:00
ncaam-358490,NCAAM,2025-26,2025-12-31T03:00:00Z,Regular,Chiles Center,Portland,P,Santa Clara,SC,85,92,FINISHED,ncaam,2026-08-23T20:56:09+00:00
ncaam-358491,NCAAM,2025-26,2025-12-31T03:00:00Z,Regular,Gill Coliseum,Oregon State,OS,San Francisco,SF,70,62,FINISHED,ncaam,2026-08-23T20:56:09+00:00
ncaam-358492,NCAAM,2025-26,2025-12-31T03:00:00Z,Regular,Gersten Pavilion,Loyola Marymount,LM,Pacific,P,80,71,FINISHED,ncaam,2026-08-23T20:56:09+00:00
ncaam-214238,NCAAM,2025-26,2025-12-31T04:00:00Z,Regular,ExtraMile Arena,Boise State,BS,New Mexico,NM,62,53,FINISHED,ncaam,2026-08-23T20:56:09+00:00
ncaam-210451,NCAAM,2025-26,2025-12-31T17:00:00Z,Regular,Timmons Arena,Furman,F,Mercer,M,74,72,FINISHED,ncaam,2026-08-23T20:56:09+00:00
ncaam-210456,NCAAM,2025-26,2025-12-31T17:00:00Z,Regular,The Field House,East Texas A&M,ETA,Lamar,L,62,69,FINISHED,ncaam,2026-08-23T20:56:09+00:00
ncaam-210461,NCAAM,2025-26,2025-12-31T17:00:00Z,Regular,Pizzitola Sports Center,Brown,B,Johnson & Wales (RI),J&W(,105,47,FINISHED,ncaam,2026-08-23T20:56:09+00:00
ncaam-214246,NCAAM,2025-26,2025-12-31T17:00:00Z,Regular,Lenovo Center,NC State,NS,Wake Forest,WF,70,57,FINISHED,ncaam,2026-08-23T20:56:09+00:00
ncaam-214256,NCAAM,2025-26,2025-12-31T17:00:00Z,Regular,Stabler Arena,Lehigh,L,Army,A,78,85,FINISHED,ncaam,2026-08-23T20:56:09+00:00
ncaam-358493,NCAAM,2025-26,2025-12-31T17:00:00Z,Regular,Thomas M. Ryan Center,Rhode Island,RI,Loyola Chicago,LC,57,61,FINISHED,ncaam,2026-08-23T20:56:09+00:00
ncaam-358494,NCAAM,2025-26,2025-12-31T17:00:00Z,Regular,Minges Coliseum,East Carolina,EC,Tulane,T,70,79,FINISHED,ncaam,2026-08-23T20:56:09+00:00
ncaam-210437,NCAAM,2025-26,2025-12-31T18:00:00Z,Regular,NIU Convocation Center,Northern Illinois,NI,Buffalo,B,67,81,FINISHED,ncaam,2026-08-23T20:56:09+00:00
ncaam-210449,NCAAM,2025-26,2025-12-31T18:00:00Z,Regular,Ramsey Center,Western Carolina,WC,Wofford,W,74,79,FINISHED,ncaam,2026-08-23T20:56:09+00:00
ncaam-210458,NCAAM,2025-26,2025-12-31T18:00:00Z,Regular,Cajundome,Louisiana,L,South Alabama,SA,58,63,FINISHED,ncaam,2026-08-23T20:56:09+00:00
ncaam-214264,NCAAM,2025-26,2025-12-31T18:00:00Z,Regular,Bender Arena,American University,AU,Loyola Maryland,LM,84,69,FINISHED,ncaam,2026-08-23T20:56:09+00:00
ncaam-214265,NCAAM,2025-26,2025-12-31T18:00:00Z,Regular,Alumni Hall (Navy),Navy,N,Boston University,BU,82,77,FINISHED,ncaam,2026-08-23T20:56:09+00:00
ncaam-358495,NCAAM,2025-26,2025-12-31T18:00:00Z,Regular,Eleanor R. Baldwin Arena,Florida Atlantic,FA,UTSA,U,110,70,FINISHED,ncaam,2026-08-23T20:56:09+00:00
ncaam-210442,NCAAM,2025-26,2025-12-31T19:00:00Z,Regular,The Palestra,Pennsylvania,P,NJIT,N,80,61,FINISHED,ncaam,2026-08-23T20:56:09+00:00
ncaam-210443,NCAAM,2025-26,2025-12-31T19:00:00Z,Regular,Schar Center,Elon,E,Charleston,C,81,85,FINISHED,ncaam,2026-08-23T20:56:09+00:00
ncaam-210444,NCAAM,2025-26,2025-12-31T19:00:00Z,Regular,OceanFirst Bank Center,Monmouth,M,Campbell,C,65,68,FINISHED,ncaam,2026-08-23T20:56:09+00:00
ncaam-210447,NCAAM,2025-26,2025-12-31T19:00:00Z,Regular,Kaplan Arena,William & Mary,W&M,Stony Brook,SB,76,57,FINISHED,ncaam,2026-08-23T20:56:09+00:00
ncaam-210457,NCAAM,2025-26,2025-12-31T19:00:00Z,Regular,Trojan Arena,Troy,T,Texas State,TS,100,80,FINISHED,ncaam,2026-08-23T20:56:09+00:00
ncaam-210460,NCAAM,2025-26,2025-12-31T19:00:00Z,Regular,Chartway Arena,Old Dominion,OD,App State,AS,73,81,FINISHED,ncaam,2026-08-23T20:56:09+00:00
ncaam-210462,NCAAM,2025-26,2025-12-31T19:00:00Z,Regular,Levien Gymnasium,Columbia,C,Penn St Abington,PSA,106,51,FINISHED,ncaam,2026-08-23T20:56:09+00:00
ncaam-214243,NCAAM,2025-26,2025-12-31T19:00:00Z,Regular,Cassell Coliseum,Virginia Tech,VT,Virginia,V,95,85,FINISHED,ncaam,2026-08-23T20:56:09+00:00
ncaam-214244,NCAAM,2025-26,2025-12-31T19:00:00Z,Regular,JMA Wireless Dome,Syracuse,S,Clemson,C,61,64,FINISHED,ncaam,2026-08-23T20:56:09+00:00
ncaam-214257,NCAAM,2025-26,2025-12-31T19:00:00Z,Regular,Hart Center,Holy Cross,HC,Bucknell,B,65,58,FINISHED,ncaam,2026-08-23T20:56:09+00:00
ncaam-214259,NCAAM,2025-26,2025-12-31T19:00:00Z,Regular,Kimmel Arena,UNC Asheville,UA,High Point,HP,69,87,FINISHED,ncaam,2026-08-23T20:56:09+00:00
ncaam-214260,NCAAM,2025-26,2025-12-31T19:00:00Z,Regular,Paul Porter Arena,Gardner-Webb,GW,Charleston Southern,CS,79,89,FINISHED,ncaam,2026-08-23T20:56:09+00:00
ncaam-214266,NCAAM,2025-26,2025-12-31T19:00:00Z,Regular,G.B. Hodge Center,South Carolina Upstate,SCU,Radford,R,69,76,FINISHED,ncaam,2026-08-23T20:56:09+00:00
ncaam-358496,NCAAM,2025-26,2025-12-31T19:00:00Z,Regular,Siegel Center,VCU,V,St. Bonaventure,SB,89,82,FINISHED,ncaam,2026-08-23T20:56:09+00:00
ncaam-358497,NCAAM,2025-26,2025-12-31T19:00:00Z,Regular,John Glaser Arena,La Salle,LS,George Mason,GM,75,80,FINISHED,ncaam,2026-08-23T20:56:09+00:00
ncaam-358498,NCAAM,2025-26,2025-12-31T19:00:00Z,Regular,UD Arena,Dayton,D,Fordham,F,63,56,FINISHED,ncaam,2026-08-23T20:56:09+00:00
ncaam-358499,NCAAM,2025-26,2025-12-31T19:00:00Z,Regular,Reynolds Center,Tulsa,T,Rice,R,97,48,FINISHED,ncaam,2026-08-23T20:56:09+00:00
ncaam-210445,NCAAM,2025-26,2025-12-31T19:30:00Z,Regular,Convocation Center (VA),Hampton,H,Towson,T,63,62,FINISHED,ncaam,2026-08-23T20:56:09+00:00
ncaam-210448,NCAAM,2025-26,2025-12-31T20:00:00Z,Regular,Corbett Sports Center,North Carolina A&T,NCA,Northeastern,N,74,85,FINISHED,ncaam,2026-08-23T20:56:09+00:00
ncaam-214258,NCAAM,2025-26,2025-12-31T20:00:00Z,Regular,Joan Perry Brock Center,Longwood,L,Winthrop,W,82,70,FINISHED,ncaam,2026-08-23T20:56:09+00:00
ncaam-358500,NCAAM,2025-26,2025-12-31T20:00:00Z,Regular,Kirby Sports Center,Lafayette,L,Colgate,C,77,85,FINISHED,ncaam,2026-08-23T20:56:09+00:00
ncaam-210440,NCAAM,2025-26,2025-12-31T21:00:00Z,Regular,Hamilton Gymnasium,Denver,D,Kansas City,KC,87,74,FINISHED,ncaam,2026-08-23T20:56:09+00:00
ncaam-210459,NCAAM,2025-26,2025-12-31T21:00:00Z,Regular,Cam Henderson Center,Marshall,M,Georgia State,GS,84,80,FINISHED,ncaam,2026-08-23T20:56:09+00:00
ncaam-214248,NCAAM,2025-26,2025-12-31T21:00:00Z,Regular,Cameron Indoor Stadium,Duke,D,Georgia Tech,GT,85,79,FINISHED,ncaam,2026-08-23T20:56:09+00:00
ncaam-358501,NCAAM,2025-26,2025-12-31T21:00:00Z,Regular,Chaifetz Arena,Saint Louis,SL,Saint Joseph's,SJ,102,79,FINISHED,ncaam,2026-08-23T20:56:09+00:00
ncaam-358502,NCAAM,2025-26,2025-12-31T21:00:00Z,Regular,Robins Center,Richmond,R,George Washington,GW,85,99,FINISHED,ncaam,2026-08-23T20:56:09+00:00
ncaam-358503,NCAAM,2025-26,2025-12-31T21:00:00Z,Regular,FedExForum,Memphis,M,North Texas,NT,57,48,FINISHED,ncaam,2026-08-23T20:56:09+00:00
ncaam-358504,NCAAM,2025-26,2025-12-31T21:00:00Z,Regular,Bartow Arena,UAB,U,Wichita State,WS,70,75,FINISHED,ncaam,2026-08-23T20:56:09+00:00
ncaam-210453,NCAAM,2025-26,2025-12-31T21:30:00Z,Regular,Prather Coliseum,Northwestern State,NS,Stephen F. Austin,SFA,64,74,FINISHED,ncaam,2026-08-23T20:56:09+00:00
ncaam-210455,NCAAM,2025-26,2025-12-31T21:30:00Z,Regular,American Bank Center,Texas A&M-Corpus Christi,TACC,New Orleans,NO,83,69,FINISHED,ncaam,2026-08-23T20:56:09+00:00
ncaam-210441,NCAAM,2025-26,2025-12-31T22:00:00Z,Regular,Scheels Center,North Dakota State,NDS,South Dakota,SD,84,61,FINISHED,ncaam,2026-08-23T20:56:09+00:00
ncaam-214262,NCAAM,2025-26,2025-12-31T22:00:00Z,Regular,Cintas Center,Xavier,X,UConn,U,67,90,FINISHED,ncaam,2026-08-23T20:56:09+00:00
ncaam-210454,NCAAM,2025-26,2025-12-31T22:30:00Z,Regular,UTRGV Fieldhouse,UT Rio Grande Valley,URGV,Nicholls,N,69,71,FINISHED,ncaam,2026-08-23T20:56:09+00:00
ncaam-214261,NCAAM,2025-26,2025-12-31T23:00:00Z,Regular,Finneran Pavilion,Villanova,V,DePaul,D,71,66,FINISHED,ncaam,2026-08-23T20:56:09+00:00
ncaam-210446,NCAAM,2025-26,2026-01-01T00:00:00Z,Regular,Trask Coliseum,UNC Wilmington,UW,Drexel,D,65,53,FINISHED,ncaam,2026-08-23T20:56:09+00:00
ncaam-214263,NCAAM,2025-26,2026-01-01T01:00:00Z,Regular,Capital One Arena,Georgetown,G,St. John's,SJ,83,95,FINISHED,ncaam,2026-08-23T20:56:09+00:00
ncaam-210465,NCAAM,2025-26,2026-01-01T18:00:00Z,Regular,Beeghly Center,Youngstown State,YS,Oakland,O,83,85,FINISHED,ncaam,2026-08-23T20:56:09+00:00
ncaam-210469,NCAAM,2025-26,2026-01-01T18:00:00Z,Regular,Cameron Hall,VMI,V,Samford,S,58,78,FINISHED,ncaam,2026-08-23T20:56:09+00:00
ncaam-210475,NCAAM,2025-26,2026-01-01T18:00:00Z,Regular,The HTC Center,Coastal Carolina,CC,Georgia Southern,GS,81,82,FINISHED,ncaam,2026-08-23T20:56:09+00:00
ncaam-210479,NCAAM,2025-26,2026-01-01T18:00:00Z,Regular,Flowers Hall,North Alabama,NA,Stetson,S,67,70,FINISHED,ncaam,2026-08-23T20:56:09+00:00
ncaam-358505,NCAAM,2025-26,2026-01-01T18:00:00Z,Regular,Leede Arena,Dartmouth,D,Elms College,EC,107,43,FINISHED,ncaam,2026-08-23T20:56:09+00:00
ncaam-210464,NCAAM,2025-26,2026-01-01T19:00:00Z,Regular,Betty Engelstad Sioux Center,North Dakota,ND,Oral Roberts,OR,72,61,FINISHED,ncaam,2026-08-23T20:56:09+00:00
ncaam-210466,NCAAM,2025-26,2026-01-01T19:00:00Z,Regular,Truist Arena,Northern Kentucky,NK,IU Indianapolis,II,81,72,FINISHED,ncaam,2026-08-23T20:56:09+00:00
ncaam-210467,NCAAM,2025-26,2026-01-01T19:00:00Z,Regular,Nutter Center,Wright State,WS,Milwaukee,M,76,70,FINISHED,ncaam,2026-08-23T20:56:09+00:00
ncaam-210468,NCAAM,2025-26,2026-01-01T19:00:00Z,Regular,Memorial Coliseum (IN),Purdue Fort Wayne,PFW,Green Bay,GB,54,72,FINISHED,ncaam,2026-08-23T20:56:09+00:00
ncaam-210481,NCAAM,2025-26,2026-01-01T19:00:00Z,Regular,Allen Arena,Lipscomb,L,Jacksonville,J,76,57,FINISHED,ncaam,2026-08-23T20:56:09+00:00
ncaam-210482,NCAAM,2025-26,2026-01-01T19:00:00Z,Regular,Farris Center,Central Arkansas,CA,Florida Gulf Coast,FGC,85,83,FINISHED,ncaam,2026-08-23T20:56:09+00:00
ncaam-210490,NCAAM,2025-26,2026-01-01T20:00:00Z,Regular,College Park Center,UT Arlington,UA,California Baptist,CB,63,51,FINISHED,ncaam,2026-08-23T20:56:09+00:00
ncaam-358506,NCAAM,2025-26,2026-01-01T20:00:00Z,Regular,Banterra Center,Southern Illinois,SI,Valparaiso,V,75,70,FINISHED,ncaam,2026-08-23T20:56:09+00:00
ncaam-358507,NCAAM,2025-26,2026-01-01T20:00:00Z,Regular,CEFCU Arena,Illinois State,IS,Evansville,E,73,47,FINISHED,ncaam,2026-08-23T20:56:09+00:00
ncaam-210470,NCAAM,2025-26,2026-01-01T21:00:00Z,Regular,First Horizon Coliseum,UNC Greensboro,UG,Chattanooga,C,77,72,FINISHED,ncaam,2026-08-23T20:56:09+00:00
ncaam-210476,NCAAM,2025-26,2026-01-01T21:00:00Z,Regular,Dee Events Center,Weber State,WS,Portland State,PS,90,95,FINISHED,ncaam,2026-08-23T20:56:09+00:00
ncaam-210485,NCAAM,2025-26,2026-01-01T21:30:00Z,Regular,Kathleen and Tom Elam Center,UT Martin,UM,Western Illinois,WI,67,60,FINISHED,ncaam,2026-08-23T20:56:09+00:00
ncaam-210486,NCAAM,2025-26,2026-01-01T21:30:00Z,Regular,First Community Arena,SIU Edwardsville,SE,Southern Indiana,SI,59,55,FINISHED,ncaam,2026-08-23T20:56:09+00:00
ncaam-210488,NCAAM,2025-26,2026-01-01T21:30:00Z,Regular,Hyland Arena,Lindenwood,L,Morehead State,MS,77,64,FINISHED,ncaam,2026-08-23T20:56:09+00:00
ncaam-210472,NCAAM,2025-26,2026-01-01T22:00:00Z,Regular,Icardo Center,Cal State Bakersfield,CSB,UC Irvine,UI,77,81,FINISHED,ncaam,2026-08-23T20:56:09+00:00
ncaam-210474,NCAAM,2025-26,2026-01-01T22:00:00Z,Regular,Fant-Ewing Coliseum,UL Monroe,UM,Southern Miss,SM,73,87,FINISHED,ncaam,2026-08-23T20:56:09+00:00
ncaam-210493,NCAAM,2025-26,2026-01-01T22:00:00Z,Regular,University Credit Union Center,UC Davis,UD,Cal State Northridge,CSN,89,80,FINISHED,ncaam,2026-08-23T20:56:09+00:00
ncaam-210463,NCAAM,2025-26,2026-01-01T22:15:00Z,Regular,First Bank & Trust Arena,South Dakota State,SDS,Omaha,O,84,69,FINISHED,ncaam,2026-08-23T20:56:09+00:00
ncaam-210478,NCAAM,2025-26,2026-01-01T23:00:00Z,Regular,Dahlberg Arena,Montana,M,Northern Arizona,NA,78,64,FINISHED,ncaam,2026-08-23T20:56:09+00:00
ncaam-210487,NCAAM,2025-26,2026-01-01T23:00:00Z,Regular,Jack Stephens Center,Little Rock,LR,Tennessee Tech,TT,77,58,FINISHED,ncaam,2026-08-23T20:56:09+00:00
ncaam-210483,NCAAM,2025-26,2026-01-02T00:00:00Z,Regular,Curry Arena,Queens University,QU,Eastern Kentucky,EK,91,89,FINISHED,ncaam,2026-08-23T20:56:09+00:00
ncaam-210484,NCAAM,2025-26,2026-01-02T00:00:00Z,Regular,The Coliseum,West Georgia,WG,Bellarmine,B,87,85,FINISHED,ncaam,2026-08-23T20:56:09+00:00
ncaam-358508,NCAAM,2025-26,2026-01-02T00:00:00Z,Regular,Curb Event Center Arena,Belmont,B,Bradley,B,88,78,FINISHED,ncaam,2026-08-23T20:56:09+00:00
ncaam-210471,NCAAM,2025-26,2026-01-02T01:00:00Z,Regular,SRC Arena,UC Riverside,UR,Hawai'i,H,45,88,FINISHED,ncaam,2026-08-23T20:56:09+00:00
ncaam-210480,NCAAM,2025-26,2026-01-02T01:00:00Z,Regular,F&M Bank Arena,Austin Peay,AP,North Florida,NF,102,83,FINISHED,ncaam,2026-08-23T20:56:09+00:00
ncaam-210491,NCAAM,2025-26,2026-01-02T01:00:00Z,Regular,Wisdom Gym,Tarleton State,TS,Utah Valley,UV,85,91,FINISHED,ncaam,2026-08-23T20:56:09+00:00
ncaam-210492,NCAAM,2025-26,2026-01-02T01:00:00Z,Regular,Moody Coliseum (Abilene),Abilene Christian,AC,Utah Tech,UT,64,79,FINISHED,ncaam,2026-08-23T20:56:09+00:00
ncaam-358509,NCAAM,2025-26,2026-01-02T01:00:00Z,Regular,McLeod Center,Northern Iowa,NI,Indiana State,IS,75,66,FINISHED,ncaam,2026-08-23T20:56:09+00:00
ncaam-210489,NCAAM,2025-26,2026-01-02T01:30:00Z,Regular,Show Me Center,Southeast Missouri State,SMS,Eastern Illinois,EI,68,59,FINISHED,ncaam,2026-08-23T20:56:09+00:00
ncaam-210477,NCAAM,2025-26,2026-01-02T02:00:00Z,Regular,Worthington Arena,Montana State,MS,Northern Colorado,NC,89,75,FINISHED,ncaam,2026-08-23T20:56:09+00:00
ncaam-210494,NCAAM,2025-26,2026-01-02T02:00:00Z,Regular,Reed Arena,Idaho State,IS,Sacramento State,SS,97,84,FINISHED,ncaam,2026-08-23T20:56:09+00:00
ncaam-358510,NCAAM,2025-26,2026-01-02T02:00:00Z,Regular,Credit Union 1 Arena,UIC,U,Murray State,MS,77,81,FINISHED,ncaam,2026-08-23T20:56:09+00:00
ncaam-210473,NCAAM,2025-26,2026-01-02T03:00:00Z,Regular,Mott Athletics Center,Cal Poly,CP,UC San Diego,USD,67,65,FINISHED,ncaam,2026-08-23T20:56:09+00:00
ncaam-214267,NCAAM,2025-26,2026-01-02T03:00:00Z,Regular,Titan Gym,Cal State Fullerton,CSF,UC Santa Barbara,USB,95,84,FINISHED,ncaam,2026-08-23T20:56:09+00:00
ncaam-210512,NCAAM,2025-26,2026-01-02T17:00:00Z,Regular,Ocean Bank Convocation Center,Florida International,FI,New Mexico State,NMS,89,74,FINISHED,ncaam,2026-08-23T20:56:09+00:00
ncaam-358511,NCAAM,2025-26,2026-01-02T19:00:00Z,Regular,Newman Arena,Cornell,C,Alfred State,AS,133,65,FINISHED,ncaam,2026-08-23T20:56:09+00:00
ncaam-210497,NCAAM,2025-26,2026-01-02T20:00:00Z,Regular,Hammel Court,Merrimack,M,Mount St. Mary's,MSM,75,65,FINISHED,ncaam,2026-08-23T20:56:09+00:00
ncaam-210498,NCAAM,2025-26,2026-01-02T21:00:00Z,Regular,Gallagher Center,Niagara,N,Sacred Heart,SH,64,61,FINISHED,ncaam,2026-08-23T20:56:09+00:00
ncaam-210499,NCAAM,2025-26,2026-01-02T21:00:00Z,Regular,Koessler Athletic Center,Canisius,C,Fairfield,F,85,81,FINISHED,ncaam,2026-08-23T20:56:09+00:00
ncaam-210510,NCAAM,2025-26,2026-01-02T22:00:00Z,Regular,E.A. Diddle Arena,Western Kentucky,WK,Sam Houston,SH,102,91,FINISHED,ncaam,2026-08-23T20:56:09+00:00
ncaam-210495,NCAAM,2025-26,2026-01-03T00:00:00Z,Regular,Calihan Hall,Detroit Mercy,DM,Robert Morris,RM,77,85,FINISHED,ncaam,2026-08-23T20:56:09+00:00
ncaam-210496,NCAAM,2025-26,2026-01-03T00:00:00Z,Regular,Hynes Athletics Center,Iona,I,Siena,S,75,72,FINISHED,ncaam,2026-08-23T20:56:09+00:00
ncaam-210500,NCAAM,2025-26,2026-01-03T00:00:00Z,Regular,Yanitelli Center,Saint Peter's,SP,Marist,M,69,59,FINISHED,ncaam,2026-08-23T20:56:09+00:00
ncaam-210501,NCAAM,2025-26,2026-01-03T00:00:00Z,Regular,Draddy Gymnasium,Manhattan,M,Quinnipiac,Q,80,79,FINISHED,ncaam,2026-08-23T20:56:09+00:00
ncaam-210502,NCAAM,2025-26,2026-01-03T00:00:00Z,Regular,Jones Convocation Center,Chicago State,CS,Wagner,W,72,79,FINISHED,ncaam,2026-08-23T20:56:09+00:00
ncaam-210504,NCAAM,2025-26,2026-01-03T00:00:00Z,Regular,Steinberg Wellness Center,Long Island University,LIU,Central Connecticut,CC,84,78,FINISHED,ncaam,2026-08-23T20:56:09+00:00
ncaam-210505,NCAAM,2025-26,2026-01-03T00:00:00Z,Regular,DeGol Arena,St. Francis (PA),SF(,Le Moyne,LM,58,84,FINISHED,ncaam,2026-08-23T20:56:09+00:00
ncaam-210507,NCAAM,2025-26,2026-01-03T00:00:00Z,Regular,Liberty Arena,Liberty,L,Kennesaw State,KS,81,73,FINISHED,ncaam,2026-08-23T20:56:09+00:00
ncaam-210508,NCAAM,2025-26,2026-01-03T00:00:00Z,Regular,Bob Carpenter Center,Delaware,D,Jacksonville State,JS,64,67,FINISHED,ncaam,2026-08-23T20:56:09+00:00
ncaam-210542,NCAAM,2025-26,2026-01-03T00:00:00Z,Regular,Legacy Center,McNeese,M,Lamar,L,82,70,FINISHED,ncaam,2026-08-23T20:56:09+00:00
ncaam-214271,NCAAM,2025-26,2026-01-03T00:00:00Z,Regular,Crisler Center,Michigan,M,USC,U,96,66,FINISHED,ncaam,2026-08-23T20:56:09+00:00
ncaam-214275,NCAAM,2025-26,2026-01-03T00:00:00Z,Regular,Merkert Gymnasium,Stonehill,S,New Haven,NH,55,70,FINISHED,ncaam,2026-08-23T20:56:09+00:00
ncaam-210506,NCAAM,2025-26,2026-01-03T00:30:00Z,Regular,Mercyhurst Athletic Center,Mercyhurst,M,Fairleigh Dickinson,FD,67,74,FINISHED,ncaam,2026-08-23T20:56:09+00:00
ncaam-210509,NCAAM,2025-26,2026-01-03T00:30:00Z,Regular,Murphy Center,Middle Tennessee,MT,Louisiana Tech,LT,88,51,FINISHED,ncaam,2026-08-23T20:56:09+00:00
ncaam-214272,NCAAM,2025-26,2026-01-03T00:30:00Z,Regular,XFINITY Center,Maryland,M,Oregon,O,54,64,FINISHED,ncaam,2026-08-23T20:56:09+00:00
ncaam-210511,NCAAM,2025-26,2026-01-03T01:00:00Z,Regular,Great Southern Bank Arena,Missouri State,MS,UTEP,U,79,55,FINISHED,ncaam,2026-08-23T20:56:09+00:00
ncaam-214269,NCAAM,2025-26,2026-01-03T01:00:00Z,Regular,Jersey Mike’s Arena,Rutgers,R,Ohio State,OS,73,80,FINISHED,ncaam,2026-08-23T20:56:09+00:00
ncaam-214273,NCAAM,2025-26,2026-01-03T01:00:00Z,Regular,Maples Pavilion,Stanford,S,Louisville,L,80,76,FINISHED,ncaam,2026-08-23T20:56:09+00:00
ncaam-214268,NCAAM,2025-26,2026-01-03T02:00:00Z,Regular,Hilton Coliseum,Iowa State,IS,West Virginia,WV,80,59,FINISHED,ncaam,2026-08-23T20:56:09+00:00
ncaam-214270,NCAAM,2025-26,2026-01-03T02:00:00Z,Regular,Pinnacle Bank Arena,Nebraska,N,Michigan State,MS,58,56,FINISHED,ncaam,2026-08-23T20:56:09+00:00
ncaam-358512,NCAAM,2025-26,2026-01-03T02:00:00Z,Regular,McCarthey Athletic Center,Gonzaga,G,Seattle U,SU,80,72,FINISHED,ncaam,2026-08-23T20:56:09+00:00
ncaam-358513,NCAAM,2025-26,2026-01-03T02:30:00Z,Regular,Beasley Coliseum,Washington State,WS,Loyola Marymount,LM,78,76,FINISHED,ncaam,2026-08-23T20:56:09+00:00
ncaam-358514,NCAAM,2025-26,2026-01-03T03:00:00Z,Regular,The Sobrato Center,San Francisco,SF,San Diego,SD,74,64,FINISHED,ncaam,2026-08-23T20:56:09+00:00
ncaam-358515,NCAAM,2025-26,2026-01-03T03:00:00Z,Regular,University Credit Union Pavilion,Saint Mary's,SM,Portland,P,78,57,FINISHED,ncaam,2026-08-23T20:56:09+00:00
ncaam-358516,NCAAM,2025-26,2026-01-03T03:00:00Z,Regular,Leavey Center,Santa Clara,SC,Pepperdine,P,82,63,FINISHED,ncaam,2026-08-23T20:56:09+00:00
ncaam-358517,NCAAM,2025-26,2026-01-03T03:00:00Z,Regular,Alex G. Spanos Center,Pacific,P,Oregon State,OS,84,53,FINISHED,ncaam,2026-08-23T20:56:09+00:00
ncaam-214274,NCAAM,2025-26,2026-01-03T04:00:00Z,Regular,Haas Pavilion,California,C,Notre Dame,ND,72,71,FINISHED,ncaam,2026-08-23T20:56:09+00:00
ncaam-214307,NCAAM,2025-26,2026-01-03T16:00:00Z,Regular,Lenovo Center,NC State,NS,Virginia,V,61,76,FINISHED,ncaam,2026-08-23T20:56:09+00:00
ncaam-210532,NCAAM,2025-26,2026-01-03T17:00:00Z,Regular,John W. Pope Jr. Convocation Center,Campbell,C,Northeastern,N,97,82,FINISHED,ncaam,2026-08-23T20:56:09+00:00
ncaam-210555,NCAAM,2025-26,2026-01-03T17:00:00Z,Regular,Coleman Coliseum,Alabama,A,Kentucky,K,89,74,FINISHED,ncaam,2026-08-23T20:56:09+00:00
ncaam-214302,NCAAM,2025-26,2026-01-03T17:00:00Z,Regular,Hinkle Fieldhouse,Butler,B,Villanova,V,67,85,FINISHED,ncaam,2026-08-23T20:56:09+00:00
ncaam-214303,NCAAM,2025-26,2026-01-03T17:00:00Z,Regular,Madison Square Garden,St. John's,SJ,Providence,P,71,77,FINISHED,ncaam,2026-08-23T20:56:09+00:00
ncaam-214304,NCAAM,2025-26,2026-01-03T17:00:00Z,Regular,LJVM Coliseum,Wake Forest,WF,Virginia Tech,VT,81,78,FINISHED,ncaam,2026-08-23T20:56:09+00:00
ncaam-214306,NCAAM,2025-26,2026-01-03T17:00:00Z,Regular,Petersen Events Center,Pittsburgh,P,Clemson,C,68,73,FINISHED,ncaam,2026-08-23T20:56:09+00:00
ncaam-358520,NCAAM,2025-26,2026-01-03T17:00:00Z,Regular,UPMC Cooper Fieldhouse,Duquesne,D,VCU,V,80,93,FINISHED,ncaam,2026-08-23T20:56:09+00:00
ncaam-358521,NCAAM,2025-26,2026-01-03T17:00:00Z,Regular,Liacouras Center,Temple,T,UTSA,U,76,57,FINISHED,ncaam,2026-08-23T20:56:09+00:00
ncaam-210519,NCAAM,2025-26,2026-01-03T18:00:00Z,Regular,M.A.C. Center,Kent State,KS,Northern Illinois,NI,77,73,FINISHED,ncaam,2026-08-23T20:56:09+00:00
ncaam-210523,NCAAM,2025-26,2026-01-03T18:00:00Z,Regular,Lundholm Gymnasium,New Hampshire,NH,Vermont,V,61,80,FINISHED,ncaam,2026-08-23T20:56:09+00:00
ncaam-210533,NCAAM,2025-26,2026-01-03T18:00:00Z,Regular,Cameron Hall,VMI,V,Chattanooga,C,79,71,FINISHED,ncaam,2026-08-23T20:56:09+00:00
ncaam-210535,NCAAM,2025-26,2026-01-03T18:00:00Z,Regular,McAlister Field House,The Citadel,TC,Wofford,W,86,95,FINISHED,ncaam,2026-08-23T20:56:09+00:00
ncaam-210546,NCAAM,2025-26,2026-01-03T18:00:00Z,Regular,Cajundome,Louisiana,L,Southern Miss,SM,67,74,FINISHED,ncaam,2026-08-23T20:56:09+00:00
ncaam-210548,NCAAM,2025-26,2026-01-03T18:00:00Z,Regular,The HTC Center,Coastal Carolina,CC,Georgia State,GS,71,89,FINISHED,ncaam,2026-08-23T20:56:09+00:00
ncaam-210561,NCAAM,2025-26,2026-01-03T18:00:00Z,Regular,Stegeman Coliseum,Georgia,G,Auburn,A,104,100,FINISHED,ncaam,2026-08-23T20:56:09+00:00
ncaam-214278,NCAAM,2025-26,2026-01-03T18:00:00Z,Regular,United Supermarkets Arena,Texas Tech,TT,Oklahoma State,OS,102,80,FINISHED,ncaam,2026-08-23T20:56:09+00:00
ncaam-214289,NCAAM,2025-26,2026-01-03T18:00:00Z,Regular,Christl Arena,Army,A,Colgate,C,69,76,FINISHED,ncaam,2026-08-23T20:56:09+00:00
ncaam-214294,NCAAM,2025-26,2026-01-03T18:00:00Z,Regular,Case Gym,Boston University,BU,American University,AU,62,64,FINISHED,ncaam,2026-08-23T20:56:09+00:00
ncaam-214280,NCAAM,2025-26,2026-01-03T18:30:00Z,Regular,Bramlage Coliseum,Kansas State,KS,BYU,B,73,83,FINISHED,ncaam,2026-08-23T20:56:09+00:00
ncaam-210516,NCAAM,2025-26,2026-01-03T19:00:00Z,Regular,Betty Engelstad Sioux Center,North Dakota,ND,South Dakota State,SDS,90,87,FINISHED,ncaam,2026-08-23T20:56:09+00:00
ncaam-210518,NCAAM,2025-26,2026-01-03T19:00:00Z,Regular,Gervin GameAbove Center,Eastern Michigan,EM,Ohio,O,67,68,FINISHED,ncaam,2026-08-23T20:56:09+00:00
ncaam-210520,NCAAM,2025-26,2026-01-03T19:00:00Z,Regular,Mullins Center,Massachusetts,M,Bowling Green,BG,100,101,FINISHED,ncaam,2026-08-23T20:56:09+00:00
ncaam-210521,NCAAM,2025-26,2026-01-03T19:00:00Z,Regular,Alumni Arena,Buffalo,B,Ball State,BS,85,72,FINISHED,ncaam,2026-08-23T20:56:09+00:00
ncaam-210524,NCAAM,2025-26,2026-01-03T19:00:00Z,Regular,Events Center (Binghamton),Binghamton,B,NJIT,N,65,73,FINISHED,ncaam,2026-08-23T20:56:09+00:00
ncaam-210525,NCAAM,2025-26,2026-01-03T19:00:00Z,Regular,The Pit in Memorial Gymnasium,Maine,M,Bryant,B,51,56,FINISHED,ncaam,2026-08-23T20:56:09+00:00
ncaam-210526,NCAAM,2025-26,2026-01-03T19:00:00Z,Regular,Costello Athletic Center,UMass Lowell,UL,UAlbany,U,83,71,FINISHED,ncaam,2026-08-23T20:56:09+00:00
ncaam-210531,NCAAM,2025-26,2026-01-03T19:00:00Z,Regular,Daskalakis Athletic Center,Drexel,D,Hofstra,H,67,70,FINISHED,ncaam,2026-08-23T20:56:09+00:00
ncaam-210559,NCAAM,2025-26,2026-01-03T19:00:00Z,Regular,Colonial Life Arena,South Carolina,SC,Vanderbilt,V,71,83,FINISHED,ncaam,2026-08-23T20:56:09+00:00
ncaam-210563,NCAAM,2025-26,2026-01-03T19:00:00Z,Regular,Farris Center,Central Arkansas,CA,Stetson,S,93,73,FINISHED,ncaam,2026-08-23T20:56:09+00:00
ncaam-210567,NCAAM,2025-26,2026-01-03T19:00:00Z,Regular,The Coliseum,West Georgia,WG,Eastern Kentucky,EK,88,76,FINISHED,ncaam,2026-08-23T20:56:09+00:00
ncaam-214279,NCAAM,2025-26,2026-01-03T19:00:00Z,Regular,Schollmaier Arena,TCU,T,Baylor,B,69,63,FINISHED,ncaam,2026-08-23T20:56:09+00:00
ncaam-214281,NCAAM,2025-26,2026-01-03T19:00:00Z,Regular,Fifth Third Arena,Cincinnati,C,Houston,H,60,67,FINISHED,ncaam,2026-08-23T20:56:09+00:00
ncaam-214282,NCAAM,2025-26,2026-01-03T19:00:00Z,Regular,Addition Financial Arena,UCF,U,Kansas,K,81,75,FINISHED,ncaam,2026-08-23T20:56:09+00:00
ncaam-214295,NCAAM,2025-26,2026-01-03T19:00:00Z,Regular,Templeton Center,Presbyterian,P,South Carolina Upstate,SCU,86,77,FINISHED,ncaam,2026-08-23T20:56:09+00:00
ncaam-214296,NCAAM,2025-26,2026-01-03T19:00:00Z,Regular,Buccaneer Fieldhouse,Charleston Southern,CS,UNC Asheville,UA,86,83,FINISHED,ncaam,2026-08-23T20:56:09+00:00
ncaam-214297,NCAAM,2025-26,2026-01-03T19:00:00Z,Regular,Qubein Center,High Point,HP,Longwood,L,80,67,FINISHED,ncaam,2026-08-23T20:56:09+00:00
ncaam-214301,NCAAM,2025-26,2026-01-03T19:00:00Z,Regular,Wintrust Arena,DePaul,D,Xavier,X,86,77,FINISHED,ncaam,2026-08-23T20:56:09+00:00
ncaam-214312,NCAAM,2025-26,2026-01-03T19:00:00Z,Regular,Hart Center,Holy Cross,HC,Navy,N,58,65,FINISHED,ncaam,2026-08-23T20:56:09+00:00
ncaam-358522,NCAAM,2025-26,2026-01-03T19:00:00Z,Regular,Charles E. Smith Center,George Washington,GW,La Salle,LS,77,55,FINISHED,ncaam,2026-08-23T20:56:09+00:00
ncaam-358523,NCAAM,2025-26,2026-01-03T19:00:00Z,Regular,Gentile Arena,Loyola Chicago,LC,Dayton,D,68,70,FINISHED,ncaam,2026-08-23T20:56:09+00:00
ncaam-214308,NCAAM,2025-26,2026-01-03T19:10:00Z,Regular,McCamish Pavilion,Georgia Tech,GT,Boston College,BC,65,53,FINISHED,ncaam,2026-08-23T20:56:09+00:00
ncaam-214305,NCAAM,2025-26,2026-01-03T19:15:00Z,Regular,Moody Coliseum,SMU,S,North Carolina,NC,97,83,FINISHED,ncaam,2026-08-23T20:56:09+00:00
ncaam-210517,NCAAM,2025-26,2026-01-03T20:00:00Z,Regular,McGuirk Arena,Central Michigan,CM,Toledo,T,75,78,FINISHED,ncaam,2026-08-23T20:56:09+00:00
ncaam-210547,NCAAM,2025-26,2026-01-03T20:00:00Z,Regular,First National Bank Arena,Arkansas State,AS,James Madison,JM,74,78,FINISHED,ncaam,2026-08-23T20:56:09+00:00
ncaam-210566,NCAAM,2025-26,2026-01-03T20:00:00Z,Regular,Flowers Hall,North Alabama,NA,Florida Gulf Coast,FGC,55,72,FINISHED,ncaam,2026-08-23T20:56:09+00:00
ncaam-210568,NCAAM,2025-26,2026-01-03T20:00:00Z,Regular,Curry Arena,Queens University,QU,Bellarmine,B,98,76,FINISHED,ncaam,2026-08-23T20:56:09+00:00
ncaam-358524,NCAAM,2025-26,2026-01-03T20:00:00Z,Regular,Tudor Fieldhouse,Rice,R,Memphis,M,70,76,FINISHED,ncaam,2026-08-23T20:56:09+00:00
ncaam-210562,NCAAM,2025-26,2026-01-03T20:10:00Z,Regular,Bud Walton Arena,Arkansas,A,Tennessee,T,86,75,FINISHED,ncaam,2026-08-23T20:56:09+00:00
ncaam-210522,NCAAM,2025-26,2026-01-03T20:30:00Z,Regular,Millett Hall,Miami (OH),M(,Akron,A,76,73,FINISHED,ncaam,2026-08-23T20:56:09+00:00
ncaam-210549,NCAAM,2025-26,2026-01-03T20:30:00Z,Regular,Chartway Arena,Old Dominion,OD,Georgia Southern,GS,86,93,FINISHED,ncaam,2026-08-23T20:56:09+00:00
ncaam-210556,NCAAM,2025-26,2026-01-03T20:30:00Z,Regular,Lloyd Noble Center,Oklahoma,O,Ole Miss,OM,86,70,FINISHED,ncaam,2026-08-23T20:56:09+00:00
ncaam-214286,NCAAM,2025-26,2026-01-03T20:30:00Z,Regular,Moore Gymnasium (FL),Bethune-Cookman,BC,Florida A&M,FA,87,83,FINISHED,ncaam,2026-08-23T20:56:09+00:00
ncaam-210544,NCAAM,2025-26,2026-01-03T20:45:00Z,Regular,Fant-Ewing Coliseum,UL Monroe,UM,Texas State,TS,79,84,FINISHED,ncaam,2026-08-23T20:56:09+00:00
ncaam-214309,NCAAM,2025-26,2026-01-03T20:45:00Z,Regular,Tucker Center,Florida State,FS,Duke,D,87,91,FINISHED,ncaam,2026-08-23T20:56:09+00:00
ncaam-210515,NCAAM,2025-26,2026-01-03T21:00:00Z,Regular,Scheels Center,North Dakota State,NDS,Oral Roberts,OR,79,77,FINISHED,ncaam,2026-08-23T20:56:09+00:00
ncaam-210527,NCAAM,2025-26,2026-01-03T21:00:00Z,Regular,Stony Brook Arena,Stony Brook,SB,North Carolina A&T,NCA,81,80,FINISHED,ncaam,2026-08-23T20:56:09+00:00
ncaam-210534,NCAAM,2025-26,2026-01-03T21:00:00Z,Regular,First Horizon Coliseum,UNC Greensboro,UG,Samford,S,89,82,FINISHED,ncaam,2026-08-23T20:56:09+00:00
ncaam-210536,NCAAM,2025-26,2026-01-03T21:00:00Z,Regular,Timmons Arena,Furman,F,Western Carolina,WC,77,80,FINISHED,ncaam,2026-08-23T20:56:09+00:00
ncaam-210537,NCAAM,2025-26,2026-01-03T21:00:00Z,Regular,Freedom Hall (TN),East Tennessee State,ETS,Mercer,M,77,71,FINISHED,ncaam,2026-08-23T20:56:09+00:00
ncaam-210550,NCAAM,2025-26,2026-01-03T21:00:00Z,Regular,Cam Henderson Center,Marshall,M,App State,AS,88,81,FINISHED,ncaam,2026-08-23T20:56:09+00:00
ncaam-210558,NCAAM,2025-26,2026-01-03T21:00:00Z,Regular,Reed Arena,Texas A&M,TA,LSU,L,75,72,FINISHED,ncaam,2026-08-23T20:56:09+00:00
ncaam-210576,NCAAM,2025-26,2026-01-03T21:00:00Z,Regular,Moody Coliseum (Abilene),Abilene Christian,AC,Utah Valley,UV,85,68,FINISHED,ncaam,2026-08-23T20:56:09+00:00
ncaam-214276,NCAAM,2025-26,2026-01-03T21:00:00Z,Regular,Dee Glen Smith Spectrum,Utah State,US,San José State,SJS,96,78,FINISHED,ncaam,2026-08-23T20:56:09+00:00
ncaam-214277,NCAAM,2025-26,2026-01-03T21:00:00Z,Regular,Jon M. Huntsman Center,Utah,U,Arizona,A,78,97,FINISHED,ncaam,2026-08-23T20:56:09+00:00
ncaam-214298,NCAAM,2025-26,2026-01-03T21:00:00Z,Regular,Winthrop Coliseum,Winthrop,W,Gardner-Webb,GW,88,77,FINISHED,ncaam,2026-08-23T20:56:09+00:00
ncaam-214315,NCAAM,2025-26,2026-01-03T21:00:00Z,Regular,Premier America Credit Union Arena,Cal State Northridge,CSN,UC Santa Barbara,USB,74,65,FINISHED,ncaam,2026-08-23T20:56:09+00:00
ncaam-358526,NCAAM,2025-26,2026-01-03T21:00:00Z,Regular,EagleBank Arena,George Mason,GM,Rhode Island,RI,61,50,FINISHED,ncaam,2026-08-23T20:56:09+00:00
ncaam-210541,NCAAM,2025-26,2026-01-03T21:30:00Z,Regular,Prather Coliseum,Northwestern State,NS,New Orleans,NO,74,68,FINISHED,ncaam,2026-08-23T20:56:09+00:00
ncaam-210543,NCAAM,2025-26,2026-01-03T21:30:00Z,Regular,David R. Stopher Gymnasium,Nicholls,N,East Texas A&M,ETA,80,58,FINISHED,ncaam,2026-08-23T20:56:09+00:00
ncaam-210545,NCAAM,2025-26,2026-01-03T21:30:00Z,Regular,Trojan Arena,Troy,T,South Alabama,SA,59,49,FINISHED,ncaam,2026-08-23T20:56:09+00:00
ncaam-210570,NCAAM,2025-26,2026-01-03T21:30:00Z,Regular,First Community Arena,SIU Edwardsville,SE,Morehead State,MS,72,73,FINISHED,ncaam,2026-08-23T20:56:09+00:00
ncaam-210571,NCAAM,2025-26,2026-01-03T21:30:00Z,Regular,Jack Stephens Center,Little Rock,LR,Tennessee State,TS,79,84,FINISHED,ncaam,2026-08-23T20:56:09+00:00
ncaam-210572,NCAAM,2025-26,2026-01-03T21:30:00Z,Regular,Hyland Arena,Lindenwood,L,Southern Indiana,SI,83,80,FINISHED,ncaam,2026-08-23T20:56:09+00:00
ncaam-210573,NCAAM,2025-26,2026-01-03T21:30:00Z,Regular,Kathleen and Tom Elam Center,UT Martin,UM,Eastern Illinois,EI,65,61,FINISHED,ncaam,2026-08-23T20:56:09+00:00
ncaam-210577,NCAAM,2025-26,2026-01-03T21:30:00Z,Regular,Pride Roofing University Center,SE Louisiana,SL,Stephen F. Austin,SFA,63,73,FINISHED,ncaam,2026-08-23T20:56:09+00:00
ncaam-214313,NCAAM,2025-26,2026-01-03T21:30:00Z,Regular,Hytche Center,Maryland Eastern Shore,MES,Morgan State,MS,66,49,FINISHED,ncaam,2026-08-23T20:56:09+00:00
ncaam-214314,NCAAM,2025-26,2026-01-03T21:30:00Z,Regular,Memorial Hall (DE),Delaware State,DS,Coppin State,CS,51,53,FINISHED,ncaam,2026-08-23T20:56:09+00:00
ncaam-358518,NCAAM,2025-26,2026-01-03T21:30:00Z,Regular,Smith-Hammond-Middleton Memorial Center,South Carolina State,SCS,Howard,H,58,57,FINISHED,ncaam,2026-08-23T20:56:09+00:00
ncaam-358525,NCAAM,2025-26,2026-01-03T21:30:00Z,Regular,Lee E. Williams Athletics and Assembly Center,Jackson State,JS,Alcorn State,AS,89,86,FINISHED,ncaam,2026-08-23T20:56:09+00:00
ncaam-358527,NCAAM,2025-26,2026-01-03T21:30:00Z,Regular,McDougald-McLendon Arena,North Carolina Central,NCC,Norfolk State,NS,69,67,FINISHED,ncaam,2026-08-23T20:56:09+00:00
ncaam-210569,NCAAM,2025-26,2026-01-03T21:45:00Z,Regular,Show Me Center,Southeast Missouri State,SMS,Western Illinois,WI,73,50,FINISHED,ncaam,2026-08-23T20:56:09+00:00
ncaam-210554,NCAAM,2025-26,2026-01-03T22:00:00Z,Regular,ICCU Arena,Idaho,I,Eastern Washington,EW,84,81,FINISHED,ncaam,2026-08-23T20:56:09+00:00
ncaam-210564,NCAAM,2025-26,2026-01-03T22:00:00Z,Regular,Allen Arena,Lipscomb,L,North Florida,NF,82,74,FINISHED,ncaam,2026-08-23T20:56:09+00:00
ncaam-210565,NCAAM,2025-26,2026-01-03T22:00:00Z,Regular,F&M Bank Arena,Austin Peay,AP,Jacksonville,J,71,68,FINISHED,ncaam,2026-08-23T20:56:09+00:00
ncaam-210575,NCAAM,2025-26,2026-01-03T22:00:00Z,Regular,Wisdom Gym,Tarleton State,TS,California Baptist,CB,81,76,FINISHED,ncaam,2026-08-23T20:56:09+00:00
ncaam-210578,NCAAM,2025-26,2026-01-03T22:00:00Z,Regular,University Credit Union Center,UC Davis,UD,Cal State Bakersfield,CSB,79,81,FINISHED,ncaam,2026-08-23T20:56:09+00:00
ncaam-214292,NCAAM,2025-26,2026-01-03T22:00:00Z,Regular,Welsh-Ryan Arena,Northwestern,N,Minnesota,M,78,84,FINISHED,ncaam,2026-08-23T20:56:09+00:00
ncaam-214310,NCAAM,2025-26,2026-01-03T22:00:00Z,Regular,Thomas & Mack Center,UNLV,U,Air Force,AF,67,39,FINISHED,ncaam,2026-08-23T20:56:09+00:00
ncaam-214311,NCAAM,2025-26,2026-01-03T22:00:00Z,Regular,McDermott Center,Incarnate Word,IW,Houston Christian,HC,73,56,FINISHED,ncaam,2026-08-23T20:56:09+00:00
ncaam-214316,NCAAM,2025-26,2026-01-03T22:00:00Z,Regular,Reitz Arena,Loyola Maryland,LM,Lafayette,L,64,79,FINISHED,ncaam,2026-08-23T20:56:09+00:00
ncaam-358528,NCAAM,2025-26,2026-01-03T22:00:00Z,Regular,Sojka Pavilion,Bucknell,B,Lehigh,L,72,65,FINISHED,ncaam,2026-08-23T20:56:09+00:00
ncaam-214283,NCAAM,2025-26,2026-01-03T22:10:00Z,Regular,Desert Financial Arena,Arizona State,AS,Colorado,C,89,95,FINISHED,ncaam,2026-08-23T20:56:09+00:00
ncaam-210579,NCAAM,2025-26,2026-01-03T22:30:00Z,Regular,UTRGV Fieldhouse,UT Rio Grande Valley,URGV,Texas A&M-Corpus Christi,TACC,59,63,FINISHED,ncaam,2026-08-23T20:56:09+00:00
ncaam-214287,NCAAM,2025-26,2026-01-03T22:30:00Z,Regular,Fredrick C. Hobdy Assembly Center,Grambling,G,Prairie View A&M,PVA,76,72,FINISHED,ncaam,2026-08-23T20:56:09+00:00
ncaam-210530,NCAAM,2025-26,2026-01-03T23:00:00Z,Regular,TU Arena,Towson,T,Monmouth,M,48,62,FINISHED,ncaam,2026-08-23T20:56:09+00:00
ncaam-210553,NCAAM,2025-26,2026-01-03T23:00:00Z,Regular,Dahlberg Arena,Montana,M,Northern Colorado,NC,88,79,FINISHED,ncaam,2026-08-23T20:56:09+00:00
ncaam-210557,NCAAM,2025-26,2026-01-03T23:00:00Z,Regular,Moody Center,Texas,T,Mississippi State,MS,98,101,FINISHED,ncaam,2026-08-23T20:56:09+00:00
ncaam-210580,NCAAM,2025-26,2026-01-03T23:00:00Z,Regular,Reed Arena,Idaho State,IS,Portland State,PS,87,93,FINISHED,ncaam,2026-08-23T20:56:09+00:00
ncaam-214288,NCAAM,2025-26,2026-01-03T23:00:00Z,Regular,F.G. Clark Activity Center,Southern,S,Texas Southern,TS,84,73,FINISHED,ncaam,2026-08-23T20:56:09+00:00
ncaam-214293,NCAAM,2025-26,2026-01-03T23:00:00Z,Regular,Carver-Hawkeye Arena,Iowa,I,UCLA,U,74,61,FINISHED,ncaam,2026-08-23T20:56:09+00:00
ncaam-358529,NCAAM,2025-26,2026-01-03T23:00:00Z,Regular,Michael J. Hagan '85 Arena,Saint Joseph's,SJ,Davidson,D,56,62,FINISHED,ncaam,2026-08-23T20:56:09+00:00
ncaam-358530,NCAAM,2025-26,2026-01-03T23:10:00Z,Regular,Halton Arena,Charlotte,C,Wichita State,WS,104,100,FINISHED,ncaam,2026-08-23T20:56:09+00:00
ncaam-214284,NCAAM,2025-26,2026-01-03T23:30:00Z,Regular,R.W. Harrison HPER Complex,Mississippi Valley State,MVS,Alabama State,AS,69,89,FINISHED,ncaam,2026-08-23T20:56:09+00:00
ncaam-214285,NCAAM,2025-26,2026-01-03T23:30:00Z,Regular,H.O. Clemmons Arena,Arkansas-Pine Bluff,APB,Alabama A&M,AA,95,83,FINISHED,ncaam,2026-08-23T20:56:09+00:00
ncaam-210528,NCAAM,2025-26,2026-01-04T00:00:00Z,Regular,Trask Coliseum,UNC Wilmington,UW,Hampton,H,49,45,FINISHED,ncaam,2026-08-23T20:56:09+00:00
ncaam-210539,NCAAM,2025-26,2026-01-04T00:00:00Z,Regular,Titan Gym,Cal State Fullerton,CSF,UC Irvine,UI,64,86,FINISHED,ncaam,2026-08-23T20:56:09+00:00
ncaam-214291,NCAAM,2025-26,2026-01-04T00:00:00Z,Regular,Bryce Jordan Center,Penn State,PS,Illinois,I,65,73,FINISHED,ncaam,2026-08-23T20:56:09+00:00
ncaam-358519,NCAAM,2025-26,2026-01-04T00:00:00Z,Regular,Save Mart Center,Fresno State,FS,Nevada,N,65,66,FINISHED,ncaam,2026-08-23T20:56:09+00:00
ncaam-210514,NCAAM,2025-26,2026-01-04T01:00:00Z,Regular,Baxter Arena,Omaha,O,Kansas City,KC,66,73,FINISHED,ncaam,2026-08-23T20:56:09+00:00
ncaam-210552,NCAAM,2025-26,2026-01-04T01:00:00Z,Regular,Worthington Arena,Montana State,MS,Northern Arizona,NA,77,68,FINISHED,ncaam,2026-08-23T20:56:09+00:00
ncaam-214290,NCAAM,2025-26,2026-01-04T01:00:00Z,Regular,Kohl Center,Wisconsin,W,Purdue,P,73,89,FINISHED,ncaam,2026-08-23T20:56:09+00:00
ncaam-214299,NCAAM,2025-26,2026-01-04T01:00:00Z,Regular,Global Credit Union Arena,Grand Canyon,GC,Colorado State,CS,60,70,FINISHED,ncaam,2026-08-23T20:56:09+00:00
ncaam-358531,NCAAM,2025-26,2026-01-04T01:00:00Z,Regular,The Pit,New Mexico,NM,Wyoming,W,78,58,FINISHED,ncaam,2026-08-23T20:56:09+00:00
ncaam-210560,NCAAM,2025-26,2026-01-04T01:30:00Z,Regular,Mizzou Arena,Missouri,M,Florida,F,76,74,FINISHED,ncaam,2026-08-23T20:56:09+00:00
ncaam-210574,NCAAM,2025-26,2026-01-04T01:30:00Z,Regular,America First Events Center,Southern Utah,SU,UT Arlington,UA,77,86,FINISHED,ncaam,2026-08-23T20:56:09+00:00
ncaam-210538,NCAAM,2025-26,2026-01-04T02:00:00Z,Regular,Walter Pyramid,Long Beach State,LBS,Cal Poly,CP,74,66,FINISHED,ncaam,2026-08-23T20:56:09+00:00
ncaam-210551,NCAAM,2025-26,2026-01-04T02:00:00Z,Regular,Dee Events Center,Weber State,WS,Sacramento State,SS,95,82,FINISHED,ncaam,2026-08-23T20:56:09+00:00
ncaam-210540,NCAAM,2025-26,2026-01-04T03:00:00Z,Regular,LionTree Arena,UC San Diego,USD,Hawai'i,H,83,73,FINISHED,ncaam,2026-08-23T20:56:09+00:00
ncaam-214300,NCAAM,2025-26,2026-01-04T03:00:00Z,Regular,Viejas Arena,San Diego State,SDS,Boise State,BS,110,107,FINISHED,ncaam,2026-08-23T20:56:09+00:00
ncaam-210587,NCAAM,2025-26,2026-01-04T17:00:00Z,Regular,Koessler Athletic Center,Canisius,C,Sacred Heart,SH,82,78,FINISHED,ncaam,2026-08-23T20:56:09+00:00
ncaam-210589,NCAAM,2025-26,2026-01-04T17:00:00Z,Regular,Hammel Court,Merrimack,M,Manhattan,M,73,66,FINISHED,ncaam,2026-08-23T20:56:09+00:00
ncaam-214319,NCAAM,2025-26,2026-01-04T17:00:00Z,Regular,Prudential Center,Seton Hall,SH,Creighton,C,56,54,FINISHED,ncaam,2026-08-23T20:56:09+00:00
ncaam-358532,NCAAM,2025-26,2026-01-04T17:00:00Z,Regular,Rose Hill Gym,Fordham,F,Richmond,R,75,83,FINISHED,ncaam,2026-08-23T20:56:09+00:00
ncaam-210513,NCAAM,2025-26,2026-01-04T18:00:00Z,Regular,Schoenecker Arena,St. Thomas-Minnesota,STM,Denver,D,92,88,FINISHED,ncaam,2026-08-23T20:56:09+00:00
ncaam-214321,NCAAM,2025-26,2026-01-04T18:00:00Z,Regular,Detrick Gymnasium,Central Connecticut,CC,New Haven,NH,72,61,FINISHED,ncaam,2026-08-23T20:56:09+00:00
ncaam-358533,NCAAM,2025-26,2026-01-04T18:00:00Z,Regular,Devlin Fieldhouse,Tulane,T,Florida Atlantic,FA,69,66,FINISHED,ncaam,2026-08-23T20:56:09+00:00
ncaam-358534,NCAAM,2025-26,2026-01-04T18:00:00Z,Regular,Yuengling Center,South Florida,SF,UAB,U,106,109,FINISHED,ncaam,2026-08-23T20:56:09+00:00
ncaam-210583,NCAAM,2025-26,2026-01-04T19:00:00Z,Regular,Memorial Coliseum (IN),Purdue Fort Wayne,PFW,Cleveland State,CS,74,71,FINISHED,ncaam,2026-08-23T20:56:09+00:00
ncaam-210584,NCAAM,2025-26,2026-01-04T19:00:00Z,Regular,Alumni Gymnasium (Rider),Rider,R,Siena,S,65,74,FINISHED,ncaam,2026-08-23T20:56:09+00:00
ncaam-210585,NCAAM,2025-26,2026-01-04T19:00:00Z,Regular,M&T Bank Arena,Quinnipiac,Q,Mount St. Mary's,MSM,80,69,FINISHED,ncaam,2026-08-23T20:56:09+00:00
ncaam-210586,NCAAM,2025-26,2026-01-04T19:00:00Z,Regular,Gallagher Center,Niagara,N,Fairfield,F,75,83,FINISHED,ncaam,2026-08-23T20:56:09+00:00
ncaam-210588,NCAAM,2025-26,2026-01-04T19:00:00Z,Regular,McCann Arena,Marist,M,Iona,I,83,38,FINISHED,ncaam,2026-08-23T20:56:09+00:00
ncaam-210591,NCAAM,2025-26,2026-01-04T19:00:00Z,Regular,Jones Convocation Center,Chicago State,CS,Long Island University,LIU,55,74,FINISHED,ncaam,2026-08-23T20:56:09+00:00
ncaam-210592,NCAAM,2025-26,2026-01-04T19:00:00Z,Regular,Mercyhurst Athletic Center,Mercyhurst,M,Le Moyne,LM,74,60,FINISHED,ncaam,2026-08-23T20:56:09+00:00
ncaam-210594,NCAAM,2025-26,2026-01-04T19:00:00Z,Regular,Bob Carpenter Center,Delaware,D,Kennesaw State,KS,67,52,FINISHED,ncaam,2026-08-23T20:56:09+00:00
ncaam-210595,NCAAM,2025-26,2026-01-04T19:00:00Z,Regular,Liberty Arena,Liberty,L,Jacksonville State,JS,78,69,FINISHED,ncaam,2026-08-23T20:56:09+00:00
ncaam-210597,NCAAM,2025-26,2026-01-04T19:00:00Z,Regular,Murphy Center,Middle Tennessee,MT,Sam Houston,SH,68,67,FINISHED,ncaam,2026-08-23T20:56:09+00:00
ncaam-210601,NCAAM,2025-26,2026-01-04T19:00:00Z,Regular,The Jungle,IU Indianapolis,II,Wright State,WS,77,81,FINISHED,ncaam,2026-08-23T20:56:09+00:00
ncaam-214320,NCAAM,2025-26,2026-01-04T19:00:00Z,Regular,Gampel Pavilion,UConn,U,Marquette,M,73,57,FINISHED,ncaam,2026-08-23T20:56:09+00:00
ncaam-210581,NCAAM,2025-26,2026-01-04T20:00:00Z,Regular,OU Credit Union O'rena,Oakland,O,Robert Morris,RM,96,73,FINISHED,ncaam,2026-08-23T20:56:09+00:00
ncaam-210596,NCAAM,2025-26,2026-01-04T20:00:00Z,Regular,E.A. Diddle Arena,Western Kentucky,WK,Louisiana Tech,LT,66,61,FINISHED,ncaam,2026-08-23T20:56:09+00:00
ncaam-210599,NCAAM,2025-26,2026-01-04T20:00:00Z,Regular,Great Southern Bank Arena,Missouri State,MS,New Mexico State,NMS,89,82,FINISHED,ncaam,2026-08-23T20:56:09+00:00
ncaam-358535,NCAAM,2025-26,2026-01-04T20:00:00Z,Regular,Athletics-Recreation Center,Valparaiso,V,UIC,U,66,59,FINISHED,ncaam,2026-08-23T20:56:09+00:00
ncaam-358536,NCAAM,2025-26,2026-01-04T20:00:00Z,Regular,Knapp Center,Drake,D,Indiana State,IS,74,72,FINISHED,ncaam,2026-08-23T20:56:09+00:00
ncaam-210582,NCAAM,2025-26,2026-01-04T21:00:00Z,Regular,Truist Arena,Northern Kentucky,NK,Youngstown State,YS,94,79,FINISHED,ncaam,2026-08-23T20:56:09+00:00
ncaam-210590,NCAAM,2025-26,2026-01-04T21:00:00Z,Regular,Spiro Sports Center,Wagner,W,Stonehill,S,60,69,FINISHED,ncaam,2026-08-23T20:56:09+00:00
ncaam-210593,NCAAM,2025-26,2026-01-04T21:00:00Z,Regular,DeGol Arena,St. Francis (PA),SF(,Fairleigh Dickinson,FD,85,82,FINISHED,ncaam,2026-08-23T20:56:09+00:00
ncaam-210598,NCAAM,2025-26,2026-01-04T21:00:00Z,Regular,Ocean Bank Convocation Center,Florida International,FI,UTEP,U,76,64,FINISHED,ncaam,2026-08-23T20:56:09+00:00
ncaam-358537,NCAAM,2025-26,2026-01-04T21:00:00Z,Regular,Ford Center,Evansville,E,Northern Iowa,NI,48,62,FINISHED,ncaam,2026-08-23T20:56:09+00:00
ncaam-358538,NCAAM,2025-26,2026-01-04T21:00:00Z,Regular,The Super Pit,North Texas,NT,Tulsa,T,72,67,FINISHED,ncaam,2026-08-23T20:56:09+00:00
ncaam-358539,NCAAM,2025-26,2026-01-04T22:00:00Z,Regular,CFSB Center,Murray State,MS,Bradley,B,86,66,FINISHED,ncaam,2026-08-23T20:56:09+00:00
ncaam-358540,NCAAM,2025-26,2026-01-04T22:00:00Z,Regular,Curb Event Center Arena,Belmont,B,Southern Illinois,SI,67,68,FINISHED,ncaam,2026-08-23T20:56:09+00:00
ncaam-358541,NCAAM,2025-26,2026-01-05T00:00:00Z,Regular,Leavey Center,Santa Clara,SC,San Diego,SD,98,70,FINISHED,ncaam,2026-08-23T20:56:10+00:00
ncaam-358542,NCAAM,2025-26,2026-01-05T00:00:00Z,Regular,The Sobrato Center,San Francisco,SF,Portland,P,73,68,FINISHED,ncaam,2026-08-23T20:56:09+00:00
ncaam-358543,NCAAM,2025-26,2026-01-05T00:00:00Z,Regular,Alex G. Spanos Center,Pacific,P,Pepperdine,P,74,69,FINISHED,ncaam,2026-08-23T20:56:09+00:00
ncaam-358544,NCAAM,2025-26,2026-01-05T00:30:00Z,Regular,Beasley Coliseum,Washington State,WS,Oregon State,OS,81,67,FINISHED,ncaam,2026-08-23T20:56:10+00:00
ncaam-214318,NCAAM,2025-26,2026-01-05T01:00:00Z,Regular,Simon Skjodt Assembly Hall,Indiana,I,Washington,W,90,80,FINISHED,ncaam,2026-08-23T20:56:10+00:00
ncaam-358545,NCAAM,2025-26,2026-01-05T01:00:00Z,Regular,University Credit Union Pavilion,Saint Mary's,SM,Seattle U,SU,93,76,FINISHED,ncaam,2026-08-23T20:56:10+00:00
ncaam-358546,NCAAM,2025-26,2026-01-05T02:00:00Z,Regular,McCarthey Athletic Center,Gonzaga,G,Loyola Marymount,LM,82,47,FINISHED,ncaam,2026-08-23T20:56:10+00:00
ncaam-210608,NCAAM,2025-26,2026-01-05T22:00:00Z,Regular,Newman Arena,Cornell,C,Columbia,C,99,104,FINISHED,ncaam,2026-08-23T20:56:10+00:00
ncaam-214326,NCAAM,2025-26,2026-01-05T23:30:00Z,Regular,Schottenstein Center,Ohio State,OS,Nebraska,N,69,72,FINISHED,ncaam,2026-08-23T20:56:10+00:00
ncaam-214334,NCAAM,2025-26,2026-01-05T23:30:00Z,Regular,H.O. Clemmons Arena,Arkansas-Pine Bluff,APB,Alabama State,AS,90,79,FINISHED,ncaam,2026-08-23T20:56:10+00:00
ncaam-210529,NCAAM,2025-26,2026-01-06T00:00:00Z,Regular,TD Arena,Charleston,C,William & Mary,W&M,88,79,FINISHED,ncaam,2026-08-23T20:56:10+00:00
ncaam-210602,NCAAM,2025-26,2026-01-06T00:00:00Z,Regular,Resch Center,Green Bay,GB,Milwaukee,M,79,76,FINISHED,ncaam,2026-08-23T20:56:10+00:00
ncaam-210603,NCAAM,2025-26,2026-01-06T00:00:00Z,Regular,Lavietes Pavilion,Harvard,H,Dartmouth,D,68,76,FINISHED,ncaam,2026-08-23T20:56:10+00:00
ncaam-210604,NCAAM,2025-26,2026-01-06T00:00:00Z,Regular,Jadwin Gymnasium,Princeton,P,Pennsylvania,P,78,76,FINISHED,ncaam,2026-08-23T20:56:10+00:00
ncaam-210609,NCAAM,2025-26,2026-01-06T00:00:00Z,Regular,Pizzitola Sports Center,Brown,B,Yale,Y,53,70,FINISHED,ncaam,2026-08-23T20:56:10+00:00
ncaam-210610,NCAAM,2025-26,2026-01-06T00:00:00Z,Regular,Pride Roofing University Center,SE Louisiana,SL,Lamar,L,60,52,FINISHED,ncaam,2026-08-23T20:56:10+00:00
ncaam-214325,NCAAM,2025-26,2026-01-06T00:00:00Z,Regular,Jersey Mike’s Arena,Rutgers,R,Oregon,O,88,85,FINISHED,ncaam,2026-08-23T20:56:10+00:00
ncaam-214328,NCAAM,2025-26,2026-01-06T00:00:00Z,Regular,F.G. Clark Activity Center,Southern,S,Prairie View A&M,PVA,85,89,FINISHED,ncaam,2026-08-23T20:56:10+00:00
ncaam-210605,NCAAM,2025-26,2026-01-06T00:30:00Z,Regular,David R. Stopher Gymnasium,Nicholls,N,Northwestern State,NS,74,72,FINISHED,ncaam,2026-08-23T20:56:10+00:00
ncaam-210606,NCAAM,2025-26,2026-01-06T00:30:00Z,Regular,Legacy Center,McNeese,M,Stephen F. Austin,SFA,66,64,FINISHED,ncaam,2026-08-23T20:56:10+00:00
ncaam-210611,NCAAM,2025-26,2026-01-06T00:30:00Z,Regular,UTRGV Fieldhouse,UT Rio Grande Valley,URGV,Incarnate Word,IW,80,67,FINISHED,ncaam,2026-08-23T20:56:10+00:00
ncaam-214324,NCAAM,2025-26,2026-01-06T00:30:00Z,Regular,Fredrick C. Hobdy Assembly Center,Grambling,G,Texas Southern,TS,84,67,FINISHED,ncaam,2026-08-23T20:56:10+00:00
ncaam-210607,NCAAM,2025-26,2026-01-06T01:00:00Z,Regular,Lakefront Arena,New Orleans,NO,East Texas A&M,ETA,83,73,FINISHED,ncaam,2026-08-23T20:56:10+00:00
ncaam-214323,NCAAM,2025-26,2026-01-06T01:00:00Z,Regular,R.W. Harrison HPER Complex,Mississippi Valley State,MVS,Alabama A&M,AA,51,71,FINISHED,ncaam,2026-08-23T20:56:10+00:00
ncaam-214329,NCAAM,2025-26,2026-01-06T01:00:00Z,Regular,Sharp Gymnasium,Houston Christian,HC,Texas A&M-Corpus Christi,TACC,65,81,FINISHED,ncaam,2026-08-23T20:56:10+00:00
ncaam-214327,NCAAM,2025-26,2026-01-06T01:30:00Z,Regular,Breslin Center,Michigan State,MS,USC,U,80,51,FINISHED,ncaam,2026-08-23T20:56:10+00:00
ncaam-210614,NCAAM,2025-26,2026-01-06T23:00:00Z,Regular,Convocation Center (OH),Ohio,O,Massachusetts,M,86,83,FINISHED,ncaam,2026-08-23T20:56:10+00:00
ncaam-210612,NCAAM,2025-26,2026-01-07T00:00:00Z,Regular,Millett Hall,Miami (OH),M(,Western Michigan,WM,87,76,FINISHED,ncaam,2026-08-23T20:56:10+00:00
ncaam-210615,NCAAM,2025-26,2026-01-07T00:00:00Z,Regular,Worthen Arena,Ball State,BS,Eastern Michigan,EM,52,74,FINISHED,ncaam,2026-08-23T20:56:10+00:00
ncaam-210616,NCAAM,2025-26,2026-01-07T00:00:00Z,Regular,James A. Rhodes Arena,Akron,A,Central Michigan,CM,82,69,FINISHED,ncaam,2026-08-23T20:56:10+00:00
ncaam-210617,NCAAM,2025-26,2026-01-07T00:00:00Z,Regular,M.A.C. Center,Kent State,KS,Bowling Green,BG,96,93,FINISHED,ncaam,2026-08-23T20:56:10+00:00
ncaam-210620,NCAAM,2025-26,2026-01-07T00:00:00Z,Regular,Pete Maravich Assembly Center,LSU,L,South Carolina,SC,68,78,FINISHED,ncaam,2026-08-23T20:56:10+00:00
ncaam-210625,NCAAM,2025-26,2026-01-07T00:00:00Z,Regular,Stephen C. O'Connell Center,Florida,F,Georgia,G,92,77,FINISHED,ncaam,2026-08-23T20:56:10+00:00
ncaam-214330,NCAAM,2025-26,2026-01-07T00:00:00Z,Regular,WVU Coliseum,West Virginia,WV,Cincinnati,C,62,60,FINISHED,ncaam,2026-08-23T20:56:10+00:00
ncaam-214336,NCAAM,2025-26,2026-01-07T00:00:00Z,Regular,Bryce Jordan Center,Penn State,PS,Michigan,M,72,74,FINISHED,ncaam,2026-08-23T20:56:10+00:00
ncaam-214340,NCAAM,2025-26,2026-01-07T00:00:00Z,Regular,Hinkle Fieldhouse,Butler,B,St. John's,SJ,70,84,FINISHED,ncaam,2026-08-23T20:56:10+00:00
ncaam-214345,NCAAM,2025-26,2026-01-07T00:00:00Z,Regular,McCamish Pavilion,Georgia Tech,GT,Syracuse,S,72,82,FINISHED,ncaam,2026-08-23T20:56:10+00:00
ncaam-214348,NCAAM,2025-26,2026-01-07T00:00:00Z,Regular,KFC Yum! Center,Louisville,L,Duke,D,73,84,FINISHED,ncaam,2026-08-23T20:56:10+00:00
ncaam-210613,NCAAM,2025-26,2026-01-07T01:00:00Z,Regular,NIU Convocation Center,Northern Illinois,NI,Toledo,T,61,75,FINISHED,ncaam,2026-08-23T20:56:10+00:00
ncaam-214331,NCAAM,2025-26,2026-01-07T01:00:00Z,Regular,Gallagher-Iba Arena,Oklahoma State,OS,UCF,U,87,76,FINISHED,ncaam,2026-08-23T20:56:10+00:00
ncaam-214337,NCAAM,2025-26,2026-01-07T01:00:00Z,Regular,Williams Arena,Minnesota,M,Iowa,I,70,67,FINISHED,ncaam,2026-08-23T20:56:10+00:00
ncaam-214341,NCAAM,2025-26,2026-01-07T01:00:00Z,Regular,Wintrust Arena,DePaul,D,Georgetown,G,56,50,FINISHED,ncaam,2026-08-23T20:56:10+00:00
ncaam-358548,NCAAM,2025-26,2026-01-07T01:00:00Z,Regular,UD Arena,Dayton,D,George Washington,GW,79,72,FINISHED,ncaam,2026-08-23T20:56:10+00:00
ncaam-210626,NCAAM,2025-26,2026-01-07T01:30:00Z,Regular,First Community Arena,SIU Edwardsville,SE,Lindenwood,L,66,62,FINISHED,ncaam,2026-08-23T20:56:10+00:00
ncaam-210618,NCAAM,2025-26,2026-01-07T02:00:00Z,Regular,Food City Center,Tennessee,T,Texas,T,85,71,FINISHED,ncaam,2026-08-23T20:56:10+00:00
ncaam-210622,NCAAM,2025-26,2026-01-07T02:00:00Z,Regular,Neville Arena,Auburn,A,Texas A&M,TA,88,90,FINISHED,ncaam,2026-08-23T20:56:10+00:00
ncaam-214332,NCAAM,2025-26,2026-01-07T02:00:00Z,Regular,Allen Fieldhouse,Kansas,K,TCU,T,104,100,FINISHED,ncaam,2026-08-23T20:56:10+00:00
ncaam-214333,NCAAM,2025-26,2026-01-07T02:00:00Z,Regular,Fertitta Center,Houston,H,Texas Tech,TT,69,65,FINISHED,ncaam,2026-08-23T20:56:10+00:00
ncaam-214335,NCAAM,2025-26,2026-01-07T02:00:00Z,Regular,Kohl Center,Wisconsin,W,UCLA,U,80,72,FINISHED,ncaam,2026-08-23T20:56:10+00:00
ncaam-214347,NCAAM,2025-26,2026-01-07T02:00:00Z,Regular,Conte Forum,Boston College,BC,NC State,NS,71,79,FINISHED,ncaam,2026-08-23T20:56:10+00:00
ncaam-214349,NCAAM,2025-26,2026-01-07T02:00:00Z,Regular,Clune Arena,Air Force,AF,Utah State,US,62,99,FINISHED,ncaam,2026-08-23T20:56:10+00:00
ncaam-358547,NCAAM,2025-26,2026-01-07T02:00:00Z,Regular,Moby Arena,Colorado State,CS,New Mexico,NM,70,80,FINISHED,ncaam,2026-08-23T20:56:10+00:00
ncaam-358549,NCAAM,2025-26,2026-01-07T03:00:00Z,Regular,Arena-Auditorium,Wyoming,W,UNLV,U,98,66,FINISHED,ncaam,2026-08-23T20:56:10+00:00
ncaam-358550,NCAAM,2025-26,2026-01-07T03:00:00Z,Regular,Provident Credit Union Event Center,San José State,SJS,Fresno State,FS,55,70,FINISHED,ncaam,2026-08-23T20:56:10+00:00
ncaam-214339,NCAAM,2025-26,2026-01-07T04:00:00Z,Regular,Lawlor Events Center,Nevada,N,San Diego State,SDS,68,73,FINISHED,ncaam,2026-08-23T20:56:10+00:00
ncaam-210633,NCAAM,2025-26,2026-01-07T22:00:00Z,Regular,McKenzie Arena,Chattanooga,C,Furman,F,67,78,FINISHED,ncaam,2026-08-23T20:56:10+00:00
ncaam-210629,NCAAM,2025-26,2026-01-07T23:00:00Z,Regular,Jerry Richardson Indoor Stadium,Wofford,W,UNC Greensboro,UG,97,85,FINISHED,ncaam,2026-08-23T20:56:10+00:00
ncaam-214357,NCAAM,2025-26,2026-01-07T23:00:00Z,Regular,Stabler Arena,Lehigh,L,Holy Cross,HC,66,58,FINISHED,ncaam,2026-08-23T20:56:10+00:00
ncaam-214366,NCAAM,2025-26,2026-01-07T23:00:00Z,Regular,Christl Arena,Army,A,Loyola Maryland,LM,76,84,FINISHED,ncaam,2026-08-23T20:56:10+00:00
ncaam-214356,NCAAM,2025-26,2026-01-07T23:30:00Z,Regular,XFINITY Center,Maryland,M,Indiana,I,66,84,FINISHED,ncaam,2026-08-23T20:56:10+00:00
ncaam-214360,NCAAM,2025-26,2026-01-07T23:30:00Z,Regular,Kimmel Arena,UNC Asheville,UA,Longwood,L,72,61,FINISHED,ncaam,2026-08-23T20:56:10+00:00
ncaam-214362,NCAAM,2025-26,2026-01-07T23:30:00Z,Regular,Winthrop Coliseum,Winthrop,W,Charleston Southern,CS,81,77,FINISHED,ncaam,2026-08-23T20:56:10+00:00
ncaam-210621,NCAAM,2025-26,2026-01-08T00:00:00Z,Regular,Rupp Arena,Kentucky,K,Missouri,M,68,73,FINISHED,ncaam,2026-08-23T20:56:10+00:00
ncaam-210624,NCAAM,2025-26,2026-01-08T00:00:00Z,Regular,Humphrey Coliseum,Mississippi State,MS,Oklahoma,O,72,53,FINISHED,ncaam,2026-08-23T20:56:10+00:00
ncaam-210630,NCAAM,2025-26,2026-01-08T00:00:00Z,Regular,Pete Hanna Center,Samford,S,Western Carolina,WC,82,77,FINISHED,ncaam,2026-08-23T20:56:10+00:00
ncaam-210631,NCAAM,2025-26,2026-01-08T00:00:00Z,Regular,Hawkins Arena,Mercer,M,The Citadel,TC,101,63,FINISHED,ncaam,2026-08-23T20:56:10+00:00
ncaam-210632,NCAAM,2025-26,2026-01-08T00:00:00Z,Regular,Freedom Hall (TN),East Tennessee State,ETS,VMI,V,81,67,FINISHED,ncaam,2026-08-23T20:56:10+00:00
ncaam-210635,NCAAM,2025-26,2026-01-08T00:00:00Z,Regular,Atlantic Union Bank Center,James Madison,JM,Marshall,M,64,66,FINISHED,ncaam,2026-08-23T20:56:10+00:00
ncaam-210636,NCAAM,2025-26,2026-01-08T00:00:00Z,Regular,KSU Convocation Center,Kennesaw State,KS,Missouri State,MS,90,80,FINISHED,ncaam,2026-08-23T20:56:10+00:00
ncaam-210637,NCAAM,2025-26,2026-01-08T00:00:00Z,Regular,Pete Mathews Coliseum,Jacksonville State,JS,Florida International,FI,71,64,FINISHED,ncaam,2026-08-23T20:56:10+00:00
ncaam-214342,NCAAM,2025-26,2026-01-08T00:00:00Z,Regular,LJVM Coliseum,Wake Forest,WF,Miami,M,77,81,FINISHED,ncaam,2026-08-23T20:56:10+00:00
ncaam-214343,NCAAM,2025-26,2026-01-08T00:00:00Z,Regular,Cassell Coliseum,Virginia Tech,VT,Stanford,S,68,69,FINISHED,ncaam,2026-08-23T20:56:10+00:00
ncaam-214358,NCAAM,2025-26,2026-01-08T00:00:00Z,Regular,Kirby Sports Center,Lafayette,L,Boston University,BU,67,83,FINISHED,ncaam,2026-08-23T20:56:10+00:00
ncaam-214359,NCAAM,2025-26,2026-01-08T00:00:00Z,Regular,The Dedmon Center,Radford,R,Presbyterian,P,80,61,FINISHED,ncaam,2026-08-23T20:56:10+00:00
ncaam-214361,NCAAM,2025-26,2026-01-08T00:00:00Z,Regular,Qubein Center,High Point,HP,Gardner-Webb,GW,104,49,FINISHED,ncaam,2026-08-23T20:56:10+00:00
ncaam-214364,NCAAM,2025-26,2026-01-08T00:00:00Z,Regular,Fiserv Forum,Marquette,M,Xavier,X,66,65,FINISHED,ncaam,2026-08-23T20:56:10+00:00
ncaam-214365,NCAAM,2025-26,2026-01-08T00:00:00Z,Regular,Amica Mutual Pavilion,Providence,P,UConn,U,98,103,FINISHED,ncaam,2026-08-23T20:56:10+00:00
ncaam-214367,NCAAM,2025-26,2026-01-08T00:00:00Z,Regular,Alumni Hall (Navy),Navy,N,Bucknell,B,76,55,FINISHED,ncaam,2026-08-23T20:56:10+00:00
ncaam-358551,NCAAM,2025-26,2026-01-08T00:00:00Z,Regular,McLeod Center,Northern Iowa,NI,Belmont,B,65,78,FINISHED,ncaam,2026-08-23T20:56:10+00:00
ncaam-358552,NCAAM,2025-26,2026-01-08T00:00:00Z,Regular,Cotterell Court,Colgate,C,American University,AU,64,62,FINISHED,ncaam,2026-08-23T20:56:10+00:00
ncaam-358553,NCAAM,2025-26,2026-01-08T00:00:00Z,Regular,Siegel Center,VCU,V,Saint Louis,SL,62,71,FINISHED,ncaam,2026-08-23T20:56:10+00:00
ncaam-358554,NCAAM,2025-26,2026-01-08T00:00:00Z,Regular,Reilly Center,St. Bonaventure,SB,Richmond,R,80,89,FINISHED,ncaam,2026-08-23T20:56:10+00:00
ncaam-358555,NCAAM,2025-26,2026-01-08T00:00:00Z,Regular,Thomas M. Ryan Center,Rhode Island,RI,La Salle,LS,72,79,FINISHED,ncaam,2026-08-23T20:56:10+00:00
ncaam-358556,NCAAM,2025-26,2026-01-08T00:00:00Z,Regular,Rose Hill Gym,Fordham,F,George Mason,GM,58,67,FINISHED,ncaam,2026-08-23T20:56:10+00:00
ncaam-358557,NCAAM,2025-26,2026-01-08T00:00:00Z,Regular,Michael J. Hagan '85 Arena,Saint Joseph's,SJ,Duquesne,D,97,90,FINISHED,ncaam,2026-08-23T20:56:10+00:00
ncaam-358558,NCAAM,2025-26,2026-01-08T00:00:00Z,Regular,Liacouras Center,Temple,T,East Carolina,EC,75,67,FINISHED,ncaam,2026-08-23T20:56:10+00:00
ncaam-210628,NCAAM,2025-26,2026-01-08T00:15:00Z,Regular,Beeghly Center,Youngstown State,YS,Purdue Fort Wayne,PFW,69,71,FINISHED,ncaam,2026-08-23T20:56:10+00:00
ncaam-214363,NCAAM,2025-26,2026-01-08T00:30:00Z,Regular,Finneran Pavilion,Villanova,V,Creighton,C,72,76,FINISHED,ncaam,2026-08-23T20:56:10+00:00
ncaam-358559,NCAAM,2025-26,2026-01-08T00:30:00Z,Regular,Charles Koch Arena,Wichita State,WS,Rice,R,64,66,FINISHED,ncaam,2026-08-23T20:56:10+00:00
ncaam-358560,NCAAM,2025-26,2026-01-08T00:30:00Z,Regular,Bartow Arena,UAB,U,Florida Atlantic,FA,71,76,FINISHED,ncaam,2026-08-23T20:56:10+00:00
ncaam-210634,NCAAM,2025-26,2026-01-08T01:00:00Z,Regular,First National Bank Arena,Arkansas State,AS,Troy,T,86,74,FINISHED,ncaam,2026-08-23T20:56:10+00:00
ncaam-214353,NCAAM,2025-26,2026-01-08T01:00:00Z,Regular,Foster Pavilion,Baylor,B,Iowa State,IS,60,70,FINISHED,ncaam,2026-08-23T20:56:10+00:00
ncaam-358561,NCAAM,2025-26,2026-01-08T01:00:00Z,Regular,Athletics-Recreation Center,Valparaiso,V,Illinois State,IS,77,71,FINISHED,ncaam,2026-08-23T20:56:10+00:00
ncaam-358562,NCAAM,2025-26,2026-01-08T01:00:00Z,Regular,Credit Union 1 Arena,UIC,U,Southern Illinois,SI,70,57,FINISHED,ncaam,2026-08-23T20:56:10+00:00
ncaam-358563,NCAAM,2025-26,2026-01-08T01:00:00Z,Regular,Ford Center,Evansville,E,Murray State,MS,69,79,FINISHED,ncaam,2026-08-23T20:56:10+00:00
ncaam-358565,NCAAM,2025-26,2026-01-08T01:00:00Z,Regular,The Super Pit,North Texas,NT,South Florida,SF,70,74,FINISHED,ncaam,2026-08-23T20:56:10+00:00
ncaam-358566,NCAAM,2025-26,2026-01-08T01:00:00Z,Regular,UTSA Convocation Center,UTSA,U,Charlotte,C,58,74,FINISHED,ncaam,2026-08-23T20:56:10+00:00
ncaam-214355,NCAAM,2025-26,2026-01-08T01:30:00Z,Regular,Mackey Arena,Purdue,P,Washington,W,81,73,FINISHED,ncaam,2026-08-23T20:56:10+00:00
ncaam-210619,NCAAM,2025-26,2026-01-08T02:00:00Z,Regular,The Sandy and John Black Pavilion at Ole Miss,Ole Miss,OM,Arkansas,A,87,94,FINISHED,ncaam,2026-08-23T20:56:10+00:00
ncaam-210623,NCAAM,2025-26,2026-01-08T02:00:00Z,Regular,Memorial Gymnasium (TN),Vanderbilt,V,Alabama,A,96,90,FINISHED,ncaam,2026-08-23T20:56:10+00:00
ncaam-210627,NCAAM,2025-26,2026-01-08T02:00:00Z,Regular,Schoenecker Arena,St. Thomas-Minnesota,STM,South Dakota,SD,99,86,FINISHED,ncaam,2026-08-23T20:56:10+00:00
ncaam-214344,NCAAM,2025-26,2026-01-08T02:00:00Z,Regular,John Paul Jones Arena,Virginia,V,California,C,84,60,FINISHED,ncaam,2026-08-23T20:56:10+00:00
ncaam-214346,NCAAM,2025-26,2026-01-08T02:00:00Z,Regular,Littlejohn Coliseum,Clemson,C,SMU,S,74,70,FINISHED,ncaam,2026-08-23T20:56:10+00:00
ncaam-214351,NCAAM,2025-26,2026-01-08T02:00:00Z,Regular,CU Events Center,Colorado,C,Utah,U,85,73,FINISHED,ncaam,2026-08-23T20:56:10+00:00
ncaam-214352,NCAAM,2025-26,2026-01-08T02:00:00Z,Regular,Marriott Center,BYU,B,Arizona State,AS,104,76,FINISHED,ncaam,2026-08-23T20:56:10+00:00
ncaam-214354,NCAAM,2025-26,2026-01-08T02:00:00Z,Regular,McKale Memorial Center,Arizona,A,Kansas State,KS,101,76,FINISHED,ncaam,2026-08-23T20:56:10+00:00
ncaam-358564,NCAAM,2025-26,2026-01-08T02:00:00Z,Regular,Carver Arena,Bradley,B,Drake,D,93,66,FINISHED,ncaam,2026-08-23T20:56:10+00:00
ncaam-358567,NCAAM,2025-26,2026-01-08T02:00:00Z,Regular,Gentile Arena,Loyola Chicago,LC,Davidson,D,64,79,FINISHED,ncaam,2026-08-23T20:56:10+00:00
ncaam-214338,NCAAM,2025-26,2026-01-08T04:00:00Z,Regular,ExtraMile Arena,Boise State,BS,Grand Canyon,GC,58,75,FINISHED,ncaam,2026-08-23T20:56:10+00:00
ncaam-210653,NCAAM,2025-26,2026-01-08T17:30:00Z,Regular,TU Arena,Towson,T,Hofstra,H,67,78,FINISHED,ncaam,2026-08-23T20:56:10+00:00
ncaam-210644,NCAAM,2025-26,2026-01-08T22:00:00Z,Regular,Bogota Savings Bank Center,Fairleigh Dickinson,FD,Chicago State,CS,70,63,FINISHED,ncaam,2026-08-23T20:56:10+00:00
ncaam-210646,NCAAM,2025-26,2026-01-08T23:00:00Z,Regular,Chace Athletic Center,Bryant,B,UMass Lowell,UL,63,77,FINISHED,ncaam,2026-08-23T20:56:10+00:00
ncaam-210647,NCAAM,2025-26,2026-01-08T23:00:00Z,Regular,Chesapeake Employers Insurance Arena,UMBC,U,Maine,M,69,62,FINISHED,ncaam,2026-08-23T20:56:10+00:00
ncaam-214370,NCAAM,2025-26,2026-01-08T23:30:00Z,Regular,Breslin Center,Michigan State,MS,Northwestern,N,76,66,FINISHED,ncaam,2026-08-23T20:56:10+00:00
ncaam-210641,NCAAM,2025-26,2026-01-09T00:00:00Z,Regular,Spiro Sports Center,Wagner,W,St. Francis (PA),SF(,69,71,FINISHED,ncaam,2026-08-23T20:56:10+00:00
ncaam-210642,NCAAM,2025-26,2026-01-09T00:00:00Z,Regular,Steinberg Wellness Center,Long Island University,LIU,Mercyhurst,M,60,58,FINISHED,ncaam,2026-08-23T20:56:10+00:00
ncaam-210645,NCAAM,2025-26,2026-01-09T00:00:00Z,Regular,Joel & Diane Bloom Wellness and Events Center,NJIT,N,New Hampshire,NH,80,76,FINISHED,ncaam,2026-08-23T20:56:10+00:00
ncaam-210648,NCAAM,2025-26,2026-01-09T00:00:00Z,Regular,Patrick Gymnasium,Vermont,V,Binghamton,B,60,59,FINISHED,ncaam,2026-08-23T20:56:10+00:00
ncaam-210649,NCAAM,2025-26,2026-01-09T00:00:00Z,Regular,Matthews Arena,Northeastern,N,UNC Wilmington,UW,78,87,FINISHED,ncaam,2026-08-23T20:56:10+00:00
ncaam-210650,NCAAM,2025-26,2026-01-09T00:00:00Z,Regular,Corbett Sports Center,North Carolina A&T,NCA,Elon,E,64,69,FINISHED,ncaam,2026-08-23T20:56:10+00:00
ncaam-210651,NCAAM,2025-26,2026-01-09T00:00:00Z,Regular,John W. Pope Jr. Convocation Center,Campbell,C,Hampton,H,86,72,FINISHED,ncaam,2026-08-23T20:56:10+00:00
ncaam-210652,NCAAM,2025-26,2026-01-09T00:00:00Z,Regular,OceanFirst Bank Center,Monmouth,M,William & Mary,W&M,81,70,FINISHED,ncaam,2026-08-23T20:56:10+00:00
ncaam-210654,NCAAM,2025-26,2026-01-09T00:00:00Z,Regular,Daskalakis Athletic Center,Drexel,D,Stony Brook,SB,56,37,FINISHED,ncaam,2026-08-23T20:56:10+00:00
ncaam-210661,NCAAM,2025-26,2026-01-09T00:00:00Z,Regular,GSU Convocation Center,Georgia State,GS,App State,AS,50,52,FINISHED,ncaam,2026-08-23T20:56:10+00:00
ncaam-210662,NCAAM,2025-26,2026-01-09T00:00:00Z,Regular,The HTC Center,Coastal Carolina,CC,Old Dominion,OD,66,70,FINISHED,ncaam,2026-08-23T20:56:10+00:00
ncaam-210666,NCAAM,2025-26,2026-01-09T00:00:00Z,Regular,UNF Arena,North Florida,NF,West Georgia,WG,73,85,FINISHED,ncaam,2026-08-23T20:56:10+00:00
ncaam-210667,NCAAM,2025-26,2026-01-09T00:00:00Z,Regular,Swisher Gymnasium,Jacksonville,J,Queens University,QU,51,77,FINISHED,ncaam,2026-08-23T20:56:10+00:00
ncaam-210668,NCAAM,2025-26,2026-01-09T00:00:00Z,Regular,Baptist Health Arena,Eastern Kentucky,EK,North Alabama,NA,88,80,FINISHED,ncaam,2026-08-23T20:56:10+00:00
ncaam-210669,NCAAM,2025-26,2026-01-09T00:00:00Z,Regular,Edmunds Center,Stetson,S,Lipscomb,L,91,83,FINISHED,ncaam,2026-08-23T20:56:10+00:00
ncaam-210670,NCAAM,2025-26,2026-01-09T00:00:00Z,Regular,Knights Hall,Bellarmine,B,Central Arkansas,CA,84,78,FINISHED,ncaam,2026-08-23T20:56:10+00:00
ncaam-210671,NCAAM,2025-26,2026-01-09T00:00:00Z,Regular,Alico Arena,Florida Gulf Coast,FGC,Austin Peay,AP,71,82,FINISHED,ncaam,2026-08-23T20:56:10+00:00
ncaam-210681,NCAAM,2025-26,2026-01-09T00:00:00Z,Regular,Thomas Assembly Center,Louisiana Tech,LT,Liberty,L,56,72,FINISHED,ncaam,2026-08-23T20:56:10+00:00
ncaam-210684,NCAAM,2025-26,2026-01-09T00:00:00Z,Regular,Detrick Gymnasium,Central Connecticut,CC,Stonehill,S,76,69,FINISHED,ncaam,2026-08-23T20:56:10+00:00
ncaam-214373,NCAAM,2025-26,2026-01-09T00:00:00Z,Regular,Ted Grant Court,Le Moyne,LM,New Haven,NH,73,47,FINISHED,ncaam,2026-08-23T20:56:10+00:00
ncaam-210674,NCAAM,2025-26,2026-01-09T00:30:00Z,Regular,Ellis T. Johnson Arena,Morehead State,MS,UT Martin,UM,68,76,FINISHED,ncaam,2026-08-23T20:56:10+00:00
ncaam-210680,NCAAM,2025-26,2026-01-09T00:30:00Z,Regular,Bernard G. Johnson Coliseum,Sam Houston,SH,Delaware,D,72,60,FINISHED,ncaam,2026-08-23T20:56:10+00:00
ncaam-210638,NCAAM,2025-26,2026-01-09T01:00:00Z,Regular,First Bank & Trust Arena,South Dakota State,SDS,Denver,D,87,79,FINISHED,ncaam,2026-08-23T20:56:10+00:00
ncaam-210639,NCAAM,2025-26,2026-01-09T01:00:00Z,Regular,Swinney Center,Kansas City,KC,North Dakota State,NDS,73,97,FINISHED,ncaam,2026-08-23T20:56:10+00:00
ncaam-210640,NCAAM,2025-26,2026-01-09T01:00:00Z,Regular,Baxter Arena,Omaha,O,North Dakota,ND,90,79,FINISHED,ncaam,2026-08-23T20:56:10+00:00
ncaam-210659,NCAAM,2025-26,2026-01-09T01:00:00Z,Regular,Reed Green Coliseum,Southern Miss,SM,Texas State,TS,80,70,FINISHED,ncaam,2026-08-23T20:56:10+00:00
ncaam-210663,NCAAM,2025-26,2026-01-09T01:00:00Z,Regular,J. Lawrence Walkup Skydome,Northern Arizona,NA,Weber State,WS,65,78,FINISHED,ncaam,2026-08-23T20:56:10+00:00
ncaam-210677,NCAAM,2025-26,2026-01-09T01:00:00Z,Regular,UCCU Center,Utah Valley,UV,Southern Utah,SU,89,72,FINISHED,ncaam,2026-08-23T20:56:10+00:00
ncaam-210679,NCAAM,2025-26,2026-01-09T01:00:00Z,Regular,Wisdom Gym,Tarleton State,TS,Abilene Christian,AC,80,84,FINISHED,ncaam,2026-08-23T20:56:10+00:00
ncaam-210685,NCAAM,2025-26,2026-01-09T01:00:00Z,Regular,Bank of Colorado Arena,Northern Colorado,NC,Idaho State,IS,85,72,FINISHED,ncaam,2026-08-23T20:56:10+00:00
ncaam-210672,NCAAM,2025-26,2026-01-09T01:30:00Z,Regular,Western Hall,Western Illinois,WI,Tennessee State,TS,68,90,FINISHED,ncaam,2026-08-23T20:56:10+00:00
ncaam-210673,NCAAM,2025-26,2026-01-09T01:30:00Z,Regular,Screaming Eagles Arena,Southern Indiana,SI,Southeast Missouri State,SMS,76,84,FINISHED,ncaam,2026-08-23T20:56:10+00:00
ncaam-210675,NCAAM,2025-26,2026-01-09T01:30:00Z,Regular,First Community Arena,SIU Edwardsville,SE,Little Rock,LR,70,73,FINISHED,ncaam,2026-08-23T20:56:10+00:00
ncaam-210676,NCAAM,2025-26,2026-01-09T01:30:00Z,Regular,Groniger Arena,Eastern Illinois,EI,Tennessee Tech,TT,71,61,FINISHED,ncaam,2026-08-23T20:56:10+00:00
ncaam-214371,NCAAM,2025-26,2026-01-09T01:30:00Z,Regular,State Farm Center,Illinois,I,Rutgers,R,81,55,FINISHED,ncaam,2026-08-23T20:56:10+00:00
ncaam-210660,NCAAM,2025-26,2026-01-09T01:57:00Z,Regular,Cajundome,Louisiana,L,UL Monroe,UM,85,79,FINISHED,ncaam,2026-08-23T20:56:10+00:00
ncaam-210656,NCAAM,2025-26,2026-01-09T02:00:00Z,Regular,The Thunderdome,UC Santa Barbara,USB,UC Davis,UD,86,93,FINISHED,ncaam,2026-08-23T20:56:10+00:00
ncaam-210664,NCAAM,2025-26,2026-01-09T02:00:00Z,Regular,ICCU Arena,Idaho,I,Montana,M,73,79,FINISHED,ncaam,2026-08-23T20:56:10+00:00
ncaam-210665,NCAAM,2025-26,2026-01-09T02:00:00Z,Regular,Reese Court,Eastern Washington,EW,Montana State,MS,64,68,FINISHED,ncaam,2026-08-23T20:56:10+00:00
ncaam-210682,NCAAM,2025-26,2026-01-09T02:00:00Z,Regular,Don Haskins Center,UTEP,U,Middle Tennessee,MT,83,80,FINISHED,ncaam,2026-08-23T20:56:10+00:00
ncaam-210683,NCAAM,2025-26,2026-01-09T02:00:00Z,Regular,Pan American Center,New Mexico State,NMS,Western Kentucky,WK,80,64,FINISHED,ncaam,2026-08-23T20:56:10+00:00
ncaam-214372,NCAAM,2025-26,2026-01-09T02:30:00Z,Regular,Icardo Center,Cal State Bakersfield,CSB,UC Riverside,UR,67,66,FINISHED,ncaam,2026-08-23T20:56:10+00:00
ncaam-358568,NCAAM,2025-26,2026-01-09T02:30:00Z,Regular,Jenny Craig Pavilion,San Diego,SD,Pepperdine,P,83,63,FINISHED,ncaam,2026-08-23T20:56:10+00:00
ncaam-210655,NCAAM,2025-26,2026-01-09T03:00:00Z,Regular,Premier America Credit Union Arena,Cal State Northridge,CSN,Cal Poly,CP,95,90,FINISHED,ncaam,2026-08-23T20:56:10+00:00
ncaam-210657,NCAAM,2025-26,2026-01-09T03:00:00Z,Regular,Bren Events Center,UC Irvine,UI,Long Beach State,LBS,74,64,FINISHED,ncaam,2026-08-23T20:56:10+00:00
ncaam-210658,NCAAM,2025-26,2026-01-09T03:00:00Z,Regular,LionTree Arena,UC San Diego,USD,Cal State Fullerton,CSF,71,88,FINISHED,ncaam,2026-08-23T20:56:10+00:00
ncaam-210678,NCAAM,2025-26,2026-01-09T03:00:00Z,Regular,Dale E. and Sarah Ann Fowler Events Center,California Baptist,CB,Utah Tech,UT,84,72,FINISHED,ncaam,2026-08-23T20:56:10+00:00
ncaam-358569,NCAAM,2025-26,2026-01-09T03:00:00Z,Regular,Gill Coliseum,Oregon State,OS,Seattle U,SU,68,55,FINISHED,ncaam,2026-08-23T20:56:10+00:00
ncaam-358570,NCAAM,2025-26,2026-01-09T03:00:00Z,Regular,Chiles Center,Portland,P,Pacific,P,90,89,FINISHED,ncaam,2026-08-23T20:56:10+00:00
ncaam-214369,NCAAM,2025-26,2026-01-09T03:30:00Z,Regular,Matthew Knight Arena,Oregon,O,Ohio State,OS,62,72,FINISHED,ncaam,2026-08-23T20:56:10+00:00
ncaam-358571,NCAAM,2025-26,2026-01-09T04:00:00Z,Regular,Gersten Pavilion,Loyola Marymount,LM,San Francisco,SF,84,82,FINISHED,ncaam,2026-08-23T20:56:10+00:00
ncaam-358572,NCAAM,2025-26,2026-01-09T04:30:00Z,Regular,McCarthey Athletic Center,Gonzaga,G,Santa Clara,SC,89,77,FINISHED,ncaam,2026-08-23T20:56:10+00:00
ncaam-214376,NCAAM,2025-26,2026-01-09T16:00:00Z,Regular,Beeghly Center,Youngstown State,YS,Bryant & Stratton (Ohio),B&S(,99,61,FINISHED,ncaam,2026-08-23T20:56:10+00:00
ncaam-210700,NCAAM,2025-26,2026-01-09T23:00:00Z,Regular,Savage Arena,Toledo,T,Miami (OH),M(,73,87,FINISHED,ncaam,2026-08-23T20:56:10+00:00
ncaam-210686,NCAAM,2025-26,2026-01-10T00:00:00Z,Regular,OU Credit Union O'rena,Oakland,O,Cleveland State,CS,97,72,FINISHED,ncaam,2026-08-23T20:56:10+00:00
ncaam-210687,NCAAM,2025-26,2026-01-10T00:00:00Z,Regular,Calihan Hall,Detroit Mercy,DM,Wright State,WS,82,84,FINISHED,ncaam,2026-08-23T20:56:10+00:00
ncaam-210689,NCAAM,2025-26,2026-01-10T00:00:00Z,Regular,Resch Center,Green Bay,GB,IU Indianapolis,II,75,59,FINISHED,ncaam,2026-08-23T20:56:10+00:00
ncaam-210690,NCAAM,2025-26,2026-01-10T00:00:00Z,Regular,MVP Arena,Siena,S,Merrimack,M,59,63,FINISHED,ncaam,2026-08-23T20:56:10+00:00
ncaam-210691,NCAAM,2025-26,2026-01-10T00:00:00Z,Regular,Hynes Athletics Center,Iona,I,Niagara,N,71,53,FINISHED,ncaam,2026-08-23T20:56:10+00:00
ncaam-210692,NCAAM,2025-26,2026-01-10T00:00:00Z,Regular,William H. Pitt Center,Sacred Heart,SH,Marist,M,72,76,FINISHED,ncaam,2026-08-23T20:56:10+00:00
ncaam-210693,NCAAM,2025-26,2026-01-10T00:00:00Z,Regular,Draddy Gymnasium,Manhattan,M,Canisius,C,64,70,FINISHED,ncaam,2026-08-23T20:56:10+00:00
ncaam-210694,NCAAM,2025-26,2026-01-10T00:00:00Z,Regular,Knott Arena,Mount St. Mary's,MSM,Saint Peter's,SP,70,65,FINISHED,ncaam,2026-08-23T20:56:10+00:00
ncaam-214377,NCAAM,2025-26,2026-01-10T00:00:00Z,Regular,Leo D. Mahoney Arena,Fairfield,F,Rider,R,68,62,FINISHED,ncaam,2026-08-23T20:56:10+00:00
ncaam-210688,NCAAM,2025-26,2026-01-10T01:00:00Z,Regular,UW-Milwaukee Panther Arena,Milwaukee,M,Northern Kentucky,NK,67,85,FINISHED,ncaam,2026-08-23T20:56:10+00:00
ncaam-210705,NCAAM,2025-26,2026-01-10T01:00:00Z,Regular,Stroh Center,Bowling Green,BG,Akron,A,67,77,FINISHED,ncaam,2026-08-23T20:56:10+00:00
ncaam-214375,NCAAM,2025-26,2026-01-10T01:30:00Z,Regular,Williams Arena,Minnesota,M,USC,U,69,70,FINISHED,ncaam,2026-08-23T20:56:10+00:00
ncaam-358573,NCAAM,2025-26,2026-01-10T03:00:00Z,Regular,Moby Arena,Colorado State,CS,UNLV,U,70,62,FINISHED,ncaam,2026-08-23T20:56:10+00:00
ncaam-210751,NCAAM,2025-26,2026-01-10T17:00:00Z,Regular,Stephen C. O'Connell Center,Florida,F,Tennessee,T,91,67,FINISHED,ncaam,2026-08-23T20:56:10+00:00
ncaam-214378,NCAAM,2025-26,2026-01-10T17:00:00Z,Regular,WVU Coliseum,West Virginia,WV,Kansas,K,86,75,FINISHED,ncaam,2026-08-23T20:56:10+00:00
ncaam-214390,NCAAM,2025-26,2026-01-10T17:00:00Z,Regular,Simon Skjodt Assembly Hall,Indiana,I,Nebraska,N,77,83,FINISHED,ncaam,2026-08-23T20:56:10+00:00
ncaam-214409,NCAAM,2025-26,2026-01-10T17:00:00Z,Regular,Watsco Center,Miami,M,Georgia Tech,GT,91,81,FINISHED,ncaam,2026-08-23T20:56:10+00:00
ncaam-214410,NCAAM,2025-26,2026-01-10T17:00:00Z,Regular,KFC Yum! Center,Louisville,L,Boston College,BC,75,62,FINISHED,ncaam,2026-08-23T20:56:10+00:00
ncaam-214411,NCAAM,2025-26,2026-01-10T17:00:00Z,Regular,Tucker Center,Florida State,FS,NC State,NS,69,113,FINISHED,ncaam,2026-08-23T20:56:10+00:00
ncaam-358574,NCAAM,2025-26,2026-01-10T17:00:00Z,Regular,EagleBank Arena,George Mason,GM,VCU,V,86,80,FINISHED,ncaam,2026-08-23T20:56:10+00:00
ncaam-358575,NCAAM,2025-26,2026-01-10T17:00:00Z,Regular,Reilly Center,St. Bonaventure,SB,Fordham,F,77,81,FINISHED,ncaam,2026-08-23T20:56:10+00:00
ncaam-214402,NCAAM,2025-26,2026-01-10T17:30:00Z,Regular,Gampel Pavilion,UConn,U,DePaul,D,72,60,FINISHED,ncaam,2026-08-23T20:56:10+00:00
ncaam-210702,NCAAM,2025-26,2026-01-10T18:00:00Z,Regular,University Arena (MI),Western Michigan,WM,Eastern Michigan,EM,79,62,FINISHED,ncaam,2026-08-23T20:56:10+00:00
ncaam-210707,NCAAM,2025-26,2026-01-10T18:00:00Z,Regular,Spiro Sports Center,Wagner,W,Mercyhurst,M,69,70,FINISHED,ncaam,2026-08-23T20:56:10+00:00
ncaam-210710,NCAAM,2025-26,2026-01-10T18:00:00Z,Regular,Ted Grant Court,Le Moyne,LM,Central Connecticut,CC,59,69,FINISHED,ncaam,2026-08-23T20:56:10+00:00
ncaam-210712,NCAAM,2025-26,2026-01-10T18:00:00Z,Regular,Chesapeake Employers Insurance Arena,UMBC,U,New Hampshire,NH,75,74,FINISHED,ncaam,2026-08-23T20:56:10+00:00
ncaam-210722,NCAAM,2025-26,2026-01-10T18:00:00Z,Regular,McAlister Field House,The Citadel,TC,Western Carolina,WC,79,77,FINISHED,ncaam,2026-08-23T20:56:10+00:00
ncaam-210735,NCAAM,2025-26,2026-01-10T18:00:00Z,Regular,Cajundome,Louisiana,L,Troy,T,70,90,FINISHED,ncaam,2026-08-23T20:56:10+00:00
ncaam-210741,NCAAM,2025-26,2026-01-10T18:00:00Z,Regular,The HTC Center,Coastal Carolina,CC,App State,AS,67,62,FINISHED,ncaam,2026-08-23T20:56:10+00:00
ncaam-210746,NCAAM,2025-26,2026-01-10T18:00:00Z,Regular,Memorial Gymnasium (TN),Vanderbilt,V,LSU,L,84,73,FINISHED,ncaam,2026-08-23T20:56:10+00:00
ncaam-214383,NCAAM,2025-26,2026-01-10T18:00:00Z,Regular,Foster Pavilion,Baylor,B,Houston,H,55,77,FINISHED,ncaam,2026-08-23T20:56:10+00:00
ncaam-214389,NCAAM,2025-26,2026-01-10T18:00:00Z,Regular,Crisler Center,Michigan,M,Wisconsin,W,88,91,FINISHED,ncaam,2026-08-23T20:56:10+00:00
ncaam-214392,NCAAM,2025-26,2026-01-10T18:00:00Z,Regular,Case Gym,Boston University,BU,Army,A,100,91,FINISHED,ncaam,2026-08-23T20:56:10+00:00
ncaam-214417,NCAAM,2025-26,2026-01-10T18:00:00Z,Regular,Jeffery P. Hazell Athletics Center,New Haven,NH,Fairleigh Dickinson,FD,65,55,FINISHED,ncaam,2026-08-23T20:56:10+00:00
ncaam-358576,NCAAM,2025-26,2026-01-10T18:00:00Z,Regular,Hulman Center,Indiana State,IS,Evansville,E,69,72,FINISHED,ncaam,2026-08-23T20:56:10+00:00
ncaam-210696,NCAAM,2025-26,2026-01-10T19:00:00Z,Regular,Sanford Coyote Sports Center,South Dakota,SD,Denver,D,82,72,FINISHED,ncaam,2026-08-23T20:56:10+00:00
ncaam-210697,NCAAM,2025-26,2026-01-10T19:00:00Z,Regular,Baxter Arena,Omaha,O,North Dakota State,NDS,76,78,FINISHED,ncaam,2026-08-23T20:56:10+00:00
ncaam-210699,NCAAM,2025-26,2026-01-10T19:00:00Z,Regular,Jadwin Gymnasium,Princeton,P,Yale,Y,76,60,FINISHED,ncaam,2026-08-23T20:56:10+00:00
ncaam-210703,NCAAM,2025-26,2026-01-10T19:00:00Z,Regular,Convocation Center (OH),Ohio,O,Buffalo,B,91,80,FINISHED,ncaam,2026-08-23T20:56:10+00:00
ncaam-210706,NCAAM,2025-26,2026-01-10T19:00:00Z,Regular,The Palestra,Pennsylvania,P,Brown,B,81,73,FINISHED,ncaam,2026-08-23T20:56:10+00:00
ncaam-210708,NCAAM,2025-26,2026-01-10T19:00:00Z,Regular,Merkert Gymnasium,Stonehill,S,Chicago State,CS,85,82,FINISHED,ncaam,2026-08-23T20:56:10+00:00
ncaam-210713,NCAAM,2025-26,2026-01-10T19:00:00Z,Regular,Events Center (Binghamton),Binghamton,B,UMass Lowell,UL,68,73,FINISHED,ncaam,2026-08-23T20:56:10+00:00
ncaam-210714,NCAAM,2025-26,2026-01-10T19:00:00Z,Regular,Joel & Diane Bloom Wellness and Events Center,NJIT,N,Maine,M,70,74,FINISHED,ncaam,2026-08-23T20:56:10+00:00
ncaam-210715,NCAAM,2025-26,2026-01-10T19:00:00Z,Regular,Broadview Center,UAlbany,U,Bryant,B,71,46,FINISHED,ncaam,2026-08-23T20:56:10+00:00
ncaam-210719,NCAAM,2025-26,2026-01-10T19:00:00Z,Regular,Daskalakis Athletic Center,Drexel,D,William & Mary,W&M,64,58,FINISHED,ncaam,2026-08-23T20:56:10+00:00
ncaam-210720,NCAAM,2025-26,2026-01-10T19:00:00Z,Regular,Matthews Arena,Northeastern,N,Towson,T,78,87,FINISHED,ncaam,2026-08-23T20:56:10+00:00
ncaam-210721,NCAAM,2025-26,2026-01-10T19:00:00Z,Regular,David S. Mack Sports and Exhibition Complex,Hofstra,H,Monmouth,M,67,64,FINISHED,ncaam,2026-08-23T20:56:10+00:00
ncaam-210723,NCAAM,2025-26,2026-01-10T19:00:00Z,Regular,Hawkins Arena,Mercer,M,Wofford,W,109,97,FINISHED,ncaam,2026-08-23T20:56:10+00:00
ncaam-210724,NCAAM,2025-26,2026-01-10T19:00:00Z,Regular,Timmons Arena,Furman,F,VMI,V,69,48,FINISHED,ncaam,2026-08-23T20:56:10+00:00
ncaam-210738,NCAAM,2025-26,2026-01-10T19:00:00Z,Regular,Mitchell Center,South Alabama,SA,Georgia Southern,GS,87,71,FINISHED,ncaam,2026-08-23T20:56:10+00:00
ncaam-210748,NCAAM,2025-26,2026-01-10T19:00:00Z,Regular,Colonial Life Arena,South Carolina,SC,Georgia,G,70,75,FINISHED,ncaam,2026-08-23T20:56:10+00:00
ncaam-210754,NCAAM,2025-26,2026-01-10T19:00:00Z,Regular,UNF Arena,North Florida,NF,Queens University,QU,82,89,FINISHED,ncaam,2026-08-23T20:56:10+00:00
ncaam-210755,NCAAM,2025-26,2026-01-10T19:00:00Z,Regular,Knights Hall,Bellarmine,B,North Alabama,NA,73,82,FINISHED,ncaam,2026-08-23T20:56:10+00:00
ncaam-210758,NCAAM,2025-26,2026-01-10T19:00:00Z,Regular,Edmunds Center,Stetson,S,Austin Peay,AP,69,81,FINISHED,ncaam,2026-08-23T20:56:10+00:00
ncaam-210773,NCAAM,2025-26,2026-01-10T19:00:00Z,Regular,Levien Gymnasium,Columbia,C,Harvard,H,54,79,FINISHED,ncaam,2026-08-23T20:56:10+00:00
ncaam-214388,NCAAM,2025-26,2026-01-10T19:00:00Z,Regular,Mackey Arena,Purdue,P,Penn State,PS,93,85,FINISHED,ncaam,2026-08-23T20:56:10+00:00
ncaam-214395,NCAAM,2025-26,2026-01-10T19:00:00Z,Regular,Buccaneer Fieldhouse,Charleston Southern,CS,High Point,HP,82,84,FINISHED,ncaam,2026-08-23T20:56:10+00:00
ncaam-214403,NCAAM,2025-26,2026-01-10T19:00:00Z,Regular,CHI Health Center Omaha,Creighton,C,St. John's,SJ,73,90,FINISHED,ncaam,2026-08-23T20:56:10+00:00
ncaam-214406,NCAAM,2025-26,2026-01-10T19:00:00Z,Regular,Petersen Events Center,Pittsburgh,P,Syracuse,S,72,83,FINISHED,ncaam,2026-08-23T20:56:10+00:00
ncaam-214412,NCAAM,2025-26,2026-01-10T19:00:00Z,Regular,Cameron Indoor Stadium,Duke,D,SMU,S,82,75,FINISHED,ncaam,2026-08-23T20:56:10+00:00
ncaam-214416,NCAAM,2025-26,2026-01-10T19:00:00Z,Regular,Alumni Hall (Navy),Navy,N,Lafayette,L,76,50,FINISHED,ncaam,2026-08-23T20:56:10+00:00
ncaam-214418,NCAAM,2025-26,2026-01-10T19:00:00Z,Regular,G.B. Hodge Center,South Carolina Upstate,SCU,Winthrop,W,50,71,FINISHED,ncaam,2026-08-23T20:56:10+00:00
ncaam-358577,NCAAM,2025-26,2026-01-10T19:00:00Z,Regular,Newman Arena,Cornell,C,Dartmouth,D,91,102,FINISHED,ncaam,2026-08-23T20:56:10+00:00
ncaam-358578,NCAAM,2025-26,2026-01-10T19:00:00Z,Regular,Cotterell Court,Colgate,C,Lehigh,L,77,78,FINISHED,ncaam,2026-08-23T20:56:10+00:00
ncaam-358579,NCAAM,2025-26,2026-01-10T19:00:00Z,Regular,John M. Belk Arena,Davidson,D,Rhode Island,RI,45,70,FINISHED,ncaam,2026-08-23T20:56:10+00:00
ncaam-214405,NCAAM,2025-26,2026-01-10T19:15:00Z,Regular,John Paul Jones Arena,Virginia,V,Stanford,S,70,55,FINISHED,ncaam,2026-08-23T20:56:10+00:00
ncaam-214393,NCAAM,2025-26,2026-01-10T19:30:00Z,Regular,The Dedmon Center,Radford,R,UNC Asheville,UA,72,91,FINISHED,ncaam,2026-08-23T20:56:10+00:00
ncaam-214400,NCAAM,2025-26,2026-01-10T19:30:00Z,Regular,Fiserv Forum,Marquette,M,Villanova,V,73,76,FINISHED,ncaam,2026-08-23T20:56:10+00:00
ncaam-210701,NCAAM,2025-26,2026-01-10T20:00:00Z,Regular,McGuirk Arena,Central Michigan,CM,Kent State,KS,87,85,FINISHED,ncaam,2026-08-23T20:56:10+00:00
ncaam-210736,NCAAM,2025-26,2026-01-10T20:00:00Z,Regular,Reed Green Coliseum,Southern Miss,SM,UL Monroe,UM,70,60,FINISHED,ncaam,2026-08-23T20:56:10+00:00
ncaam-210737,NCAAM,2025-26,2026-01-10T20:00:00Z,Regular,First National Bank Arena,Arkansas State,AS,Texas State,TS,83,82,FINISHED,ncaam,2026-08-23T20:56:10+00:00
ncaam-210753,NCAAM,2025-26,2026-01-10T20:00:00Z,Regular,Swisher Gymnasium,Jacksonville,J,West Georgia,WG,75,43,FINISHED,ncaam,2026-08-23T20:56:10+00:00
ncaam-210766,NCAAM,2025-26,2026-01-10T20:00:00Z,Regular,College Park Center,UT Arlington,UA,Abilene Christian,AC,82,72,FINISHED,ncaam,2026-08-23T20:56:10+00:00
ncaam-210767,NCAAM,2025-26,2026-01-10T20:00:00Z,Regular,Thomas Assembly Center,Louisiana Tech,LT,Delaware,D,70,68,FINISHED,ncaam,2026-08-23T20:56:10+00:00
ncaam-214384,NCAAM,2025-26,2026-01-10T20:00:00Z,Regular,Desert Financial Arena,Arizona State,AS,Kansas State,KS,87,84,FINISHED,ncaam,2026-08-23T20:56:10+00:00
ncaam-214394,NCAAM,2025-26,2026-01-10T20:00:00Z,Regular,Joan Perry Brock Center,Longwood,L,Presbyterian,P,77,70,FINISHED,ncaam,2026-08-23T20:56:10+00:00
ncaam-214413,NCAAM,2025-26,2026-01-10T20:00:00Z,Regular,Clune Arena,Air Force,AF,New Mexico,NM,49,91,FINISHED,ncaam,2026-08-23T20:56:10+00:00
ncaam-358582,NCAAM,2025-26,2026-01-10T20:00:00Z,Regular,Charles E. Smith Center,George Washington,GW,Loyola Chicago,LC,101,66,FINISHED,ncaam,2026-08-23T20:56:10+00:00
ncaam-358583,NCAAM,2025-26,2026-01-10T20:00:00Z,Regular,Reynolds Center,Tulsa,T,South Florida,SF,78,93,FINISHED,ncaam,2026-08-23T20:56:10+00:00
ncaam-210704,NCAAM,2025-26,2026-01-10T20:30:00Z,Regular,Mullins Center,Massachusetts,M,Ball State,BS,79,71,FINISHED,ncaam,2026-08-23T20:56:10+00:00
ncaam-210747,NCAAM,2025-26,2026-01-10T20:30:00Z,Regular,Reed Arena,Texas A&M,TA,Oklahoma,O,83,76,FINISHED,ncaam,2026-08-23T20:56:10+00:00
ncaam-210761,NCAAM,2025-26,2026-01-10T20:30:00Z,Regular,Ellis T. Johnson Arena,Morehead State,MS,Southeast Missouri State,SMS,71,69,FINISHED,ncaam,2026-08-23T20:56:10+00:00
ncaam-210768,NCAAM,2025-26,2026-01-10T20:30:00Z,Regular,Bernard G. Johnson Coliseum,Sam Houston,SH,Liberty,L,74,82,FINISHED,ncaam,2026-08-23T20:56:10+00:00
ncaam-210709,NCAAM,2025-26,2026-01-10T21:00:00Z,Regular,Steinberg Wellness Center,Long Island University,LIU,St. Francis (PA),SF(,67,63,FINISHED,ncaam,2026-08-23T20:56:10+00:00
ncaam-210725,NCAAM,2025-26,2026-01-10T21:00:00Z,Regular,Freedom Hall (TN),East Tennessee State,ETS,UNC Greensboro,UG,86,60,FINISHED,ncaam,2026-08-23T20:56:10+00:00
ncaam-210739,NCAAM,2025-26,2026-01-10T21:00:00Z,Regular,Atlantic Union Bank Center,James Madison,JM,Old Dominion,OD,70,69,FINISHED,ncaam,2026-08-23T20:56:10+00:00
ncaam-210740,NCAAM,2025-26,2026-01-10T21:00:00Z,Regular,GSU Convocation Center,Georgia State,GS,Marshall,M,81,73,FINISHED,ncaam,2026-08-23T20:56:10+00:00
ncaam-210756,NCAAM,2025-26,2026-01-10T21:00:00Z,Regular,Alico Arena,Florida Gulf Coast,FGC,Lipscomb,L,77,84,FINISHED,ncaam,2026-08-23T20:56:10+00:00
ncaam-210757,NCAAM,2025-26,2026-01-10T21:00:00Z,Regular,Baptist Health Arena,Eastern Kentucky,EK,Central Arkansas,CA,79,75,FINISHED,ncaam,2026-08-23T20:56:10+00:00
ncaam-210765,NCAAM,2025-26,2026-01-10T21:00:00Z,Regular,UCCU Center,Utah Valley,UV,Utah Tech,UT,92,76,FINISHED,ncaam,2026-08-23T20:56:10+00:00
ncaam-210771,NCAAM,2025-26,2026-01-10T21:00:00Z,Regular,Don Haskins Center,UTEP,U,Western Kentucky,WK,56,68,FINISHED,ncaam,2026-08-23T20:56:10+00:00
ncaam-214380,NCAAM,2025-26,2026-01-10T21:00:00Z,Regular,Schollmaier Arena,TCU,T,Arizona,A,73,86,FINISHED,ncaam,2026-08-23T20:56:10+00:00
ncaam-214381,NCAAM,2025-26,2026-01-10T21:00:00Z,Regular,Hilton Coliseum,Iowa State,IS,Oklahoma State,OS,83,71,FINISHED,ncaam,2026-08-23T20:56:10+00:00
ncaam-214391,NCAAM,2025-26,2026-01-10T21:00:00Z,Regular,Bender Arena,American University,AU,Holy Cross,HC,73,84,FINISHED,ncaam,2026-08-23T20:56:10+00:00
ncaam-214399,NCAAM,2025-26,2026-01-10T21:00:00Z,Regular,Cintas Center,Xavier,X,Providence,P,97,84,FINISHED,ncaam,2026-08-23T20:56:10+00:00
ncaam-214404,NCAAM,2025-26,2026-01-10T21:00:00Z,Regular,Cassell Coliseum,Virginia Tech,VT,California,C,78,75,FINISHED,ncaam,2026-08-23T20:56:10+00:00
ncaam-214419,NCAAM,2025-26,2026-01-10T21:00:00Z,Regular,Dunn-Oliver Acadome,Alabama State,AS,Jackson State,JS,64,75,FINISHED,ncaam,2026-08-23T20:56:10+00:00
ncaam-358580,NCAAM,2025-26,2026-01-10T21:00:00Z,Regular,CFSB Center,Murray State,MS,Valparaiso,V,92,79,FINISHED,ncaam,2026-08-23T20:56:10+00:00
ncaam-358586,NCAAM,2025-26,2026-01-10T21:00:00Z,Regular,John Glaser Arena,La Salle,LS,Saint Louis,SL,72,84,FINISHED,ncaam,2026-08-23T20:56:10+00:00
ncaam-210726,NCAAM,2025-26,2026-01-10T21:30:00Z,Regular,McKenzie Arena,Chattanooga,C,Samford,S,88,79,FINISHED,ncaam,2026-08-23T20:56:10+00:00
ncaam-210731,NCAAM,2025-26,2026-01-10T21:30:00Z,Regular,Prather Coliseum,Northwestern State,NS,Texas A&M-Corpus Christi,TACC,79,78,FINISHED,ncaam,2026-08-23T20:56:10+00:00
ncaam-210759,NCAAM,2025-26,2026-01-10T21:30:00Z,Regular,Western Hall,Western Illinois,WI,Tennessee Tech,TT,54,59,FINISHED,ncaam,2026-08-23T20:56:10+00:00
ncaam-210762,NCAAM,2025-26,2026-01-10T21:30:00Z,Regular,Hyland Arena,Lindenwood,L,Little Rock,LR,74,82,FINISHED,ncaam,2026-08-23T20:56:10+00:00
ncaam-210763,NCAAM,2025-26,2026-01-10T21:30:00Z,Regular,Groniger Arena,Eastern Illinois,EI,Tennessee State,TS,74,70,FINISHED,ncaam,2026-08-23T20:56:10+00:00
ncaam-214422,NCAAM,2025-26,2026-01-10T21:30:00Z,Regular,Hytche Center,Maryland Eastern Shore,MES,Howard,H,69,57,FINISHED,ncaam,2026-08-23T20:56:10+00:00
ncaam-358584,NCAAM,2025-26,2026-01-10T21:30:00Z,Regular,Memorial Hall (DE),Delaware State,DS,Norfolk State,NS,64,66,FINISHED,ncaam,2026-08-23T20:56:10+00:00
ncaam-358585,NCAAM,2025-26,2026-01-10T21:50:00Z,Regular,Hill Field House,Morgan State,MS,South Carolina State,SCS,72,67,FINISHED,ncaam,2026-08-23T20:56:10+00:00
ncaam-210718,NCAAM,2025-26,2026-01-10T22:00:00Z,Regular,TD Arena,Charleston,C,Hampton,H,74,70,FINISHED,ncaam,2026-08-23T20:56:10+00:00
ncaam-210727,NCAAM,2025-26,2026-01-10T22:00:00Z,Regular,Mott Athletics Center,Cal Poly,CP,UC Davis,UD,84,78,FINISHED,ncaam,2026-08-23T20:56:10+00:00
ncaam-210733,NCAAM,2025-26,2026-01-10T22:00:00Z,Regular,Legacy Center,McNeese,M,SE Louisiana,SL,73,61,FINISHED,ncaam,2026-08-23T20:56:10+00:00
ncaam-210743,NCAAM,2025-26,2026-01-10T22:00:00Z,Regular,ICCU Arena,Idaho,I,Montana State,MS,92,89,FINISHED,ncaam,2026-08-23T20:56:10+00:00
ncaam-210744,NCAAM,2025-26,2026-01-10T22:00:00Z,Regular,Reese Court,Eastern Washington,EW,Montana,M,66,65,FINISHED,ncaam,2026-08-23T20:56:10+00:00
ncaam-210769,NCAAM,2025-26,2026-01-10T22:00:00Z,Regular,Great Southern Bank Arena,Missouri State,MS,Florida International,FI,79,71,FINISHED,ncaam,2026-08-23T20:56:10+00:00
ncaam-210772,NCAAM,2025-26,2026-01-10T22:00:00Z,Regular,KSU Convocation Center,Kennesaw State,KS,Jacksonville State,JS,88,82,FINISHED,ncaam,2026-08-23T20:56:10+00:00
ncaam-210774,NCAAM,2025-26,2026-01-10T22:00:00Z,Regular,Viking Pavilion,Portland State,PS,Sacramento State,SS,96,69,FINISHED,ncaam,2026-08-23T20:56:10+00:00
ncaam-214415,NCAAM,2025-26,2026-01-10T22:00:00Z,Regular,Sojka Pavilion,Bucknell,B,Loyola Maryland,LM,70,67,FINISHED,ncaam,2026-08-23T20:56:10+00:00
ncaam-214423,NCAAM,2025-26,2026-01-10T22:00:00Z,Regular,Physical Education Complex,Coppin State,CS,North Carolina Central,NCC,77,88,FINISHED,ncaam,2026-08-23T20:56:10+00:00
ncaam-358587,NCAAM,2025-26,2026-01-10T22:00:00Z,Regular,University Credit Union Pavilion,Saint Mary's,SM,Washington State,WS,88,82,FINISHED,ncaam,2026-08-23T20:56:10+00:00
ncaam-358588,NCAAM,2025-26,2026-01-10T22:00:00Z,Regular,UTSA Convocation Center,UTSA,U,Tulane,T,52,85,FINISHED,ncaam,2026-08-23T20:56:10+00:00
ncaam-358589,NCAAM,2025-26,2026-01-10T22:00:00Z,Regular,CEFCU Arena,Illinois State,IS,UIC,U,59,63,FINISHED,ncaam,2026-08-23T20:56:10+00:00
ncaam-214385,NCAAM,2025-26,2026-01-10T22:30:00Z,Regular,Moore Gymnasium (FL),Bethune-Cookman,BC,Grambling,G,74,65,FINISHED,ncaam,2026-08-23T20:56:10+00:00
ncaam-214424,NCAAM,2025-26,2026-01-10T22:30:00Z,Regular,Event Center,Alabama A&M,AA,Alcorn State,AS,62,64,FINISHED,ncaam,2026-08-23T20:56:10+00:00
ncaam-214428,NCAAM,2025-26,2026-01-10T22:30:00Z,Regular,H&PE Arena,Texas Southern,TS,Arkansas-Pine Bluff,APB,66,74,FINISHED,ncaam,2026-08-23T20:56:10+00:00
ncaam-210716,NCAAM,2025-26,2026-01-10T23:00:00Z,Regular,Stony Brook Arena,Stony Brook,SB,UNC Wilmington,UW,71,75,FINISHED,ncaam,2026-08-23T20:56:10+00:00
ncaam-210730,NCAAM,2025-26,2026-01-10T23:00:00Z,Regular,William R. Johnson Coliseum,Stephen F. Austin,SFA,Houston Christian,HC,85,67,FINISHED,ncaam,2026-08-23T20:56:10+00:00
ncaam-210732,NCAAM,2025-26,2026-01-10T23:00:00Z,Regular,Lakefront Arena,New Orleans,NO,Nicholls,N,77,90,FINISHED,ncaam,2026-08-23T20:56:10+00:00
ncaam-210734,NCAAM,2025-26,2026-01-10T23:00:00Z,Regular,The Field House,East Texas A&M,ETA,UT Rio Grande Valley,URGV,77,69,FINISHED,ncaam,2026-08-23T20:56:10+00:00
ncaam-210749,NCAAM,2025-26,2026-01-10T23:00:00Z,Regular,The Sandy and John Black Pavilion at Ole Miss,Ole Miss,OM,Missouri,M,76,69,FINISHED,ncaam,2026-08-23T20:56:10+00:00
ncaam-210752,NCAAM,2025-26,2026-01-10T23:00:00Z,Regular,Neville Arena,Auburn,A,Arkansas,A,95,73,FINISHED,ncaam,2026-08-23T20:56:10+00:00
ncaam-214407,NCAAM,2025-26,2026-01-10T23:00:00Z,Regular,Purcell Pavilion,Notre Dame,ND,Clemson,C,61,76,FINISHED,ncaam,2026-08-23T20:56:10+00:00
ncaam-214408,NCAAM,2025-26,2026-01-10T23:00:00Z,Regular,Dean E. Smith Center,North Carolina,NC,Wake Forest,WF,87,84,FINISHED,ncaam,2026-08-23T20:56:10+00:00
ncaam-214425,NCAAM,2025-26,2026-01-10T23:00:00Z,Regular,William Nicks Building,Prairie View A&M,PVA,Mississippi Valley State,MVS,70,69,FINISHED,ncaam,2026-08-23T20:56:10+00:00
ncaam-358581,NCAAM,2025-26,2026-01-10T23:00:00Z,Regular,Knapp Center,Drake,D,Belmont,B,76,78,FINISHED,ncaam,2026-08-23T20:56:10+00:00
ncaam-358591,NCAAM,2025-26,2026-01-10T23:00:00Z,Regular,Carver Arena,Bradley,B,Northern Iowa,NI,75,69,FINISHED,ncaam,2026-08-23T20:56:10+00:00
ncaam-214401,NCAAM,2025-26,2026-01-10T23:15:00Z,Regular,Capital One Arena,Georgetown,G,Seton Hall,SH,67,76,FINISHED,ncaam,2026-08-23T20:56:10+00:00
ncaam-210717,NCAAM,2025-26,2026-01-11T00:00:00Z,Regular,Schar Center,Elon,E,Campbell,C,83,82,FINISHED,ncaam,2026-08-23T20:56:10+00:00
ncaam-214382,NCAAM,2025-26,2026-01-11T00:00:00Z,Regular,CU Events Center,Colorado,C,Texas Tech,TT,71,73,FINISHED,ncaam,2026-08-23T20:56:10+00:00
ncaam-214386,NCAAM,2025-26,2026-01-11T00:00:00Z,Regular,Al Lawson Center,Florida A&M,FA,Southern,S,67,59,FINISHED,ncaam,2026-08-23T20:56:10+00:00
ncaam-214414,NCAAM,2025-26,2026-01-11T00:00:00Z,Regular,Montagne Center,Lamar,L,Incarnate Word,IW,63,51,FINISHED,ncaam,2026-08-23T20:56:10+00:00
ncaam-214420,NCAAM,2025-26,2026-01-11T00:00:00Z,Regular,Walter Pyramid,Long Beach State,LBS,Cal State Bakersfield,CSB,81,75,FINISHED,ncaam,2026-08-23T20:56:10+00:00
ncaam-214421,NCAAM,2025-26,2026-01-11T00:00:00Z,Regular,Titan Gym,Cal State Fullerton,CSF,Cal State Northridge,CSN,86,79,FINISHED,ncaam,2026-08-23T20:56:10+00:00
ncaam-358590,NCAAM,2025-26,2026-01-11T00:00:00Z,Regular,Alex G. Spanos Center,Pacific,P,San Diego,SD,77,70,FINISHED,ncaam,2026-08-23T20:56:10+00:00
ncaam-210695,NCAAM,2025-26,2026-01-11T01:00:00Z,Regular,Mabee Center,Oral Roberts,OR,St. Thomas-Minnesota,STM,71,82,FINISHED,ncaam,2026-08-23T20:56:10+00:00
ncaam-210698,NCAAM,2025-26,2026-01-11T01:00:00Z,Regular,Swinney Center,Kansas City,KC,North Dakota,ND,79,81,FINISHED,ncaam,2026-08-23T20:56:10+00:00
ncaam-210729,NCAAM,2025-26,2026-01-11T01:00:00Z,Regular,SRC Arena,UC Riverside,UR,UC San Diego,USD,66,69,FINISHED,ncaam,2026-08-23T20:56:10+00:00
ncaam-210742,NCAAM,2025-26,2026-01-11T01:00:00Z,Regular,Bank of Colorado Arena,Northern Colorado,NC,Weber State,WS,71,76,FINISHED,ncaam,2026-08-23T20:56:10+00:00
ncaam-210745,NCAAM,2025-26,2026-01-11T01:00:00Z,Regular,Coleman Coliseum,Alabama,A,Texas,T,88,92,FINISHED,ncaam,2026-08-23T20:56:10+00:00
ncaam-210764,NCAAM,2025-26,2026-01-11T01:00:00Z,Regular,Dale E. and Sarah Ann Fowler Events Center,California Baptist,CB,Southern Utah,SU,58,55,FINISHED,ncaam,2026-08-23T20:56:10+00:00
ncaam-210770,NCAAM,2025-26,2026-01-11T01:00:00Z,Regular,Pan American Center,New Mexico State,NMS,Middle Tennessee,MT,55,59,FINISHED,ncaam,2026-08-23T20:56:10+00:00
ncaam-210775,NCAAM,2025-26,2026-01-11T01:00:00Z,Regular,J. Lawrence Walkup Skydome,Northern Arizona,NA,Idaho State,IS,79,81,FINISHED,ncaam,2026-08-23T20:56:10+00:00
ncaam-214387,NCAAM,2025-26,2026-01-11T01:00:00Z,Regular,Pauley Pavilion,UCLA,U,Maryland,M,67,55,FINISHED,ncaam,2026-08-23T20:56:10+00:00
ncaam-214397,NCAAM,2025-26,2026-01-11T01:00:00Z,Regular,Global Credit Union Arena,Grand Canyon,GC,San José State,SJS,76,58,FINISHED,ncaam,2026-08-23T20:56:10+00:00
ncaam-358592,NCAAM,2025-26,2026-01-11T01:00:00Z,Regular,Firestone Fieldhouse,Pepperdine,P,San Francisco,SF,60,80,FINISHED,ncaam,2026-08-23T20:56:10+00:00
ncaam-358593,NCAAM,2025-26,2026-01-11T01:00:00Z,Regular,Chiles Center,Portland,P,Oregon State,OS,82,76,FINISHED,ncaam,2026-08-23T20:56:10+00:00
ncaam-210750,NCAAM,2025-26,2026-01-11T01:30:00Z,Regular,Rupp Arena,Kentucky,K,Mississippi State,MS,92,68,FINISHED,ncaam,2026-08-23T20:56:10+00:00
ncaam-210760,NCAAM,2025-26,2026-01-11T01:30:00Z,Regular,Screaming Eagles Arena,Southern Indiana,SI,UT Martin,UM,56,73,FINISHED,ncaam,2026-08-23T20:56:10+00:00
ncaam-214396,NCAAM,2025-26,2026-01-11T02:00:00Z,Regular,ExtraMile Arena,Boise State,BS,Utah State,US,68,93,FINISHED,ncaam,2026-08-23T20:56:10+00:00
ncaam-358594,NCAAM,2025-26,2026-01-11T03:00:00Z,Regular,Lawlor Events Center,Nevada,N,Wyoming,W,92,83,FINISHED,ncaam,2026-08-23T20:56:10+00:00
ncaam-358595,NCAAM,2025-26,2026-01-11T03:00:00Z,Regular,Leavey Center,Santa Clara,SC,Loyola Marymount,LM,103,72,FINISHED,ncaam,2026-08-23T20:56:10+00:00
ncaam-214379,NCAAM,2025-26,2026-01-11T03:10:00Z,Regular,Jon M. Huntsman Center,Utah,U,BYU,B,84,89,FINISHED,ncaam,2026-08-23T20:56:10+00:00
ncaam-214398,NCAAM,2025-26,2026-01-11T04:10:00Z,Regular,Viejas Arena,San Diego State,SDS,Fresno State,FS,71,52,FINISHED,ncaam,2026-08-23T20:56:10+00:00
ncaam-210728,NCAAM,2025-26,2026-01-11T04:59:00Z,Regular,Stan Sheriff Center,Hawai'i,H,UC Irvine,UI,67,66,FINISHED,ncaam,2026-08-23T20:56:10+00:00
ncaam-214431,NCAAM,2025-26,2026-01-11T17:00:00Z,Regular,Carver-Hawkeye Arena,Iowa,I,Illinois,I,69,75,FINISHED,ncaam,2026-08-23T20:56:10+00:00
ncaam-358596,NCAAM,2025-26,2026-01-11T17:00:00Z,Regular,Robins Center,Richmond,R,Saint Joseph's,SJ,65,67,FINISHED,ncaam,2026-08-23T20:56:10+00:00
ncaam-210776,NCAAM,2025-26,2026-01-11T18:00:00Z,Regular,Calihan Hall,Detroit Mercy,DM,Cleveland State,CS,94,84,FINISHED,ncaam,2026-08-23T20:56:10+00:00
ncaam-210781,NCAAM,2025-26,2026-01-11T18:00:00Z,Regular,Hynes Athletics Center,Iona,I,Canisius,C,74,48,FINISHED,ncaam,2026-08-23T20:56:10+00:00
ncaam-358597,NCAAM,2025-26,2026-01-11T18:00:00Z,Regular,Eleanor R. Baldwin Arena,Florida Atlantic,FA,Memphis,M,89,78,FINISHED,ncaam,2026-08-23T20:56:10+00:00
ncaam-210778,NCAAM,2025-26,2026-01-11T19:00:00Z,Regular,Resch Center,Green Bay,GB,Northern Kentucky,NK,80,78,FINISHED,ncaam,2026-08-23T20:56:10+00:00
ncaam-210779,NCAAM,2025-26,2026-01-11T19:00:00Z,Regular,UPMC Events Center,Robert Morris,RM,Purdue Fort Wayne,PFW,74,79,FINISHED,ncaam,2026-08-23T20:56:10+00:00
ncaam-210782,NCAAM,2025-26,2026-01-11T19:00:00Z,Regular,Alumni Gymnasium (Rider),Rider,R,Marist,M,49,71,FINISHED,ncaam,2026-08-23T20:56:10+00:00
ncaam-210783,NCAAM,2025-26,2026-01-11T19:00:00Z,Regular,Draddy Gymnasium,Manhattan,M,Niagara,N,79,70,FINISHED,ncaam,2026-08-23T20:56:10+00:00
ncaam-210784,NCAAM,2025-26,2026-01-11T19:00:00Z,Regular,Knott Arena,Mount St. Mary's,MSM,Siena,S,50,67,FINISHED,ncaam,2026-08-23T20:56:10+00:00
ncaam-214432,NCAAM,2025-26,2026-01-11T19:00:00Z,Regular,Yanitelli Center,Saint Peter's,SP,Merrimack,M,76,63,FINISHED,ncaam,2026-08-23T20:56:10+00:00
ncaam-214433,NCAAM,2025-26,2026-01-11T19:00:00Z,Regular,William H. Pitt Center,Sacred Heart,SH,Quinnipiac,Q,60,70,FINISHED,ncaam,2026-08-23T20:56:10+00:00
ncaam-358598,NCAAM,2025-26,2026-01-11T19:00:00Z,Regular,Minges Coliseum,East Carolina,EC,UAB,U,85,87,FINISHED,ncaam,2026-08-23T20:56:10+00:00
ncaam-358600,NCAAM,2025-26,2026-01-11T19:00:00Z,Regular,Tudor Fieldhouse,Rice,R,Charlotte,C,73,74,FINISHED,ncaam,2026-08-23T20:56:10+00:00
ncaam-210777,NCAAM,2025-26,2026-01-11T20:00:00Z,Regular,OU Credit Union O'rena,Oakland,O,Wright State,WS,84,94,FINISHED,ncaam,2026-08-23T20:56:10+00:00
ncaam-210780,NCAAM,2025-26,2026-01-11T20:00:00Z,Regular,UW-Milwaukee Panther Arena,Milwaukee,M,IU Indianapolis,II,95,83,FINISHED,ncaam,2026-08-23T20:56:10+00:00
ncaam-358599,NCAAM,2025-26,2026-01-11T20:00:00Z,Regular,Charles Koch Arena,Wichita State,WS,North Texas,NT,78,67,FINISHED,ncaam,2026-08-23T20:56:10+00:00
ncaam-214427,NCAAM,2025-26,2026-01-11T22:00:00Z,Regular,Addition Financial Arena,UCF,U,Cincinnati,C,73,72,FINISHED,ncaam,2026-08-23T20:56:10+00:00
ncaam-214430,NCAAM,2025-26,2026-01-11T22:00:00Z,Regular,Jersey Mike’s Arena,Rutgers,R,Northwestern,N,77,75,FINISHED,ncaam,2026-08-23T20:56:10+00:00
ncaam-214429,NCAAM,2025-26,2026-01-11T23:00:00Z,Regular,Alaska Airlines Arena,Washington,W,Ohio State,OS,81,74,FINISHED,ncaam,2026-08-23T20:56:10+00:00
ncaam-358601,NCAAM,2025-26,2026-01-12T23:00:00Z,Regular,Hill Field House,Morgan State,MS,North Carolina Central,NCC,78,89,FINISHED,ncaam,2026-08-23T20:56:10+00:00
ncaam-210785,NCAAM,2025-26,2026-01-13T00:00:00Z,Regular,William R. Johnson Coliseum,Stephen F. Austin,SFA,Incarnate Word,IW,56,46,FINISHED,ncaam,2026-08-23T20:56:10+00:00
ncaam-210787,NCAAM,2025-26,2026-01-13T00:00:00Z,Regular,Pride Roofing University Center,SE Louisiana,SL,New Orleans,NO,76,79,FINISHED,ncaam,2026-08-23T20:56:10+00:00
ncaam-214435,NCAAM,2025-26,2026-01-13T00:00:00Z,Regular,Al Lawson Center,Florida A&M,FA,Grambling,G,91,84,FINISHED,ncaam,2026-08-23T20:56:10+00:00
ncaam-214436,NCAAM,2025-26,2026-01-13T00:00:00Z,Regular,Moore Gymnasium (FL),Bethune-Cookman,BC,Southern,S,73,77,FINISHED,ncaam,2026-08-23T20:56:10+00:00
ncaam-214437,NCAAM,2025-26,2026-01-13T00:00:00Z,Regular,Joseph G. Echols Hall,Norfolk State,NS,Maryland Eastern Shore,MES,70,74,FINISHED,ncaam,2026-08-23T20:56:10+00:00
ncaam-214438,NCAAM,2025-26,2026-01-13T00:00:00Z,Regular,Montagne Center,Lamar,L,Houston Christian,HC,64,56,FINISHED,ncaam,2026-08-23T20:56:10+00:00
ncaam-214439,NCAAM,2025-26,2026-01-13T00:00:00Z,Regular,Bender Arena,American University,AU,Navy,N,65,51,FINISHED,ncaam,2026-08-23T20:56:10+00:00
ncaam-214440,NCAAM,2025-26,2026-01-13T00:00:00Z,Regular,Dunn-Oliver Acadome,Alabama State,AS,Alcorn State,AS,81,66,FINISHED,ncaam,2026-08-23T20:56:10+00:00
ncaam-214441,NCAAM,2025-26,2026-01-13T00:00:00Z,Regular,William Nicks Building,Prairie View A&M,PVA,Arkansas-Pine Bluff,APB,73,61,FINISHED,ncaam,2026-08-23T20:56:10+00:00
ncaam-214442,NCAAM,2025-26,2026-01-13T00:00:00Z,Regular,Physical Education Complex,Coppin State,CS,South Carolina State,SCS,72,74,FINISHED,ncaam,2026-08-23T20:56:10+00:00
ncaam-358602,NCAAM,2025-26,2026-01-13T00:00:00Z,Regular,Burr Gymnasium,Howard,H,Delaware State,DS,84,58,FINISHED,ncaam,2026-08-23T20:56:10+00:00
ncaam-210786,NCAAM,2025-26,2026-01-13T00:30:00Z,Regular,Prather Coliseum,Northwestern State,NS,UT Rio Grande Valley,URGV,64,63,FINISHED,ncaam,2026-08-23T20:56:10+00:00
ncaam-210788,NCAAM,2025-26,2026-01-13T00:30:00Z,Regular,Legacy Center,McNeese,M,Nicholls,N,94,68,FINISHED,ncaam,2026-08-23T20:56:10+00:00
ncaam-210789,NCAAM,2025-26,2026-01-13T00:30:00Z,Regular,The Field House,East Texas A&M,ETA,Texas A&M-Corpus Christi,TACC,50,61,FINISHED,ncaam,2026-08-23T20:56:10+00:00
ncaam-214443,NCAAM,2025-26,2026-01-13T01:00:00Z,Regular,Event Center,Alabama A&M,AA,Jackson State,JS,100,91,FINISHED,ncaam,2026-08-23T20:56:10+00:00
ncaam-358603,NCAAM,2025-26,2026-01-13T01:00:00Z,Regular,H&PE Arena,Texas Southern,TS,Mississippi Valley State,MVS,84,51,FINISHED,ncaam,2026-08-23T20:56:10+00:00
ncaam-210792,NCAAM,2025-26,2026-01-13T23:30:00Z,Regular,Gervin GameAbove Center,Eastern Michigan,EM,Northern Illinois,NI,77,59,FINISHED,ncaam,2026-08-23T20:56:10+00:00
ncaam-210793,NCAAM,2025-26,2026-01-13T23:30:00Z,Regular,Alumni Arena,Buffalo,B,Kent State,KS,81,87,FINISHED,ncaam,2026-08-23T20:56:10+00:00
ncaam-214455,NCAAM,2025-26,2026-01-13T23:30:00Z,Regular,Amica Mutual Pavilion,Providence,P,Villanova,V,82,88,FINISHED,ncaam,2026-08-23T20:56:10+00:00
ncaam-214457,NCAAM,2025-26,2026-01-13T23:30:00Z,Regular,Carnesecca Arena,St. John's,SJ,Marquette,M,92,68,FINISHED,ncaam,2026-08-23T20:56:10+00:00
ncaam-210790,NCAAM,2025-26,2026-01-14T00:00:00Z,Regular,University Arena (MI),Western Michigan,WM,Massachusetts,M,82,85,FINISHED,ncaam,2026-08-23T20:56:10+00:00
ncaam-210791,NCAAM,2025-26,2026-01-14T00:00:00Z,Regular,Savage Arena,Toledo,T,Ohio,O,101,85,FINISHED,ncaam,2026-08-23T20:56:10+00:00
ncaam-210794,NCAAM,2025-26,2026-01-14T00:00:00Z,Regular,Millett Hall,Miami (OH),M(,Central Michigan,CM,100,61,FINISHED,ncaam,2026-08-23T20:56:10+00:00
ncaam-210795,NCAAM,2025-26,2026-01-14T00:00:00Z,Regular,James A. Rhodes Arena,Akron,A,Ball State,BS,87,77,FINISHED,ncaam,2026-08-23T20:56:10+00:00
ncaam-210797,NCAAM,2025-26,2026-01-14T00:00:00Z,Regular,Food City Center,Tennessee,T,Texas A&M,TA,87,82,FINISHED,ncaam,2026-08-23T20:56:10+00:00
ncaam-214449,NCAAM,2025-26,2026-01-14T00:00:00Z,Regular,Williams Arena,Minnesota,M,Wisconsin,W,75,78,FINISHED,ncaam,2026-08-23T20:56:10+00:00
ncaam-214450,NCAAM,2025-26,2026-01-14T00:00:00Z,Regular,Breslin Center,Michigan State,MS,Indiana,I,81,60,FINISHED,ncaam,2026-08-23T20:56:10+00:00
ncaam-214461,NCAAM,2025-26,2026-01-14T00:00:00Z,Regular,Purcell Pavilion,Notre Dame,ND,Miami,M,69,81,FINISHED,ncaam,2026-08-23T20:56:10+00:00
ncaam-214462,NCAAM,2025-26,2026-01-14T00:00:00Z,Regular,KFC Yum! Center,Louisville,L,Virginia,V,70,79,FINISHED,ncaam,2026-08-23T20:56:10+00:00
ncaam-214464,NCAAM,2025-26,2026-01-14T00:00:00Z,Regular,Littlejohn Coliseum,Clemson,C,Boston College,BC,74,50,FINISHED,ncaam,2026-08-23T20:56:10+00:00
ncaam-358605,NCAAM,2025-26,2026-01-14T00:00:00Z,Regular,McLeod Center,Northern Iowa,NI,UIC,U,61,69,FINISHED,ncaam,2026-08-23T20:56:10+00:00
ncaam-358606,NCAAM,2025-26,2026-01-14T00:00:00Z,Regular,Gentile Arena,Loyola Chicago,LC,George Mason,GM,74,82,FINISHED,ncaam,2026-08-23T20:56:10+00:00
ncaam-358607,NCAAM,2025-26,2026-01-14T00:00:00Z,Regular,UPMC Cooper Fieldhouse,Duquesne,D,Dayton,D,65,71,FINISHED,ncaam,2026-08-23T20:56:10+00:00
ncaam-358608,NCAAM,2025-26,2026-01-14T00:30:00Z,Regular,Curb Event Center Arena,Belmont,B,Valparaiso,V,78,74,FINISHED,ncaam,2026-08-23T20:56:10+00:00
ncaam-214454,NCAAM,2025-26,2026-01-14T01:00:00Z,Regular,Prudential Center,Seton Hall,SH,UConn,U,64,69,FINISHED,ncaam,2026-08-23T20:56:10+00:00
ncaam-358609,NCAAM,2025-26,2026-01-14T01:00:00Z,Regular,Ford Center,Evansville,E,Bradley,B,90,94,FINISHED,ncaam,2026-08-23T20:56:10+00:00
ncaam-210804,NCAAM,2025-26,2026-01-14T01:30:00Z,Regular,Groniger Arena,Eastern Illinois,EI,Western Illinois,WI,57,55,FINISHED,ncaam,2026-08-23T20:56:10+00:00
ncaam-214446,NCAAM,2025-26,2026-01-14T01:30:00Z,Regular,Fertitta Center,Houston,H,West Virginia,WV,77,48,FINISHED,ncaam,2026-08-23T20:56:10+00:00
ncaam-210800,NCAAM,2025-26,2026-01-14T02:00:00Z,Regular,Lloyd Noble Center,Oklahoma,O,Florida,F,79,96,FINISHED,ncaam,2026-08-23T20:56:10+00:00
ncaam-210802,NCAAM,2025-26,2026-01-14T02:00:00Z,Regular,Humphrey Coliseum,Mississippi State,MS,Alabama,A,82,97,FINISHED,ncaam,2026-08-23T20:56:10+00:00
ncaam-214444,NCAAM,2025-26,2026-01-14T02:00:00Z,Regular,Gallagher-Iba Arena,Oklahoma State,OS,Baylor,B,79,94,FINISHED,ncaam,2026-08-23T20:56:10+00:00
ncaam-214445,NCAAM,2025-26,2026-01-14T02:00:00Z,Regular,Allen Fieldhouse,Kansas,K,Iowa State,IS,84,63,FINISHED,ncaam,2026-08-23T20:56:10+00:00
ncaam-214448,NCAAM,2025-26,2026-01-14T02:00:00Z,Regular,Pinnacle Bank Arena,Nebraska,N,Oregon,O,90,55,FINISHED,ncaam,2026-08-23T20:56:10+00:00
ncaam-214452,NCAAM,2025-26,2026-01-14T02:00:00Z,Regular,The Pit,New Mexico,NM,Grand Canyon,GC,87,64,FINISHED,ncaam,2026-08-23T20:56:10+00:00
ncaam-214456,NCAAM,2025-26,2026-01-14T02:00:00Z,Regular,CHI Health Center Omaha,Creighton,C,Georgetown,G,86,83,FINISHED,ncaam,2026-08-23T20:56:10+00:00
ncaam-214458,NCAAM,2025-26,2026-01-14T02:00:00Z,Regular,JMA Wireless Dome,Syracuse,S,Florida State,FS,94,86,FINISHED,ncaam,2026-08-23T20:56:10+00:00
ncaam-358604,NCAAM,2025-26,2026-01-14T02:00:00Z,Regular,Save Mart Center,Fresno State,FS,Colorado State,CS,79,69,FINISHED,ncaam,2026-08-23T20:56:10+00:00
ncaam-214466,NCAAM,2025-26,2026-01-14T03:00:00Z,Regular,Provident Credit Union Event Center,San José State,SJS,Air Force,AF,70,62,FINISHED,ncaam,2026-08-23T20:56:10+00:00
ncaam-214447,NCAAM,2025-26,2026-01-14T03:30:00Z,Regular,Galen Center,USC,U,Maryland,M,88,71,FINISHED,ncaam,2026-08-23T20:56:10+00:00
ncaam-214451,NCAAM,2025-26,2026-01-14T04:00:00Z,Regular,Thomas & Mack Center,UNLV,U,Boise State,BS,89,85,FINISHED,ncaam,2026-08-23T20:56:10+00:00
ncaam-358610,NCAAM,2025-26,2026-01-14T04:00:00Z,Regular,The Sobrato Center,San Francisco,SF,Saint Mary's,SM,68,82,FINISHED,ncaam,2026-08-23T20:56:10+00:00
ncaam-210810,NCAAM,2025-26,2026-01-14T23:00:00Z,Regular,Jerry Richardson Indoor Stadium,Wofford,W,Chattanooga,C,67,76,FINISHED,ncaam,2026-08-23T20:56:10+00:00
ncaam-210811,NCAAM,2025-26,2026-01-14T23:00:00Z,Regular,Ramsey Center,Western Carolina,WC,East Tennessee State,ETS,72,68,FINISHED,ncaam,2026-08-23T20:56:10+00:00
ncaam-214477,NCAAM,2025-26,2026-01-14T23:00:00Z,Regular,Hart Center,Holy Cross,HC,Army,A,82,75,FINISHED,ncaam,2026-08-23T20:56:10+00:00
ncaam-214478,NCAAM,2025-26,2026-01-14T23:00:00Z,Regular,Case Gym,Boston University,BU,Lehigh,L,91,93,FINISHED,ncaam,2026-08-23T20:56:10+00:00
ncaam-358611,NCAAM,2025-26,2026-01-14T23:00:00Z,Regular,Thomas M. Ryan Center,Rhode Island,RI,VCU,V,75,84,FINISHED,ncaam,2026-08-23T20:56:10+00:00
ncaam-214474,NCAAM,2025-26,2026-01-14T23:30:00Z,Regular,Mackey Arena,Purdue,P,Iowa,I,79,72,FINISHED,ncaam,2026-08-23T20:56:10+00:00
ncaam-214481,NCAAM,2025-26,2026-01-14T23:30:00Z,Regular,Winthrop Coliseum,Winthrop,W,High Point,HP,92,75,FINISHED,ncaam,2026-08-23T20:56:10+00:00
ncaam-214483,NCAAM,2025-26,2026-01-14T23:30:00Z,Regular,Cintas Center,Xavier,X,Butler,B,89,75,FINISHED,ncaam,2026-08-23T20:56:10+00:00
ncaam-210798,NCAAM,2025-26,2026-01-15T00:00:00Z,Regular,Stegeman Coliseum,Georgia,G,Ole Miss,OM,95,97,FINISHED,ncaam,2026-08-23T20:56:10+00:00
ncaam-210801,NCAAM,2025-26,2026-01-15T00:00:00Z,Regular,Mizzou Arena,Missouri,M,Auburn,A,84,74,FINISHED,ncaam,2026-08-23T20:56:10+00:00
ncaam-210803,NCAAM,2025-26,2026-01-15T00:00:00Z,Regular,Pete Maravich Assembly Center,LSU,L,Kentucky,K,74,75,FINISHED,ncaam,2026-08-23T20:56:10+00:00
ncaam-210807,NCAAM,2025-26,2026-01-15T00:00:00Z,Regular,MVP Arena,Siena,S,Sacred Heart,SH,80,86,FINISHED,ncaam,2026-08-23T20:56:10+00:00
ncaam-210808,NCAAM,2025-26,2026-01-15T00:00:00Z,Regular,Koessler Athletic Center,Canisius,C,Niagara,N,54,59,FINISHED,ncaam,2026-08-23T20:56:10+00:00
ncaam-210809,NCAAM,2025-26,2026-01-15T00:00:00Z,Regular,Leo D. Mahoney Arena,Fairfield,F,Manhattan,M,98,62,FINISHED,ncaam,2026-08-23T20:56:10+00:00
ncaam-210812,NCAAM,2025-26,2026-01-15T00:00:00Z,Regular,Pete Hanna Center,Samford,S,Furman,F,73,77,FINISHED,ncaam,2026-08-23T20:56:10+00:00
ncaam-210814,NCAAM,2025-26,2026-01-15T00:00:00Z,Regular,Trojan Arena,Troy,T,Southern Miss,SM,91,65,FINISHED,ncaam,2026-08-23T20:56:10+00:00
ncaam-210815,NCAAM,2025-26,2026-01-15T00:00:00Z,Regular,Cam Henderson Center,Marshall,M,Coastal Carolina,CC,83,85,FINISHED,ncaam,2026-08-23T20:56:10+00:00
ncaam-210818,NCAAM,2025-26,2026-01-15T00:00:00Z,Regular,KSU Convocation Center,Kennesaw State,KS,Florida International,FI,89,86,FINISHED,ncaam,2026-08-23T20:56:10+00:00
ncaam-210819,NCAAM,2025-26,2026-01-15T00:00:00Z,Regular,Pete Mathews Coliseum,Jacksonville State,JS,Sam Houston,SH,62,77,FINISHED,ncaam,2026-08-23T20:56:10+00:00
ncaam-214463,NCAAM,2025-26,2026-01-15T00:00:00Z,Regular,McCamish Pavilion,Georgia Tech,GT,Pittsburgh,P,66,89,FINISHED,ncaam,2026-08-23T20:56:10+00:00
ncaam-214470,NCAAM,2025-26,2026-01-15T00:00:00Z,Regular,Fifth Third Arena,Cincinnati,C,Colorado,C,77,68,FINISHED,ncaam,2026-08-23T20:56:10+00:00
ncaam-214479,NCAAM,2025-26,2026-01-15T00:00:00Z,Regular,Templeton Center,Presbyterian,P,UNC Asheville,UA,71,70,FINISHED,ncaam,2026-08-23T20:56:10+00:00
ncaam-214480,NCAAM,2025-26,2026-01-15T00:00:00Z,Regular,Paul Porter Arena,Gardner-Webb,GW,Radford,R,80,89,FINISHED,ncaam,2026-08-23T20:56:10+00:00
ncaam-214482,NCAAM,2025-26,2026-01-15T00:00:00Z,Regular,Alumni Gymnasium (Rider),Rider,R,Iona,I,72,68,FINISHED,ncaam,2026-08-23T20:56:10+00:00
ncaam-214484,NCAAM,2025-26,2026-01-15T00:00:00Z,Regular,Buccaneer Fieldhouse,Charleston Southern,CS,South Carolina Upstate,SCU,81,86,FINISHED,ncaam,2026-08-23T20:56:10+00:00
ncaam-214485,NCAAM,2025-26,2026-01-15T00:00:00Z,Regular,M&T Bank Arena,Quinnipiac,Q,Saint Peter's,SP,70,74,FINISHED,ncaam,2026-08-23T20:56:10+00:00
ncaam-214486,NCAAM,2025-26,2026-01-15T00:00:00Z,Regular,Reitz Arena,Loyola Maryland,LM,Colgate,C,80,86,FINISHED,ncaam,2026-08-23T20:56:10+00:00
ncaam-358612,NCAAM,2025-26,2026-01-15T00:00:00Z,Regular,Hulman Center,Indiana State,IS,Illinois State,IS,94,89,FINISHED,ncaam,2026-08-23T20:56:10+00:00
ncaam-358613,NCAAM,2025-26,2026-01-15T00:00:00Z,Regular,Michael J. Hagan '85 Arena,Saint Joseph's,SJ,St. Bonaventure,SB,68,64,FINISHED,ncaam,2026-08-23T20:56:10+00:00
ncaam-358614,NCAAM,2025-26,2026-01-15T00:00:00Z,Regular,Robins Center,Richmond,R,La Salle,LS,74,53,FINISHED,ncaam,2026-08-23T20:56:10+00:00
ncaam-358615,NCAAM,2025-26,2026-01-15T00:00:00Z,Regular,Charles E. Smith Center,George Washington,GW,Davidson,D,79,84,FINISHED,ncaam,2026-08-23T20:56:10+00:00
ncaam-358616,NCAAM,2025-26,2026-01-15T00:00:00Z,Regular,Yuengling Center,South Florida,SF,East Carolina,EC,82,71,FINISHED,ncaam,2026-08-23T20:56:10+00:00
ncaam-358617,NCAAM,2025-26,2026-01-15T00:00:00Z,Regular,Halton Arena,Charlotte,C,Tulsa,T,74,86,FINISHED,ncaam,2026-08-23T20:56:10+00:00
ncaam-210816,NCAAM,2025-26,2026-01-15T00:30:00Z,Regular,E.A. Diddle Arena,Western Kentucky,WK,Missouri State,MS,87,72,FINISHED,ncaam,2026-08-23T20:56:10+00:00
ncaam-210817,NCAAM,2025-26,2026-01-15T00:30:00Z,Regular,Thomas Assembly Center,Louisiana Tech,LT,Middle Tennessee,MT,59,58,FINISHED,ncaam,2026-08-23T20:56:10+00:00
ncaam-358618,NCAAM,2025-26,2026-01-15T00:30:00Z,Regular,Sojka Pavilion,Bucknell,B,Lafayette,L,76,69,FINISHED,ncaam,2026-08-23T20:56:10+00:00
ncaam-358619,NCAAM,2025-26,2026-01-15T00:30:00Z,Regular,Devlin Fieldhouse,Tulane,T,UAB,U,69,82,FINISHED,ncaam,2026-08-23T20:56:10+00:00
ncaam-210806,NCAAM,2025-26,2026-01-15T01:00:00Z,Regular,Scheels Center,North Dakota State,NDS,South Dakota State,SDS,76,65,FINISHED,ncaam,2026-08-23T20:56:10+00:00
ncaam-210813,NCAAM,2025-26,2026-01-15T01:00:00Z,Regular,Strahan Arena at the University Events Center,Texas State,TS,Louisiana,L,59,54,FINISHED,ncaam,2026-08-23T20:56:10+00:00
ncaam-214469,NCAAM,2025-26,2026-01-15T01:00:00Z,Regular,Bramlage Coliseum,Kansas State,KS,UCF,U,73,82,FINISHED,ncaam,2026-08-23T20:56:10+00:00
ncaam-358620,NCAAM,2025-26,2026-01-15T01:00:00Z,Regular,Arena-Auditorium,Wyoming,W,San Diego State,SDS,57,74,FINISHED,ncaam,2026-08-23T20:56:10+00:00
ncaam-358621,NCAAM,2025-26,2026-01-15T01:00:00Z,Regular,Banterra Center,Southern Illinois,SI,Drake,D,73,76,FINISHED,ncaam,2026-08-23T20:56:10+00:00
ncaam-358622,NCAAM,2025-26,2026-01-15T01:00:00Z,Regular,Chaifetz Arena,Saint Louis,SL,Fordham,F,78,56,FINISHED,ncaam,2026-08-23T20:56:10+00:00
ncaam-358623,NCAAM,2025-26,2026-01-15T01:00:00Z,Regular,UTSA Convocation Center,UTSA,U,Rice,R,73,89,FINISHED,ncaam,2026-08-23T20:56:10+00:00
ncaam-358624,NCAAM,2025-26,2026-01-15T01:00:00Z,Regular,FedExForum,Memphis,M,Temple,T,55,53,FINISHED,ncaam,2026-08-23T20:56:10+00:00
ncaam-214475,NCAAM,2025-26,2026-01-15T01:30:00Z,Regular,Bryce Jordan Center,Penn State,PS,UCLA,U,60,71,FINISHED,ncaam,2026-08-23T20:56:10+00:00
ncaam-214476,NCAAM,2025-26,2026-01-15T01:30:00Z,Regular,Welsh-Ryan Arena,Northwestern,N,Illinois,I,68,79,FINISHED,ncaam,2026-08-23T20:56:10+00:00
ncaam-210796,NCAAM,2025-26,2026-01-15T02:00:00Z,Regular,Moody Center,Texas,T,Vanderbilt,V,80,64,FINISHED,ncaam,2026-08-23T20:56:10+00:00
ncaam-210799,NCAAM,2025-26,2026-01-15T02:00:00Z,Regular,Bud Walton Arena,Arkansas,A,South Carolina,SC,108,74,FINISHED,ncaam,2026-08-23T20:56:10+00:00
ncaam-210805,NCAAM,2025-26,2026-01-15T02:00:00Z,Regular,Hamilton Gymnasium,Denver,D,Oral Roberts,OR,98,87,FINISHED,ncaam,2026-08-23T20:56:10+00:00
ncaam-214459,NCAAM,2025-26,2026-01-15T02:00:00Z,Regular,Maples Pavilion,Stanford,S,North Carolina,NC,95,90,FINISHED,ncaam,2026-08-23T20:56:10+00:00
ncaam-214460,NCAAM,2025-26,2026-01-15T02:00:00Z,Regular,Moody Coliseum,SMU,S,Virginia Tech,VT,77,76,FINISHED,ncaam,2026-08-23T20:56:10+00:00
ncaam-214468,NCAAM,2025-26,2026-01-15T02:00:00Z,Regular,United Supermarkets Arena,Texas Tech,TT,Utah,U,88,74,FINISHED,ncaam,2026-08-23T20:56:10+00:00
ncaam-358625,NCAAM,2025-26,2026-01-15T02:00:00Z,Regular,Firestone Fieldhouse,Pepperdine,P,Portland,P,67,63,FINISHED,ncaam,2026-08-23T20:56:10+00:00
ncaam-358626,NCAAM,2025-26,2026-01-15T03:00:00Z,Regular,Dee Glen Smith Spectrum,Utah State,US,Nevada,N,71,62,FINISHED,ncaam,2026-08-23T20:56:10+00:00
ncaam-358627,NCAAM,2025-26,2026-01-15T03:00:00Z,Regular,Leavey Center,Santa Clara,SC,Pacific,P,85,69,FINISHED,ncaam,2026-08-23T20:56:10+00:00
ncaam-358628,NCAAM,2025-26,2026-01-15T03:00:00Z,Regular,Gill Coliseum,Oregon State,OS,Loyola Marymount,LM,76,70,FINISHED,ncaam,2026-08-23T20:56:10+00:00
ncaam-214472,NCAAM,2025-26,2026-01-15T03:30:00Z,Regular,McKale Memorial Center,Arizona,A,Arizona State,AS,89,82,FINISHED,ncaam,2026-08-23T20:56:10+00:00
ncaam-214473,NCAAM,2025-26,2026-01-15T03:30:00Z,Regular,Alaska Airlines Arena,Washington,W,Michigan,M,72,82,FINISHED,ncaam,2026-08-23T20:56:10+00:00
ncaam-214465,NCAAM,2025-26,2026-01-15T04:10:00Z,Regular,Haas Pavilion,California,C,Duke,D,56,71,FINISHED,ncaam,2026-08-23T20:56:10+00:00
ncaam-214471,NCAAM,2025-26,2026-01-15T04:10:00Z,Regular,Marriott Center,BYU,B,TCU,T,76,70,FINISHED,ncaam,2026-08-23T20:56:10+00:00
ncaam-210826,NCAAM,2025-26,2026-01-15T23:00:00Z,Regular,Costello Athletic Center,UMass Lowell,UL,NJIT,N,64,73,FINISHED,ncaam,2026-08-23T20:56:10+00:00
ncaam-210827,NCAAM,2025-26,2026-01-15T23:00:00Z,Regular,Chace Athletic Center,Bryant,B,UMBC,U,79,74,FINISHED,ncaam,2026-08-23T20:56:10+00:00
ncaam-210835,NCAAM,2025-26,2026-01-15T23:00:00Z,Regular,Cameron Hall,VMI,V,Mercer,M,67,77,FINISHED,ncaam,2026-08-23T20:56:10+00:00
ncaam-210859,NCAAM,2025-26,2026-01-15T23:00:00Z,Regular,Liberty Arena,Liberty,L,New Mexico State,NMS,73,71,FINISHED,ncaam,2026-08-23T20:56:10+00:00
ncaam-210829,NCAAM,2025-26,2026-01-15T23:30:00Z,Regular,Broadview Center,UAlbany,U,Binghamton,B,69,53,FINISHED,ncaam,2026-08-23T20:56:10+00:00
ncaam-210841,NCAAM,2025-26,2026-01-15T23:30:00Z,Regular,Holmes Convocation Center,App State,AS,James Madison,JM,80,65,FINISHED,ncaam,2026-08-23T20:56:10+00:00
ncaam-210860,NCAAM,2025-26,2026-01-15T23:30:00Z,Regular,The Jungle,IU Indianapolis,II,Robert Morris,RM,96,93,FINISHED,ncaam,2026-08-23T20:56:10+00:00
ncaam-210822,NCAAM,2025-26,2026-01-16T00:00:00Z,Regular,Nutter Center,Wright State,WS,Youngstown State,YS,93,83,FINISHED,ncaam,2026-08-23T20:56:10+00:00
ncaam-210823,NCAAM,2025-26,2026-01-16T00:00:00Z,Regular,UW-Milwaukee Panther Arena,Milwaukee,M,Oakland,O,60,73,FINISHED,ncaam,2026-08-23T20:56:10+00:00
ncaam-210824,NCAAM,2025-26,2026-01-16T00:00:00Z,Regular,Truist Arena,Northern Kentucky,NK,Detroit Mercy,DM,96,71,FINISHED,ncaam,2026-08-23T20:56:10+00:00
ncaam-210825,NCAAM,2025-26,2026-01-16T00:00:00Z,Regular,Wolstein Center,Cleveland State,CS,Green Bay,GB,73,88,FINISHED,ncaam,2026-08-23T20:56:10+00:00
ncaam-210828,NCAAM,2025-26,2026-01-16T00:00:00Z,Regular,Patrick Gymnasium,Vermont,V,Maine,M,67,62,FINISHED,ncaam,2026-08-23T20:56:10+00:00
ncaam-210831,NCAAM,2025-26,2026-01-16T00:00:00Z,Regular,Matthews Arena,Northeastern,N,Elon,E,85,78,FINISHED,ncaam,2026-08-23T20:56:10+00:00
ncaam-210832,NCAAM,2025-26,2026-01-16T00:00:00Z,Regular,Kaplan Arena,William & Mary,W&M,North Carolina A&T,NCA,97,89,FINISHED,ncaam,2026-08-23T20:56:10+00:00
ncaam-210833,NCAAM,2025-26,2026-01-16T00:00:00Z,Regular,OceanFirst Bank Center,Monmouth,M,Drexel,D,51,73,FINISHED,ncaam,2026-08-23T20:56:10+00:00
ncaam-210834,NCAAM,2025-26,2026-01-16T00:00:00Z,Regular,Stony Brook Arena,Stony Brook,SB,Hofstra,H,76,71,FINISHED,ncaam,2026-08-23T20:56:10+00:00
ncaam-210836,NCAAM,2025-26,2026-01-16T00:00:00Z,Regular,First Horizon Coliseum,UNC Greensboro,UG,The Citadel,TC,69,66,FINISHED,ncaam,2026-08-23T20:56:10+00:00
ncaam-210840,NCAAM,2025-26,2026-01-16T00:00:00Z,Regular,Jack and Ruth Ann Hill Convocation Center,Georgia Southern,GS,Old Dominion,OD,87,84,FINISHED,ncaam,2026-08-23T20:56:10+00:00
ncaam-210844,NCAAM,2025-26,2026-01-16T00:00:00Z,Regular,Edmunds Center,Stetson,S,West Georgia,WG,95,86,FINISHED,ncaam,2026-08-23T20:56:10+00:00
ncaam-210845,NCAAM,2025-26,2026-01-16T00:00:00Z,Regular,Alico Arena,Florida Gulf Coast,FGC,Queens University,QU,74,85,FINISHED,ncaam,2026-08-23T20:56:10+00:00
ncaam-210846,NCAAM,2025-26,2026-01-16T00:00:00Z,Regular,Flowers Hall,North Alabama,NA,North Florida,NF,91,105,FINISHED,ncaam,2026-08-23T20:56:10+00:00
ncaam-210858,NCAAM,2025-26,2026-01-16T00:00:00Z,Regular,Bob Carpenter Center,Delaware,D,UTEP,U,69,70,FINISHED,ncaam,2026-08-23T20:56:10+00:00
ncaam-210847,NCAAM,2025-26,2026-01-16T00:30:00Z,Regular,Farris Center,Central Arkansas,CA,Jacksonville,J,62,60,FINISHED,ncaam,2026-08-23T20:56:10+00:00
ncaam-210820,NCAAM,2025-26,2026-01-16T01:00:00Z,Regular,Sanford Coyote Sports Center,South Dakota,SD,Kansas City,KC,99,83,FINISHED,ncaam,2026-08-23T20:56:10+00:00
ncaam-210821,NCAAM,2025-26,2026-01-16T01:00:00Z,Regular,Betty Engelstad Sioux Center,North Dakota,ND,St. Thomas-Minnesota,STM,80,91,FINISHED,ncaam,2026-08-23T20:56:10+00:00
ncaam-210830,NCAAM,2025-26,2026-01-16T01:00:00Z,Regular,TU Arena,Towson,T,Charleston,C,61,52,FINISHED,ncaam,2026-08-23T20:56:10+00:00
ncaam-210839,NCAAM,2025-26,2026-01-16T01:00:00Z,Regular,Mitchell Center,South Alabama,SA,Arkansas State,AS,91,87,FINISHED,ncaam,2026-08-23T20:56:10+00:00
ncaam-210848,NCAAM,2025-26,2026-01-16T01:00:00Z,Regular,F&M Bank Arena,Austin Peay,AP,Eastern Kentucky,EK,74,72,FINISHED,ncaam,2026-08-23T20:56:10+00:00
ncaam-210849,NCAAM,2025-26,2026-01-16T01:00:00Z,Regular,Allen Arena,Lipscomb,L,Bellarmine,B,81,71,FINISHED,ncaam,2026-08-23T20:56:10+00:00
ncaam-210857,NCAAM,2025-26,2026-01-16T01:00:00Z,Regular,Moody Coliseum (Abilene),Abilene Christian,AC,California Baptist,CB,58,74,FINISHED,ncaam,2026-08-23T20:56:10+00:00
ncaam-210851,NCAAM,2025-26,2026-01-16T01:30:00Z,Regular,Kathleen and Tom Elam Center,UT Martin,UM,SIU Edwardsville,SE,65,59,FINISHED,ncaam,2026-08-23T20:56:10+00:00
ncaam-210852,NCAAM,2025-26,2026-01-16T01:30:00Z,Regular,Gentry Center,Tennessee State,TS,Morehead State,MS,105,100,FINISHED,ncaam,2026-08-23T20:56:10+00:00
ncaam-210854,NCAAM,2025-26,2026-01-16T01:30:00Z,Regular,Jack Stephens Center,Little Rock,LR,Eastern Illinois,EI,74,63,FINISHED,ncaam,2026-08-23T20:56:10+00:00
ncaam-210856,NCAAM,2025-26,2026-01-16T01:30:00Z,Regular,America First Events Center,Southern Utah,SU,Tarleton State,TS,106,105,FINISHED,ncaam,2026-08-23T20:56:10+00:00
ncaam-210843,NCAAM,2025-26,2026-01-16T02:00:00Z,Regular,Dee Events Center,Weber State,WS,Eastern Washington,EW,91,80,FINISHED,ncaam,2026-08-23T20:56:10+00:00
ncaam-210850,NCAAM,2025-26,2026-01-16T02:00:00Z,Regular,Hooper Eblen Center,Tennessee Tech,TT,Southern Indiana,SI,54,71,FINISHED,ncaam,2026-08-23T20:56:10+00:00
ncaam-210853,NCAAM,2025-26,2026-01-16T02:00:00Z,Regular,Show Me Center,Southeast Missouri State,SMS,Lindenwood,L,76,88,FINISHED,ncaam,2026-08-23T20:56:10+00:00
ncaam-210855,NCAAM,2025-26,2026-01-16T02:00:00Z,Regular,Burns Arena,Utah Tech,UT,UT Arlington,UA,52,56,FINISHED,ncaam,2026-08-23T20:56:10+00:00
ncaam-210861,NCAAM,2025-26,2026-01-16T02:00:00Z,Regular,University Credit Union Center,UC Davis,UD,Cal State Fullerton,CSF,74,69,FINISHED,ncaam,2026-08-23T20:56:10+00:00
ncaam-210862,NCAAM,2025-26,2026-01-16T02:00:00Z,Regular,Reed Arena,Idaho State,IS,Idaho,I,76,68,FINISHED,ncaam,2026-08-23T20:56:10+00:00
ncaam-358629,NCAAM,2025-26,2026-01-16T02:00:00Z,Regular,Eleanor R. Baldwin Arena,Florida Atlantic,FA,Wichita State,WS,85,67,FINISHED,ncaam,2026-08-23T20:56:10+00:00
ncaam-214488,NCAAM,2025-26,2026-01-16T02:30:00Z,Regular,Icardo Center,Cal State Bakersfield,CSB,UC Santa Barbara,USB,69,75,FINISHED,ncaam,2026-08-23T20:56:10+00:00
ncaam-210837,NCAAM,2025-26,2026-01-16T03:00:00Z,Regular,Mott Athletics Center,Cal Poly,CP,Hawai'i,H,66,86,FINISHED,ncaam,2026-08-23T20:56:10+00:00
ncaam-210838,NCAAM,2025-26,2026-01-16T03:00:00Z,Regular,LionTree Arena,UC San Diego,USD,Cal State Northridge,CSN,79,84,FINISHED,ncaam,2026-08-23T20:56:10+00:00
ncaam-210842,NCAAM,2025-26,2026-01-16T03:00:00Z,Regular,The Well,Sacramento State,SS,Northern Arizona,NA,83,69,FINISHED,ncaam,2026-08-23T20:56:10+00:00
ncaam-210863,NCAAM,2025-26,2026-01-16T03:00:00Z,Regular,Viking Pavilion,Portland State,PS,Northern Colorado,NC,76,73,FINISHED,ncaam,2026-08-23T20:56:10+00:00
ncaam-214489,NCAAM,2025-26,2026-01-16T03:00:00Z,Regular,Walter Pyramid,Long Beach State,LBS,UC Riverside,UR,88,73,FINISHED,ncaam,2026-08-23T20:56:10+00:00
ncaam-358631,NCAAM,2025-26,2026-01-16T03:00:00Z,Regular,Redhawk Center,Seattle U,SU,San Diego,SD,75,64,FINISHED,ncaam,2026-08-23T20:56:10+00:00
ncaam-358630,NCAAM,2025-26,2026-01-16T03:15:00Z,Regular,Beasley Coliseum,Washington State,WS,Gonzaga,G,65,86,FINISHED,ncaam,2026-08-23T20:56:10+00:00
ncaam-210871,NCAAM,2025-26,2026-01-16T23:30:00Z,Regular,M.A.C. Center,Kent State,KS,Toledo,T,87,84,FINISHED,ncaam,2026-08-23T20:56:10+00:00
ncaam-214492,NCAAM,2025-26,2026-01-16T23:30:00Z,Regular,Amica Mutual Pavilion,Providence,P,Creighton,C,93,88,FINISHED,ncaam,2026-08-23T20:56:10+00:00
ncaam-214491,NCAAM,2025-26,2026-01-17T01:00:00Z,Regular,Allen Fieldhouse,Kansas,K,Baylor,B,80,62,FINISHED,ncaam,2026-08-23T20:56:10+00:00
ncaam-210873,NCAAM,2025-26,2026-01-17T01:30:00Z,Regular,Worthen Arena,Ball State,BS,Ohio,O,76,71,FINISHED,ncaam,2026-08-23T20:56:10+00:00
ncaam-214493,NCAAM,2025-26,2026-01-17T01:30:00Z,Regular,Wintrust Arena,DePaul,D,Marquette,M,80,75,FINISHED,ncaam,2026-08-23T20:56:10+00:00
ncaam-358632,NCAAM,2025-26,2026-01-17T01:30:00Z,Regular,UD Arena,Dayton,D,Loyola Chicago,LC,78,51,FINISHED,ncaam,2026-08-23T20:56:10+00:00
ncaam-358633,NCAAM,2025-26,2026-01-17T03:45:00Z,Regular,ExtraMile Arena,Boise State,BS,Colorado State,CS,79,73,FINISHED,ncaam,2026-08-23T20:56:10+00:00
ncaam-210876,NCAAM,2025-26,2026-01-17T17:00:00Z,Regular,Koessler Athletic Center,Canisius,C,Mount St. Mary's,MSM,68,78,FINISHED,ncaam,2026-08-23T20:56:10+00:00
ncaam-210887,NCAAM,2025-26,2026-01-17T17:00:00Z,Regular,David S. Mack Sports and Exhibition Complex,Hofstra,H,Elon,E,85,89,FINISHED,ncaam,2026-08-23T20:56:10+00:00
ncaam-210916,NCAAM,2025-26,2026-01-17T17:00:00Z,Regular,Food City Center,Tennessee,T,Kentucky,K,78,80,FINISHED,ncaam,2026-08-23T20:56:10+00:00
ncaam-214510,NCAAM,2025-26,2026-01-17T17:00:00Z,Regular,State Farm Center,Illinois,I,Minnesota,M,77,67,FINISHED,ncaam,2026-08-23T20:56:10+00:00
ncaam-214520,NCAAM,2025-26,2026-01-17T17:00:00Z,Regular,Prudential Center,Seton Hall,SH,Butler,B,66,77,FINISHED,ncaam,2026-08-23T20:56:10+00:00
ncaam-214522,NCAAM,2025-26,2026-01-17T17:00:00Z,Regular,Capital One Arena,Georgetown,G,UConn,U,62,64,FINISHED,ncaam,2026-08-23T20:56:10+00:00
ncaam-214523,NCAAM,2025-26,2026-01-17T17:00:00Z,Regular,Cassell Coliseum,Virginia Tech,VT,Notre Dame,ND,89,76,FINISHED,ncaam,2026-08-23T20:56:10+00:00
ncaam-214525,NCAAM,2025-26,2026-01-17T17:00:00Z,Regular,Moody Coliseum,SMU,S,Virginia,V,68,72,FINISHED,ncaam,2026-08-23T20:56:10+00:00
ncaam-214527,NCAAM,2025-26,2026-01-17T17:00:00Z,Regular,Lenovo Center,NC State,NS,Georgia Tech,GT,74,78,FINISHED,ncaam,2026-08-23T20:56:10+00:00
ncaam-358637,NCAAM,2025-26,2026-01-17T17:30:00Z,Regular,Rose Hill Gym,Fordham,F,Duquesne,D,63,74,FINISHED,ncaam,2026-08-23T20:56:10+00:00
ncaam-210874,NCAAM,2025-26,2026-01-17T18:00:00Z,Regular,Stroh Center,Bowling Green,BG,Eastern Michigan,EM,85,79,FINISHED,ncaam,2026-08-23T20:56:10+00:00
ncaam-210875,NCAAM,2025-26,2026-01-17T18:00:00Z,Regular,Millett Hall,Miami (OH),M(,Buffalo,B,105,102,FINISHED,ncaam,2026-08-23T20:56:10+00:00
ncaam-210890,NCAAM,2025-26,2026-01-17T18:00:00Z,Regular,Ramsey Center,Western Carolina,WC,Chattanooga,C,82,90,FINISHED,ncaam,2026-08-23T20:56:10+00:00
ncaam-210909,NCAAM,2025-26,2026-01-17T18:00:00Z,Regular,Holmes Convocation Center,App State,AS,Old Dominion,OD,73,75,FINISHED,ncaam,2026-08-23T20:56:10+00:00
ncaam-210913,NCAAM,2025-26,2026-01-17T18:00:00Z,Regular,Lloyd Noble Center,Oklahoma,O,Alabama,A,81,83,FINISHED,ncaam,2026-08-23T20:56:10+00:00
ncaam-214507,NCAAM,2025-26,2026-01-17T18:00:00Z,Regular,Schottenstein Center,Ohio State,OS,UCLA,U,86,74,FINISHED,ncaam,2026-08-23T20:56:10+00:00
ncaam-214511,NCAAM,2025-26,2026-01-17T18:00:00Z,Regular,Kirby Sports Center,Lafayette,L,Holy Cross,HC,74,55,FINISHED,ncaam,2026-08-23T20:56:10+00:00
ncaam-214534,NCAAM,2025-26,2026-01-17T18:00:00Z,Regular,Jeffery P. Hazell Athletics Center,New Haven,NH,Wagner,W,80,74,FINISHED,ncaam,2026-08-23T20:56:10+00:00
ncaam-214535,NCAAM,2025-26,2026-01-17T18:00:00Z,Regular,Reitz Arena,Loyola Maryland,LM,Boston University,BU,74,57,FINISHED,ncaam,2026-08-23T20:56:10+00:00
ncaam-210865,NCAAM,2025-26,2026-01-17T19:00:00Z,Regular,Scheels Center,North Dakota State,NDS,St. Thomas-Minnesota,STM,68,65,FINISHED,ncaam,2026-08-23T20:56:10+00:00
ncaam-210867,NCAAM,2025-26,2026-01-17T19:00:00Z,Regular,Betty Engelstad Sioux Center,North Dakota,ND,South Dakota,SD,96,80,FINISHED,ncaam,2026-08-23T20:56:10+00:00
ncaam-210869,NCAAM,2025-26,2026-01-17T19:00:00Z,Regular,Wolstein Center,Cleveland State,CS,Youngstown State,YS,80,78,FINISHED,ncaam,2026-08-23T20:56:10+00:00
ncaam-210870,NCAAM,2025-26,2026-01-17T19:00:00Z,Regular,James A. Rhodes Arena,Akron,A,Western Michigan,WM,104,89,FINISHED,ncaam,2026-08-23T20:56:10+00:00
ncaam-210877,NCAAM,2025-26,2026-01-17T19:00:00Z,Regular,McCann Arena,Marist,M,Fairfield,F,82,67,FINISHED,ncaam,2026-08-23T20:56:10+00:00
ncaam-210878,NCAAM,2025-26,2026-01-17T19:00:00Z,Regular,Draddy Gymnasium,Manhattan,M,Siena,S,59,74,FINISHED,ncaam,2026-08-23T20:56:10+00:00
ncaam-210879,NCAAM,2025-26,2026-01-17T19:00:00Z,Regular,Lavietes Pavilion,Harvard,H,Princeton,P,87,80,FINISHED,ncaam,2026-08-23T20:56:10+00:00
ncaam-210882,NCAAM,2025-26,2026-01-17T19:00:00Z,Regular,Mercyhurst Athletic Center,Mercyhurst,M,Stonehill,S,57,62,FINISHED,ncaam,2026-08-23T20:56:10+00:00
ncaam-210883,NCAAM,2025-26,2026-01-17T19:00:00Z,Regular,DeGol Arena,St. Francis (PA),SF(,Central Connecticut,CC,90,98,FINISHED,ncaam,2026-08-23T20:56:10+00:00
ncaam-210884,NCAAM,2025-26,2026-01-17T19:00:00Z,Regular,Jones Convocation Center,Chicago State,CS,Le Moyne,LM,57,72,FINISHED,ncaam,2026-08-23T20:56:10+00:00
ncaam-210893,NCAAM,2025-26,2026-01-17T19:00:00Z,Regular,Pete Hanna Center,Samford,S,East Tennessee State,ETS,75,76,FINISHED,ncaam,2026-08-23T20:56:10+00:00
ncaam-210915,NCAAM,2025-26,2026-01-17T19:00:00Z,Regular,Memorial Gymnasium (TN),Vanderbilt,V,Florida,F,94,98,FINISHED,ncaam,2026-08-23T20:56:10+00:00
ncaam-210921,NCAAM,2025-26,2026-01-17T19:00:00Z,Regular,Alico Arena,Florida Gulf Coast,FGC,West Georgia,WG,90,72,FINISHED,ncaam,2026-08-23T20:56:10+00:00
ncaam-210922,NCAAM,2025-26,2026-01-17T19:00:00Z,Regular,Edmunds Center,Stetson,S,Queens University,QU,81,87,FINISHED,ncaam,2026-08-23T20:56:10+00:00
ncaam-210923,NCAAM,2025-26,2026-01-17T19:00:00Z,Regular,Farris Center,Central Arkansas,CA,North Florida,NF,98,69,FINISHED,ncaam,2026-08-23T20:56:10+00:00
ncaam-210938,NCAAM,2025-26,2026-01-17T19:00:00Z,Regular,Ocean Bank Convocation Center,Florida International,FI,Sam Houston,SH,63,76,FINISHED,ncaam,2026-08-23T20:56:10+00:00
ncaam-210940,NCAAM,2025-26,2026-01-17T19:00:00Z,Regular,Bob Carpenter Center,Delaware,D,New Mexico State,NMS,68,97,FINISHED,ncaam,2026-08-23T20:56:10+00:00
ncaam-210941,NCAAM,2025-26,2026-01-17T19:00:00Z,Regular,Pizzitola Sports Center,Brown,B,Columbia,C,86,80,FINISHED,ncaam,2026-08-23T20:56:10+00:00
ncaam-210942,NCAAM,2025-26,2026-01-17T19:00:00Z,Regular,John J. Lee Amphitheater,Yale,Y,Cornell,C,102,68,FINISHED,ncaam,2026-08-23T20:56:10+00:00
ncaam-210943,NCAAM,2025-26,2026-01-17T19:00:00Z,Regular,The Jungle,IU Indianapolis,II,Detroit Mercy,DM,77,80,FINISHED,ncaam,2026-08-23T20:56:10+00:00
ncaam-214495,NCAAM,2025-26,2026-01-17T19:00:00Z,Regular,Jon M. Huntsman Center,Utah,U,TCU,T,82,79,FINISHED,ncaam,2026-08-23T20:56:10+00:00
ncaam-214498,NCAAM,2025-26,2026-01-17T19:00:00Z,Regular,Fifth Third Arena,Cincinnati,C,Iowa State,IS,79,70,FINISHED,ncaam,2026-08-23T20:56:10+00:00
ncaam-214503,NCAAM,2025-26,2026-01-17T19:00:00Z,Regular,Kohl Center,Wisconsin,W,Rutgers,R,96,87,FINISHED,ncaam,2026-08-23T20:56:10+00:00
ncaam-214509,NCAAM,2025-26,2026-01-17T19:00:00Z,Regular,Simon Skjodt Assembly Hall,Indiana,I,Iowa,I,57,74,FINISHED,ncaam,2026-08-23T20:56:10+00:00
ncaam-214512,NCAAM,2025-26,2026-01-17T19:00:00Z,Regular,Kimmel Arena,UNC Asheville,UA,Winthrop,W,67,69,FINISHED,ncaam,2026-08-23T20:56:10+00:00
ncaam-214513,NCAAM,2025-26,2026-01-17T19:00:00Z,Regular,Paul Porter Arena,Gardner-Webb,GW,Presbyterian,P,55,92,FINISHED,ncaam,2026-08-23T20:56:10+00:00
ncaam-214515,NCAAM,2025-26,2026-01-17T19:00:00Z,Regular,Yanitelli Center,Saint Peter's,SP,Rider,R,69,58,FINISHED,ncaam,2026-08-23T20:56:10+00:00
ncaam-214531,NCAAM,2025-26,2026-01-17T19:00:00Z,Regular,Conte Forum,Boston College,BC,Syracuse,S,81,73,FINISHED,ncaam,2026-08-23T20:56:10+00:00
ncaam-214533,NCAAM,2025-26,2026-01-17T19:00:00Z,Regular,Stabler Arena,Lehigh,L,Navy,N,79,82,FINISHED,ncaam,2026-08-23T20:56:10+00:00
ncaam-358638,NCAAM,2025-26,2026-01-17T19:00:00Z,Regular,CEFCU Arena,Illinois State,IS,Bradley,B,88,62,FINISHED,ncaam,2026-08-23T20:56:10+00:00
ncaam-358639,NCAAM,2025-26,2026-01-17T19:00:00Z,Regular,Cotterell Court,Colgate,C,Bucknell,B,95,76,FINISHED,ncaam,2026-08-23T20:56:10+00:00
ncaam-214529,NCAAM,2025-26,2026-01-17T19:15:00Z,Regular,Littlejohn Coliseum,Clemson,C,Miami,M,69,59,FINISHED,ncaam,2026-08-23T20:56:10+00:00
ncaam-214514,NCAAM,2025-26,2026-01-17T19:30:00Z,Regular,The Dedmon Center,Radford,R,Longwood,L,85,83,FINISHED,ncaam,2026-08-23T20:56:10+00:00
ncaam-214517,NCAAM,2025-26,2026-01-17T19:30:00Z,Regular,Global Credit Union Arena,Grand Canyon,GC,Utah State,US,84,74,FINISHED,ncaam,2026-08-23T20:56:10+00:00
ncaam-358640,NCAAM,2025-26,2026-01-17T19:30:00Z,Regular,John Glaser Arena,La Salle,LS,St. Bonaventure,SB,78,74,FINISHED,ncaam,2026-08-23T20:56:10+00:00
ncaam-210872,NCAAM,2025-26,2026-01-17T20:00:00Z,Regular,NIU Convocation Center,Northern Illinois,NI,Massachusetts,M,70,68,FINISHED,ncaam,2026-08-23T20:56:10+00:00
ncaam-210880,NCAAM,2025-26,2026-01-17T20:00:00Z,Regular,Leede Arena,Dartmouth,D,Pennsylvania,P,74,84,FINISHED,ncaam,2026-08-23T20:56:10+00:00
ncaam-210907,NCAAM,2025-26,2026-01-17T20:00:00Z,Regular,Jack and Ruth Ann Hill Convocation Center,Georgia Southern,GS,Coastal Carolina,CC,75,79,FINISHED,ncaam,2026-08-23T20:56:10+00:00
ncaam-210924,NCAAM,2025-26,2026-01-17T20:00:00Z,Regular,Flowers Hall,North Alabama,NA,Jacksonville,J,68,90,FINISHED,ncaam,2026-08-23T20:56:10+00:00
ncaam-210936,NCAAM,2025-26,2026-01-17T20:00:00Z,Regular,E.A. Diddle Arena,Western Kentucky,WK,Kennesaw State,KS,65,81,FINISHED,ncaam,2026-08-23T20:56:10+00:00
ncaam-210939,NCAAM,2025-26,2026-01-17T20:00:00Z,Regular,Liberty Arena,Liberty,L,UTEP,U,80,69,FINISHED,ncaam,2026-08-23T20:56:10+00:00
ncaam-214536,NCAAM,2025-26,2026-01-17T20:00:00Z,Regular,Hammel Court,Merrimack,M,Quinnipiac,Q,83,71,FINISHED,ncaam,2026-08-23T20:56:10+00:00
ncaam-358641,NCAAM,2025-26,2026-01-17T20:00:00Z,Regular,Athletics-Recreation Center,Valparaiso,V,Northern Iowa,NI,54,44,FINISHED,ncaam,2026-08-23T20:56:10+00:00
ncaam-358643,NCAAM,2025-26,2026-01-17T20:00:00Z,Regular,Credit Union 1 Arena,UIC,U,Drake,D,74,67,FINISHED,ncaam,2026-08-23T20:56:10+00:00
ncaam-210906,NCAAM,2025-26,2026-01-17T20:30:00Z,Regular,Fant-Ewing Coliseum,UL Monroe,UM,Georgia State,GS,57,77,FINISHED,ncaam,2026-08-23T20:56:10+00:00
ncaam-210918,NCAAM,2025-26,2026-01-17T20:30:00Z,Regular,Pete Maravich Assembly Center,LSU,L,Missouri,M,78,70,FINISHED,ncaam,2026-08-23T20:56:10+00:00
ncaam-210886,NCAAM,2025-26,2026-01-17T21:00:00Z,Regular,Stony Brook Arena,Stony Brook,SB,Charleston,C,112,106,FINISHED,ncaam,2026-08-23T20:56:10+00:00
ncaam-210892,NCAAM,2025-26,2026-01-17T21:00:00Z,Regular,First Horizon Coliseum,UNC Greensboro,UG,Mercer,M,92,102,FINISHED,ncaam,2026-08-23T20:56:10+00:00
ncaam-210896,NCAAM,2025-26,2026-01-17T21:00:00Z,Regular,Icardo Center,Cal State Bakersfield,CSB,UC San Diego,USD,62,83,FINISHED,ncaam,2026-08-23T20:56:10+00:00
ncaam-210899,NCAAM,2025-26,2026-01-17T21:00:00Z,Regular,David R. Stopher Gymnasium,Nicholls,N,Lamar,L,80,90,FINISHED,ncaam,2026-08-23T20:56:10+00:00
ncaam-210905,NCAAM,2025-26,2026-01-17T21:00:00Z,Regular,Mitchell Center,South Alabama,SA,Louisiana,L,56,59,FINISHED,ncaam,2026-08-23T20:56:10+00:00
ncaam-210908,NCAAM,2025-26,2026-01-17T21:00:00Z,Regular,Cam Henderson Center,Marshall,M,James Madison,JM,77,72,FINISHED,ncaam,2026-08-23T20:56:10+00:00
ncaam-210919,NCAAM,2025-26,2026-01-17T21:00:00Z,Regular,Stegeman Coliseum,Georgia,G,Arkansas,A,90,76,FINISHED,ncaam,2026-08-23T20:56:10+00:00
ncaam-210929,NCAAM,2025-26,2026-01-17T21:00:00Z,Regular,Hooper Eblen Center,Tennessee Tech,TT,Morehead State,MS,70,76,FINISHED,ncaam,2026-08-23T20:56:10+00:00
ncaam-210930,NCAAM,2025-26,2026-01-17T21:00:00Z,Regular,Jack Stephens Center,Little Rock,LR,Western Illinois,WI,86,79,FINISHED,ncaam,2026-08-23T20:56:10+00:00
ncaam-210932,NCAAM,2025-26,2026-01-17T21:00:00Z,Regular,UCCU Center,Utah Valley,UV,UT Arlington,UA,86,74,FINISHED,ncaam,2026-08-23T20:56:10+00:00
ncaam-214499,NCAAM,2025-26,2026-01-17T21:00:00Z,Regular,Addition Financial Arena,UCF,U,Arizona,A,77,84,FINISHED,ncaam,2026-08-23T20:56:10+00:00
ncaam-214502,NCAAM,2025-26,2026-01-17T21:00:00Z,Regular,Lee E. Williams Athletics and Assembly Center,Jackson State,JS,Prairie View A&M,PVA,82,78,FINISHED,ncaam,2026-08-23T20:56:10+00:00
ncaam-214506,NCAAM,2025-26,2026-01-17T21:00:00Z,Regular,Matthew Knight Arena,Oregon,O,Michigan,M,71,81,FINISHED,ncaam,2026-08-23T20:56:10+00:00
ncaam-214508,NCAAM,2025-26,2026-01-17T21:00:00Z,Regular,Welsh-Ryan Arena,Northwestern,N,Nebraska,N,58,77,FINISHED,ncaam,2026-08-23T20:56:10+00:00
ncaam-214530,NCAAM,2025-26,2026-01-17T21:00:00Z,Regular,Haas Pavilion,California,C,North Carolina,NC,84,78,FINISHED,ncaam,2026-08-23T20:56:10+00:00
ncaam-214532,NCAAM,2025-26,2026-01-17T21:00:00Z,Regular,Clune Arena,Air Force,AF,Nevada,N,66,81,FINISHED,ncaam,2026-08-23T20:56:10+00:00
ncaam-358634,NCAAM,2025-26,2026-01-17T21:00:00Z,Regular,Davey L. Whitney Complex,Alcorn State,AS,Texas Southern,TS,71,72,FINISHED,ncaam,2026-08-23T20:56:10+00:00
ncaam-358642,NCAAM,2025-26,2026-01-17T21:00:00Z,Regular,CFSB Center,Murray State,MS,Indiana State,IS,85,81,FINISHED,ncaam,2026-08-23T20:56:10+00:00
ncaam-358645,NCAAM,2025-26,2026-01-17T21:00:00Z,Regular,Chaifetz Arena,Saint Louis,SL,Richmond,R,88,63,FINISHED,ncaam,2026-08-23T20:56:10+00:00
ncaam-210897,NCAAM,2025-26,2026-01-17T21:30:00Z,Regular,American Bank Center,Texas A&M-Corpus Christi,TACC,SE Louisiana,SL,68,56,FINISHED,ncaam,2026-08-23T20:56:10+00:00
ncaam-210902,NCAAM,2025-26,2026-01-17T21:30:00Z,Regular,Sharp Gymnasium,Houston Christian,HC,East Texas A&M,ETA,81,70,FINISHED,ncaam,2026-08-23T20:56:10+00:00
ncaam-210903,NCAAM,2025-26,2026-01-17T21:30:00Z,Regular,Trojan Arena,Troy,T,Arkansas State,AS,99,74,FINISHED,ncaam,2026-08-23T20:56:10+00:00
ncaam-210904,NCAAM,2025-26,2026-01-17T21:30:00Z,Regular,Strahan Arena at the University Events Center,Texas State,TS,Southern Miss,SM,74,67,FINISHED,ncaam,2026-08-23T20:56:10+00:00
ncaam-210927,NCAAM,2025-26,2026-01-17T21:30:00Z,Regular,Gentry Center,Tennessee State,TS,Southern Indiana,SI,73,67,FINISHED,ncaam,2026-08-23T20:56:10+00:00
ncaam-210931,NCAAM,2025-26,2026-01-17T21:30:00Z,Regular,Kathleen and Tom Elam Center,UT Martin,UM,Lindenwood,L,69,55,FINISHED,ncaam,2026-08-23T20:56:10+00:00
ncaam-214537,NCAAM,2025-26,2026-01-17T21:30:00Z,Regular,Hytche Center,Maryland Eastern Shore,MES,Coppin State,CS,70,67,FINISHED,ncaam,2026-08-23T20:56:10+00:00
ncaam-358636,NCAAM,2025-26,2026-01-17T21:30:00Z,Regular,Smith-Hammond-Middleton Memorial Center,South Carolina State,SCS,Norfolk State,NS,82,89,FINISHED,ncaam,2026-08-23T20:56:10+00:00
ncaam-358644,NCAAM,2025-26,2026-01-17T21:30:00Z,Regular,Memorial Hall (DE),Delaware State,DS,Morgan State,MS,79,80,FINISHED,ncaam,2026-08-23T20:56:10+00:00
ncaam-358646,NCAAM,2025-26,2026-01-17T21:30:00Z,Regular,McDougald-McLendon Arena,North Carolina Central,NCC,Howard,H,69,83,FINISHED,ncaam,2026-08-23T20:56:10+00:00
ncaam-210928,NCAAM,2025-26,2026-01-17T21:45:00Z,Regular,Show Me Center,Southeast Missouri State,SMS,SIU Edwardsville,SE,55,68,FINISHED,ncaam,2026-08-23T20:56:10+00:00
ncaam-210894,NCAAM,2025-26,2026-01-17T22:00:00Z,Regular,Timmons Arena,Furman,F,Wofford,W,70,74,FINISHED,ncaam,2026-08-23T20:56:10+00:00
ncaam-210898,NCAAM,2025-26,2026-01-17T22:00:00Z,Regular,McDermott Center,Incarnate Word,IW,Northwestern State,NS,76,74,FINISHED,ncaam,2026-08-23T20:56:10+00:00
ncaam-210937,NCAAM,2025-26,2026-01-17T22:00:00Z,Regular,Pete Mathews Coliseum,Jacksonville State,JS,Louisiana Tech,LT,64,60,FINISHED,ncaam,2026-08-23T20:56:10+00:00
ncaam-210945,NCAAM,2025-26,2026-01-17T22:00:00Z,Regular,University Credit Union Center,UC Davis,UD,UC Irvine,UI,75,72,FINISHED,ncaam,2026-08-23T20:56:10+00:00
ncaam-210946,NCAAM,2025-26,2026-01-17T22:00:00Z,Regular,Viking Pavilion,Portland State,PS,Northern Arizona,NA,63,52,FINISHED,ncaam,2026-08-23T20:56:10+00:00
ncaam-214538,NCAAM,2025-26,2026-01-17T22:00:00Z,Regular,Fredrick C. Hobdy Assembly Center,Grambling,G,Southern,S,53,71,FINISHED,ncaam,2026-08-23T20:56:10+00:00
ncaam-358647,NCAAM,2025-26,2026-01-17T22:00:00Z,Regular,Provident Credit Union Event Center,San José State,SJS,UNLV,U,62,76,FINISHED,ncaam,2026-08-23T20:56:10+00:00
ncaam-210864,NCAAM,2025-26,2026-01-17T22:15:00Z,Regular,First Bank & Trust Arena,South Dakota State,SDS,Kansas City,KC,90,62,FINISHED,ncaam,2026-08-23T20:56:10+00:00
ncaam-210901,NCAAM,2025-26,2026-01-17T22:30:00Z,Regular,UTRGV Fieldhouse,UT Rio Grande Valley,URGV,McNeese,M,79,76,FINISHED,ncaam,2026-08-23T20:56:10+00:00
ncaam-210900,NCAAM,2025-26,2026-01-17T23:00:00Z,Regular,Lakefront Arena,New Orleans,NO,Stephen F. Austin,SFA,79,84,FINISHED,ncaam,2026-08-23T20:56:10+00:00
ncaam-210914,NCAAM,2025-26,2026-01-17T23:00:00Z,Regular,Moody Center,Texas,T,Texas A&M,TA,70,74,FINISHED,ncaam,2026-08-23T20:56:10+00:00
ncaam-210920,NCAAM,2025-26,2026-01-17T23:00:00Z,Regular,Neville Arena,Auburn,A,South Carolina,SC,71,67,FINISHED,ncaam,2026-08-23T20:56:10+00:00
ncaam-210935,NCAAM,2025-26,2026-01-17T23:00:00Z,Regular,Murphy Center,Middle Tennessee,MT,Missouri State,MS,90,87,FINISHED,ncaam,2026-08-23T20:56:10+00:00
ncaam-210947,NCAAM,2025-26,2026-01-17T23:00:00Z,Regular,Reed Arena,Idaho State,IS,Eastern Washington,EW,66,84,FINISHED,ncaam,2026-08-23T20:56:10+00:00
ncaam-214494,NCAAM,2025-26,2026-01-17T23:00:00Z,Regular,WVU Coliseum,West Virginia,WV,Colorado,C,72,61,FINISHED,ncaam,2026-08-23T20:56:10+00:00
ncaam-214504,NCAAM,2025-26,2026-01-17T23:00:00Z,Regular,Alaska Airlines Arena,Washington,W,Michigan State,MS,63,80,FINISHED,ncaam,2026-08-23T20:56:10+00:00
ncaam-214505,NCAAM,2025-26,2026-01-17T23:00:00Z,Regular,Galen Center,USC,U,Purdue,P,64,69,FINISHED,ncaam,2026-08-23T20:56:10+00:00
ncaam-214524,NCAAM,2025-26,2026-01-17T23:00:00Z,Regular,Maples Pavilion,Stanford,S,Duke,D,50,80,FINISHED,ncaam,2026-08-23T20:56:10+00:00
ncaam-214528,NCAAM,2025-26,2026-01-17T23:00:00Z,Regular,Tucker Center,Florida State,FS,Wake Forest,WF,68,69,FINISHED,ncaam,2026-08-23T20:56:10+00:00
ncaam-358648,NCAAM,2025-26,2026-01-17T23:00:00Z,Regular,Gill Coliseum,Oregon State,OS,Pacific,P,64,81,FINISHED,ncaam,2026-08-23T20:56:10+00:00
ncaam-358651,NCAAM,2025-26,2026-01-17T23:00:00Z,Regular,Jenny Craig Pavilion,San Diego,SD,Bethesda University,BU,113,67,FINISHED,ncaam,2026-08-23T20:56:10+00:00
ncaam-214501,NCAAM,2025-26,2026-01-17T23:30:00Z,Regular,R.W. Harrison HPER Complex,Mississippi Valley State,MVS,Bethune-Cookman,BC,63,79,FINISHED,ncaam,2026-08-23T20:56:10+00:00
ncaam-214543,NCAAM,2025-26,2026-01-17T23:30:00Z,Regular,H.O. Clemmons Arena,Arkansas-Pine Bluff,APB,Florida A&M,FA,67,71,FINISHED,ncaam,2026-08-23T20:56:10+00:00
ncaam-210868,NCAAM,2025-26,2026-01-18T00:00:00Z,Regular,Truist Arena,Northern Kentucky,NK,Robert Morris,RM,89,92,FINISHED,ncaam,2026-08-23T20:56:10+00:00
ncaam-210885,NCAAM,2025-26,2026-01-18T00:00:00Z,Regular,Trask Coliseum,UNC Wilmington,UW,Campbell,C,78,75,FINISHED,ncaam,2026-08-23T20:56:10+00:00
ncaam-210891,NCAAM,2025-26,2026-01-18T00:00:00Z,Regular,Cameron Hall,VMI,V,The Citadel,TC,68,82,FINISHED,ncaam,2026-08-23T20:56:10+00:00
ncaam-210925,NCAAM,2025-26,2026-01-18T00:00:00Z,Regular,Baptist Health Arena,Eastern Kentucky,EK,Bellarmine,B,89,69,FINISHED,ncaam,2026-08-23T20:56:10+00:00
ncaam-210926,NCAAM,2025-26,2026-01-18T00:00:00Z,Regular,Allen Arena,Lipscomb,L,Austin Peay,AP,82,78,FINISHED,ncaam,2026-08-23T20:56:10+00:00
ncaam-210944,NCAAM,2025-26,2026-01-18T00:00:00Z,Regular,Bogota Savings Bank Center,Fairleigh Dickinson,FD,Long Island University,LIU,59,66,FINISHED,ncaam,2026-08-23T20:56:10+00:00
ncaam-214540,NCAAM,2025-26,2026-01-18T00:00:00Z,Regular,Qubein Center,High Point,HP,South Carolina Upstate,SCU,89,69,FINISHED,ncaam,2026-08-23T20:56:10+00:00
ncaam-358635,NCAAM,2025-26,2026-01-18T00:00:00Z,Regular,Save Mart Center,Fresno State,FS,Wyoming,W,63,60,FINISHED,ncaam,2026-08-23T20:56:10+00:00
ncaam-358649,NCAAM,2025-26,2026-01-18T00:00:00Z,Regular,Banterra Center,Southern Illinois,SI,Belmont,B,68,73,FINISHED,ncaam,2026-08-23T20:56:10+00:00
ncaam-358650,NCAAM,2025-26,2026-01-18T00:00:00Z,Regular,Leavey Center,Santa Clara,SC,Saint Mary's,SM,62,54,FINISHED,ncaam,2026-08-23T20:56:10+00:00
ncaam-210866,NCAAM,2025-26,2026-01-18T01:00:00Z,Regular,Mabee Center,Oral Roberts,OR,Omaha,O,62,73,FINISHED,ncaam,2026-08-23T20:56:10+00:00
ncaam-214496,NCAAM,2025-26,2026-01-18T01:00:00Z,Regular,United Supermarkets Arena,Texas Tech,TT,BYU,B,84,71,FINISHED,ncaam,2026-08-23T20:56:10+00:00
ncaam-214518,NCAAM,2025-26,2026-01-18T01:00:00Z,Regular,Viejas Arena,San Diego State,SDS,New Mexico,NM,83,79,FINISHED,ncaam,2026-08-23T20:56:10+00:00
ncaam-214519,NCAAM,2025-26,2026-01-18T01:00:00Z,Regular,SRC Arena,UC Riverside,UR,Cal State Fullerton,CSF,81,72,FINISHED,ncaam,2026-08-23T20:56:10+00:00
ncaam-214521,NCAAM,2025-26,2026-01-18T01:00:00Z,Regular,Finneran Pavilion,Villanova,V,St. John's,SJ,79,86,FINISHED,ncaam,2026-08-23T20:56:10+00:00
ncaam-214526,NCAAM,2025-26,2026-01-18T01:00:00Z,Regular,Petersen Events Center,Pittsburgh,P,Louisville,L,59,100,FINISHED,ncaam,2026-08-23T20:56:10+00:00
ncaam-214539,NCAAM,2025-26,2026-01-18T01:00:00Z,Regular,Premier America Credit Union Arena,Cal State Northridge,CSN,Long Beach State,LBS,80,87,FINISHED,ncaam,2026-08-23T20:56:10+00:00
ncaam-210917,NCAAM,2025-26,2026-01-18T01:30:00Z,Regular,Humphrey Coliseum,Mississippi State,MS,Ole Miss,OM,67,68,FINISHED,ncaam,2026-08-23T20:56:10+00:00
ncaam-210934,NCAAM,2025-26,2026-01-18T01:30:00Z,Regular,America First Events Center,Southern Utah,SU,Abilene Christian,AC,74,52,FINISHED,ncaam,2026-08-23T20:56:10+00:00
ncaam-210895,NCAAM,2025-26,2026-01-18T02:00:00Z,Regular,The Thunderdome,UC Santa Barbara,USB,Hawai'i,H,77,62,FINISHED,ncaam,2026-08-23T20:56:10+00:00
ncaam-210911,NCAAM,2025-26,2026-01-18T02:00:00Z,Regular,Worthington Arena,Montana State,MS,Montana,M,76,67,FINISHED,ncaam,2026-08-23T20:56:10+00:00
ncaam-210912,NCAAM,2025-26,2026-01-18T02:00:00Z,Regular,Dee Events Center,Weber State,WS,Idaho,I,67,75,FINISHED,ncaam,2026-08-23T20:56:10+00:00
ncaam-210933,NCAAM,2025-26,2026-01-18T02:00:00Z,Regular,Burns Arena,Utah Tech,UT,Tarleton State,TS,75,71,FINISHED,ncaam,2026-08-23T20:56:10+00:00
ncaam-358652,NCAAM,2025-26,2026-01-18T02:00:00Z,Regular,Gersten Pavilion,Loyola Marymount,LM,Portland,P,58,71,FINISHED,ncaam,2026-08-23T20:56:10+00:00
ncaam-210910,NCAAM,2025-26,2026-01-18T03:00:00Z,Regular,The Well,Sacramento State,SS,Northern Colorado,NC,93,89,FINISHED,ncaam,2026-08-23T20:56:10+00:00
ncaam-214497,NCAAM,2025-26,2026-01-18T03:00:00Z,Regular,Gallagher-Iba Arena,Oklahoma State,OS,Kansas State,KS,84,83,FINISHED,ncaam,2026-08-23T20:56:10+00:00
ncaam-358653,NCAAM,2025-26,2026-01-18T03:00:00Z,Regular,Climate Pledge Arena,Seattle U,SU,Gonzaga,G,50,71,FINISHED,ncaam,2026-08-23T20:56:10+00:00
ncaam-214545,NCAAM,2025-26,2026-01-18T17:00:00Z,Regular,XFINITY Center,Maryland,M,Penn State,PS,96,73,FINISHED,ncaam,2026-08-23T20:56:10+00:00
ncaam-358654,NCAAM,2025-26,2026-01-18T17:00:00Z,Regular,Liacouras Center,Temple,T,Florida Atlantic,FA,73,79,FINISHED,ncaam,2026-08-23T20:56:10+00:00
ncaam-214544,NCAAM,2025-26,2026-01-18T18:00:00Z,Regular,Christl Arena,Army,A,American University,AU,67,78,FINISHED,ncaam,2026-08-23T20:56:10+00:00
ncaam-210948,NCAAM,2025-26,2026-01-18T19:00:00Z,Regular,Resch Center,Green Bay,GB,Oakland,O,63,88,FINISHED,ncaam,2026-08-23T20:56:10+00:00
ncaam-210949,NCAAM,2025-26,2026-01-18T19:00:00Z,Regular,Memorial Coliseum (IN),Purdue Fort Wayne,PFW,Milwaukee,M,100,82,FINISHED,ncaam,2026-08-23T20:56:10+00:00
ncaam-358655,NCAAM,2025-26,2026-01-18T19:00:00Z,Regular,Yuengling Center,South Florida,SF,Wichita State,WS,85,86,FINISHED,ncaam,2026-08-23T20:56:10+00:00
ncaam-358656,NCAAM,2025-26,2026-01-18T19:00:00Z,Regular,Minges Coliseum,East Carolina,EC,Charlotte,C,70,73,FINISHED,ncaam,2026-08-23T20:56:10+00:00
ncaam-358657,NCAAM,2025-26,2026-01-18T20:00:00Z,Regular,Bartow Arena,UAB,U,Tulsa,T,77,99,FINISHED,ncaam,2026-08-23T20:56:10+00:00
ncaam-358658,NCAAM,2025-26,2026-01-18T20:00:00Z,Regular,Groniger Arena,Eastern Illinois,EI,Blackburn,B,105,49,FINISHED,ncaam,2026-08-23T20:56:10+00:00
ncaam-358659,NCAAM,2025-26,2026-01-18T22:00:00Z,Regular,Devlin Fieldhouse,Tulane,T,North Texas,NT,63,71,FINISHED,ncaam,2026-08-23T20:56:10+00:00
ncaam-358660,NCAAM,2025-26,2026-01-18T23:00:00Z,Regular,FedExForum,Memphis,M,UTSA,U,95,69,FINISHED,ncaam,2026-08-23T20:56:10+00:00
ncaam-214542,NCAAM,2025-26,2026-01-18T23:30:00Z,Regular,Fertitta Center,Houston,H,Arizona State,AS,103,73,FINISHED,ncaam,2026-08-23T20:56:10+00:00
ncaam-358661,NCAAM,2025-26,2026-01-19T00:00:00Z,Regular,The Sobrato Center,San Francisco,SF,Washington State,WS,85,80,FINISHED,ncaam,2026-08-23T20:56:10+00:00
ncaam-210889,NCAAM,2025-26,2026-01-19T16:00:00Z,Regular,OceanFirst Bank Center,Monmouth,M,Northeastern,N,81,68,FINISHED,ncaam,2026-08-23T20:56:10+00:00
ncaam-210955,NCAAM,2025-26,2026-01-19T17:00:00Z,Regular,DeGol Arena,St. Francis (PA),SF(,Stonehill,S,63,61,FINISHED,ncaam,2026-08-23T20:56:10+00:00
ncaam-210888,NCAAM,2025-26,2026-01-19T18:00:00Z,Regular,TU Arena,Towson,T,Drexel,D,59,58,FINISHED,ncaam,2026-08-23T20:56:10+00:00
ncaam-210958,NCAAM,2025-26,2026-01-19T18:00:00Z,Regular,Broadview Center,UAlbany,U,Vermont,V,75,68,FINISHED,ncaam,2026-08-23T20:56:10+00:00
ncaam-210950,NCAAM,2025-26,2026-01-19T19:00:00Z,Regular,MVP Arena,Siena,S,Fairfield,F,85,77,FINISHED,ncaam,2026-08-23T20:56:10+00:00
ncaam-210951,NCAAM,2025-26,2026-01-19T19:00:00Z,Regular,Gallagher Center,Niagara,N,Mount St. Mary's,MSM,58,68,FINISHED,ncaam,2026-08-23T20:56:10+00:00
ncaam-210952,NCAAM,2025-26,2026-01-19T19:00:00Z,Regular,McCann Arena,Marist,M,Merrimack,M,55,68,FINISHED,ncaam,2026-08-23T20:56:10+00:00
ncaam-210953,NCAAM,2025-26,2026-01-19T19:00:00Z,Regular,M&T Bank Arena,Quinnipiac,Q,Manhattan,M,98,92,FINISHED,ncaam,2026-08-23T20:56:10+00:00
ncaam-210954,NCAAM,2025-26,2026-01-19T19:00:00Z,Regular,Lavietes Pavilion,Harvard,H,Pennsylvania,P,64,63,FINISHED,ncaam,2026-08-23T20:56:10+00:00
ncaam-210957,NCAAM,2025-26,2026-01-19T19:00:00Z,Regular,Bogota Savings Bank Center,Fairleigh Dickinson,FD,Wagner,W,68,61,FINISHED,ncaam,2026-08-23T20:56:10+00:00
ncaam-210959,NCAAM,2025-26,2026-01-19T19:00:00Z,Regular,The Pit in Memorial Gymnasium,Maine,M,New Hampshire,NH,48,65,FINISHED,ncaam,2026-08-23T20:56:10+00:00
ncaam-210960,NCAAM,2025-26,2026-01-19T19:00:00Z,Regular,Events Center (Binghamton),Binghamton,B,UMBC,U,60,78,FINISHED,ncaam,2026-08-23T20:56:10+00:00
ncaam-210961,NCAAM,2025-26,2026-01-19T19:00:00Z,Regular,Joel & Diane Bloom Wellness and Events Center,NJIT,N,Bryant,B,79,55,FINISHED,ncaam,2026-08-23T20:56:10+00:00
ncaam-210970,NCAAM,2025-26,2026-01-19T19:00:00Z,Regular,Pizzitola Sports Center,Brown,B,Cornell,C,67,89,FINISHED,ncaam,2026-08-23T20:56:10+00:00
ncaam-210971,NCAAM,2025-26,2026-01-19T19:00:00Z,Regular,John J. Lee Amphitheater,Yale,Y,Columbia,C,91,74,FINISHED,ncaam,2026-08-23T20:56:10+00:00
ncaam-210972,NCAAM,2025-26,2026-01-19T19:00:00Z,Regular,Mercyhurst Athletic Center,Mercyhurst,M,Central Connecticut,CC,79,61,FINISHED,ncaam,2026-08-23T20:56:10+00:00
ncaam-214548,NCAAM,2025-26,2026-01-19T19:00:00Z,Regular,Yanitelli Center,Saint Peter's,SP,Iona,I,77,63,FINISHED,ncaam,2026-08-23T20:56:10+00:00
ncaam-214549,NCAAM,2025-26,2026-01-19T19:00:00Z,Regular,Alumni Gymnasium (Rider),Rider,R,Sacred Heart,SH,85,105,FINISHED,ncaam,2026-08-23T20:56:10+00:00
ncaam-210956,NCAAM,2025-26,2026-01-19T20:00:00Z,Regular,Ted Grant Court,Le Moyne,LM,Long Island University,LIU,83,77,FINISHED,ncaam,2026-08-23T20:56:10+00:00
ncaam-214547,NCAAM,2025-26,2026-01-19T20:00:00Z,Regular,Davey L. Whitney Complex,Alcorn State,AS,Prairie View A&M,PVA,76,75,FINISHED,ncaam,2026-08-23T20:56:10+00:00
ncaam-358662,NCAAM,2025-26,2026-01-19T20:00:00Z,Regular,Siegel Center,VCU,V,Saint Joseph's,SJ,79,72,FINISHED,ncaam,2026-08-23T20:56:10+00:00
ncaam-210966,NCAAM,2025-26,2026-01-19T21:00:00Z,Regular,American Bank Center,Texas A&M-Corpus Christi,TACC,McNeese,M,53,69,FINISHED,ncaam,2026-08-23T20:56:10+00:00
ncaam-358663,NCAAM,2025-26,2026-01-19T21:00:00Z,Regular,Burr Gymnasium,Howard,H,Morehouse,M,78,69,FINISHED,ncaam,2026-08-23T20:56:10+00:00
ncaam-214500,NCAAM,2025-26,2026-01-19T22:00:00Z,Regular,Mitchell Center,Alabama State,AS,Alabama A&M,AA,69,73,FINISHED,ncaam,2026-08-23T20:56:10+00:00
ncaam-358664,NCAAM,2025-26,2026-01-19T22:00:00Z,Regular,EagleBank Arena,George Mason,GM,George Washington,GW,69,64,FINISHED,ncaam,2026-08-23T20:56:10+00:00
ncaam-210967,NCAAM,2025-26,2026-01-19T23:00:00Z,Regular,McDermott Center,Incarnate Word,IW,East Texas A&M,ETA,58,80,FINISHED,ncaam,2026-08-23T20:56:10+00:00
ncaam-214550,NCAAM,2025-26,2026-01-19T23:00:00Z,Regular,Fiserv Forum,Marquette,M,Providence,P,105,104,FINISHED,ncaam,2026-08-23T20:56:10+00:00
ncaam-214552,NCAAM,2025-26,2026-01-19T23:00:00Z,Regular,Leede Arena,Dartmouth,D,Princeton,P,71,69,FINISHED,ncaam,2026-08-23T20:56:10+00:00
ncaam-214560,NCAAM,2025-26,2026-01-19T23:30:00Z,Regular,H.O. Clemmons Arena,Arkansas-Pine Bluff,APB,Bethune-Cookman,BC,82,87,FINISHED,ncaam,2026-08-23T20:56:10+00:00
ncaam-214551,NCAAM,2025-26,2026-01-20T00:00:00Z,Regular,Stabler Arena,Lehigh,L,Loyola Maryland,LM,88,81,FINISHED,ncaam,2026-08-23T20:56:10+00:00
ncaam-214553,NCAAM,2025-26,2026-01-20T00:00:00Z,Regular,Jones Convocation Center,Chicago State,CS,New Haven,NH,56,62,FINISHED,ncaam,2026-08-23T20:56:10+00:00
ncaam-358665,NCAAM,2025-26,2026-01-20T00:00:00Z,Regular,Joseph G. Echols Hall,Norfolk State,NS,Elizabeth City State,ECS,86,61,FINISHED,ncaam,2026-08-23T20:56:10+00:00
ncaam-210964,NCAAM,2025-26,2026-01-20T00:30:00Z,Regular,David R. Stopher Gymnasium,Nicholls,N,Stephen F. Austin,SFA,62,79,FINISHED,ncaam,2026-08-23T20:56:10+00:00
ncaam-210973,NCAAM,2025-26,2026-01-20T00:30:00Z,Regular,UTRGV Fieldhouse,UT Rio Grande Valley,URGV,SE Louisiana,SL,68,65,FINISHED,ncaam,2026-08-23T20:56:10+00:00
ncaam-210963,NCAAM,2025-26,2026-01-20T01:00:00Z,Regular,Sharp Gymnasium,Houston Christian,HC,Northwestern State,NS,82,80,FINISHED,ncaam,2026-08-23T20:56:10+00:00
ncaam-210965,NCAAM,2025-26,2026-01-20T01:00:00Z,Regular,Lakefront Arena,New Orleans,NO,Lamar,L,89,76,FINISHED,ncaam,2026-08-23T20:56:10+00:00
ncaam-210968,NCAAM,2025-26,2026-01-20T01:00:00Z,Regular,Bank of Colorado Arena,Northern Colorado,NC,Montana State,MS,68,73,FINISHED,ncaam,2026-08-23T20:56:10+00:00
ncaam-210969,NCAAM,2025-26,2026-01-20T01:00:00Z,Regular,J. Lawrence Walkup Skydome,Northern Arizona,NA,Montana,M,72,98,FINISHED,ncaam,2026-08-23T20:56:10+00:00
ncaam-358666,NCAAM,2025-26,2026-01-20T01:00:00Z,Regular,R.W. Harrison HPER Complex,Mississippi Valley State,MVS,Florida A&M,FA,48,62,FINISHED,ncaam,2026-08-23T20:56:10+00:00
ncaam-358667,NCAAM,2025-26,2026-01-20T01:00:00Z,Regular,Lee E. Williams Athletics and Assembly Center,Jackson State,JS,Texas Southern,TS,94,89,FINISHED,ncaam,2026-08-23T20:56:10+00:00
ncaam-210962,NCAAM,2025-26,2026-01-20T02:00:00Z,Regular,Convocation Center (VA),Hampton,H,North Carolina A&T,NCA,82,61,FINISHED,ncaam,2026-08-23T20:56:10+00:00
ncaam-210974,NCAAM,2025-26,2026-01-20T23:00:00Z,Regular,Mullins Center,Massachusetts,M,Toledo,T,84,82,FINISHED,ncaam,2026-08-23T20:56:10+00:00
ncaam-210979,NCAAM,2025-26,2026-01-20T23:30:00Z,Regular,Alumni Arena,Buffalo,B,Akron,A,63,82,FINISHED,ncaam,2026-08-23T20:56:10+00:00
ncaam-214563,NCAAM,2025-26,2026-01-20T23:30:00Z,Regular,Schottenstein Center,Ohio State,OS,Minnesota,M,82,74,FINISHED,ncaam,2026-08-23T20:56:10+00:00
ncaam-359053,NCAAM,2025-26,2026-01-20T23:30:00Z,Regular,Hill Field House,Morgan State,MS,Virginia-Lynchburg,VL,128,53,FINISHED,ncaam,2026-08-23T20:56:10+00:00
ncaam-210975,NCAAM,2025-26,2026-01-21T00:00:00Z,Regular,Convocation Center (OH),Ohio,O,Northern Illinois,NI,80,77,FINISHED,ncaam,2026-08-23T20:56:10+00:00
ncaam-210976,NCAAM,2025-26,2026-01-21T00:00:00Z,Regular,M.A.C. Center,Kent State,KS,Miami (OH),M(,101,107,FINISHED,ncaam,2026-08-23T20:56:10+00:00
ncaam-210977,NCAAM,2025-26,2026-01-21T00:00:00Z,Regular,University Arena (MI),Western Michigan,WM,Bowling Green,BG,54,72,FINISHED,ncaam,2026-08-23T20:56:10+00:00
ncaam-210978,NCAAM,2025-26,2026-01-21T00:00:00Z,Regular,McGuirk Arena,Central Michigan,CM,Ball State,BS,67,68,FINISHED,ncaam,2026-08-23T20:56:10+00:00
ncaam-210980,NCAAM,2025-26,2026-01-21T00:00:00Z,Regular,Colonial Life Arena,South Carolina,SC,Oklahoma,O,85,76,FINISHED,ncaam,2026-08-23T20:56:10+00:00
ncaam-210982,NCAAM,2025-26,2026-01-21T00:00:00Z,Regular,Stephen C. O'Connell Center,Florida,F,LSU,L,79,61,FINISHED,ncaam,2026-08-23T20:56:10+00:00
ncaam-214557,NCAAM,2025-26,2026-01-21T00:00:00Z,Regular,Hilton Coliseum,Iowa State,IS,UCF,U,87,57,FINISHED,ncaam,2026-08-23T20:56:10+00:00
ncaam-214564,NCAAM,2025-26,2026-01-21T00:00:00Z,Regular,Crisler Center,Michigan,M,Indiana,I,86,72,FINISHED,ncaam,2026-08-23T20:56:10+00:00
ncaam-214568,NCAAM,2025-26,2026-01-21T00:00:00Z,Regular,Carnesecca Arena,St. John's,SJ,Seton Hall,SH,65,60,FINISHED,ncaam,2026-08-23T20:56:10+00:00
ncaam-214572,NCAAM,2025-26,2026-01-21T00:00:00Z,Regular,Watsco Center,Miami,M,Florida State,FS,63,65,FINISHED,ncaam,2026-08-23T20:56:10+00:00
ncaam-214573,NCAAM,2025-26,2026-01-21T00:00:00Z,Regular,Littlejohn Coliseum,Clemson,C,NC State,NS,76,80,FINISHED,ncaam,2026-08-23T20:56:10+00:00
ncaam-358668,NCAAM,2025-26,2026-01-21T00:00:00Z,Regular,Smith-Hammond-Middleton Memorial Center,South Carolina State,SCS,Mid-Atlantic Christian,MAC,56,50,FINISHED,ncaam,2026-08-23T20:56:10+00:00
ncaam-358669,NCAAM,2025-26,2026-01-21T00:00:00Z,Regular,Reilly Center,St. Bonaventure,SB,Loyola Chicago,LC,84,70,FINISHED,ncaam,2026-08-23T20:56:10+00:00
ncaam-358670,NCAAM,2025-26,2026-01-21T00:00:00Z,Regular,UPMC Cooper Fieldhouse,Duquesne,D,Saint Louis,SL,77,81,FINISHED,ncaam,2026-08-23T20:56:10+00:00
ncaam-214569,NCAAM,2025-26,2026-01-21T00:30:00Z,Regular,Hinkle Fieldhouse,Butler,B,DePaul,D,87,80,FINISHED,ncaam,2026-08-23T20:56:10+00:00
ncaam-214555,NCAAM,2025-26,2026-01-21T01:00:00Z,Regular,Schollmaier Arena,TCU,T,Oklahoma State,OS,68,65,FINISHED,ncaam,2026-08-23T20:56:10+00:00
ncaam-358671,NCAAM,2025-26,2026-01-21T01:00:00Z,Regular,Credit Union 1 Arena,UIC,U,Evansville,E,76,49,FINISHED,ncaam,2026-08-23T20:56:10+00:00
ncaam-210987,NCAAM,2025-26,2026-01-21T01:30:00Z,Regular,Show Me Center,Southeast Missouri State,SMS,UT Martin,UM,66,50,FINISHED,ncaam,2026-08-23T20:56:10+00:00
ncaam-214565,NCAAM,2025-26,2026-01-21T01:30:00Z,Regular,Carver-Hawkeye Arena,Iowa,I,Rutgers,R,68,62,FINISHED,ncaam,2026-08-23T20:56:10+00:00
ncaam-214566,NCAAM,2025-26,2026-01-21T01:30:00Z,Regular,Arena-Auditorium,Wyoming,W,Boise State,BS,65,81,FINISHED,ncaam,2026-08-23T20:56:10+00:00
ncaam-210981,NCAAM,2025-26,2026-01-21T02:00:00Z,Regular,Mizzou Arena,Missouri,M,Georgia,G,72,74,FINISHED,ncaam,2026-08-23T20:56:10+00:00
ncaam-210985,NCAAM,2025-26,2026-01-21T02:00:00Z,Regular,The Sandy and John Black Pavilion at Ole Miss,Ole Miss,OM,Auburn,A,66,78,FINISHED,ncaam,2026-08-23T20:56:10+00:00
ncaam-214556,NCAAM,2025-26,2026-01-21T02:00:00Z,Regular,Bramlage Coliseum,Kansas State,KS,Utah,U,81,78,FINISHED,ncaam,2026-08-23T20:56:10+00:00
ncaam-214559,NCAAM,2025-26,2026-01-21T02:00:00Z,Regular,Foster Pavilion,Baylor,B,Texas Tech,TT,73,92,FINISHED,ncaam,2026-08-23T20:56:10+00:00
ncaam-214562,NCAAM,2025-26,2026-01-21T02:00:00Z,Regular,Matthew Knight Arena,Oregon,O,Michigan State,MS,52,68,FINISHED,ncaam,2026-08-23T20:56:10+00:00
ncaam-214575,NCAAM,2025-26,2026-01-21T02:00:00Z,Regular,LJVM Coliseum,Wake Forest,WF,SMU,S,79,91,FINISHED,ncaam,2026-08-23T20:56:10+00:00
ncaam-214576,NCAAM,2025-26,2026-01-21T02:00:00Z,Regular,Moby Arena,Colorado State,CS,Air Force,AF,81,52,FINISHED,ncaam,2026-08-23T20:56:10+00:00
ncaam-210983,NCAAM,2025-26,2026-01-21T02:10:00Z,Regular,Bud Walton Arena,Arkansas,A,Vanderbilt,V,93,68,FINISHED,ncaam,2026-08-23T20:56:10+00:00
ncaam-214561,NCAAM,2025-26,2026-01-21T03:00:00Z,Regular,Pauley Pavilion,UCLA,U,Purdue,P,69,67,FINISHED,ncaam,2026-08-23T20:56:10+00:00
ncaam-358672,NCAAM,2025-26,2026-01-21T03:00:00Z,Regular,Lawlor Events Center,Nevada,N,San José State,SJS,87,54,FINISHED,ncaam,2026-08-23T20:56:10+00:00
ncaam-214554,NCAAM,2025-26,2026-01-21T04:00:00Z,Regular,Thomas & Mack Center,Utah State,US,UNLV,U,76,86,FINISHED,ncaam,2026-08-23T20:56:10+00:00
ncaam-214558,NCAAM,2025-26,2026-01-21T04:10:00Z,Regular,CU Events Center,Colorado,C,Kansas,K,69,75,FINISHED,ncaam,2026-08-23T20:56:10+00:00
ncaam-210992,NCAAM,2025-26,2026-01-21T23:00:00Z,Regular,Jerry Richardson Indoor Stadium,Wofford,W,Samford,S,88,78,FINISHED,ncaam,2026-08-23T20:56:10+00:00
ncaam-210993,NCAAM,2025-26,2026-01-21T23:00:00Z,Regular,Cameron Hall,VMI,V,UNC Greensboro,UG,78,85,FINISHED,ncaam,2026-08-23T20:56:10+00:00
ncaam-214584,NCAAM,2025-26,2026-01-21T23:00:00Z,Regular,Case Gym,Boston University,BU,Lafayette,L,77,73,FINISHED,ncaam,2026-08-23T20:56:10+00:00
ncaam-214591,NCAAM,2025-26,2026-01-21T23:00:00Z,Regular,G.B. Hodge Center,South Carolina Upstate,SCU,UNC Asheville,UA,69,83,FINISHED,ncaam,2026-08-23T20:56:10+00:00
ncaam-214585,NCAAM,2025-26,2026-01-21T23:30:00Z,Regular,Winthrop Coliseum,Winthrop,W,Radford,R,76,75,FINISHED,ncaam,2026-08-23T20:56:10+00:00
ncaam-358673,NCAAM,2025-26,2026-01-21T23:30:00Z,Regular,John Glaser Arena,La Salle,LS,Dayton,D,67,64,FINISHED,ncaam,2026-08-23T20:56:10+00:00
ncaam-210986,NCAAM,2025-26,2026-01-22T00:00:00Z,Regular,Rupp Arena,Kentucky,K,Texas,T,85,80,FINISHED,ncaam,2026-08-23T20:56:10+00:00
ncaam-210989,NCAAM,2025-26,2026-01-22T00:00:00Z,Regular,Nutter Center,Wright State,WS,Cleveland State,CS,79,85,FINISHED,ncaam,2026-08-23T20:56:10+00:00
ncaam-210990,NCAAM,2025-26,2026-01-22T00:00:00Z,Regular,Calihan Hall,Detroit Mercy,DM,Purdue Fort Wayne,PFW,76,83,FINISHED,ncaam,2026-08-23T20:56:10+00:00
ncaam-210991,NCAAM,2025-26,2026-01-22T00:00:00Z,Regular,OU Credit Union O'rena,Oakland,O,IU Indianapolis,II,85,103,FINISHED,ncaam,2026-08-23T20:56:10+00:00
ncaam-210994,NCAAM,2025-26,2026-01-22T00:00:00Z,Regular,McAlister Field House,The Citadel,TC,Furman,F,77,75,FINISHED,ncaam,2026-08-23T20:56:10+00:00
ncaam-210995,NCAAM,2025-26,2026-01-22T00:00:00Z,Regular,Hawkins Arena,Mercer,M,Western Carolina,WC,88,76,FINISHED,ncaam,2026-08-23T20:56:10+00:00
ncaam-210996,NCAAM,2025-26,2026-01-22T00:00:00Z,Regular,McKenzie Arena,Chattanooga,C,East Tennessee State,ETS,66,67,FINISHED,ncaam,2026-08-23T20:56:10+00:00
ncaam-210997,NCAAM,2025-26,2026-01-22T00:00:00Z,Regular,Chartway Arena,Old Dominion,OD,Troy,T,77,83,FINISHED,ncaam,2026-08-23T20:56:10+00:00
ncaam-210998,NCAAM,2025-26,2026-01-22T00:00:00Z,Regular,Curry Arena,Queens University,QU,North Alabama,NA,87,62,FINISHED,ncaam,2026-08-23T20:56:10+00:00
ncaam-214571,NCAAM,2025-26,2026-01-22T00:00:00Z,Regular,Dean E. Smith Center,North Carolina,NC,Notre Dame,ND,91,69,FINISHED,ncaam,2026-08-23T20:56:10+00:00
ncaam-214574,NCAAM,2025-26,2026-01-22T00:00:00Z,Regular,Conte Forum,Boston College,BC,Pittsburgh,P,65,62,FINISHED,ncaam,2026-08-23T20:56:10+00:00
ncaam-214580,NCAAM,2025-26,2026-01-22T00:00:00Z,Regular,Sojka Pavilion,Bucknell,B,Army,A,84,87,FINISHED,ncaam,2026-08-23T20:56:10+00:00
ncaam-214583,NCAAM,2025-26,2026-01-22T00:00:00Z,Regular,State Farm Center,Illinois,I,Maryland,M,89,70,FINISHED,ncaam,2026-08-23T20:56:10+00:00
ncaam-214586,NCAAM,2025-26,2026-01-22T00:00:00Z,Regular,Joan Perry Brock Center,Longwood,L,Gardner-Webb,GW,91,56,FINISHED,ncaam,2026-08-23T20:56:10+00:00
ncaam-214587,NCAAM,2025-26,2026-01-22T00:00:00Z,Regular,Templeton Center,Presbyterian,P,Charleston Southern,CS,87,83,FINISHED,ncaam,2026-08-23T20:56:10+00:00
ncaam-214588,NCAAM,2025-26,2026-01-22T00:00:00Z,Regular,Finneran Pavilion,Villanova,V,Georgetown,G,66,51,FINISHED,ncaam,2026-08-23T20:56:10+00:00
ncaam-214589,NCAAM,2025-26,2026-01-22T00:00:00Z,Regular,CHI Health Center Omaha,Creighton,C,Xavier,X,94,93,FINISHED,ncaam,2026-08-23T20:56:10+00:00
ncaam-214590,NCAAM,2025-26,2026-01-22T00:00:00Z,Regular,Alumni Hall (Navy),Navy,N,Holy Cross,HC,85,68,FINISHED,ncaam,2026-08-23T20:56:10+00:00
ncaam-358675,NCAAM,2025-26,2026-01-22T00:00:00Z,Regular,Knapp Center,Drake,D,Murray State,MS,101,90,FINISHED,ncaam,2026-08-23T20:56:10+00:00
ncaam-358676,NCAAM,2025-26,2026-01-22T00:00:00Z,Regular,Bender Arena,American University,AU,Colgate,C,70,66,FINISHED,ncaam,2026-08-23T20:56:10+00:00
ncaam-358677,NCAAM,2025-26,2026-01-22T00:00:00Z,Regular,Robins Center,Richmond,R,Rhode Island,RI,68,69,FINISHED,ncaam,2026-08-23T20:56:10+00:00
ncaam-358678,NCAAM,2025-26,2026-01-22T00:00:00Z,Regular,John M. Belk Arena,Davidson,D,Fordham,F,68,63,FINISHED,ncaam,2026-08-23T20:56:10+00:00
ncaam-358679,NCAAM,2025-26,2026-01-22T00:00:00Z,Regular,Eleanor R. Baldwin Arena,Florida Atlantic,FA,Tulane,T,79,74,FINISHED,ncaam,2026-08-23T20:56:10+00:00
ncaam-358682,NCAAM,2025-26,2026-01-22T00:00:00Z,Regular,Carver Arena,Bradley,B,Indiana State,IS,75,68,FINISHED,ncaam,2026-08-23T20:56:10+00:00
ncaam-211002,NCAAM,2025-26,2026-01-22T00:30:00Z,Regular,E.A. Diddle Arena,Western Kentucky,WK,Liberty,L,69,76,FINISHED,ncaam,2026-08-23T20:56:10+00:00
ncaam-211003,NCAAM,2025-26,2026-01-22T00:30:00Z,Regular,Bernard G. Johnson Coliseum,Sam Houston,SH,Kennesaw State,KS,93,87,FINISHED,ncaam,2026-08-23T20:56:10+00:00
ncaam-358680,NCAAM,2025-26,2026-01-22T00:30:00Z,Regular,Charles Koch Arena,Wichita State,WS,East Carolina,EC,77,60,FINISHED,ncaam,2026-08-23T20:56:10+00:00
ncaam-210988,NCAAM,2025-26,2026-01-22T01:00:00Z,Regular,Baxter Arena,Omaha,O,South Dakota,SD,64,68,FINISHED,ncaam,2026-08-23T20:56:10+00:00
ncaam-211001,NCAAM,2025-26,2026-01-22T01:00:00Z,Regular,College Park Center,UT Arlington,UA,Tarleton State,TS,71,64,FINISHED,ncaam,2026-08-23T20:56:10+00:00
ncaam-358681,NCAAM,2025-26,2026-01-22T01:00:00Z,Regular,Athletics-Recreation Center,Valparaiso,V,Southern Illinois,SI,69,63,FINISHED,ncaam,2026-08-23T20:56:10+00:00
ncaam-358683,NCAAM,2025-26,2026-01-22T01:00:00Z,Regular,The Super Pit,North Texas,NT,UTSA,U,81,62,FINISHED,ncaam,2026-08-23T20:56:10+00:00
ncaam-358684,NCAAM,2025-26,2026-01-22T01:00:00Z,Regular,Tudor Fieldhouse,Rice,R,Temple,T,65,69,FINISHED,ncaam,2026-08-23T20:56:10+00:00
ncaam-358685,NCAAM,2025-26,2026-01-22T01:00:00Z,Regular,Reynolds Center,Tulsa,T,Memphis,M,83,66,FINISHED,ncaam,2026-08-23T20:56:10+00:00
ncaam-210999,NCAAM,2025-26,2026-01-22T01:30:00Z,Regular,America First Events Center,Southern Utah,SU,Utah Valley,UV,84,70,FINISHED,ncaam,2026-08-23T20:56:10+00:00
ncaam-210984,NCAAM,2025-26,2026-01-22T02:00:00Z,Regular,Reed Arena,Texas A&M,TA,Mississippi State,MS,88,68,FINISHED,ncaam,2026-08-23T20:56:10+00:00
ncaam-214570,NCAAM,2025-26,2026-01-22T02:00:00Z,Regular,JMA Wireless Dome,Syracuse,S,Virginia Tech,VT,74,76,FINISHED,ncaam,2026-08-23T20:56:10+00:00
ncaam-214578,NCAAM,2025-26,2026-01-22T02:00:00Z,Regular,Desert Financial Arena,Arizona State,AS,West Virginia,WV,63,75,FINISHED,ncaam,2026-08-23T20:56:10+00:00
ncaam-214579,NCAAM,2025-26,2026-01-22T02:00:00Z,Regular,McKale Memorial Center,Arizona,A,Cincinnati,C,77,51,FINISHED,ncaam,2026-08-23T20:56:10+00:00
ncaam-214582,NCAAM,2025-26,2026-01-22T02:00:00Z,Regular,Pinnacle Bank Arena,Nebraska,N,Washington,W,76,66,FINISHED,ncaam,2026-08-23T20:56:10+00:00
ncaam-358674,NCAAM,2025-26,2026-01-22T02:00:00Z,Regular,CEFCU Arena,Illinois State,IS,Northern Iowa,NI,59,54,FINISHED,ncaam,2026-08-23T20:56:10+00:00
ncaam-358686,NCAAM,2025-26,2026-01-22T02:00:00Z,Regular,McCarthey Athletic Center,Gonzaga,G,Pepperdine,P,84,60,FINISHED,ncaam,2026-08-23T20:56:10+00:00
ncaam-358687,NCAAM,2025-26,2026-01-22T02:00:00Z,Regular,The Pit,New Mexico,NM,Fresno State,FS,83,74,FINISHED,ncaam,2026-08-23T20:56:10+00:00
ncaam-358688,NCAAM,2025-26,2026-01-22T02:30:00Z,Regular,Jenny Craig Pavilion,San Diego,SD,Washington State,WS,96,92,FINISHED,ncaam,2026-08-23T20:56:10+00:00
ncaam-211000,NCAAM,2025-26,2026-01-22T03:00:00Z,Regular,Dale E. and Sarah Ann Fowler Events Center,California Baptist,CB,Utah Tech,UT,73,64,FINISHED,ncaam,2026-08-23T20:56:10+00:00
ncaam-358689,NCAAM,2025-26,2026-01-22T03:00:00Z,Regular,Redhawk Center,Seattle U,SU,Loyola Marymount,LM,69,59,FINISHED,ncaam,2026-08-23T20:56:10+00:00
ncaam-214567,NCAAM,2025-26,2026-01-22T04:00:00Z,Regular,Global Credit Union Arena,Grand Canyon,GC,San Diego State,SDS,70,69,FINISHED,ncaam,2026-08-23T20:56:10+00:00
ncaam-214581,NCAAM,2025-26,2026-01-22T04:00:00Z,Regular,Galen Center,USC,U,Northwestern,N,68,74,FINISHED,ncaam,2026-08-23T20:56:10+00:00
ncaam-358690,NCAAM,2025-26,2026-01-22T04:00:00Z,Regular,University Credit Union Pavilion,Saint Mary's,SM,Oregon State,OS,81,51,FINISHED,ncaam,2026-08-23T20:56:10+00:00
ncaam-211025,NCAAM,2025-26,2026-01-22T17:00:00Z,Regular,Cam Henderson Center,Marshall,M,UL Monroe,UM,115,60,FINISHED,ncaam,2026-08-23T20:56:10+00:00
ncaam-211030,NCAAM,2025-26,2026-01-22T17:00:00Z,Regular,Holmes Convocation Center,App State,AS,Louisiana,L,72,58,FINISHED,ncaam,2026-08-23T20:56:10+00:00
ncaam-211034,NCAAM,2025-26,2026-01-22T18:00:00Z,Regular,Allen Arena,Lipscomb,L,Stetson,S,79,74,FINISHED,ncaam,2026-08-23T20:56:10+00:00
ncaam-211035,NCAAM,2025-26,2026-01-22T18:00:00Z,Regular,F&M Bank Arena,Austin Peay,AP,Florida Gulf Coast,FGC,83,62,FINISHED,ncaam,2026-08-23T20:56:10+00:00
ncaam-211037,NCAAM,2025-26,2026-01-22T22:30:00Z,Regular,The Coliseum,West Georgia,WG,Central Arkansas,CA,65,86,FINISHED,ncaam,2026-08-23T20:56:10+00:00
ncaam-211012,NCAAM,2025-26,2026-01-22T23:00:00Z,Regular,Costello Athletic Center,UMass Lowell,UL,Vermont,V,68,77,FINISHED,ncaam,2026-08-23T20:56:10+00:00
ncaam-211013,NCAAM,2025-26,2026-01-22T23:00:00Z,Regular,Chesapeake Employers Insurance Arena,UMBC,U,NJIT,N,87,74,FINISHED,ncaam,2026-08-23T20:56:10+00:00
ncaam-211014,NCAAM,2025-26,2026-01-22T23:00:00Z,Regular,Lundholm Gymnasium,New Hampshire,NH,Binghamton,B,88,82,FINISHED,ncaam,2026-08-23T20:56:10+00:00
ncaam-211015,NCAAM,2025-26,2026-01-22T23:00:00Z,Regular,The Pit in Memorial Gymnasium,Maine,M,UAlbany,U,52,49,FINISHED,ncaam,2026-08-23T20:56:10+00:00
ncaam-211008,NCAAM,2025-26,2026-01-22T23:30:00Z,Regular,Beeghly Center,Youngstown State,YS,Green Bay,GB,88,81,FINISHED,ncaam,2026-08-23T20:56:10+00:00
ncaam-211007,NCAAM,2025-26,2026-01-23T00:00:00Z,Regular,UPMC Events Center,Robert Morris,RM,Milwaukee,M,88,76,FINISHED,ncaam,2026-08-23T20:56:10+00:00
ncaam-211009,NCAAM,2025-26,2026-01-23T00:00:00Z,Regular,Leo D. Mahoney Arena,Fairfield,F,Niagara,N,62,61,FINISHED,ncaam,2026-08-23T20:56:10+00:00
ncaam-211010,NCAAM,2025-26,2026-01-23T00:00:00Z,Regular,William H. Pitt Center,Sacred Heart,SH,Canisius,C,69,66,FINISHED,ncaam,2026-08-23T20:56:10+00:00
ncaam-211011,NCAAM,2025-26,2026-01-23T00:00:00Z,Regular,MVP Arena,Siena,S,Marist,M,69,50,FINISHED,ncaam,2026-08-23T20:56:10+00:00
ncaam-211016,NCAAM,2025-26,2026-01-23T00:00:00Z,Regular,Kaplan Arena,William & Mary,W&M,UNC Wilmington,UW,77,70,FINISHED,ncaam,2026-08-23T20:56:10+00:00
ncaam-211017,NCAAM,2025-26,2026-01-23T00:00:00Z,Regular,TD Arena,Charleston,C,Campbell,C,87,83,FINISHED,ncaam,2026-08-23T20:56:10+00:00
ncaam-211018,NCAAM,2025-26,2026-01-23T00:00:00Z,Regular,Schar Center,Elon,E,Towson,T,59,72,FINISHED,ncaam,2026-08-23T20:56:10+00:00
ncaam-211019,NCAAM,2025-26,2026-01-23T00:00:00Z,Regular,Convocation Center (VA),Hampton,H,Monmouth,M,65,63,FINISHED,ncaam,2026-08-23T20:56:10+00:00
ncaam-211020,NCAAM,2025-26,2026-01-23T00:00:00Z,Regular,Corbett Sports Center,North Carolina A&T,NCA,Hofstra,H,79,78,FINISHED,ncaam,2026-08-23T20:56:10+00:00
ncaam-211021,NCAAM,2025-26,2026-01-23T00:00:00Z,Regular,Matthews Arena,Northeastern,N,Stony Brook,SB,80,95,FINISHED,ncaam,2026-08-23T20:56:10+00:00
ncaam-211026,NCAAM,2025-26,2026-01-23T00:00:00Z,Regular,Atlantic Union Bank Center,James Madison,JM,South Alabama,SA,83,90,FINISHED,ncaam,2026-08-23T20:56:10+00:00
ncaam-211027,NCAAM,2025-26,2026-01-23T00:00:00Z,Regular,GSU Convocation Center,Georgia State,GS,Southern Miss,SM,69,62,FINISHED,ncaam,2026-08-23T20:56:10+00:00
ncaam-211028,NCAAM,2025-26,2026-01-23T00:00:00Z,Regular,Jack and Ruth Ann Hill Convocation Center,Georgia Southern,GS,Arkansas State,AS,68,85,FINISHED,ncaam,2026-08-23T20:56:10+00:00
ncaam-211029,NCAAM,2025-26,2026-01-23T00:00:00Z,Regular,The HTC Center,Coastal Carolina,CC,Texas State,TS,72,70,FINISHED,ncaam,2026-08-23T20:56:10+00:00
ncaam-211036,NCAAM,2025-26,2026-01-23T00:00:00Z,Regular,UNF Arena,North Florida,NF,Eastern Kentucky,EK,87,85,FINISHED,ncaam,2026-08-23T20:56:10+00:00
ncaam-211038,NCAAM,2025-26,2026-01-23T00:00:00Z,Regular,Swisher Gymnasium,Jacksonville,J,Bellarmine,B,70,77,FINISHED,ncaam,2026-08-23T20:56:10+00:00
ncaam-211046,NCAAM,2025-26,2026-01-23T00:00:00Z,Regular,Knott Arena,Mount St. Mary's,MSM,Quinnipiac,Q,62,77,FINISHED,ncaam,2026-08-23T20:56:10+00:00
ncaam-214592,NCAAM,2025-26,2026-01-23T00:00:00Z,Regular,Bryce Jordan Center,Penn State,PS,Wisconsin,W,71,98,FINISHED,ncaam,2026-08-23T20:56:10+00:00
ncaam-214593,NCAAM,2025-26,2026-01-23T00:00:00Z,Regular,Hynes Athletics Center,Iona,I,Merrimack,M,61,60,FINISHED,ncaam,2026-08-23T20:56:10+00:00
ncaam-358691,NCAAM,2025-26,2026-01-23T00:00:00Z,Regular,Bartow Arena,UAB,U,South Florida,SF,69,82,FINISHED,ncaam,2026-08-23T20:56:10+00:00
ncaam-211040,NCAAM,2025-26,2026-01-23T00:30:00Z,Regular,Ellis T. Johnson Arena,Morehead State,MS,Western Illinois,WI,71,66,FINISHED,ncaam,2026-08-23T20:56:10+00:00
ncaam-211006,NCAAM,2025-26,2026-01-23T01:00:00Z,Regular,Mabee Center,Oral Roberts,OR,North Dakota,ND,62,79,FINISHED,ncaam,2026-08-23T20:56:10+00:00
ncaam-211041,NCAAM,2025-26,2026-01-23T01:30:00Z,Regular,Show Me Center,Southeast Missouri State,SMS,Little Rock,LR,70,65,FINISHED,ncaam,2026-08-23T20:56:10+00:00
ncaam-211042,NCAAM,2025-26,2026-01-23T01:30:00Z,Regular,Hyland Arena,Lindenwood,L,Tennessee Tech,TT,89,68,FINISHED,ncaam,2026-08-23T20:56:10+00:00
ncaam-211043,NCAAM,2025-26,2026-01-23T01:30:00Z,Regular,Screaming Eagles Arena,Southern Indiana,SI,Eastern Illinois,EI,51,59,FINISHED,ncaam,2026-08-23T20:56:10+00:00
ncaam-211004,NCAAM,2025-26,2026-01-23T02:00:00Z,Regular,Schoenecker Arena,St. Thomas-Minnesota,STM,South Dakota State,SDS,74,69,FINISHED,ncaam,2026-08-23T20:56:10+00:00
ncaam-211005,NCAAM,2025-26,2026-01-23T02:00:00Z,Regular,Hamilton Gymnasium,Denver,D,North Dakota State,NDS,77,82,FINISHED,ncaam,2026-08-23T20:56:10+00:00
ncaam-211022,NCAAM,2025-26,2026-01-23T02:00:00Z,Regular,The Thunderdome,UC Santa Barbara,USB,Cal Poly,CP,107,67,FINISHED,ncaam,2026-08-23T20:56:10+00:00
ncaam-211031,NCAAM,2025-26,2026-01-23T02:00:00Z,Regular,Dahlberg Arena,Montana,M,Weber State,WS,81,65,FINISHED,ncaam,2026-08-23T20:56:10+00:00
ncaam-211032,NCAAM,2025-26,2026-01-23T02:00:00Z,Regular,ICCU Arena,Idaho,I,Sacramento State,SS,86,76,FINISHED,ncaam,2026-08-23T20:56:10+00:00
ncaam-211033,NCAAM,2025-26,2026-01-23T02:00:00Z,Regular,Reese Court,Eastern Washington,EW,Portland State,PS,61,65,FINISHED,ncaam,2026-08-23T20:56:10+00:00
ncaam-211039,NCAAM,2025-26,2026-01-23T02:00:00Z,Regular,First Community Arena,SIU Edwardsville,SE,Tennessee State,TS,74,66,FINISHED,ncaam,2026-08-23T20:56:10+00:00
ncaam-211044,NCAAM,2025-26,2026-01-23T02:00:00Z,Regular,Pan American Center,New Mexico State,NMS,Missouri State,MS,75,84,FINISHED,ncaam,2026-08-23T20:56:10+00:00
ncaam-211045,NCAAM,2025-26,2026-01-23T02:00:00Z,Regular,Don Haskins Center,UTEP,U,Florida International,FI,83,77,FINISHED,ncaam,2026-08-23T20:56:10+00:00
ncaam-211047,NCAAM,2025-26,2026-01-23T02:00:00Z,Regular,University Credit Union Center,UC Davis,UD,UC San Diego,USD,74,80,FINISHED,ncaam,2026-08-23T20:56:10+00:00
ncaam-211048,NCAAM,2025-26,2026-01-23T02:00:00Z,Regular,Worthington Arena,Montana State,MS,Idaho State,IS,74,62,FINISHED,ncaam,2026-08-23T20:56:10+00:00
ncaam-211024,NCAAM,2025-26,2026-01-23T03:00:00Z,Regular,SRC Arena,UC Riverside,UR,UC Irvine,UI,66,80,FINISHED,ncaam,2026-08-23T20:56:10+00:00
ncaam-214594,NCAAM,2025-26,2026-01-23T03:00:00Z,Regular,Titan Gym,Cal State Fullerton,CSF,Long Beach State,LBS,71,61,FINISHED,ncaam,2026-08-23T20:56:10+00:00
ncaam-211023,NCAAM,2025-26,2026-01-23T04:59:00Z,Regular,Stan Sheriff Center,Hawai'i,H,Cal State Bakersfield,CSB,98,71,FINISHED,ncaam,2026-08-23T20:56:10+00:00
ncaam-211102,NCAAM,2025-26,2026-01-23T17:00:00Z,Regular,Holmes Convocation Center,App State,AS,UL Monroe,UM,59,43,FINISHED,ncaam,2026-08-23T20:56:10+00:00
ncaam-211115,NCAAM,2025-26,2026-01-23T18:00:00Z,Regular,F&M Bank Arena,Austin Peay,AP,Stetson,S,73,65,FINISHED,ncaam,2026-08-23T20:56:10+00:00
ncaam-211117,NCAAM,2025-26,2026-01-23T18:00:00Z,Regular,Allen Arena,Lipscomb,L,Florida Gulf Coast,FGC,86,71,FINISHED,ncaam,2026-08-23T20:56:10+00:00
ncaam-214598,NCAAM,2025-26,2026-01-23T18:00:00Z,Regular,Jeffery P. Hazell Athletics Center,New Haven,NH,Mercyhurst,M,57,61,FINISHED,ncaam,2026-08-23T20:56:10+00:00
ncaam-358708,NCAAM,2025-26,2026-01-23T18:00:00Z,Regular,The Super Pit,North Texas,NT,East Carolina,EC,59,63,FINISHED,ncaam,2026-08-23T20:56:10+00:00
ncaam-211134,NCAAM,2025-26,2026-01-23T19:00:00Z,Regular,Thomas Assembly Center,Louisiana Tech,LT,Kennesaw State,KS,82,76,FINISHED,ncaam,2026-08-23T20:56:10+00:00
ncaam-211085,NCAAM,2025-26,2026-01-23T20:00:00Z,Regular,First Horizon Coliseum,UNC Greensboro,UG,Furman,F,66,89,FINISHED,ncaam,2026-08-23T20:56:10+00:00
ncaam-358692,NCAAM,2025-26,2026-01-23T22:30:00Z,Regular,Reilly Center,St. Bonaventure,SB,Saint Louis,SL,62,97,FINISHED,ncaam,2026-08-23T20:56:10+00:00
ncaam-214595,NCAAM,2025-26,2026-01-23T23:00:00Z,Regular,Jersey Mike’s Arena,Rutgers,R,Indiana,I,59,82,FINISHED,ncaam,2026-08-23T20:56:10+00:00
ncaam-211049,NCAAM,2025-26,2026-01-24T00:00:00Z,Regular,DeGol Arena,St. Francis (PA),SF(,Chicago State,CS,81,60,FINISHED,ncaam,2026-08-23T20:56:10+00:00
ncaam-211050,NCAAM,2025-26,2026-01-24T00:00:00Z,Regular,Merkert Gymnasium,Stonehill,S,Long Island University,LIU,63,66,FINISHED,ncaam,2026-08-23T20:56:10+00:00
ncaam-211051,NCAAM,2025-26,2026-01-24T00:00:00Z,Regular,Ted Grant Court,Le Moyne,LM,Wagner,W,69,67,FINISHED,ncaam,2026-08-23T20:56:10+00:00
ncaam-211052,NCAAM,2025-26,2026-01-24T00:00:00Z,Regular,Detrick Gymnasium,Central Connecticut,CC,Fairleigh Dickinson,FD,66,76,FINISHED,ncaam,2026-08-23T20:56:10+00:00
ncaam-211064,NCAAM,2025-26,2026-01-24T00:00:00Z,Regular,Alumni Arena,Buffalo,B,Massachusetts,M,67,68,FINISHED,ncaam,2026-08-23T20:56:10+00:00
ncaam-211087,NCAAM,2025-26,2026-01-24T00:00:00Z,Regular,Freedom Hall (TN),East Tennessee State,ETS,The Citadel,TC,84,55,FINISHED,ncaam,2026-08-23T20:56:10+00:00
ncaam-211132,NCAAM,2025-26,2026-01-24T00:00:00Z,Regular,Pete Mathews Coliseum,Jacksonville State,JS,Middle Tennessee,MT,75,58,FINISHED,ncaam,2026-08-23T20:56:10+00:00
ncaam-214617,NCAAM,2025-26,2026-01-24T00:00:00Z,Regular,The Dedmon Center,Radford,R,High Point,HP,83,93,FINISHED,ncaam,2026-08-23T20:56:10+00:00
ncaam-214618,NCAAM,2025-26,2026-01-24T00:00:00Z,Regular,Joan Perry Brock Center,Longwood,L,Charleston Southern,CS,81,79,FINISHED,ncaam,2026-08-23T20:56:10+00:00
ncaam-214638,NCAAM,2025-26,2026-01-24T00:00:00Z,Regular,Paul Porter Arena,Gardner-Webb,GW,South Carolina Upstate,SCU,67,65,FINISHED,ncaam,2026-08-23T20:56:10+00:00
ncaam-358717,NCAAM,2025-26,2026-01-24T00:30:00Z,Regular,Halton Arena,Charlotte,C,Tulane,T,73,70,FINISHED,ncaam,2026-08-23T20:56:10+00:00
ncaam-211068,NCAAM,2025-26,2026-01-24T01:00:00Z,Regular,Convocation Center (OH),Ohio,O,Akron,A,65,86,FINISHED,ncaam,2026-08-23T20:56:10+00:00
ncaam-214596,NCAAM,2025-26,2026-01-24T01:00:00Z,Regular,Crisler Center,Michigan,M,Ohio State,OS,74,62,FINISHED,ncaam,2026-08-23T20:56:10+00:00
ncaam-214597,NCAAM,2025-26,2026-01-24T01:00:00Z,Regular,Hinkle Fieldhouse,Butler,B,Marquette,M,87,76,FINISHED,ncaam,2026-08-23T20:56:10+00:00
ncaam-211121,NCAAM,2025-26,2026-01-24T01:30:00Z,Regular,Screaming Eagles Arena,Southern Indiana,SI,Western Illinois,WI,96,64,FINISHED,ncaam,2026-08-23T20:56:10+00:00
ncaam-358693,NCAAM,2025-26,2026-01-24T03:15:00Z,Regular,Moby Arena,Colorado State,CS,Utah State,US,61,65,FINISHED,ncaam,2026-08-23T20:56:10+00:00
ncaam-211083,NCAAM,2025-26,2026-01-24T16:00:00Z,Regular,Jerry Richardson Indoor Stadium,Wofford,W,Mercer,M,80,77,FINISHED,ncaam,2026-08-23T20:56:10+00:00
ncaam-211112,NCAAM,2025-26,2026-01-24T16:00:00Z,Regular,Rupp Arena,Kentucky,K,Ole Miss,OM,72,63,FINISHED,ncaam,2026-08-23T20:56:10+00:00
ncaam-211120,NCAAM,2025-26,2026-01-24T16:00:00Z,Regular,UNF Arena,North Florida,NF,Bellarmine,B,117,114,FINISHED,ncaam,2026-08-23T20:56:10+00:00
ncaam-211053,NCAAM,2025-26,2026-01-24T17:00:00Z,Regular,Jadwin Gymnasium,Princeton,P,Brown,B,63,53,FINISHED,ncaam,2026-08-23T20:56:10+00:00
ncaam-211069,NCAAM,2025-26,2026-01-24T17:00:00Z,Regular,William H. Pitt Center,Sacred Heart,SH,Niagara,N,71,70,FINISHED,ncaam,2026-08-23T20:56:10+00:00
ncaam-211077,NCAAM,2025-26,2026-01-24T17:00:00Z,Regular,Convocation Center (VA),Hampton,H,UNC Wilmington,UW,67,75,FINISHED,ncaam,2026-08-23T20:56:10+00:00
ncaam-211078,NCAAM,2025-26,2026-01-24T17:00:00Z,Regular,TD Arena,Charleston,C,Elon,E,80,70,FINISHED,ncaam,2026-08-23T20:56:10+00:00
ncaam-211079,NCAAM,2025-26,2026-01-24T17:00:00Z,Regular,Corbett Sports Center,North Carolina A&T,NCA,Towson,T,80,73,FINISHED,ncaam,2026-08-23T20:56:10+00:00
ncaam-211080,NCAAM,2025-26,2026-01-24T17:00:00Z,Regular,John W. Pope Jr. Convocation Center,Campbell,C,Monmouth,M,73,88,FINISHED,ncaam,2026-08-23T20:56:10+00:00
ncaam-211081,NCAAM,2025-26,2026-01-24T17:00:00Z,Regular,Kaplan Arena,William & Mary,W&M,Hofstra,H,89,82,FINISHED,ncaam,2026-08-23T20:56:10+00:00
ncaam-211111,NCAAM,2025-26,2026-01-24T17:00:00Z,Regular,Humphrey Coliseum,Mississippi State,MS,Vanderbilt,V,56,88,FINISHED,ncaam,2026-08-23T20:56:10+00:00
ncaam-214612,NCAAM,2025-26,2026-01-24T17:00:00Z,Regular,Williams Arena,Minnesota,M,Nebraska,N,57,76,FINISHED,ncaam,2026-08-23T20:56:10+00:00
ncaam-214613,NCAAM,2025-26,2026-01-24T17:00:00Z,Regular,Breslin Center,Michigan State,MS,Maryland,M,91,48,FINISHED,ncaam,2026-08-23T20:56:10+00:00
ncaam-214614,NCAAM,2025-26,2026-01-24T17:00:00Z,Regular,Hart Center,Holy Cross,HC,American University,AU,67,76,FINISHED,ncaam,2026-08-23T20:56:10+00:00
ncaam-214626,NCAAM,2025-26,2026-01-24T17:00:00Z,Regular,John Paul Jones Arena,Virginia,V,North Carolina,NC,80,85,FINISHED,ncaam,2026-08-23T20:56:10+00:00
ncaam-214630,NCAAM,2025-26,2026-01-24T17:00:00Z,Regular,Petersen Events Center,Pittsburgh,P,NC State,NS,72,81,FINISHED,ncaam,2026-08-23T20:56:10+00:00
ncaam-214633,NCAAM,2025-26,2026-01-24T17:00:00Z,Regular,McCamish Pavilion,Georgia Tech,GT,Clemson,C,63,77,FINISHED,ncaam,2026-08-23T20:56:10+00:00
ncaam-214634,NCAAM,2025-26,2026-01-24T17:00:00Z,Regular,Cameron Indoor Stadium,Duke,D,Wake Forest,WF,90,69,FINISHED,ncaam,2026-08-23T20:56:10+00:00
ncaam-211125,NCAAM,2025-26,2026-01-24T17:30:00Z,Regular,Ellis T. Johnson Arena,Morehead State,MS,Eastern Illinois,EI,73,68,FINISHED,ncaam,2026-08-23T20:56:10+00:00
ncaam-214622,NCAAM,2025-26,2026-01-24T17:30:00Z,Regular,Amica Mutual Pavilion,Providence,P,Georgetown,G,78,81,FINISHED,ncaam,2026-08-23T20:56:10+00:00
ncaam-214625,NCAAM,2025-26,2026-01-24T17:30:00Z,Regular,Gampel Pavilion,UConn,U,Villanova,V,75,67,FINISHED,ncaam,2026-08-23T20:56:10+00:00
ncaam-211060,NCAAM,2025-26,2026-01-24T18:00:00Z,Regular,Nutter Center,Wright State,WS,Northern Kentucky,NK,88,80,FINISHED,ncaam,2026-08-23T20:56:10+00:00
ncaam-211061,NCAAM,2025-26,2026-01-24T18:00:00Z,Regular,Beeghly Center,Youngstown State,YS,Milwaukee,M,64,65,FINISHED,ncaam,2026-08-23T20:56:10+00:00
ncaam-211062,NCAAM,2025-26,2026-01-24T18:00:00Z,Regular,UPMC Events Center,Robert Morris,RM,Green Bay,GB,67,71,FINISHED,ncaam,2026-08-23T20:56:10+00:00
ncaam-211071,NCAAM,2025-26,2026-01-24T18:00:00Z,Regular,McCann Arena,Marist,M,Quinnipiac,Q,71,64,FINISHED,ncaam,2026-08-23T20:56:10+00:00
ncaam-211073,NCAAM,2025-26,2026-01-24T18:00:00Z,Regular,Chace Athletic Center,Bryant,B,Vermont,V,52,62,FINISHED,ncaam,2026-08-23T20:56:10+00:00
ncaam-211074,NCAAM,2025-26,2026-01-24T18:00:00Z,Regular,Chesapeake Employers Insurance Arena,UMBC,U,UMass Lowell,UL,79,56,FINISHED,ncaam,2026-08-23T20:56:10+00:00
ncaam-211098,NCAAM,2025-26,2026-01-24T18:00:00Z,Regular,Atlantic Union Bank Center,James Madison,JM,Texas State,TS,82,57,FINISHED,ncaam,2026-08-23T20:56:10+00:00
ncaam-211101,NCAAM,2025-26,2026-01-24T18:00:00Z,Regular,The HTC Center,Coastal Carolina,CC,Southern Miss,SM,85,67,FINISHED,ncaam,2026-08-23T20:56:10+00:00
ncaam-211108,NCAAM,2025-26,2026-01-24T18:00:00Z,Regular,Moody Center,Texas,T,Georgia,G,87,67,FINISHED,ncaam,2026-08-23T20:56:10+00:00
ncaam-211109,NCAAM,2025-26,2026-01-24T18:00:00Z,Regular,Reed Arena,Texas A&M,TA,South Carolina,SC,92,69,FINISHED,ncaam,2026-08-23T20:56:10+00:00
ncaam-211129,NCAAM,2025-26,2026-01-24T18:00:00Z,Regular,Liberty Arena,Liberty,L,Delaware,D,67,51,FINISHED,ncaam,2026-08-23T20:56:10+00:00
ncaam-358695,NCAAM,2025-26,2026-01-24T18:00:00Z,Regular,Hulman Center,Indiana State,IS,Drake,D,62,76,FINISHED,ncaam,2026-08-23T20:56:10+00:00
ncaam-358698,NCAAM,2025-26,2026-01-24T18:00:00Z,Regular,UTSA Convocation Center,UTSA,U,Temple,T,64,70,FINISHED,ncaam,2026-08-23T20:56:10+00:00
ncaam-358718,NCAAM,2025-26,2026-01-24T18:00:00Z,Regular,Curb Event Center Arena,Belmont,B,Illinois State,IS,80,69,FINISHED,ncaam,2026-08-23T20:56:10+00:00
ncaam-211084,NCAAM,2025-26,2026-01-24T18:30:00Z,Regular,Ramsey Center,Western Carolina,WC,VMI,V,88,58,FINISHED,ncaam,2026-08-23T20:56:10+00:00
ncaam-214624,NCAAM,2025-26,2026-01-24T18:30:00Z,Regular,Cintas Center,Xavier,X,St. John's,SJ,83,88,FINISHED,ncaam,2026-08-23T20:56:10+00:00
ncaam-214637,NCAAM,2025-26,2026-01-24T18:30:00Z,Regular,Alumni Hall (Navy),Navy,N,Army,A,84,56,FINISHED,ncaam,2026-08-23T20:56:10+00:00
ncaam-214641,NCAAM,2025-26,2026-01-24T18:30:00Z,Regular,Joseph G. Echols Hall,Norfolk State,NS,Coppin State,CS,103,76,FINISHED,ncaam,2026-08-23T20:56:10+00:00
ncaam-211054,NCAAM,2025-26,2026-01-24T19:00:00Z,Regular,Levien Gymnasium,Dartmouth,D,Columbia,C,69,79,FINISHED,ncaam,2026-08-23T20:56:10+00:00
ncaam-211055,NCAAM,2025-26,2026-01-24T19:00:00Z,Regular,Sanford Coyote Sports Center,South Dakota,SD,St. Thomas-Minnesota,STM,78,90,FINISHED,ncaam,2026-08-23T20:56:10+00:00
ncaam-211063,NCAAM,2025-26,2026-01-24T19:00:00Z,Regular,Worthen Arena,Ball State,BS,Northern Illinois,NI,58,53,FINISHED,ncaam,2026-08-23T20:56:10+00:00
ncaam-211075,NCAAM,2025-26,2026-01-24T19:00:00Z,Regular,The Pit in Memorial Gymnasium,Maine,M,Binghamton,B,79,63,FINISHED,ncaam,2026-08-23T20:56:10+00:00
ncaam-211076,NCAAM,2025-26,2026-01-24T19:00:00Z,Regular,Lundholm Gymnasium,New Hampshire,NH,UAlbany,U,80,72,FINISHED,ncaam,2026-08-23T20:56:10+00:00
ncaam-211082,NCAAM,2025-26,2026-01-24T19:00:00Z,Regular,Daskalakis Athletic Center,Drexel,D,Northeastern,N,83,78,FINISHED,ncaam,2026-08-23T20:56:10+00:00
ncaam-211086,NCAAM,2025-26,2026-01-24T19:00:00Z,Regular,Pete Hanna Center,Samford,S,Chattanooga,C,75,64,FINISHED,ncaam,2026-08-23T20:56:10+00:00
ncaam-211099,NCAAM,2025-26,2026-01-24T19:00:00Z,Regular,GSU Convocation Center,Georgia State,GS,Arkansas State,AS,82,81,FINISHED,ncaam,2026-08-23T20:56:10+00:00
ncaam-211110,NCAAM,2025-26,2026-01-24T19:00:00Z,Regular,Mizzou Arena,Missouri,M,Oklahoma,O,88,87,FINISHED,ncaam,2026-08-23T20:56:10+00:00
ncaam-211131,NCAAM,2025-26,2026-01-24T19:00:00Z,Regular,Pan American Center,New Mexico State,NMS,Florida International,FI,78,81,FINISHED,ncaam,2026-08-23T20:56:10+00:00
ncaam-211133,NCAAM,2025-26,2026-01-24T19:00:00Z,Regular,Bernard G. Johnson Coliseum,Sam Houston,SH,Western Kentucky,WK,73,58,FINISHED,ncaam,2026-08-23T20:56:10+00:00
ncaam-211135,NCAAM,2025-26,2026-01-24T19:00:00Z,Regular,Lavietes Pavilion,Harvard,H,Cornell,C,79,86,FINISHED,ncaam,2026-08-23T20:56:10+00:00
ncaam-211136,NCAAM,2025-26,2026-01-24T19:00:00Z,Regular,The Palestra,Pennsylvania,P,Yale,Y,60,77,FINISHED,ncaam,2026-08-23T20:56:10+00:00
ncaam-214599,NCAAM,2025-26,2026-01-24T19:00:00Z,Regular,United Supermarkets Arena,Texas Tech,TT,Houston,H,90,86,FINISHED,ncaam,2026-08-23T20:56:10+00:00
ncaam-214606,NCAAM,2025-26,2026-01-24T19:00:00Z,Regular,McKale Memorial Center,Arizona,A,West Virginia,WV,88,53,FINISHED,ncaam,2026-08-23T20:56:10+00:00
ncaam-214615,NCAAM,2025-26,2026-01-24T19:00:00Z,Regular,Cotterell Court,Colgate,C,Boston University,BU,80,79,FINISHED,ncaam,2026-08-23T20:56:10+00:00
ncaam-214616,NCAAM,2025-26,2026-01-24T19:00:00Z,Regular,Templeton Center,Presbyterian,P,Winthrop,W,72,82,FINISHED,ncaam,2026-08-23T20:56:10+00:00
ncaam-214627,NCAAM,2025-26,2026-01-24T19:00:00Z,Regular,JMA Wireless Dome,Syracuse,S,Miami,M,76,85,FINISHED,ncaam,2026-08-23T20:56:10+00:00
ncaam-214642,NCAAM,2025-26,2026-01-24T19:00:00Z,Regular,Reitz Arena,Loyola Maryland,LM,Bucknell,B,67,62,FINISHED,ncaam,2026-08-23T20:56:10+00:00
ncaam-358696,NCAAM,2025-26,2026-01-24T19:00:00Z,Regular,Thomas M. Ryan Center,Rhode Island,RI,George Mason,GM,74,65,FINISHED,ncaam,2026-08-23T20:56:10+00:00
ncaam-358697,NCAAM,2025-26,2026-01-24T19:00:00Z,Regular,Gentile Arena,Loyola Chicago,LC,Duquesne,D,59,71,FINISHED,ncaam,2026-08-23T20:56:10+00:00
ncaam-358706,NCAAM,2025-26,2026-01-24T19:00:00Z,Regular,Burr Gymnasium,Howard,H,Morgan State,MS,77,78,FINISHED,ncaam,2026-08-23T20:56:10+00:00
ncaam-358707,NCAAM,2025-26,2026-01-24T19:00:00Z,Regular,Michael J. Hagan '85 Arena,Saint Joseph's,SJ,Dayton,D,81,74,FINISHED,ncaam,2026-08-23T20:56:10+00:00
ncaam-214632,NCAAM,2025-26,2026-01-24T19:15:00Z,Regular,KFC Yum! Center,Louisville,L,Virginia Tech,VT,85,71,FINISHED,ncaam,2026-08-23T20:56:10+00:00
ncaam-211093,NCAAM,2025-26,2026-01-24T19:30:00Z,Regular,Pride Roofing University Center,SE Louisiana,SL,Nicholls,N,67,61,FINISHED,ncaam,2026-08-23T20:56:10+00:00
ncaam-211116,NCAAM,2025-26,2026-01-24T19:30:00Z,Regular,The Coliseum,West Georgia,WG,Queens University,QU,74,66,FINISHED,ncaam,2026-08-23T20:56:10+00:00
ncaam-211122,NCAAM,2025-26,2026-01-24T19:30:00Z,Regular,First Community Arena,SIU Edwardsville,SE,Tennessee Tech,TT,62,58,FINISHED,ncaam,2026-08-23T20:56:10+00:00
ncaam-211057,NCAAM,2025-26,2026-01-24T20:00:00Z,Regular,Mabee Center,Oral Roberts,OR,North Dakota State,NDS,58,86,FINISHED,ncaam,2026-08-23T20:56:10+00:00
ncaam-211059,NCAAM,2025-26,2026-01-24T20:00:00Z,Regular,Calihan Hall,Detroit Mercy,DM,Oakland,O,87,95,FINISHED,ncaam,2026-08-23T20:56:10+00:00
ncaam-211100,NCAAM,2025-26,2026-01-24T20:00:00Z,Regular,Jack and Ruth Ann Hill Convocation Center,Georgia Southern,GS,Troy,T,78,83,FINISHED,ncaam,2026-08-23T20:56:10+00:00
ncaam-211118,NCAAM,2025-26,2026-01-24T20:00:00Z,Regular,Swisher Gymnasium,Jacksonville,J,Eastern Kentucky,EK,81,76,FINISHED,ncaam,2026-08-23T20:56:10+00:00
ncaam-214600,NCAAM,2025-26,2026-01-24T20:00:00Z,Regular,Gallagher-Iba Arena,Oklahoma State,OS,Iowa State,IS,71,84,FINISHED,ncaam,2026-08-23T20:56:10+00:00
ncaam-214602,NCAAM,2025-26,2026-01-24T20:00:00Z,Regular,CU Events Center,Colorado,C,UCF,U,86,95,FINISHED,ncaam,2026-08-23T20:56:10+00:00
ncaam-214611,NCAAM,2025-26,2026-01-24T20:00:00Z,Regular,Mackey Arena,Purdue,P,Illinois,I,82,88,FINISHED,ncaam,2026-08-23T20:56:10+00:00
ncaam-214639,NCAAM,2025-26,2026-01-24T20:00:00Z,Regular,Hammel Court,Merrimack,M,Saint Peter's,SP,67,59,FINISHED,ncaam,2026-08-23T20:56:10+00:00
ncaam-358699,NCAAM,2025-26,2026-01-24T20:00:00Z,Regular,Charles E. Smith Center,George Washington,GW,Richmond,R,85,69,FINISHED,ncaam,2026-08-23T20:56:10+00:00
ncaam-211065,NCAAM,2025-26,2026-01-24T20:30:00Z,Regular,Gervin GameAbove Center,Eastern Michigan,EM,Kent State,KS,75,76,FINISHED,ncaam,2026-08-23T20:56:10+00:00
ncaam-211094,NCAAM,2025-26,2026-01-24T20:30:00Z,Regular,Legacy Center,McNeese,M,New Orleans,NO,82,63,FINISHED,ncaam,2026-08-23T20:56:10+00:00
ncaam-211124,NCAAM,2025-26,2026-01-24T20:30:00Z,Regular,Hyland Arena,Lindenwood,L,Tennessee State,TS,86,96,FINISHED,ncaam,2026-08-23T20:56:10+00:00
ncaam-214607,NCAAM,2025-26,2026-01-24T20:30:00Z,Regular,H&PE Arena,Texas Southern,TS,Alabama A&M,AA,89,74,FINISHED,ncaam,2026-08-23T20:56:10+00:00
ncaam-211058,NCAAM,2025-26,2026-01-24T21:00:00Z,Regular,Hamilton Gymnasium,Denver,D,North Dakota,ND,86,93,FINISHED,ncaam,2026-08-23T20:56:10+00:00
ncaam-211092,NCAAM,2025-26,2026-01-24T21:00:00Z,Regular,Montagne Center,Lamar,L,Stephen F. Austin,SFA,81,88,FINISHED,ncaam,2026-08-23T20:56:10+00:00
ncaam-211113,NCAAM,2025-26,2026-01-24T21:00:00Z,Regular,Stephen C. O'Connell Center,Florida,F,Auburn,A,67,76,FINISHED,ncaam,2026-08-23T20:56:10+00:00
ncaam-211130,NCAAM,2025-26,2026-01-24T21:00:00Z,Regular,Don Haskins Center,UTEP,U,Missouri State,MS,57,62,FINISHED,ncaam,2026-08-23T20:56:10+00:00
ncaam-211137,NCAAM,2025-26,2026-01-24T21:00:00Z,Regular,Knott Arena,Mount St. Mary's,MSM,Rider,R,71,61,FINISHED,ncaam,2026-08-23T20:56:10+00:00
ncaam-214608,NCAAM,2025-26,2026-01-24T21:00:00Z,Regular,Moore Gymnasium (FL),Bethune-Cookman,BC,Jackson State,JS,85,48,FINISHED,ncaam,2026-08-23T20:56:10+00:00
ncaam-214620,NCAAM,2025-26,2026-01-24T21:00:00Z,Regular,Thomas & Mack Center,UNLV,U,San Diego State,SDS,71,82,FINISHED,ncaam,2026-08-23T20:56:10+00:00
ncaam-214629,NCAAM,2025-26,2026-01-24T21:00:00Z,Regular,Moody Coliseum,SMU,S,Florida State,FS,83,80,FINISHED,ncaam,2026-08-23T20:56:10+00:00
ncaam-214635,NCAAM,2025-26,2026-01-24T21:00:00Z,Regular,ExtraMile Arena,Boise State,BS,Air Force,AF,96,54,FINISHED,ncaam,2026-08-23T20:56:10+00:00
ncaam-358700,NCAAM,2025-26,2026-01-24T21:00:00Z,Regular,McLeod Center,Northern Iowa,NI,Murray State,MS,81,76,FINISHED,ncaam,2026-08-23T20:56:10+00:00
ncaam-358701,NCAAM,2025-26,2026-01-24T21:00:00Z,Regular,Arena-Auditorium,Wyoming,W,San José State,SJS,66,62,FINISHED,ncaam,2026-08-23T20:56:10+00:00
ncaam-358702,NCAAM,2025-26,2026-01-24T21:00:00Z,Regular,Charles Koch Arena,Wichita State,WS,Memphis,M,74,59,FINISHED,ncaam,2026-08-23T20:56:10+00:00
ncaam-211091,NCAAM,2025-26,2026-01-24T21:30:00Z,Regular,Sharp Gymnasium,Houston Christian,HC,UT Rio Grande Valley,URGV,51,68,FINISHED,ncaam,2026-08-23T20:56:10+00:00
ncaam-214636,NCAAM,2025-26,2026-01-24T21:30:00Z,Regular,McDermott Center,Incarnate Word,IW,Texas A&M-Corpus Christi,TACC,71,79,FINISHED,ncaam,2026-08-23T20:56:10+00:00
ncaam-358720,NCAAM,2025-26,2026-01-24T21:30:00Z,Regular,Tudor Fieldhouse,Rice,R,Tulsa,T,81,87,FINISHED,ncaam,2026-08-23T20:56:10+00:00
ncaam-211067,NCAAM,2025-26,2026-01-24T22:00:00Z,Regular,Savage Arena,Toledo,T,Bowling Green,BG,73,72,FINISHED,ncaam,2026-08-23T20:56:10+00:00
ncaam-211105,NCAAM,2025-26,2026-01-24T22:00:00Z,Regular,ICCU Arena,Idaho,I,Portland State,PS,66,69,FINISHED,ncaam,2026-08-23T20:56:10+00:00
ncaam-211106,NCAAM,2025-26,2026-01-24T22:00:00Z,Regular,Reese Court,Eastern Washington,EW,Sacramento State,SS,75,67,FINISHED,ncaam,2026-08-23T20:56:10+00:00
ncaam-211114,NCAAM,2025-26,2026-01-24T22:00:00Z,Regular,Bud Walton Arena,Arkansas,A,LSU,L,85,81,FINISHED,ncaam,2026-08-23T20:56:10+00:00
ncaam-211138,NCAAM,2025-26,2026-01-24T22:00:00Z,Regular,University Credit Union Center,UC Davis,UD,UC Riverside,UR,74,66,FINISHED,ncaam,2026-08-23T20:56:10+00:00
ncaam-214623,NCAAM,2025-26,2026-01-24T22:00:00Z,Regular,Wintrust Arena,DePaul,D,Seton Hall,SH,67,60,FINISHED,ncaam,2026-08-23T20:56:10+00:00
ncaam-358704,NCAAM,2025-26,2026-01-24T22:00:00Z,Regular,John M. Belk Arena,Davidson,D,VCU,V,69,75,FINISHED,ncaam,2026-08-23T20:56:10+00:00
ncaam-214603,NCAAM,2025-26,2026-01-24T22:30:00Z,Regular,Marriott Center,BYU,B,Utah,U,91,78,FINISHED,ncaam,2026-08-23T20:56:10+00:00
ncaam-214643,NCAAM,2025-26,2026-01-24T22:30:00Z,Regular,William Nicks Building,Prairie View A&M,PVA,Alabama State,AS,80,95,FINISHED,ncaam,2026-08-23T20:56:10+00:00
ncaam-211066,NCAAM,2025-26,2026-01-24T23:00:00Z,Regular,University Arena (MI),Western Michigan,WM,Central Michigan,CM,77,65,FINISHED,ncaam,2026-08-23T20:56:10+00:00
ncaam-211139,NCAAM,2025-26,2026-01-24T23:00:00Z,Regular,Dahlberg Arena,Montana,M,Idaho State,IS,69,60,FINISHED,ncaam,2026-08-23T20:56:10+00:00
ncaam-214604,NCAAM,2025-26,2026-01-24T23:00:00Z,Regular,Foster Pavilion,Baylor,B,TCU,T,90,97,FINISHED,ncaam,2026-08-23T20:56:10+00:00
ncaam-214610,NCAAM,2025-26,2026-01-24T23:00:00Z,Regular,Pauley Pavilion,UCLA,U,Northwestern,N,71,64,FINISHED,ncaam,2026-08-23T20:56:10+00:00
ncaam-214631,NCAAM,2025-26,2026-01-24T23:00:00Z,Regular,Purcell Pavilion,Notre Dame,ND,Boston College,BC,68,64,FINISHED,ncaam,2026-08-23T20:56:10+00:00
ncaam-214644,NCAAM,2025-26,2026-01-24T23:00:00Z,Regular,F.G. Clark Activity Center,Southern,S,Arkansas-Pine Bluff,APB,74,75,FINISHED,ncaam,2026-08-23T20:56:10+00:00
ncaam-358694,NCAAM,2025-26,2026-01-24T23:00:00Z,Regular,Al Lawson Center,Florida A&M,FA,Alcorn State,AS,66,58,FINISHED,ncaam,2026-08-23T20:56:10+00:00
ncaam-358705,NCAAM,2025-26,2026-01-24T23:00:00Z,Regular,Beasley Coliseum,Washington State,WS,Pepperdine,P,95,79,FINISHED,ncaam,2026-08-23T20:56:10+00:00
ncaam-211070,NCAAM,2025-26,2026-01-25T00:00:00Z,Regular,Leo D. Mahoney Arena,Fairfield,F,Canisius,C,61,55,FINISHED,ncaam,2026-08-23T20:56:10+00:00
ncaam-211072,NCAAM,2025-26,2026-01-25T00:00:00Z,Regular,Hynes Athletics Center,Iona,I,Manhattan,M,66,57,FINISHED,ncaam,2026-08-23T20:56:10+00:00
ncaam-211088,NCAAM,2025-26,2026-01-25T00:00:00Z,Regular,Mott Athletics Center,Cal Poly,CP,Cal State Fullerton,CSF,78,93,FINISHED,ncaam,2026-08-23T20:56:10+00:00
ncaam-214640,NCAAM,2025-26,2026-01-25T00:00:00Z,Regular,Walter Pyramid,Long Beach State,LBS,UC Santa Barbara,USB,71,74,FINISHED,ncaam,2026-08-23T20:56:10+00:00
ncaam-358710,NCAAM,2025-26,2026-01-25T00:00:00Z,Regular,Stabler Arena,Lehigh,L,Lafayette,L,64,59,FINISHED,ncaam,2026-08-23T20:56:10+00:00
ncaam-358711,NCAAM,2025-26,2026-01-25T00:00:00Z,Regular,Alex G. Spanos Center,Pacific,P,Seattle U,SU,56,54,FINISHED,ncaam,2026-08-23T20:56:10+00:00
ncaam-214619,NCAAM,2025-26,2026-01-25T00:50:00Z,Regular,Save Mart Center,Fresno State,FS,Grand Canyon,GC,57,68,FINISHED,ncaam,2026-08-23T20:56:10+00:00
ncaam-211056,NCAAM,2025-26,2026-01-25T01:00:00Z,Regular,Swinney Center,Kansas City,KC,Omaha,O,60,77,FINISHED,ncaam,2026-08-23T20:56:10+00:00
ncaam-211103,NCAAM,2025-26,2026-01-25T01:00:00Z,Regular,J. Lawrence Walkup Skydome,Northern Arizona,NA,Northern Colorado,NC,81,77,FINISHED,ncaam,2026-08-23T20:56:10+00:00
ncaam-211104,NCAAM,2025-26,2026-01-25T01:00:00Z,Regular,Worthington Arena,Montana State,MS,Weber State,WS,91,88,FINISHED,ncaam,2026-08-23T20:56:10+00:00
ncaam-211126,NCAAM,2025-26,2026-01-25T01:00:00Z,Regular,Dale E. and Sarah Ann Fowler Events Center,California Baptist,CB,Utah Valley,UV,78,71,FINISHED,ncaam,2026-08-23T20:56:10+00:00
ncaam-214601,NCAAM,2025-26,2026-01-25T01:00:00Z,Regular,Bramlage Coliseum,Kansas State,KS,Kansas,K,62,86,FINISHED,ncaam,2026-08-23T20:56:10+00:00
ncaam-214628,NCAAM,2025-26,2026-01-25T01:00:00Z,Regular,Maples Pavilion,Stanford,S,California,C,66,78,FINISHED,ncaam,2026-08-23T20:56:10+00:00
ncaam-358712,NCAAM,2025-26,2026-01-25T01:00:00Z,Regular,McCarthey Athletic Center,Gonzaga,G,San Francisco,SF,68,66,FINISHED,ncaam,2026-08-23T20:56:10+00:00
ncaam-358713,NCAAM,2025-26,2026-01-25T01:00:00Z,Regular,Carver Arena,Bradley,B,UIC,U,70,85,FINISHED,ncaam,2026-08-23T20:56:10+00:00
ncaam-358714,NCAAM,2025-26,2026-01-25T01:00:00Z,Regular,The Pit,New Mexico,NM,Nevada,N,80,73,FINISHED,ncaam,2026-08-23T20:56:10+00:00
ncaam-358715,NCAAM,2025-26,2026-01-25T01:00:00Z,Regular,Chiles Center,Portland,P,Saint Mary's,SM,69,75,FINISHED,ncaam,2026-08-23T20:56:10+00:00
ncaam-211107,NCAAM,2025-26,2026-01-25T01:30:00Z,Regular,Coleman Coliseum,Alabama,A,Tennessee,T,73,79,FINISHED,ncaam,2026-08-23T20:56:10+00:00
ncaam-211127,NCAAM,2025-26,2026-01-25T02:00:00Z,Regular,Burns Arena,Utah Tech,UT,Southern Utah,SU,102,91,FINISHED,ncaam,2026-08-23T20:56:10+00:00
ncaam-358709,NCAAM,2025-26,2026-01-25T02:30:00Z,Regular,Jenny Craig Pavilion,San Diego,SD,Santa Clara,SC,73,85,FINISHED,ncaam,2026-08-23T20:56:10+00:00
ncaam-211090,NCAAM,2025-26,2026-01-25T03:00:00Z,Regular,LionTree Arena,UC San Diego,USD,UC Irvine,UI,59,61,FINISHED,ncaam,2026-08-23T20:56:10+00:00
ncaam-214605,NCAAM,2025-26,2026-01-25T03:00:00Z,Regular,Desert Financial Arena,Arizona State,AS,Cincinnati,C,82,68,FINISHED,ncaam,2026-08-23T20:56:10+00:00
ncaam-211089,NCAAM,2025-26,2026-01-25T04:59:00Z,Regular,Stan Sheriff Center,Hawai'i,H,Cal State Northridge,CSN,89,68,FINISHED,ncaam,2026-08-23T20:56:10+00:00
ncaam-358716,NCAAM,2025-26,2026-01-25T18:00:00Z,Regular,Yuengling Center,South Florida,SF,Florida Atlantic,FA,89,75,FINISHED,ncaam,2026-08-23T20:56:10+00:00
ncaam-214646,NCAAM,2025-26,2026-01-25T20:00:00Z,Regular,Alaska Airlines Arena,Washington,W,Oregon,O,72,57,FINISHED,ncaam,2026-08-23T20:56:10+00:00
ncaam-214648,NCAAM,2025-26,2026-01-25T20:00:00Z,Regular,Mercyhurst Athletic Center,Mercyhurst,M,Chicago State,CS,61,59,FINISHED,ncaam,2026-08-23T20:56:10+00:00
ncaam-214645,NCAAM,2025-26,2026-01-25T21:00:00Z,Regular,Kohl Center,Wisconsin,W,USC,U,71,73,FINISHED,ncaam,2026-08-23T20:56:10+00:00
ncaam-211143,NCAAM,2025-26,2026-01-26T23:00:00Z,Regular,Bogota Savings Bank Center,Fairleigh Dickinson,FD,Le Moyne,LM,74,87,FINISHED,ncaam,2026-08-23T20:56:10+00:00
ncaam-358724,NCAAM,2025-26,2026-01-26T23:00:00Z,Regular,Smith-Hammond-Middleton Memorial Center,South Carolina State,SCS,Delaware State,DS,70,64,FINISHED,ncaam,2026-08-23T20:56:10+00:00
ncaam-211140,NCAAM,2025-26,2026-01-27T00:00:00Z,Regular,Merkert Gymnasium,Stonehill,S,Central Connecticut,CC,61,59,FINISHED,ncaam,2026-08-23T20:56:10+00:00
ncaam-214650,NCAAM,2025-26,2026-01-27T00:00:00Z,Regular,Moore Gymnasium (FL),Bethune-Cookman,BC,Alcorn State,AS,82,73,FINISHED,ncaam,2026-08-23T20:56:10+00:00
ncaam-214652,NCAAM,2025-26,2026-01-27T00:00:00Z,Regular,Schottenstein Center,Ohio State,OS,Penn State,PS,84,78,FINISHED,ncaam,2026-08-23T20:56:10+00:00
ncaam-214656,NCAAM,2025-26,2026-01-27T00:00:00Z,Regular,Cameron Indoor Stadium,Duke,D,Louisville,L,83,52,FINISHED,ncaam,2026-08-23T20:56:10+00:00
ncaam-358721,NCAAM,2025-26,2026-01-27T00:00:00Z,Regular,Al Lawson Center,Florida A&M,FA,Jackson State,JS,65,66,FINISHED,ncaam,2026-08-23T20:56:10+00:00
ncaam-358723,NCAAM,2025-26,2026-01-27T00:00:00Z,Regular,Joseph G. Echols Hall,Norfolk State,NS,Morgan State,MS,78,79,FINISHED,ncaam,2026-08-23T20:56:10+00:00
ncaam-211145,NCAAM,2025-26,2026-01-27T01:00:00Z,Regular,American Bank Center,Texas A&M-Corpus Christi,TACC,UT Rio Grande Valley,URGV,55,64,FINISHED,ncaam,2026-08-23T20:56:10+00:00
ncaam-214659,NCAAM,2025-26,2026-01-27T02:00:00Z,Regular,Marriott Center,BYU,B,Arizona,A,83,86,FINISHED,ncaam,2026-08-23T20:56:10+00:00
ncaam-214649,NCAAM,2025-26,2026-01-27T19:00:00Z,Regular,H&PE Arena,Texas Southern,TS,Alabama State,AS,96,64,FINISHED,ncaam,2026-08-23T20:56:10+00:00
ncaam-359054,NCAAM,2025-26,2026-01-27T19:00:00Z,Regular,William Nicks Building,Prairie View A&M,PVA,Alabama A&M,AA,60,80,FINISHED,ncaam,2026-08-23T20:56:10+00:00
ncaam-211146,NCAAM,2025-26,2026-01-27T21:00:00Z,Regular,William R. Johnson Coliseum,Stephen F. Austin,SFA,Northwestern State,NS,69,67,FINISHED,ncaam,2026-08-23T20:56:10+00:00
ncaam-211147,NCAAM,2025-26,2026-01-27T21:30:00Z,Regular,David R. Stopher Gymnasium,Nicholls,N,New Orleans,NO,62,80,FINISHED,ncaam,2026-08-23T20:56:10+00:00
ncaam-214670,NCAAM,2025-26,2026-01-27T23:00:00Z,Regular,Petersen Events Center,Pittsburgh,P,Wake Forest,WF,80,76,FINISHED,ncaam,2026-08-23T20:56:10+00:00
ncaam-214662,NCAAM,2025-26,2026-01-27T23:30:00Z,Regular,Jersey Mike’s Arena,Rutgers,R,Michigan State,MS,79,88,FINISHED,ncaam,2026-08-23T20:56:10+00:00
ncaam-211148,NCAAM,2025-26,2026-01-28T00:00:00Z,Regular,Pride Roofing University Center,SE Louisiana,SL,McNeese,M,66,76,FINISHED,ncaam,2026-08-23T20:56:10+00:00
ncaam-211151,NCAAM,2025-26,2026-01-28T00:00:00Z,Regular,James A. Rhodes Arena,Akron,A,Toledo,T,91,81,FINISHED,ncaam,2026-08-23T20:56:10+00:00
ncaam-211153,NCAAM,2025-26,2026-01-28T00:00:00Z,Regular,M.A.C. Center,Kent State,KS,Ohio,O,72,57,FINISHED,ncaam,2026-08-23T20:56:10+00:00
ncaam-211154,NCAAM,2025-26,2026-01-28T00:00:00Z,Regular,McGuirk Arena,Central Michigan,CM,Eastern Michigan,EM,100,65,FINISHED,ncaam,2026-08-23T20:56:10+00:00
ncaam-211155,NCAAM,2025-26,2026-01-28T00:00:00Z,Regular,Stroh Center,Bowling Green,BG,Buffalo,B,78,89,FINISHED,ncaam,2026-08-23T20:56:10+00:00
ncaam-211156,NCAAM,2025-26,2026-01-28T00:00:00Z,Regular,Lloyd Noble Center,Oklahoma,O,Arkansas,A,79,83,FINISHED,ncaam,2026-08-23T20:56:10+00:00
ncaam-214661,NCAAM,2025-26,2026-01-28T00:00:00Z,Regular,Addition Financial Arena,UCF,U,Arizona State,AS,79,76,FINISHED,ncaam,2026-08-23T20:56:10+00:00
ncaam-214663,NCAAM,2025-26,2026-01-28T00:00:00Z,Regular,Crisler Center,Michigan,M,Nebraska,N,75,72,FINISHED,ncaam,2026-08-23T20:56:10+00:00
ncaam-214671,NCAAM,2025-26,2026-01-28T00:00:00Z,Regular,Purcell Pavilion,Notre Dame,ND,Virginia,V,97,100,FINISHED,ncaam,2026-08-23T20:56:10+00:00
ncaam-214672,NCAAM,2025-26,2026-01-28T00:00:00Z,Regular,Lenovo Center,NC State,NS,Syracuse,S,88,68,FINISHED,ncaam,2026-08-23T20:56:10+00:00
ncaam-358725,NCAAM,2025-26,2026-01-28T00:00:00Z,Regular,Siegel Center,VCU,V,Richmond,R,77,69,FINISHED,ncaam,2026-08-23T20:56:10+00:00
ncaam-358726,NCAAM,2025-26,2026-01-28T00:00:00Z,Regular,UD Arena,Dayton,D,Rhode Island,RI,76,81,FINISHED,ncaam,2026-08-23T20:56:10+00:00
ncaam-359055,NCAAM,2025-26,2026-01-28T00:00:00Z,Regular,Montagne Center,Lamar,L,East Texas A&M,ETA,82,61,FINISHED,ncaam,2026-08-23T20:56:10+00:00
ncaam-214668,NCAAM,2025-26,2026-01-28T00:30:00Z,Regular,Gampel Pavilion,UConn,U,Providence,P,87,81,FINISHED,ncaam,2026-08-23T20:56:10+00:00
ncaam-211150,NCAAM,2025-26,2026-01-28T01:00:00Z,Regular,NIU Convocation Center,Northern Illinois,NI,Western Michigan,WM,85,65,FINISHED,ncaam,2026-08-23T20:56:10+00:00
ncaam-211158,NCAAM,2025-26,2026-01-28T01:00:00Z,Regular,Coleman Coliseum,Alabama,A,Missouri,M,90,64,FINISHED,ncaam,2026-08-23T20:56:10+00:00
ncaam-214658,NCAAM,2025-26,2026-01-28T01:00:00Z,Regular,Sharp Gymnasium,Houston Christian,HC,Incarnate Word,IW,81,75,FINISHED,ncaam,2026-08-23T20:56:10+00:00
ncaam-214675,NCAAM,2025-26,2026-01-28T01:00:00Z,Regular,Cassell Coliseum,Virginia Tech,VT,Georgia Tech,GT,71,65,FINISHED,ncaam,2026-08-23T20:56:10+00:00
ncaam-358727,NCAAM,2025-26,2026-01-28T01:00:00Z,Regular,Credit Union 1 Arena,UIC,U,Indiana State,IS,76,74,FINISHED,ncaam,2026-08-23T20:56:10+00:00
ncaam-358728,NCAAM,2025-26,2026-01-28T01:00:00Z,Regular,Chaifetz Arena,Saint Louis,SL,George Washington,GW,79,76,FINISHED,ncaam,2026-08-23T20:56:10+00:00
ncaam-214660,NCAAM,2025-26,2026-01-28T01:30:00Z,Regular,WVU Coliseum,West Virginia,WV,Kansas State,KS,59,54,FINISHED,ncaam,2026-08-23T20:56:10+00:00
ncaam-211152,NCAAM,2025-26,2026-01-28T02:00:00Z,Regular,Millett Hall,Miami (OH),M(,Massachusetts,M,86,84,FINISHED,ncaam,2026-08-23T20:56:10+00:00
ncaam-211157,NCAAM,2025-26,2026-01-28T02:00:00Z,Regular,Memorial Gymnasium (TN),Vanderbilt,V,Kentucky,K,80,55,FINISHED,ncaam,2026-08-23T20:56:10+00:00
ncaam-214664,NCAAM,2025-26,2026-01-28T02:00:00Z,Regular,Simon Skjodt Assembly Hall,Indiana,I,Purdue,P,72,67,FINISHED,ncaam,2026-08-23T20:56:10+00:00
ncaam-358729,NCAAM,2025-26,2026-01-28T02:00:00Z,Regular,Gentile Arena,Loyola Chicago,LC,Saint Joseph's,SJ,64,85,FINISHED,ncaam,2026-08-23T20:56:10+00:00
ncaam-214669,NCAAM,2025-26,2026-01-28T02:30:00Z,Regular,Fiserv Forum,Marquette,M,Creighton,C,86,62,FINISHED,ncaam,2026-08-23T20:56:10+00:00
ncaam-214665,NCAAM,2025-26,2026-01-28T03:00:00Z,Regular,Provident Credit Union Event Center,San José State,SJS,Boise State,BS,58,89,FINISHED,ncaam,2026-08-23T20:56:10+00:00
ncaam-214666,NCAAM,2025-26,2026-01-28T03:30:00Z,Regular,Lawlor Events Center,Nevada,N,Grand Canyon,GC,66,60,FINISHED,ncaam,2026-08-23T20:56:10+00:00
ncaam-358730,NCAAM,2025-26,2026-01-28T04:00:00Z,Regular,Thomas & Mack Center,UNLV,U,New Mexico,NM,61,89,FINISHED,ncaam,2026-08-23T20:56:10+00:00
ncaam-214657,NCAAM,2025-26,2026-01-28T19:00:00Z,Regular,F.G. Clark Activity Center,Southern,S,Mississippi Valley State,MVS,80,69,FINISHED,ncaam,2026-08-23T20:56:10+00:00
ncaam-214678,NCAAM,2025-26,2026-01-28T23:00:00Z,Regular,Christl Arena,Army,A,Lehigh,L,67,64,FINISHED,ncaam,2026-08-23T20:56:10+00:00
ncaam-214677,NCAAM,2025-26,2026-01-28T23:30:00Z,Regular,Fifth Third Arena,Cincinnati,C,Baylor,B,67,57,FINISHED,ncaam,2026-08-23T20:56:10+00:00
ncaam-211160,NCAAM,2025-26,2026-01-29T00:00:00Z,Regular,Pete Maravich Assembly Center,LSU,L,Mississippi State,MS,66,80,FINISHED,ncaam,2026-08-23T20:56:10+00:00
ncaam-211161,NCAAM,2025-26,2026-01-29T00:00:00Z,Regular,Stegeman Coliseum,Georgia,G,Tennessee,T,85,86,FINISHED,ncaam,2026-08-23T20:56:10+00:00
ncaam-211162,NCAAM,2025-26,2026-01-29T00:00:00Z,Regular,Neville Arena,Auburn,A,Texas,T,88,82,FINISHED,ncaam,2026-08-23T20:56:10+00:00
ncaam-211166,NCAAM,2025-26,2026-01-29T00:00:00Z,Regular,Memorial Coliseum (IN),Purdue Fort Wayne,PFW,Oakland,O,65,74,FINISHED,ncaam,2026-08-23T20:56:10+00:00
ncaam-211167,NCAAM,2025-26,2026-01-29T00:00:00Z,Regular,UPMC Events Center,Robert Morris,RM,IU Indianapolis,II,74,58,FINISHED,ncaam,2026-08-23T20:56:10+00:00
ncaam-211170,NCAAM,2025-26,2026-01-29T00:00:00Z,Regular,Knights Hall,Bellarmine,B,West Georgia,WG,77,74,FINISHED,ncaam,2026-08-23T20:56:10+00:00
ncaam-211171,NCAAM,2025-26,2026-01-29T00:00:00Z,Regular,Curry Arena,Queens University,QU,Central Arkansas,CA,90,100,FINISHED,ncaam,2026-08-23T20:56:10+00:00
ncaam-211172,NCAAM,2025-26,2026-01-29T00:00:00Z,Regular,Baptist Health Arena,Eastern Kentucky,EK,Austin Peay,AP,82,90,FINISHED,ncaam,2026-08-23T20:56:10+00:00
ncaam-211178,NCAAM,2025-26,2026-01-29T00:00:00Z,Regular,Ocean Bank Convocation Center,Florida International,FI,Jacksonville State,JS,74,78,FINISHED,ncaam,2026-08-23T20:56:10+00:00
ncaam-211180,NCAAM,2025-26,2026-01-29T00:00:00Z,Regular,KSU Convocation Center,Kennesaw State,KS,Western Kentucky,WK,72,69,FINISHED,ncaam,2026-08-23T20:56:10+00:00
ncaam-214674,NCAAM,2025-26,2026-01-29T00:00:00Z,Regular,Tucker Center,Florida State,FS,California,C,63,61,FINISHED,ncaam,2026-08-23T20:56:10+00:00
ncaam-214681,NCAAM,2025-26,2026-01-29T00:00:00Z,Regular,Carver-Hawkeye Arena,Iowa,I,USC,U,73,72,FINISHED,ncaam,2026-08-23T20:56:10+00:00
ncaam-214682,NCAAM,2025-26,2026-01-29T00:00:00Z,Regular,Cotterell Court,Colgate,C,Holy Cross,HC,79,74,FINISHED,ncaam,2026-08-23T20:56:10+00:00
ncaam-214685,NCAAM,2025-26,2026-01-29T00:00:00Z,Regular,Carnesecca Arena,St. John's,SJ,Butler,B,92,70,FINISHED,ncaam,2026-08-23T20:56:10+00:00
ncaam-214686,NCAAM,2025-26,2026-01-29T00:00:00Z,Regular,Case Gym,Boston University,BU,Navy,N,50,58,FINISHED,ncaam,2026-08-23T20:56:10+00:00
ncaam-214687,NCAAM,2025-26,2026-01-29T00:00:00Z,Regular,Reitz Arena,Loyola Maryland,LM,American University,AU,77,68,FINISHED,ncaam,2026-08-23T20:56:10+00:00
ncaam-358722,NCAAM,2025-26,2026-01-29T00:00:00Z,Regular,Kirby Sports Center,Lafayette,L,Bucknell,B,81,79,FINISHED,ncaam,2026-08-23T20:56:10+00:00
ncaam-358731,NCAAM,2025-26,2026-01-29T00:00:00Z,Regular,Banterra Center,Southern Illinois,SI,Northern Iowa,NI,65,50,FINISHED,ncaam,2026-08-23T20:56:10+00:00
ncaam-358732,NCAAM,2025-26,2026-01-29T00:00:00Z,Regular,Rose Hill Gym,Fordham,F,La Salle,LS,64,58,FINISHED,ncaam,2026-08-23T20:56:10+00:00
ncaam-358733,NCAAM,2025-26,2026-01-29T00:00:00Z,Regular,UPMC Cooper Fieldhouse,Duquesne,D,St. Bonaventure,SB,79,87,FINISHED,ncaam,2026-08-23T20:56:10+00:00
ncaam-358734,NCAAM,2025-26,2026-01-29T00:00:00Z,Regular,EagleBank Arena,George Mason,GM,Davidson,D,60,52,FINISHED,ncaam,2026-08-23T20:56:10+00:00
ncaam-358735,NCAAM,2025-26,2026-01-29T00:00:00Z,Regular,Minges Coliseum,East Carolina,EC,Rice,R,77,83,FINISHED,ncaam,2026-08-23T20:56:10+00:00
ncaam-358736,NCAAM,2025-26,2026-01-29T00:00:00Z,Regular,Liacouras Center,Temple,T,Charlotte,C,76,80,FINISHED,ncaam,2026-08-23T20:56:10+00:00
ncaam-214683,NCAAM,2025-26,2026-01-29T00:30:00Z,Regular,Prudential Center,Seton Hall,SH,Xavier,X,86,68,FINISHED,ncaam,2026-08-23T20:56:10+00:00
ncaam-358737,NCAAM,2025-26,2026-01-29T00:30:00Z,Regular,Knapp Center,Drake,D,Evansville,E,82,78,FINISHED,ncaam,2026-08-23T20:56:10+00:00
ncaam-211164,NCAAM,2025-26,2026-01-29T01:00:00Z,Regular,Swinney Center,Kansas City,KC,Denver,D,61,69,FINISHED,ncaam,2026-08-23T20:56:10+00:00
ncaam-211165,NCAAM,2025-26,2026-01-29T01:00:00Z,Regular,Baxter Arena,Omaha,O,South Dakota State,SDS,80,71,FINISHED,ncaam,2026-08-23T20:56:10+00:00
ncaam-211168,NCAAM,2025-26,2026-01-29T01:00:00Z,Regular,Strahan Arena at the University Events Center,Texas State,TS,Marshall,M,72,68,FINISHED,ncaam,2026-08-23T20:56:10+00:00
ncaam-211169,NCAAM,2025-26,2026-01-29T01:00:00Z,Regular,First National Bank Arena,Arkansas State,AS,Old Dominion,OD,71,75,FINISHED,ncaam,2026-08-23T20:56:10+00:00
ncaam-211181,NCAAM,2025-26,2026-01-29T01:00:00Z,Regular,Great Southern Bank Arena,Missouri State,MS,Sam Houston,SH,71,80,FINISHED,ncaam,2026-08-23T20:56:10+00:00
ncaam-358738,NCAAM,2025-26,2026-01-29T01:00:00Z,Regular,Athletics-Recreation Center,Valparaiso,V,Belmont,B,77,78,FINISHED,ncaam,2026-08-23T20:56:10+00:00
ncaam-358739,NCAAM,2025-26,2026-01-29T01:00:00Z,Regular,Reynolds Center,Tulsa,T,North Texas,NT,82,66,FINISHED,ncaam,2026-08-23T20:56:10+00:00
ncaam-358740,NCAAM,2025-26,2026-01-29T01:00:00Z,Regular,UTSA Convocation Center,UTSA,U,UAB,U,73,83,FINISHED,ncaam,2026-08-23T20:56:10+00:00
ncaam-214684,NCAAM,2025-26,2026-01-29T01:30:00Z,Regular,Capital One Arena,Georgetown,G,DePaul,D,70,61,FINISHED,ncaam,2026-08-23T20:56:10+00:00
ncaam-211159,NCAAM,2025-26,2026-01-29T02:00:00Z,Regular,Colonial Life Arena,South Carolina,SC,Florida,F,48,95,FINISHED,ncaam,2026-08-23T20:56:10+00:00
ncaam-211179,NCAAM,2025-26,2026-01-29T02:00:00Z,Regular,Pan American Center,New Mexico State,NMS,Delaware,D,64,73,FINISHED,ncaam,2026-08-23T20:56:10+00:00
ncaam-211182,NCAAM,2025-26,2026-01-29T02:00:00Z,Regular,Don Haskins Center,UTEP,U,Louisiana Tech,LT,59,69,FINISHED,ncaam,2026-08-23T20:56:10+00:00
ncaam-214673,NCAAM,2025-26,2026-01-29T02:00:00Z,Regular,Watsco Center,Miami,M,Stanford,S,79,70,FINISHED,ncaam,2026-08-23T20:56:10+00:00
ncaam-214679,NCAAM,2025-26,2026-01-29T02:00:00Z,Regular,Kohl Center,Wisconsin,W,Minnesota,M,67,63,FINISHED,ncaam,2026-08-23T20:56:10+00:00
ncaam-358741,NCAAM,2025-26,2026-01-29T02:00:00Z,Regular,Dee Glen Smith Spectrum,Utah State,US,Wyoming,W,94,62,FINISHED,ncaam,2026-08-23T20:56:10+00:00
ncaam-358742,NCAAM,2025-26,2026-01-29T02:00:00Z,Regular,CFSB Center,Murray State,MS,Illinois State,IS,65,70,FINISHED,ncaam,2026-08-23T20:56:10+00:00
ncaam-358743,NCAAM,2025-26,2026-01-29T02:00:00Z,Regular,Firestone Fieldhouse,Pepperdine,P,San Diego,SD,88,92,FINISHED,ncaam,2026-08-23T20:56:10+00:00
ncaam-358744,NCAAM,2025-26,2026-01-29T02:00:00Z,Regular,Devlin Fieldhouse,Tulane,T,South Florida,SF,83,97,FINISHED,ncaam,2026-08-23T20:56:10+00:00
ncaam-214676,NCAAM,2025-26,2026-01-29T02:10:00Z,Regular,Schollmaier Arena,TCU,T,Houston,H,70,79,FINISHED,ncaam,2026-08-23T20:56:10+00:00
ncaam-358745,NCAAM,2025-26,2026-01-29T02:30:00Z,Regular,Beasley Coliseum,Washington State,WS,Seattle U,SU,70,58,FINISHED,ncaam,2026-08-23T20:56:10+00:00
ncaam-358746,NCAAM,2025-26,2026-01-29T03:00:00Z,Regular,Alex G. Spanos Center,Pacific,P,Portland,P,74,51,FINISHED,ncaam,2026-08-23T20:56:10+00:00
ncaam-358747,NCAAM,2025-26,2026-01-29T03:00:00Z,Regular,Gersten Pavilion,Loyola Marymount,LM,Oregon State,OS,69,72,FINISHED,ncaam,2026-08-23T20:56:10+00:00
ncaam-358748,NCAAM,2025-26,2026-01-29T03:30:00Z,Regular,Viejas Arena,San Diego State,SDS,Colorado State,CS,73,50,FINISHED,ncaam,2026-08-23T20:56:10+00:00
ncaam-214680,NCAAM,2025-26,2026-01-29T04:00:00Z,Regular,Matthew Knight Arena,Oregon,O,UCLA,U,57,73,FINISHED,ncaam,2026-08-23T20:56:10+00:00
ncaam-358749,NCAAM,2025-26,2026-01-29T04:00:00Z,Regular,Leavey Center,Santa Clara,SC,San Francisco,SF,88,73,FINISHED,ncaam,2026-08-23T20:56:10+00:00
ncaam-211202,NCAAM,2025-26,2026-01-29T22:00:00Z,Regular,Timmons Arena,Furman,F,Samford,S,78,73,FINISHED,ncaam,2026-08-23T20:56:10+00:00
ncaam-211191,NCAAM,2025-26,2026-01-29T23:00:00Z,Regular,Lundholm Gymnasium,New Hampshire,NH,UMass Lowell,UL,66,61,FINISHED,ncaam,2026-08-23T20:56:10+00:00
ncaam-211193,NCAAM,2025-26,2026-01-29T23:00:00Z,Regular,Events Center (Binghamton),Binghamton,B,Bryant,B,63,60,FINISHED,ncaam,2026-08-23T20:56:10+00:00
ncaam-211204,NCAAM,2025-26,2026-01-29T23:00:00Z,Regular,McKenzie Arena,Chattanooga,C,Wofford,W,55,81,FINISHED,ncaam,2026-08-23T20:56:10+00:00
ncaam-211190,NCAAM,2025-26,2026-01-29T23:30:00Z,Regular,Broadview Center,UAlbany,U,NJIT,N,68,77,FINISHED,ncaam,2026-08-23T20:56:10+00:00
ncaam-214693,NCAAM,2025-26,2026-01-29T23:30:00Z,Regular,Kimmel Arena,UNC Asheville,UA,Gardner-Webb,GW,69,50,FINISHED,ncaam,2026-08-23T20:56:10+00:00
ncaam-211183,NCAAM,2025-26,2026-01-30T00:00:00Z,Regular,Murphy Center,Middle Tennessee,MT,Liberty,L,65,81,FINISHED,ncaam,2026-08-23T20:56:10+00:00
ncaam-211188,NCAAM,2025-26,2026-01-30T00:00:00Z,Regular,Steinberg Wellness Center,Long Island University,LIU,Le Moyne,LM,83,61,FINISHED,ncaam,2026-08-23T20:56:10+00:00
ncaam-211189,NCAAM,2025-26,2026-01-30T00:00:00Z,Regular,Merkert Gymnasium,Stonehill,S,Fairleigh Dickinson,FD,58,57,FINISHED,ncaam,2026-08-23T20:56:10+00:00
ncaam-211192,NCAAM,2025-26,2026-01-30T00:00:00Z,Regular,Patrick Gymnasium,Vermont,V,UMBC,U,64,55,FINISHED,ncaam,2026-08-23T20:56:10+00:00
ncaam-211194,NCAAM,2025-26,2026-01-30T00:00:00Z,Regular,John W. Pope Jr. Convocation Center,Campbell,C,Stony Brook,SB,69,81,FINISHED,ncaam,2026-08-23T20:56:10+00:00
ncaam-211195,NCAAM,2025-26,2026-01-30T00:00:00Z,Regular,Schar Center,Elon,E,William & Mary,W&M,79,76,FINISHED,ncaam,2026-08-23T20:56:10+00:00
ncaam-211196,NCAAM,2025-26,2026-01-30T00:00:00Z,Regular,Daskalakis Athletic Center,Drexel,D,Hampton,H,58,51,FINISHED,ncaam,2026-08-23T20:56:10+00:00
ncaam-211197,NCAAM,2025-26,2026-01-30T00:00:00Z,Regular,OceanFirst Bank Center,Monmouth,M,North Carolina A&T,NCA,83,81,FINISHED,ncaam,2026-08-23T20:56:10+00:00
ncaam-211199,NCAAM,2025-26,2026-01-30T00:00:00Z,Regular,David S. Mack Sports and Exhibition Complex,Hofstra,H,Charleston,C,64,66,FINISHED,ncaam,2026-08-23T20:56:10+00:00
ncaam-211200,NCAAM,2025-26,2026-01-30T00:00:00Z,Regular,McAlister Field House,The Citadel,TC,VMI,V,80,56,FINISHED,ncaam,2026-08-23T20:56:10+00:00
ncaam-211201,NCAAM,2025-26,2026-01-30T00:00:00Z,Regular,Hawkins Arena,Mercer,M,UNC Greensboro,UG,95,77,FINISHED,ncaam,2026-08-23T20:56:10+00:00
ncaam-211203,NCAAM,2025-26,2026-01-30T00:00:00Z,Regular,Freedom Hall (TN),East Tennessee State,ETS,Western Carolina,WC,88,90,FINISHED,ncaam,2026-08-23T20:56:10+00:00
ncaam-211209,NCAAM,2025-26,2026-01-30T00:00:00Z,Regular,Trojan Arena,Troy,T,James Madison,JM,64,73,FINISHED,ncaam,2026-08-23T20:56:10+00:00
ncaam-211217,NCAAM,2025-26,2026-01-30T00:00:00Z,Regular,UNF Arena,North Florida,NF,Stetson,S,77,84,FINISHED,ncaam,2026-08-23T20:56:10+00:00
ncaam-211218,NCAAM,2025-26,2026-01-30T00:00:00Z,Regular,Alico Arena,Florida Gulf Coast,FGC,North Alabama,NA,72,64,FINISHED,ncaam,2026-08-23T20:56:10+00:00
ncaam-211219,NCAAM,2025-26,2026-01-30T00:00:00Z,Regular,Swisher Gymnasium,Jacksonville,J,Lipscomb,L,70,65,FINISHED,ncaam,2026-08-23T20:56:10+00:00
ncaam-214688,NCAAM,2025-26,2026-01-30T00:00:00Z,Regular,Hilton Coliseum,Iowa State,IS,Colorado,C,97,67,FINISHED,ncaam,2026-08-23T20:56:10+00:00
ncaam-214691,NCAAM,2025-26,2026-01-30T00:00:00Z,Regular,Buccaneer Fieldhouse,Charleston Southern,CS,Radford,R,75,84,FINISHED,ncaam,2026-08-23T20:56:10+00:00
ncaam-214695,NCAAM,2025-26,2026-01-30T00:00:00Z,Regular,G.B. Hodge Center,South Carolina Upstate,SCU,Longwood,L,65,60,FINISHED,ncaam,2026-08-23T20:56:10+00:00
ncaam-214696,NCAAM,2025-26,2026-01-30T00:00:00Z,Regular,Mercyhurst Athletic Center,Mercyhurst,M,New Haven,NH,70,51,FINISHED,ncaam,2026-08-23T20:56:10+00:00
ncaam-211174,NCAAM,2025-26,2026-01-30T00:30:00Z,Regular,Ellis T. Johnson Arena,Morehead State,MS,SIU Edwardsville,SE,67,65,FINISHED,ncaam,2026-08-23T20:56:10+00:00
ncaam-211186,NCAAM,2025-26,2026-01-30T00:30:00Z,Regular,Spiro Sports Center,Wagner,W,Central Connecticut,CC,55,62,FINISHED,ncaam,2026-08-23T20:56:10+00:00
ncaam-211184,NCAAM,2025-26,2026-01-30T01:00:00Z,Regular,Sanford Coyote Sports Center,South Dakota,SD,Oral Roberts,OR,77,69,FINISHED,ncaam,2026-08-23T20:56:10+00:00
ncaam-211185,NCAAM,2025-26,2026-01-30T01:00:00Z,Regular,Schoenecker Arena,St. Thomas-Minnesota,STM,North Dakota,ND,80,81,FINISHED,ncaam,2026-08-23T20:56:10+00:00
ncaam-211211,NCAAM,2025-26,2026-01-30T01:00:00Z,Regular,Cajundome,Louisiana,L,Georgia State,GS,82,72,FINISHED,ncaam,2026-08-23T20:56:10+00:00
ncaam-211212,NCAAM,2025-26,2026-01-30T01:00:00Z,Regular,Mitchell Center,South Alabama,SA,Coastal Carolina,CC,53,48,FINISHED,ncaam,2026-08-23T20:56:10+00:00
ncaam-211213,NCAAM,2025-26,2026-01-30T01:00:00Z,Regular,Reed Green Coliseum,Southern Miss,SM,App State,AS,63,70,FINISHED,ncaam,2026-08-23T20:56:10+00:00
ncaam-211216,NCAAM,2025-26,2026-01-30T01:00:00Z,Regular,J. Lawrence Walkup Skydome,Northern Arizona,NA,Eastern Washington,EW,92,86,FINISHED,ncaam,2026-08-23T20:56:10+00:00
ncaam-211220,NCAAM,2025-26,2026-01-30T01:00:00Z,Regular,College Park Center,UT Arlington,UA,Southern Utah,SU,80,61,FINISHED,ncaam,2026-08-23T20:56:10+00:00
ncaam-211221,NCAAM,2025-26,2026-01-30T01:00:00Z,Regular,Wisdom Gym,Tarleton State,TS,Utah Valley,UV,55,83,FINISHED,ncaam,2026-08-23T20:56:10+00:00
ncaam-211222,NCAAM,2025-26,2026-01-30T01:00:00Z,Regular,Moody Coliseum (Abilene),Abilene Christian,AC,Utah Tech,UT,70,76,FINISHED,ncaam,2026-08-23T20:56:10+00:00
ncaam-214689,NCAAM,2025-26,2026-01-30T01:00:00Z,Regular,Welsh-Ryan Arena,Northwestern,N,Penn State,PS,94,73,FINISHED,ncaam,2026-08-23T20:56:10+00:00
ncaam-358750,NCAAM,2025-26,2026-01-30T01:00:00Z,Regular,FedExForum,Memphis,M,Florida Atlantic,FA,92,65,FINISHED,ncaam,2026-08-23T20:56:10+00:00
ncaam-211173,NCAAM,2025-26,2026-01-30T01:30:00Z,Regular,Western Hall,Western Illinois,WI,Southeast Missouri State,SMS,74,78,FINISHED,ncaam,2026-08-23T20:56:10+00:00
ncaam-211175,NCAAM,2025-26,2026-01-30T01:30:00Z,Regular,Gentry Center,Tennessee State,TS,Little Rock,LR,70,63,FINISHED,ncaam,2026-08-23T20:56:10+00:00
ncaam-214697,NCAAM,2025-26,2026-01-30T01:30:00Z,Regular,Screaming Eagles Arena,Southern Indiana,SI,Lindenwood,L,60,73,FINISHED,ncaam,2026-08-23T20:56:10+00:00
ncaam-214698,NCAAM,2025-26,2026-01-30T01:30:00Z,Regular,Groniger Arena,Eastern Illinois,EI,UT Martin,UM,68,76,FINISHED,ncaam,2026-08-23T20:56:10+00:00
ncaam-211198,NCAAM,2025-26,2026-01-30T02:00:00Z,Regular,TU Arena,Towson,T,UNC Wilmington,UW,73,82,FINISHED,ncaam,2026-08-23T20:56:10+00:00
ncaam-211215,NCAAM,2025-26,2026-01-30T02:00:00Z,Regular,Bank of Colorado Arena,Northern Colorado,NC,Idaho,I,91,83,FINISHED,ncaam,2026-08-23T20:56:10+00:00
ncaam-214690,NCAAM,2025-26,2026-01-30T02:00:00Z,Regular,State Farm Center,Illinois,I,Washington,W,75,66,FINISHED,ncaam,2026-08-23T20:56:10+00:00
ncaam-214692,NCAAM,2025-26,2026-01-30T02:00:00Z,Regular,Qubein Center,High Point,HP,Presbyterian,P,84,81,FINISHED,ncaam,2026-08-23T20:56:10+00:00
ncaam-211205,NCAAM,2025-26,2026-01-30T02:30:00Z,Regular,Icardo Center,Cal State Bakersfield,CSB,Cal Poly,CP,79,104,FINISHED,ncaam,2026-08-23T20:56:10+00:00
ncaam-211206,NCAAM,2025-26,2026-01-30T03:00:00Z,Regular,Premier America Credit Union Arena,Cal State Northridge,CSN,UC Davis,UD,94,78,FINISHED,ncaam,2026-08-23T20:56:10+00:00
ncaam-211208,NCAAM,2025-26,2026-01-30T03:00:00Z,Regular,LionTree Arena,UC San Diego,USD,UC Santa Barbara,USB,48,62,FINISHED,ncaam,2026-08-23T20:56:10+00:00
ncaam-211214,NCAAM,2025-26,2026-01-30T03:00:00Z,Regular,The Well,Sacramento State,SS,Montana State,MS,83,80,FINISHED,ncaam,2026-08-23T20:56:10+00:00
ncaam-211223,NCAAM,2025-26,2026-01-30T03:00:00Z,Regular,Viking Pavilion,Portland State,PS,Montana,M,60,64,FINISHED,ncaam,2026-08-23T20:56:10+00:00
ncaam-214694,NCAAM,2025-26,2026-01-30T03:00:00Z,Regular,SRC Arena,UC Riverside,UR,Long Beach State,LBS,71,61,FINISHED,ncaam,2026-08-23T20:56:10+00:00
ncaam-211207,NCAAM,2025-26,2026-01-30T04:00:00Z,Regular,Bren Events Center,UC Irvine,UI,Hawai'i,H,87,76,FINISHED,ncaam,2026-08-23T20:56:10+00:00
ncaam-359057,NCAAM,2025-26,2026-01-30T20:00:00Z,Regular,Fredrick C. Hobdy Assembly Center,UL Monroe,UM,Georgia Southern,GS,76,79,FINISHED,ncaam,2026-08-23T20:56:10+00:00
ncaam-211242,NCAAM,2025-26,2026-01-30T23:00:00Z,Regular,James A. Rhodes Arena,Akron,A,Kent State,KS,69,52,FINISHED,ncaam,2026-08-23T20:56:10+00:00
ncaam-214699,NCAAM,2025-26,2026-01-30T23:00:00Z,Regular,Newman Arena,Cornell,C,Princeton,P,87,64,FINISHED,ncaam,2026-08-23T20:56:10+00:00
ncaam-211227,NCAAM,2025-26,2026-01-30T23:30:00Z,Regular,Beeghly Center,Youngstown State,YS,IU Indianapolis,II,85,76,FINISHED,ncaam,2026-08-23T20:56:10+00:00
ncaam-211229,NCAAM,2025-26,2026-01-30T23:30:00Z,Regular,Gallagher Center,Niagara,N,Siena,S,79,82,FINISHED,ncaam,2026-08-23T20:56:10+00:00
ncaam-211224,NCAAM,2025-26,2026-01-31T00:00:00Z,Regular,Resch Center,Green Bay,GB,Cleveland State,CS,82,89,FINISHED,ncaam,2026-08-23T20:56:10+00:00
ncaam-211226,NCAAM,2025-26,2026-01-31T00:00:00Z,Regular,Calihan Hall,Detroit Mercy,DM,Northern Kentucky,NK,90,77,FINISHED,ncaam,2026-08-23T20:56:10+00:00
ncaam-211230,NCAAM,2025-26,2026-01-31T00:00:00Z,Regular,Koessler Athletic Center,Canisius,C,Marist,M,86,88,FINISHED,ncaam,2026-08-23T20:56:10+00:00
ncaam-211231,NCAAM,2025-26,2026-01-31T00:00:00Z,Regular,Draddy Gymnasium,Manhattan,M,Rider,R,95,90,FINISHED,ncaam,2026-08-23T20:56:10+00:00
ncaam-211232,NCAAM,2025-26,2026-01-31T00:00:00Z,Regular,John J. Lee Amphitheater,Yale,Y,Dartmouth,D,83,68,FINISHED,ncaam,2026-08-23T20:56:10+00:00
ncaam-211233,NCAAM,2025-26,2026-01-31T00:00:00Z,Regular,Pizzitola Sports Center,Brown,B,Harvard,H,59,69,FINISHED,ncaam,2026-08-23T20:56:10+00:00
ncaam-211234,NCAAM,2025-26,2026-01-31T00:00:00Z,Regular,Levien Gymnasium,Columbia,C,Pennsylvania,P,72,67,FINISHED,ncaam,2026-08-23T20:56:10+00:00
ncaam-214701,NCAAM,2025-26,2026-01-31T00:00:00Z,Regular,Hynes Athletics Center,Iona,I,Fairfield,F,70,71,FINISHED,ncaam,2026-08-23T20:56:10+00:00
ncaam-214702,NCAAM,2025-26,2026-01-31T00:00:00Z,Regular,Finneran Pavilion,Villanova,V,Providence,P,87,73,FINISHED,ncaam,2026-08-23T20:56:10+00:00
ncaam-214703,NCAAM,2025-26,2026-01-31T00:00:00Z,Regular,M&T Bank Arena,Quinnipiac,Q,Sacred Heart,SH,91,98,FINISHED,ncaam,2026-08-23T20:56:10+00:00
ncaam-358766,NCAAM,2025-26,2026-01-31T00:00:00Z,Regular,Halton Arena,Charlotte,C,Rice,R,80,70,FINISHED,ncaam,2026-08-23T20:56:10+00:00
ncaam-211225,NCAAM,2025-26,2026-01-31T01:00:00Z,Regular,UW-Milwaukee Panther Arena,Milwaukee,M,Wright State,WS,69,76,FINISHED,ncaam,2026-08-23T20:56:10+00:00
ncaam-211228,NCAAM,2025-26,2026-01-31T01:00:00Z,Regular,Yanitelli Center,Saint Peter's,SP,Mount St. Mary's,MSM,66,58,FINISHED,ncaam,2026-08-23T20:56:10+00:00
ncaam-214700,NCAAM,2025-26,2026-01-31T01:00:00Z,Regular,Breslin Center,Michigan State,MS,Michigan,M,71,83,FINISHED,ncaam,2026-08-23T20:56:10+00:00
ncaam-358751,NCAAM,2025-26,2026-01-31T01:00:00Z,Regular,Chaifetz Arena,Saint Louis,SL,Dayton,D,102,71,FINISHED,ncaam,2026-08-23T20:56:10+00:00
ncaam-214723,NCAAM,2025-26,2026-01-31T02:00:00Z,Regular,Global Credit Union Arena,Grand Canyon,GC,Boise State,BS,86,69,FINISHED,ncaam,2026-08-23T20:56:10+00:00
ncaam-358752,NCAAM,2025-26,2026-01-31T02:00:00Z,Regular,Siegel Center,VCU,V,Loyola Chicago,LC,89,75,FINISHED,ncaam,2026-08-23T20:56:10+00:00
ncaam-358753,NCAAM,2025-26,2026-01-31T03:00:00Z,Regular,Lawlor Events Center,Nevada,N,UNLV,U,89,76,FINISHED,ncaam,2026-08-23T20:56:10+00:00
ncaam-211245,NCAAM,2025-26,2026-01-31T17:00:00Z,Regular,Savage Arena,Toledo,T,Ball State,BS,73,55,FINISHED,ncaam,2026-08-23T20:56:10+00:00
ncaam-211255,NCAAM,2025-26,2026-01-31T17:00:00Z,Regular,Kaplan Arena,William & Mary,W&M,Campbell,C,96,104,FINISHED,ncaam,2026-08-23T20:56:10+00:00
ncaam-211259,NCAAM,2025-26,2026-01-31T17:00:00Z,Regular,Schar Center,Elon,E,Stony Brook,SB,68,72,FINISHED,ncaam,2026-08-23T20:56:10+00:00
ncaam-211262,NCAAM,2025-26,2026-01-31T17:00:00Z,Regular,McAlister Field House,The Citadel,TC,UNC Greensboro,UG,71,66,FINISHED,ncaam,2026-08-23T20:56:10+00:00
ncaam-214707,NCAAM,2025-26,2026-01-31T17:00:00Z,Regular,Fertitta Center,Houston,H,Cincinnati,C,76,54,FINISHED,ncaam,2026-08-23T20:56:10+00:00
ncaam-214708,NCAAM,2025-26,2026-01-31T17:00:00Z,Regular,Addition Financial Arena,UCF,U,Texas Tech,TT,88,80,FINISHED,ncaam,2026-08-23T20:56:10+00:00
ncaam-214719,NCAAM,2025-26,2026-01-31T17:00:00Z,Regular,Winthrop Coliseum,Winthrop,W,UNC Asheville,UA,84,71,FINISHED,ncaam,2026-08-23T20:56:10+00:00
ncaam-214728,NCAAM,2025-26,2026-01-31T17:00:00Z,Regular,Prudential Center,Seton Hall,SH,Marquette,M,69,64,FINISHED,ncaam,2026-08-23T20:56:10+00:00
ncaam-214729,NCAAM,2025-26,2026-01-31T17:00:00Z,Regular,Hinkle Fieldhouse,Butler,B,Georgetown,G,64,77,FINISHED,ncaam,2026-08-23T20:56:10+00:00
ncaam-214731,NCAAM,2025-26,2026-01-31T17:00:00Z,Regular,LJVM Coliseum,Wake Forest,WF,NC State,NS,78,96,FINISHED,ncaam,2026-08-23T20:56:10+00:00
ncaam-214732,NCAAM,2025-26,2026-01-31T17:00:00Z,Regular,Cassell Coliseum,Virginia Tech,VT,Duke,D,58,72,FINISHED,ncaam,2026-08-23T20:56:10+00:00
ncaam-214737,NCAAM,2025-26,2026-01-31T17:00:00Z,Regular,Littlejohn Coliseum,Clemson,C,Pittsburgh,P,63,52,FINISHED,ncaam,2026-08-23T20:56:10+00:00
ncaam-211239,NCAAM,2025-26,2026-01-31T18:00:00Z,Regular,Memorial Coliseum (IN),Purdue Fort Wayne,PFW,Robert Morris,RM,83,71,FINISHED,ncaam,2026-08-23T20:56:10+00:00
ncaam-211248,NCAAM,2025-26,2026-01-31T18:00:00Z,Regular,Ted Grant Court,Le Moyne,LM,Stonehill,S,54,65,FINISHED,ncaam,2026-08-23T20:56:10+00:00
ncaam-211249,NCAAM,2025-26,2026-01-31T18:00:00Z,Regular,Spiro Sports Center,Wagner,W,Fairleigh Dickinson,FD,75,72,FINISHED,ncaam,2026-08-23T20:56:10+00:00
ncaam-211286,NCAAM,2025-26,2026-01-31T18:00:00Z,Regular,Colonial Life Arena,South Carolina,SC,LSU,L,87,92,FINISHED,ncaam,2026-08-23T20:56:10+00:00
ncaam-211289,NCAAM,2025-26,2026-01-31T18:00:00Z,Regular,Stegeman Coliseum,Georgia,G,Texas A&M,TA,77,92,FINISHED,ncaam,2026-08-23T20:56:10+00:00
ncaam-214717,NCAAM,2025-26,2026-01-31T18:00:00Z,Regular,Christl Arena,Army,A,Holy Cross,HC,69,68,FINISHED,ncaam,2026-08-23T20:56:10+00:00
ncaam-214724,NCAAM,2025-26,2026-01-31T18:00:00Z,Regular,Dee Glen Smith Spectrum,Utah State,US,San Diego State,SDS,71,66,FINISHED,ncaam,2026-08-23T20:56:10+00:00
ncaam-214727,NCAAM,2025-26,2026-01-31T18:00:00Z,Regular,Cintas Center,Xavier,X,DePaul,D,68,66,FINISHED,ncaam,2026-08-23T20:56:10+00:00
ncaam-358754,NCAAM,2025-26,2026-01-31T18:00:00Z,Regular,Hulman Center,Indiana State,IS,Valparaiso,V,72,76,FINISHED,ncaam,2026-08-23T20:56:10+00:00
ncaam-214739,NCAAM,2025-26,2026-01-31T18:30:00Z,Regular,Conte Forum,Boston College,BC,Virginia,V,66,73,FINISHED,ncaam,2026-08-23T20:56:10+00:00
ncaam-211240,NCAAM,2025-26,2026-01-31T19:00:00Z,Regular,Alumni Arena,Buffalo,B,Ohio,O,83,95,FINISHED,ncaam,2026-08-23T20:56:10+00:00
ncaam-211253,NCAAM,2025-26,2026-01-31T19:00:00Z,Regular,Costello Athletic Center,UMass Lowell,UL,Maine,M,91,77,FINISHED,ncaam,2026-08-23T20:56:10+00:00
ncaam-211254,NCAAM,2025-26,2026-01-31T19:00:00Z,Regular,Matthews Arena,Northeastern,N,Charleston,C,84,89,FINISHED,ncaam,2026-08-23T20:56:10+00:00
ncaam-211256,NCAAM,2025-26,2026-01-31T19:00:00Z,Regular,Daskalakis Athletic Center,Drexel,D,North Carolina A&T,NCA,61,60,FINISHED,ncaam,2026-08-23T20:56:10+00:00
ncaam-211257,NCAAM,2025-26,2026-01-31T19:00:00Z,Regular,TU Arena,Towson,T,Hampton,H,82,50,FINISHED,ncaam,2026-08-23T20:56:10+00:00
ncaam-211258,NCAAM,2025-26,2026-01-31T19:00:00Z,Regular,OceanFirst Bank Center,Monmouth,M,Hofstra,H,57,73,FINISHED,ncaam,2026-08-23T20:56:10+00:00
ncaam-211263,NCAAM,2025-26,2026-01-31T19:00:00Z,Regular,Hawkins Arena,Mercer,M,VMI,V,95,81,FINISHED,ncaam,2026-08-23T20:56:10+00:00
ncaam-211274,NCAAM,2025-26,2026-01-31T19:00:00Z,Regular,Strahan Arena at the University Events Center,Texas State,TS,Old Dominion,OD,81,64,FINISHED,ncaam,2026-08-23T20:56:10+00:00
ncaam-211284,NCAAM,2025-26,2026-01-31T19:00:00Z,Regular,Lloyd Noble Center,Oklahoma,O,Texas,T,69,79,FINISHED,ncaam,2026-08-23T20:56:10+00:00
ncaam-211292,NCAAM,2025-26,2026-01-31T19:00:00Z,Regular,Knights Hall,Bellarmine,B,Queens University,QU,78,75,FINISHED,ncaam,2026-08-23T20:56:10+00:00
ncaam-211293,NCAAM,2025-26,2026-01-31T19:00:00Z,Regular,Edmunds Center,Stetson,S,North Alabama,NA,66,68,FINISHED,ncaam,2026-08-23T20:56:10+00:00
ncaam-211294,NCAAM,2025-26,2026-01-31T19:00:00Z,Regular,UNF Arena,North Florida,NF,Lipscomb,L,94,100,FINISHED,ncaam,2026-08-23T20:56:10+00:00
ncaam-211311,NCAAM,2025-26,2026-01-31T19:00:00Z,Regular,Detrick Gymnasium,Central Connecticut,CC,Long Island University,LIU,59,80,FINISHED,ncaam,2026-08-23T20:56:10+00:00
ncaam-214709,NCAAM,2025-26,2026-01-31T19:00:00Z,Regular,Desert Financial Arena,Arizona State,AS,Arizona,A,74,87,FINISHED,ncaam,2026-08-23T20:56:10+00:00
ncaam-214713,NCAAM,2025-26,2026-01-31T19:00:00Z,Regular,Kohl Center,Wisconsin,W,Ohio State,OS,92,82,FINISHED,ncaam,2026-08-23T20:56:10+00:00
ncaam-214718,NCAAM,2025-26,2026-01-31T19:00:00Z,Regular,Sojka Pavilion,Bucknell,B,Boston University,BU,103,97,FINISHED,ncaam,2026-08-23T20:56:10+00:00
ncaam-214720,NCAAM,2025-26,2026-01-31T19:00:00Z,Regular,Templeton Center,Presbyterian,P,Radford,R,84,93,FINISHED,ncaam,2026-08-23T20:56:10+00:00
ncaam-214734,NCAAM,2025-26,2026-01-31T19:00:00Z,Regular,KFC Yum! Center,Louisville,L,SMU,S,88,74,FINISHED,ncaam,2026-08-23T20:56:10+00:00
ncaam-214735,NCAAM,2025-26,2026-01-31T19:00:00Z,Regular,McCamish Pavilion,Georgia Tech,GT,North Carolina,NC,75,91,FINISHED,ncaam,2026-08-23T20:56:10+00:00
ncaam-214741,NCAAM,2025-26,2026-01-31T19:00:00Z,Regular,Jones Convocation Center,Chicago State,CS,Mercyhurst,M,78,74,FINISHED,ncaam,2026-08-23T20:56:10+00:00
ncaam-358755,NCAAM,2025-26,2026-01-31T19:00:00Z,Regular,Stabler Arena,Lehigh,L,Colgate,C,77,76,FINISHED,ncaam,2026-08-23T20:56:10+00:00
ncaam-358756,NCAAM,2025-26,2026-01-31T19:00:00Z,Regular,Bender Arena,American University,AU,Lafayette,L,65,67,FINISHED,ncaam,2026-08-23T20:56:10+00:00
ncaam-358757,NCAAM,2025-26,2026-01-31T19:00:00Z,Regular,Charles E. Smith Center,George Washington,GW,Fordham,F,65,79,FINISHED,ncaam,2026-08-23T20:56:10+00:00
ncaam-358758,NCAAM,2025-26,2026-01-31T19:30:00Z,Regular,John Glaser Arena,La Salle,LS,Saint Joseph's,SJ,58,67,FINISHED,ncaam,2026-08-23T20:56:10+00:00
ncaam-211236,NCAAM,2025-26,2026-01-31T20:00:00Z,Regular,First Bank & Trust Arena,South Dakota State,SDS,Oral Roberts,OR,95,72,FINISHED,ncaam,2026-08-23T20:56:10+00:00
ncaam-211275,NCAAM,2025-26,2026-01-31T20:00:00Z,Regular,First National Bank Arena,Arkansas State,AS,Marshall,M,61,70,FINISHED,ncaam,2026-08-23T20:56:10+00:00
ncaam-211276,NCAAM,2025-26,2026-01-31T20:00:00Z,Regular,Reed Green Coliseum,Southern Miss,SM,James Madison,JM,73,65,FINISHED,ncaam,2026-08-23T20:56:10+00:00
ncaam-211295,NCAAM,2025-26,2026-01-31T20:00:00Z,Regular,Swisher Gymnasium,Jacksonville,J,Florida Gulf Coast,FGC,49,68,FINISHED,ncaam,2026-08-23T20:56:10+00:00
ncaam-211303,NCAAM,2025-26,2026-01-31T20:00:00Z,Regular,College Park Center,UT Arlington,UA,California Baptist,CB,77,87,FINISHED,ncaam,2026-08-23T20:56:10+00:00
ncaam-211308,NCAAM,2025-26,2026-01-31T20:00:00Z,Regular,Great Southern Bank Arena,Missouri State,MS,Jacksonville State,JS,74,67,FINISHED,ncaam,2026-08-23T20:56:10+00:00
ncaam-211312,NCAAM,2025-26,2026-01-31T20:00:00Z,Regular,Dee Events Center,Weber State,WS,Idaho State,IS,81,79,FINISHED,ncaam,2026-08-23T20:56:10+00:00
ncaam-214721,NCAAM,2025-26,2026-01-31T20:00:00Z,Regular,Joan Perry Brock Center,Longwood,L,High Point,HP,59,71,FINISHED,ncaam,2026-08-23T20:56:10+00:00
ncaam-214740,NCAAM,2025-26,2026-01-31T20:00:00Z,Regular,Clune Arena,Air Force,AF,Fresno State,FS,62,79,FINISHED,ncaam,2026-08-23T20:56:10+00:00
ncaam-211241,NCAAM,2025-26,2026-01-31T20:30:00Z,Regular,Millett Hall,Miami (OH),M(,Northern Illinois,NI,85,61,FINISHED,ncaam,2026-08-23T20:56:10+00:00
ncaam-211287,NCAAM,2025-26,2026-01-31T20:30:00Z,Regular,Mizzou Arena,Missouri,M,Mississippi State,MS,84,79,FINISHED,ncaam,2026-08-23T20:56:10+00:00
ncaam-211301,NCAAM,2025-26,2026-01-31T20:30:00Z,Regular,Ellis T. Johnson Arena,Morehead State,MS,Lindenwood,L,78,79,FINISHED,ncaam,2026-08-23T20:56:10+00:00
ncaam-214744,NCAAM,2025-26,2026-01-31T20:30:00Z,Regular,Dunn-Oliver Acadome,Alabama State,AS,Bethune-Cookman,BC,54,69,FINISHED,ncaam,2026-08-23T20:56:10+00:00
ncaam-211237,NCAAM,2025-26,2026-01-31T21:00:00Z,Regular,Hamilton Gymnasium,Denver,D,Omaha,O,82,84,FINISHED,ncaam,2026-08-23T20:56:10+00:00
ncaam-211251,NCAAM,2025-26,2026-01-31T21:00:00Z,Regular,Chace Athletic Center,Bryant,B,New Hampshire,NH,92,84,FINISHED,ncaam,2026-08-23T20:56:10+00:00
ncaam-211266,NCAAM,2025-26,2026-01-31T21:00:00Z,Regular,Walter Pyramid,Long Beach State,LBS,Hawai'i,H,82,89,FINISHED,ncaam,2026-08-23T20:56:10+00:00
ncaam-211278,NCAAM,2025-26,2026-01-31T21:00:00Z,Regular,Cajundome,Louisiana,L,Georgia Southern,GS,69,60,FINISHED,ncaam,2026-08-23T20:56:10+00:00
ncaam-211283,NCAAM,2025-26,2026-01-31T21:00:00Z,Regular,Bank of Colorado Arena,Northern Colorado,NC,Eastern Washington,EW,74,71,FINISHED,ncaam,2026-08-23T20:56:10+00:00
ncaam-211305,NCAAM,2025-26,2026-01-31T21:00:00Z,Regular,Moody Coliseum (Abilene),Abilene Christian,AC,Southern Utah,SU,76,79,FINISHED,ncaam,2026-08-23T20:56:10+00:00
ncaam-211307,NCAAM,2025-26,2026-01-31T21:00:00Z,Regular,Murphy Center,Middle Tennessee,MT,Western Kentucky,WK,60,65,FINISHED,ncaam,2026-08-23T20:56:10+00:00
ncaam-214704,NCAAM,2025-26,2026-01-31T21:00:00Z,Regular,WVU Coliseum,West Virginia,WV,Baylor,B,53,63,FINISHED,ncaam,2026-08-23T20:56:10+00:00
ncaam-214710,NCAAM,2025-26,2026-01-31T21:00:00Z,Regular,R.W. Harrison HPER Complex,Mississippi Valley State,MVS,Arkansas-Pine Bluff,APB,70,78,FINISHED,ncaam,2026-08-23T20:56:10+00:00
ncaam-214711,NCAAM,2025-26,2026-01-31T21:00:00Z,Regular,Lee E. Williams Athletics and Assembly Center,Jackson State,JS,Grambling,G,66,69,FINISHED,ncaam,2026-08-23T20:56:10+00:00
ncaam-214733,NCAAM,2025-26,2026-01-31T21:00:00Z,Regular,Watsco Center,Miami,M,California,C,85,86,FINISHED,ncaam,2026-08-23T20:56:10+00:00
ncaam-214742,NCAAM,2025-26,2026-01-31T21:00:00Z,Regular,Alumni Hall (Navy),Navy,N,Loyola Maryland,LM,87,71,FINISHED,ncaam,2026-08-23T20:56:10+00:00
ncaam-358759,NCAAM,2025-26,2026-01-31T21:00:00Z,Regular,McLeod Center,Northern Iowa,NI,Evansville,E,71,55,FINISHED,ncaam,2026-08-23T20:56:10+00:00
ncaam-358761,NCAAM,2025-26,2026-01-31T21:00:00Z,Regular,Burr Gymnasium,Howard,H,Norfolk State,NS,88,60,FINISHED,ncaam,2026-08-23T20:56:10+00:00
ncaam-211300,NCAAM,2025-26,2026-01-31T21:20:00Z,Regular,Hooper Eblen Center,Tennessee Tech,TT,Little Rock,LR,87,77,FINISHED,ncaam,2026-08-23T20:56:10+00:00
ncaam-211250,NCAAM,2025-26,2026-01-31T21:30:00Z,Regular,Patrick Gymnasium,Vermont,V,NJIT,N,77,79,FINISHED,ncaam,2026-08-23T20:56:10+00:00
ncaam-211280,NCAAM,2025-26,2026-01-31T21:30:00Z,Regular,Trojan Arena,Troy,T,App State,AS,44,66,FINISHED,ncaam,2026-08-23T20:56:10+00:00
ncaam-211296,NCAAM,2025-26,2026-01-31T21:30:00Z,Regular,Farris Center,Central Arkansas,CA,Eastern Kentucky,EK,90,81,FINISHED,ncaam,2026-08-23T20:56:10+00:00
ncaam-211297,NCAAM,2025-26,2026-01-31T21:30:00Z,Regular,The Coliseum,West Georgia,WG,Austin Peay,AP,78,81,FINISHED,ncaam,2026-08-23T20:56:10+00:00
ncaam-211298,NCAAM,2025-26,2026-01-31T21:30:00Z,Regular,Western Hall,Western Illinois,WI,UT Martin,UM,44,84,FINISHED,ncaam,2026-08-23T20:56:10+00:00
ncaam-211302,NCAAM,2025-26,2026-01-31T21:30:00Z,Regular,Groniger Arena,Eastern Illinois,EI,Southeast Missouri State,SMS,59,77,FINISHED,ncaam,2026-08-23T20:56:10+00:00
ncaam-214706,NCAAM,2025-26,2026-01-31T21:30:00Z,Regular,Allen Fieldhouse,Kansas,K,BYU,B,90,82,FINISHED,ncaam,2026-08-23T20:56:10+00:00
ncaam-214745,NCAAM,2025-26,2026-01-31T21:30:00Z,Regular,Physical Education Complex,Coppin State,CS,Morgan State,MS,80,89,FINISHED,ncaam,2026-08-23T20:56:10+00:00
ncaam-214746,NCAAM,2025-26,2026-01-31T21:30:00Z,Regular,American Bank Center,Texas A&M-Corpus Christi,TACC,Houston Christian,HC,73,71,FINISHED,ncaam,2026-08-23T20:56:10+00:00
ncaam-358762,NCAAM,2025-26,2026-01-31T21:30:00Z,Regular,Robins Center,Richmond,R,Davidson,D,54,79,FINISHED,ncaam,2026-08-23T20:56:10+00:00
ncaam-214712,NCAAM,2025-26,2026-01-31T21:55:00Z,Regular,Davey L. Whitney Complex,Alcorn State,AS,Southern,S,78,73,FINISHED,ncaam,2026-08-23T20:56:10+00:00
ncaam-214726,NCAAM,2025-26,2026-01-31T21:56:00Z,Regular,Memorial Hall (DE),Delaware State,DS,Maryland Eastern Shore,MES,65,57,FINISHED,ncaam,2026-08-23T20:56:10+00:00
ncaam-211267,NCAAM,2025-26,2026-01-31T22:00:00Z,Regular,Icardo Center,Cal State Bakersfield,CSB,UC Davis,UD,72,80,FINISHED,ncaam,2026-08-23T20:56:10+00:00
ncaam-211269,NCAAM,2025-26,2026-01-31T22:00:00Z,Regular,McDermott Center,Incarnate Word,IW,UT Rio Grande Valley,URGV,93,106,FINISHED,ncaam,2026-08-23T20:56:10+00:00
ncaam-211304,NCAAM,2025-26,2026-01-31T22:00:00Z,Regular,Wisdom Gym,Tarleton State,TS,Utah Tech,UT,59,65,FINISHED,ncaam,2026-08-23T20:56:10+00:00
ncaam-211310,NCAAM,2025-26,2026-01-31T22:00:00Z,Regular,KSU Convocation Center,Kennesaw State,KS,New Mexico State,NMS,76,53,FINISHED,ncaam,2026-08-23T20:56:10+00:00
ncaam-211313,NCAAM,2025-26,2026-01-31T22:00:00Z,Regular,Viking Pavilion,Portland State,PS,Montana State,MS,63,54,FINISHED,ncaam,2026-08-23T20:56:10+00:00
ncaam-214715,NCAAM,2025-26,2026-01-31T22:00:00Z,Regular,Pauley Pavilion,UCLA,U,Indiana,I,97,98,FINISHED,ncaam,2026-08-23T20:56:10+00:00
ncaam-214748,NCAAM,2025-26,2026-01-31T22:30:00Z,Regular,William Nicks Building,Prairie View A&M,PVA,Texas Southern,TS,85,78,FINISHED,ncaam,2026-08-23T20:56:10+00:00
ncaam-214747,NCAAM,2025-26,2026-01-31T22:40:00Z,Regular,Event Center,Alabama A&M,AA,Florida A&M,FA,72,65,FINISHED,ncaam,2026-08-23T20:56:10+00:00
ncaam-211235,NCAAM,2025-26,2026-01-31T23:00:00Z,Regular,Levien Gymnasium,Columbia,C,Princeton,P,68,80,FINISHED,ncaam,2026-08-23T20:56:10+00:00
ncaam-211238,NCAAM,2025-26,2026-01-31T23:00:00Z,Regular,Sanford Coyote Sports Center,South Dakota,SD,North Dakota State,NDS,84,89,FINISHED,ncaam,2026-08-23T20:56:10+00:00
ncaam-211243,NCAAM,2025-26,2026-01-31T23:00:00Z,Regular,Mullins Center,Massachusetts,M,Eastern Michigan,EM,70,67,FINISHED,ncaam,2026-08-23T20:56:10+00:00
ncaam-211246,NCAAM,2025-26,2026-01-31T23:00:00Z,Regular,Newman Arena,Cornell,C,Pennsylvania,P,81,91,FINISHED,ncaam,2026-08-23T20:56:10+00:00
ncaam-211270,NCAAM,2025-26,2026-01-31T23:00:00Z,Regular,William R. Johnson Coliseum,Stephen F. Austin,SFA,SE Louisiana,SL,85,58,FINISHED,ncaam,2026-08-23T20:56:10+00:00
ncaam-211271,NCAAM,2025-26,2026-01-31T23:00:00Z,Regular,Lakefront Arena,New Orleans,NO,Northwestern State,NS,75,64,FINISHED,ncaam,2026-08-23T20:56:10+00:00
ncaam-211273,NCAAM,2025-26,2026-01-31T23:00:00Z,Regular,The Field House,East Texas A&M,ETA,Nicholls,N,68,72,FINISHED,ncaam,2026-08-23T20:56:10+00:00
ncaam-211288,NCAAM,2025-26,2026-01-31T23:00:00Z,Regular,The Sandy and John Black Pavilion at Ole Miss,Vanderbilt,V,Ole Miss,OM,71,68,FINISHED,ncaam,2026-08-23T20:56:10+00:00
ncaam-211314,NCAAM,2025-26,2026-01-31T23:00:00Z,Regular,Pizzitola Sports Center,Brown,B,Dartmouth,D,70,77,FINISHED,ncaam,2026-08-23T20:56:10+00:00
ncaam-214738,NCAAM,2025-26,2026-01-31T23:00:00Z,Regular,JMA Wireless Dome,Syracuse,S,Notre Dame,ND,86,72,FINISHED,ncaam,2026-08-23T20:56:10+00:00
ncaam-358763,NCAAM,2025-26,2026-01-31T23:00:00Z,Regular,Knapp Center,Drake,D,Bradley,B,73,87,FINISHED,ncaam,2026-08-23T20:56:10+00:00
ncaam-358764,NCAAM,2025-26,2026-01-31T23:00:00Z,Regular,Beasley Coliseum,Washington State,WS,Portland,P,104,74,FINISHED,ncaam,2026-08-23T20:56:10+00:00
ncaam-358765,NCAAM,2025-26,2026-01-31T23:00:00Z,Regular,Jenny Craig Pavilion,San Diego,SD,Oregon State,OS,76,78,FINISHED,ncaam,2026-08-23T20:56:10+00:00
ncaam-214705,NCAAM,2025-26,2026-01-31T23:05:00Z,Regular,Jon M. Huntsman Center,Utah,U,Oklahoma State,OS,69,81,FINISHED,ncaam,2026-08-23T20:56:10+00:00
ncaam-214736,NCAAM,2025-26,2026-01-31T23:05:00Z,Regular,Tucker Center,Florida State,FS,Stanford,S,88,80,FINISHED,ncaam,2026-08-23T20:56:10+00:00
ncaam-358768,NCAAM,2025-26,2026-01-31T23:30:00Z,Regular,Reilly Center,St. Bonaventure,SB,George Mason,GM,73,77,FINISHED,ncaam,2026-08-23T20:56:10+00:00
ncaam-211291,NCAAM,2025-26,2026-01-31T23:35:00Z,Regular,Bud Walton Arena,Arkansas,A,Kentucky,K,77,85,FINISHED,ncaam,2026-08-23T20:56:10+00:00
ncaam-211244,NCAAM,2025-26,2026-02-01T00:00:00Z,Regular,McGuirk Arena,Central Michigan,CM,Bowling Green,BG,62,59,FINISHED,ncaam,2026-08-23T20:56:10+00:00
ncaam-211252,NCAAM,2025-26,2026-02-01T00:00:00Z,Regular,Broadview Center,UAlbany,U,UMBC,U,65,68,FINISHED,ncaam,2026-08-23T20:56:10+00:00
ncaam-211272,NCAAM,2025-26,2026-02-01T00:00:00Z,Regular,Montagne Center,Lamar,L,McNeese,M,63,64,FINISHED,ncaam,2026-08-23T20:56:10+00:00
ncaam-211315,NCAAM,2025-26,2026-02-01T00:00:00Z,Regular,John J. Lee Amphitheater,Yale,Y,Harvard,H,65,67,FINISHED,ncaam,2026-08-23T20:56:10+00:00
ncaam-214714,NCAAM,2025-26,2026-02-01T00:00:00Z,Regular,Galen Center,USC,U,Rutgers,R,78,75,FINISHED,ncaam,2026-08-23T20:56:10+00:00
ncaam-214743,NCAAM,2025-26,2026-02-01T00:00:00Z,Regular,DeGol Arena,St. Francis (PA),SF(,New Haven,NH,69,81,FINISHED,ncaam,2026-08-23T20:56:10+00:00
ncaam-358769,NCAAM,2025-26,2026-02-01T00:00:00Z,Regular,Banterra Center,Southern Illinois,SI,UIC,U,66,68,FINISHED,ncaam,2026-08-23T20:56:10+00:00
ncaam-211265,NCAAM,2025-26,2026-02-01T01:00:00Z,Regular,SRC Arena,UC Riverside,UR,Cal Poly,CP,87,94,FINISHED,ncaam,2026-08-23T20:56:10+00:00
ncaam-211268,NCAAM,2025-26,2026-02-01T01:00:00Z,Regular,Premier America Credit Union Arena,Cal State Northridge,CSN,UC San Diego,USD,81,64,FINISHED,ncaam,2026-08-23T20:56:10+00:00
ncaam-211277,NCAAM,2025-26,2026-02-01T01:00:00Z,Regular,Mitchell Center,South Alabama,SA,Georgia State,GS,69,67,FINISHED,ncaam,2026-08-23T20:56:10+00:00
ncaam-211282,NCAAM,2025-26,2026-02-01T01:00:00Z,Regular,J. Lawrence Walkup Skydome,Northern Arizona,NA,Idaho,I,62,79,FINISHED,ncaam,2026-08-23T20:56:10+00:00
ncaam-214716,NCAAM,2025-26,2026-02-01T01:00:00Z,Regular,Welsh-Ryan Arena,Northwestern,N,Washington,W,62,76,FINISHED,ncaam,2026-08-23T20:56:10+00:00
ncaam-214730,NCAAM,2025-26,2026-02-01T01:00:00Z,Regular,CHI Health Center Omaha,Creighton,C,UConn,U,58,85,FINISHED,ncaam,2026-08-23T20:56:10+00:00
ncaam-358767,NCAAM,2025-26,2026-02-01T01:00:00Z,Regular,The Super Pit,North Texas,NT,UAB,U,68,72,FINISHED,ncaam,2026-08-23T20:56:10+00:00
ncaam-358770,NCAAM,2025-26,2026-02-01T01:00:00Z,Regular,Curb Event Center Arena,Belmont,B,Murray State,MS,103,86,FINISHED,ncaam,2026-08-23T20:56:10+00:00
ncaam-358771,NCAAM,2025-26,2026-02-01T01:05:00Z,Regular,Liacouras Center,Temple,T,South Florida,SF,79,78,FINISHED,ncaam,2026-08-23T20:56:10+00:00
ncaam-211299,NCAAM,2025-26,2026-02-01T01:30:00Z,Regular,Screaming Eagles Arena,Southern Indiana,SI,SIU Edwardsville,SE,46,58,FINISHED,ncaam,2026-08-23T20:56:10+00:00
ncaam-211285,NCAAM,2025-26,2026-02-01T01:40:00Z,Regular,Food City Center,Tennessee,T,Auburn,A,77,69,FINISHED,ncaam,2026-08-23T20:56:10+00:00
ncaam-211306,NCAAM,2025-26,2026-02-01T02:00:00Z,Regular,Don Haskins Center,UTEP,U,Delaware,D,70,55,FINISHED,ncaam,2026-08-23T20:56:10+00:00
ncaam-214725,NCAAM,2025-26,2026-02-01T02:00:00Z,Regular,The Thunderdome,UC Santa Barbara,USB,Cal State Fullerton,CSF,83,69,FINISHED,ncaam,2026-08-23T20:56:10+00:00
ncaam-358772,NCAAM,2025-26,2026-02-01T02:00:00Z,Regular,Gersten Pavilion,Loyola Marymount,LM,Santa Clara,SC,73,104,FINISHED,ncaam,2026-08-23T20:56:10+00:00
ncaam-358773,NCAAM,2025-26,2026-02-01T02:30:00Z,Regular,Arena-Auditorium,Wyoming,W,Colorado State,CS,68,57,FINISHED,ncaam,2026-08-23T20:56:10+00:00
ncaam-211281,NCAAM,2025-26,2026-02-01T03:00:00Z,Regular,The Well,Sacramento State,SS,Montana,M,86,79,FINISHED,ncaam,2026-08-23T20:56:10+00:00
ncaam-358774,NCAAM,2025-26,2026-02-01T03:00:00Z,Regular,Provident Credit Union Event Center,San José State,SJS,New Mexico,NM,80,90,FINISHED,ncaam,2026-08-23T20:56:10+00:00
ncaam-358775,NCAAM,2025-26,2026-02-01T03:00:00Z,Regular,The Sobrato Center,San Francisco,SF,Pacific,P,87,82,FINISHED,ncaam,2026-08-23T20:56:10+00:00
ncaam-211309,NCAAM,2025-26,2026-02-01T03:05:00Z,Regular,Bernard G. Johnson Coliseum,Sam Houston,SH,Louisiana Tech,LT,83,67,FINISHED,ncaam,2026-08-23T20:56:10+00:00
ncaam-358776,NCAAM,2025-26,2026-02-01T03:40:00Z,Regular,McCarthey Athletic Center,Gonzaga,G,Saint Mary's,SM,73,65,FINISHED,ncaam,2026-08-23T20:56:10+00:00
ncaam-358777,NCAAM,2025-26,2026-02-01T17:00:00Z,Regular,UPMC Cooper Fieldhouse,Duquesne,D,Rhode Island,RI,76,61,FINISHED,ncaam,2026-08-23T20:56:10+00:00
ncaam-211261,NCAAM,2025-26,2026-02-01T18:00:00Z,Regular,Ramsey Center,Western Carolina,WC,Samford,S,74,88,FINISHED,ncaam,2026-08-23T20:56:10+00:00
ncaam-211264,NCAAM,2025-26,2026-02-01T18:00:00Z,Regular,Timmons Arena,Furman,F,Chattanooga,C,75,70,FINISHED,ncaam,2026-08-23T20:56:10+00:00
ncaam-211290,NCAAM,2025-26,2026-02-01T18:00:00Z,Regular,Stephen C. O'Connell Center,Florida,F,Alabama,A,100,77,FINISHED,ncaam,2026-08-23T20:56:10+00:00
ncaam-211319,NCAAM,2025-26,2026-02-01T18:00:00Z,Regular,Koessler Athletic Center,Canisius,C,Siena,S,63,78,FINISHED,ncaam,2026-08-23T20:56:10+00:00
ncaam-214754,NCAAM,2025-26,2026-02-01T18:00:00Z,Regular,XFINITY Center,Maryland,M,Purdue,P,63,93,FINISHED,ncaam,2026-08-23T20:56:10+00:00
ncaam-214756,NCAAM,2025-26,2026-02-01T18:00:00Z,Regular,Hammel Court,Merrimack,M,Sacred Heart,SH,75,58,FINISHED,ncaam,2026-08-23T20:56:10+00:00
ncaam-211279,NCAAM,2025-26,2026-02-01T19:00:00Z,Regular,Fant-Ewing Coliseum,UL Monroe,UM,Coastal Carolina,CC,79,83,FINISHED,ncaam,2026-08-23T20:56:10+00:00
ncaam-211317,NCAAM,2025-26,2026-02-01T19:00:00Z,Regular,Resch Center,Green Bay,GB,Wright State,WS,75,83,FINISHED,ncaam,2026-08-23T20:56:10+00:00
ncaam-211320,NCAAM,2025-26,2026-02-01T19:00:00Z,Regular,Gallagher Center,Niagara,N,Marist,M,46,58,FINISHED,ncaam,2026-08-23T20:56:10+00:00
ncaam-211321,NCAAM,2025-26,2026-02-01T19:00:00Z,Regular,Knott Arena,Mount St. Mary's,MSM,Manhattan,M,72,65,FINISHED,ncaam,2026-08-23T20:56:10+00:00
ncaam-214749,NCAAM,2025-26,2026-02-01T19:00:00Z,Regular,Bramlage Coliseum,Kansas State,KS,Iowa State,IS,61,95,FINISHED,ncaam,2026-08-23T20:56:10+00:00
ncaam-214750,NCAAM,2025-26,2026-02-01T19:00:00Z,Regular,CU Events Center,Colorado,C,TCU,T,87,61,FINISHED,ncaam,2026-08-23T20:56:10+00:00
ncaam-214751,NCAAM,2025-26,2026-02-01T19:00:00Z,Regular,Bryce Jordan Center,Penn State,PS,Minnesota,M,77,75,FINISHED,ncaam,2026-08-23T20:56:10+00:00
ncaam-214755,NCAAM,2025-26,2026-02-01T19:00:00Z,Regular,Alumni Gymnasium (Rider),Rider,R,Saint Peter's,SP,81,78,FINISHED,ncaam,2026-08-23T20:56:10+00:00
ncaam-214757,NCAAM,2025-26,2026-02-01T19:00:00Z,Regular,Leo D. Mahoney Arena,Fairfield,F,Quinnipiac,Q,65,72,FINISHED,ncaam,2026-08-23T20:56:10+00:00
ncaam-358778,NCAAM,2025-26,2026-02-01T19:00:00Z,Regular,Lee & Penny Anderson Arena,St. Thomas-Minnesota,STM,Kansas City,KC,99,64,FINISHED,ncaam,2026-08-23T20:56:10+00:00
ncaam-358779,NCAAM,2025-26,2026-02-01T19:00:00Z,Regular,Reynolds Center,Tulsa,T,Wichita State,WS,93,83,FINISHED,ncaam,2026-08-23T20:56:10+00:00
ncaam-358780,NCAAM,2025-26,2026-02-01T19:00:00Z,Regular,Eleanor R. Baldwin Arena,Florida Atlantic,FA,East Carolina,EC,75,76,FINISHED,ncaam,2026-08-23T20:56:10+00:00
ncaam-211316,NCAAM,2025-26,2026-02-01T20:00:00Z,Regular,UW-Milwaukee Panther Arena,Milwaukee,M,Cleveland State,CS,88,90,FINISHED,ncaam,2026-08-23T20:56:10+00:00
ncaam-211318,NCAAM,2025-26,2026-02-01T20:00:00Z,Regular,OU Credit Union O'rena,Oakland,O,Northern Kentucky,NK,76,65,FINISHED,ncaam,2026-08-23T20:56:10+00:00
ncaam-358781,NCAAM,2025-26,2026-02-01T20:00:00Z,Regular,FedExForum,Memphis,M,Tulane,T,76,78,FINISHED,ncaam,2026-08-23T20:56:10+00:00
ncaam-214753,NCAAM,2025-26,2026-02-01T21:00:00Z,Regular,Pinnacle Bank Arena,Nebraska,N,Illinois,I,69,78,FINISHED,ncaam,2026-08-23T20:56:10+00:00
ncaam-211260,NCAAM,2025-26,2026-02-02T00:00:00Z,Regular,Jerry Richardson Indoor Stadium,Wofford,W,East Tennessee State,ETS,72,86,FINISHED,ncaam,2026-08-23T20:56:10+00:00
ncaam-214752,NCAAM,2025-26,2026-02-02T01:00:00Z,Regular,Matthew Knight Arena,Oregon,O,Iowa,I,66,84,FINISHED,ncaam,2026-08-23T20:56:10+00:00
ncaam-214653,NCAAM,2025-26,2026-02-02T21:30:00Z,Regular,McDougald-McLendon Arena,North Carolina Central,NCC,Maryland Eastern Shore,MES,65,63,FINISHED,ncaam,2026-08-23T20:56:10+00:00
ncaam-359056,NCAAM,2025-26,2026-02-02T23:00:00Z,Regular,Physical Education Complex,Coppin State,CS,Howard,H,53,72,FINISHED,ncaam,2026-08-23T20:56:10+00:00
ncaam-211326,NCAAM,2025-26,2026-02-03T00:00:00Z,Regular,Montagne Center,Lamar,L,SE Louisiana,SL,73,54,FINISHED,ncaam,2026-08-23T20:56:10+00:00
ncaam-214760,NCAAM,2025-26,2026-02-03T00:00:00Z,Regular,Hart Center,Holy Cross,HC,Boston University,BU,64,72,FINISHED,ncaam,2026-08-23T20:56:10+00:00
ncaam-214761,NCAAM,2025-26,2026-02-03T00:00:00Z,Regular,Dunn-Oliver Acadome,Alabama State,AS,Florida A&M,FA,79,66,FINISHED,ncaam,2026-08-23T20:56:10+00:00
ncaam-214762,NCAAM,2025-26,2026-02-03T00:00:00Z,Regular,Dean E. Smith Center,North Carolina,NC,Syracuse,S,87,77,FINISHED,ncaam,2026-08-23T20:56:10+00:00
ncaam-211322,NCAAM,2025-26,2026-02-03T00:30:00Z,Regular,Prather Coliseum,Northwestern State,NS,Nicholls,N,58,61,FINISHED,ncaam,2026-08-23T20:56:10+00:00
ncaam-211323,NCAAM,2025-26,2026-02-03T00:30:00Z,Regular,William R. Johnson Coliseum,Stephen F. Austin,SFA,McNeese,M,67,60,FINISHED,ncaam,2026-08-23T20:56:10+00:00
ncaam-211324,NCAAM,2025-26,2026-02-03T00:30:00Z,Regular,The Field House,East Texas A&M,ETA,New Orleans,NO,85,94,FINISHED,ncaam,2026-08-23T20:56:10+00:00
ncaam-211327,NCAAM,2025-26,2026-02-03T00:30:00Z,Regular,UTRGV Fieldhouse,UT Rio Grande Valley,URGV,Houston Christian,HC,74,57,FINISHED,ncaam,2026-08-23T20:56:10+00:00
ncaam-214759,NCAAM,2025-26,2026-02-03T01:00:00Z,Regular,Lee E. Williams Athletics and Assembly Center,Jackson State,JS,Southern,S,91,96,FINISHED,ncaam,2026-08-23T20:56:10+00:00
ncaam-214763,NCAAM,2025-26,2026-02-03T01:00:00Z,Regular,Event Center,Alabama A&M,AA,Bethune-Cookman,BC,62,80,FINISHED,ncaam,2026-08-23T20:56:10+00:00
ncaam-214758,NCAAM,2025-26,2026-02-03T01:25:00Z,Regular,Davey L. Whitney Complex,Alcorn State,AS,Grambling,G,50,74,FINISHED,ncaam,2026-08-23T20:56:10+00:00
ncaam-211163,NCAAM,2025-26,2026-02-03T01:30:00Z,Regular,Gentry Center,Tennessee State,TS,Tennessee Tech,TT,85,90,FINISHED,ncaam,2026-08-23T20:56:10+00:00
ncaam-214764,NCAAM,2025-26,2026-02-03T02:00:00Z,Regular,American Bank Center,Texas A&M-Corpus Christi,TACC,Incarnate Word,IW,69,71,FINISHED,ncaam,2026-08-23T20:56:10+00:00
ncaam-214765,NCAAM,2025-26,2026-02-03T02:00:00Z,Regular,United Supermarkets Arena,Texas Tech,TT,Kansas,K,61,64,FINISHED,ncaam,2026-08-23T20:56:10+00:00
ncaam-211325,NCAAM,2025-26,2026-02-03T03:00:00Z,Regular,The Well,Sacramento State,SS,Weber State,WS,104,90,FINISHED,ncaam,2026-08-23T20:56:10+00:00
ncaam-211328,NCAAM,2025-26,2026-02-03T03:00:00Z,Regular,Viking Pavilion,Portland State,PS,Idaho State,IS,88,65,FINISHED,ncaam,2026-08-23T20:56:10+00:00
ncaam-211330,NCAAM,2025-26,2026-02-03T23:30:00Z,Regular,Alumni Arena,Buffalo,B,Miami (OH),M(,71,73,FINISHED,ncaam,2026-08-23T20:56:10+00:00
ncaam-211334,NCAAM,2025-26,2026-02-03T23:30:00Z,Regular,Gervin GameAbove Center,Eastern Michigan,EM,Akron,A,64,66,FINISHED,ncaam,2026-08-23T20:56:10+00:00
ncaam-211335,NCAAM,2025-26,2026-02-03T23:30:00Z,Regular,Gallagher Center,Niagara,N,Canisius,C,65,56,FINISHED,ncaam,2026-08-23T20:56:10+00:00
ncaam-211329,NCAAM,2025-26,2026-02-04T00:00:00Z,Regular,Convocation Center (OH),Ohio,O,Western Michigan,WM,91,71,FINISHED,ncaam,2026-08-23T20:56:10+00:00
ncaam-211331,NCAAM,2025-26,2026-02-04T00:00:00Z,Regular,Savage Arena,Toledo,T,Kent State,KS,72,75,FINISHED,ncaam,2026-08-23T20:56:10+00:00
ncaam-211332,NCAAM,2025-26,2026-02-04T00:00:00Z,Regular,Mullins Center,Massachusetts,M,Central Michigan,CM,95,89,FINISHED,ncaam,2026-08-23T20:56:10+00:00
ncaam-211333,NCAAM,2025-26,2026-02-04T00:00:00Z,Regular,Stroh Center,Bowling Green,BG,Ball State,BS,77,52,FINISHED,ncaam,2026-08-23T20:56:10+00:00
ncaam-211336,NCAAM,2025-26,2026-02-04T00:00:00Z,Regular,Food City Center,Tennessee,T,Ole Miss,OM,84,66,FINISHED,ncaam,2026-08-23T20:56:10+00:00
ncaam-211337,NCAAM,2025-26,2026-02-04T00:00:00Z,Regular,Moody Center,Texas,T,South Carolina,SC,84,75,FINISHED,ncaam,2026-08-23T20:56:10+00:00
ncaam-214772,NCAAM,2025-26,2026-02-04T00:00:00Z,Regular,Gampel Pavilion,UConn,U,Xavier,X,92,60,FINISHED,ncaam,2026-08-23T20:56:10+00:00
ncaam-214778,NCAAM,2025-26,2026-02-04T00:00:00Z,Regular,Cameron Indoor Stadium,Duke,D,Boston College,BC,67,49,FINISHED,ncaam,2026-08-23T20:56:10+00:00
ncaam-358782,NCAAM,2025-26,2026-02-04T00:00:00Z,Regular,CEFCU Arena,Illinois State,IS,Southern Illinois,SI,50,54,FINISHED,ncaam,2026-08-23T20:56:10+00:00
ncaam-358783,NCAAM,2025-26,2026-02-04T00:00:00Z,Regular,Rose Hill Gym,Fordham,F,VCU,V,59,63,FINISHED,ncaam,2026-08-23T20:56:10+00:00
ncaam-358784,NCAAM,2025-26,2026-02-04T00:00:00Z,Regular,UD Arena,Dayton,D,St. Bonaventure,SB,72,70,FINISHED,ncaam,2026-08-23T20:56:10+00:00
ncaam-214771,NCAAM,2025-26,2026-02-04T01:00:00Z,Regular,Wintrust Arena,DePaul,D,St. John's,SJ,56,68,FINISHED,ncaam,2026-08-23T20:56:10+00:00
ncaam-358785,NCAAM,2025-26,2026-02-04T01:00:00Z,Regular,Ford Center,Evansville,E,Indiana State,IS,63,84,FINISHED,ncaam,2026-08-23T20:56:10+00:00
ncaam-358786,NCAAM,2025-26,2026-02-04T01:00:00Z,Regular,CFSB Center,Murray State,MS,UIC,U,81,74,FINISHED,ncaam,2026-08-23T20:56:10+00:00
ncaam-358787,NCAAM,2025-26,2026-02-04T01:00:00Z,Regular,Carver Arena,Bradley,B,Valparaiso,V,72,65,FINISHED,ncaam,2026-08-23T20:56:10+00:00
ncaam-358788,NCAAM,2025-26,2026-02-04T01:00:00Z,Regular,Gentile Arena,Loyola Chicago,LC,La Salle,LS,71,61,FINISHED,ncaam,2026-08-23T20:56:10+00:00
ncaam-211123,NCAAM,2025-26,2026-02-04T01:30:00Z,Regular,Kathleen and Tom Elam Center,UT Martin,UM,Little Rock,LR,55,52,FINISHED,ncaam,2026-08-23T20:56:10+00:00
ncaam-211340,NCAAM,2025-26,2026-02-04T01:30:00Z,Regular,Hyland Arena,Lindenwood,L,SIU Edwardsville,SE,72,78,FINISHED,ncaam,2026-08-23T20:56:10+00:00
ncaam-214769,NCAAM,2025-26,2026-02-04T02:00:00Z,Regular,ExtraMile Arena,Boise State,BS,Nevada,N,91,87,FINISHED,ncaam,2026-08-23T20:56:10+00:00
ncaam-214774,NCAAM,2025-26,2026-02-04T02:00:00Z,Regular,Moody Coliseum,SMU,S,NC State,NS,83,84,FINISHED,ncaam,2026-08-23T20:56:10+00:00
ncaam-214777,NCAAM,2025-26,2026-02-04T02:00:00Z,Regular,John Paul Jones Arena,Virginia,V,Pittsburgh,P,67,47,FINISHED,ncaam,2026-08-23T20:56:10+00:00
ncaam-214779,NCAAM,2025-26,2026-02-04T02:00:00Z,Regular,Global Credit Union Arena,Grand Canyon,GC,Air Force,AF,81,57,FINISHED,ncaam,2026-08-23T20:56:10+00:00
ncaam-358789,NCAAM,2025-26,2026-02-04T02:00:00Z,Regular,Curb Event Center Arena,Belmont,B,Drake,D,103,90,FINISHED,ncaam,2026-08-23T20:56:10+00:00
ncaam-358790,NCAAM,2025-26,2026-02-04T02:00:00Z,Regular,John M. Belk Arena,Davidson,D,Saint Louis,SL,82,91,FINISHED,ncaam,2026-08-23T20:56:10+00:00
ncaam-214768,NCAAM,2025-26,2026-02-04T02:30:00Z,Regular,Pauley Pavilion,UCLA,U,Rutgers,R,98,66,FINISHED,ncaam,2026-08-23T20:56:10+00:00
ncaam-214767,NCAAM,2025-26,2026-02-04T03:00:00Z,Regular,Galen Center,USC,U,Indiana,I,81,75,FINISHED,ncaam,2026-08-23T20:56:10+00:00
ncaam-214770,NCAAM,2025-26,2026-02-04T04:00:00Z,Regular,Viejas Arena,San Diego State,SDS,Wyoming,W,72,63,FINISHED,ncaam,2026-08-23T20:56:10+00:00
ncaam-358791,NCAAM,2025-26,2026-02-04T04:00:00Z,Regular,Save Mart Center,Fresno State,FS,UNLV,U,98,96,FINISHED,ncaam,2026-08-23T20:56:10+00:00
ncaam-211348,NCAAM,2025-26,2026-02-04T23:00:00Z,Regular,Cameron Hall,VMI,V,Wofford,W,67,81,FINISHED,ncaam,2026-08-23T20:56:10+00:00
ncaam-211349,NCAAM,2025-26,2026-02-04T23:00:00Z,Regular,First Horizon Coliseum,UNC Greensboro,UG,Western Carolina,WC,81,78,FINISHED,ncaam,2026-08-23T20:56:10+00:00
ncaam-211357,NCAAM,2025-26,2026-02-04T23:30:00Z,Regular,Holmes Convocation Center,App State,AS,South Alabama,SA,65,57,FINISHED,ncaam,2026-08-23T20:56:10+00:00
ncaam-214789,NCAAM,2025-26,2026-02-04T23:30:00Z,Regular,Kimmel Arena,UNC Asheville,UA,South Carolina Upstate,SCU,76,67,FINISHED,ncaam,2026-08-23T20:56:10+00:00
ncaam-214794,NCAAM,2025-26,2026-02-04T23:30:00Z,Regular,Finneran Pavilion,Villanova,V,Seton Hall,SH,72,60,FINISHED,ncaam,2026-08-23T20:56:10+00:00
ncaam-211339,NCAAM,2025-26,2026-02-05T00:00:00Z,Regular,Coleman Coliseum,Alabama,A,Texas A&M,TA,100,97,FINISHED,ncaam,2026-08-23T20:56:10+00:00
ncaam-211341,NCAAM,2025-26,2026-02-05T00:00:00Z,Regular,First Bank & Trust Arena,South Dakota State,SDS,St. Thomas-Minnesota,STM,62,77,FINISHED,ncaam,2026-08-23T20:56:10+00:00
ncaam-211343,NCAAM,2025-26,2026-02-05T00:00:00Z,Regular,Memorial Coliseum (IN),Purdue Fort Wayne,PFW,Youngstown State,YS,61,90,FINISHED,ncaam,2026-08-23T20:56:10+00:00
ncaam-211344,NCAAM,2025-26,2026-02-05T00:00:00Z,Regular,Wolstein Center,Cleveland State,CS,Oakland,O,91,78,FINISHED,ncaam,2026-08-23T20:56:10+00:00
ncaam-211346,NCAAM,2025-26,2026-02-05T00:00:00Z,Regular,UPMC Events Center,Robert Morris,RM,Wright State,WS,72,66,FINISHED,ncaam,2026-08-23T20:56:10+00:00
ncaam-211347,NCAAM,2025-26,2026-02-05T00:00:00Z,Regular,Truist Arena,Northern Kentucky,NK,Green Bay,GB,84,87,FINISHED,ncaam,2026-08-23T20:56:10+00:00
ncaam-211350,NCAAM,2025-26,2026-02-05T00:00:00Z,Regular,Freedom Hall (TN),East Tennessee State,ETS,Furman,F,75,71,FINISHED,ncaam,2026-08-23T20:56:10+00:00
ncaam-211351,NCAAM,2025-26,2026-02-05T00:00:00Z,Regular,Chartway Arena,Old Dominion,OD,UL Monroe,UM,79,85,FINISHED,ncaam,2026-08-23T20:56:10+00:00
ncaam-211352,NCAAM,2025-26,2026-02-05T00:00:00Z,Regular,Cam Henderson Center,Marshall,M,Southern Miss,SM,81,77,FINISHED,ncaam,2026-08-23T20:56:10+00:00
ncaam-211353,NCAAM,2025-26,2026-02-05T00:00:00Z,Regular,Atlantic Union Bank Center,James Madison,JM,Louisiana,L,61,64,FINISHED,ncaam,2026-08-23T20:56:10+00:00
ncaam-211354,NCAAM,2025-26,2026-02-05T00:00:00Z,Regular,GSU Convocation Center,Georgia State,GS,Troy,T,63,74,FINISHED,ncaam,2026-08-23T20:56:10+00:00
ncaam-211355,NCAAM,2025-26,2026-02-05T00:00:00Z,Regular,Jack and Ruth Ann Hill Convocation Center,Georgia Southern,GS,Texas State,TS,71,77,FINISHED,ncaam,2026-08-23T20:56:10+00:00
ncaam-211356,NCAAM,2025-26,2026-02-05T00:00:00Z,Regular,The HTC Center,Coastal Carolina,CC,Arkansas State,AS,66,70,FINISHED,ncaam,2026-08-23T20:56:10+00:00
ncaam-211358,NCAAM,2025-26,2026-02-05T00:00:00Z,Regular,Bob Carpenter Center,Delaware,D,Liberty,L,69,75,FINISHED,ncaam,2026-08-23T20:56:10+00:00
ncaam-214775,NCAAM,2025-26,2026-02-05T00:00:00Z,Regular,KFC Yum! Center,Louisville,L,Notre Dame,ND,76,65,FINISHED,ncaam,2026-08-23T20:56:10+00:00
ncaam-214782,NCAAM,2025-26,2026-02-05T00:00:00Z,Regular,Fertitta Center,Houston,H,UCF,U,79,55,FINISHED,ncaam,2026-08-23T20:56:10+00:00
ncaam-214784,NCAAM,2025-26,2026-02-05T00:00:00Z,Regular,Cotterell Court,Colgate,C,Army,A,69,55,FINISHED,ncaam,2026-08-23T20:56:10+00:00
ncaam-214786,NCAAM,2025-26,2026-02-05T00:00:00Z,Regular,Williams Arena,Minnesota,M,Michigan State,MS,76,73,FINISHED,ncaam,2026-08-23T20:56:10+00:00
ncaam-214788,NCAAM,2025-26,2026-02-05T00:00:00Z,Regular,The Dedmon Center,Radford,R,Winthrop,W,78,80,FINISHED,ncaam,2026-08-23T20:56:10+00:00
ncaam-214790,NCAAM,2025-26,2026-02-05T00:00:00Z,Regular,Paul Porter Arena,Gardner-Webb,GW,Longwood,L,66,86,FINISHED,ncaam,2026-08-23T20:56:10+00:00
ncaam-214791,NCAAM,2025-26,2026-02-05T00:00:00Z,Regular,Qubein Center,High Point,HP,Charleston Southern,CS,80,55,FINISHED,ncaam,2026-08-23T20:56:10+00:00
ncaam-214792,NCAAM,2025-26,2026-02-05T00:00:00Z,Regular,Amica Mutual Pavilion,Providence,P,Butler,B,97,87,FINISHED,ncaam,2026-08-23T20:56:10+00:00
ncaam-214795,NCAAM,2025-26,2026-02-05T00:00:00Z,Regular,Kirby Sports Center,Lafayette,L,Navy,N,50,65,FINISHED,ncaam,2026-08-23T20:56:10+00:00
ncaam-214796,NCAAM,2025-26,2026-02-05T00:00:00Z,Regular,Reitz Arena,Loyola Maryland,LM,Lehigh,L,89,84,FINISHED,ncaam,2026-08-23T20:56:10+00:00
ncaam-358792,NCAAM,2025-26,2026-02-05T00:00:00Z,Regular,Bender Arena,American University,AU,Bucknell,B,59,60,FINISHED,ncaam,2026-08-23T20:56:10+00:00
ncaam-358793,NCAAM,2025-26,2026-02-05T00:00:00Z,Regular,Michael J. Hagan '85 Arena,Saint Joseph's,SJ,George Washington,GW,76,73,FINISHED,ncaam,2026-08-23T20:56:10+00:00
ncaam-358794,NCAAM,2025-26,2026-02-05T00:00:00Z,Regular,EagleBank Arena,George Mason,GM,Duquesne,D,65,71,FINISHED,ncaam,2026-08-23T20:56:10+00:00
ncaam-358795,NCAAM,2025-26,2026-02-05T00:00:00Z,Regular,Yuengling Center,South Florida,SF,UTSA,U,109,88,FINISHED,ncaam,2026-08-23T20:56:10+00:00
ncaam-358796,NCAAM,2025-26,2026-02-05T00:00:00Z,Regular,Eleanor R. Baldwin Arena,Florida Atlantic,FA,Tulsa,T,76,78,FINISHED,ncaam,2026-08-23T20:56:10+00:00
ncaam-211359,NCAAM,2025-26,2026-02-05T00:30:00Z,Regular,Murphy Center,Middle Tennessee,MT,Florida International,FI,84,88,FINISHED,ncaam,2026-08-23T20:56:10+00:00
ncaam-211361,NCAAM,2025-26,2026-02-05T00:30:00Z,Regular,Bernard G. Johnson Coliseum,Sam Houston,SH,UTEP,U,70,66,FINISHED,ncaam,2026-08-23T20:56:10+00:00
ncaam-211362,NCAAM,2025-26,2026-02-05T00:30:00Z,Regular,Thomas Assembly Center,Louisiana Tech,LT,New Mexico State,NMS,63,72,FINISHED,ncaam,2026-08-23T20:56:10+00:00
ncaam-211392,NCAAM,2025-26,2026-02-05T00:30:00Z,Regular,Farris Center,Central Arkansas,CA,North Alabama,NA,81,60,FINISHED,ncaam,2026-08-23T20:56:10+00:00
ncaam-214651,NCAAM,2025-26,2026-02-05T00:30:00Z,Regular,Fredrick C. Hobdy Assembly Center,Grambling,G,Arkansas-Pine Bluff,APB,64,67,FINISHED,ncaam,2026-08-23T20:56:10+00:00
ncaam-214793,NCAAM,2025-26,2026-02-05T00:30:00Z,Regular,Capital One Arena,Georgetown,G,Creighton,C,76,68,FINISHED,ncaam,2026-08-23T20:56:10+00:00
ncaam-358797,NCAAM,2025-26,2026-02-05T00:30:00Z,Regular,Charles Koch Arena,Wichita State,WS,Charlotte,C,74,64,FINISHED,ncaam,2026-08-23T20:56:10+00:00
ncaam-359073,NCAAM,2025-26,2026-02-05T00:30:00Z,Regular,Prather Coliseum,Northwestern State,NS,East Texas A&M,ETA,68,74,FINISHED,ncaam,2026-08-23T20:56:10+00:00
ncaam-211342,NCAAM,2025-26,2026-02-05T01:00:00Z,Regular,Swinney Center,Kansas City,KC,South Dakota,SD,75,82,FINISHED,ncaam,2026-08-23T20:56:10+00:00
ncaam-211345,NCAAM,2025-26,2026-02-05T01:00:00Z,Regular,UW-Milwaukee Panther Arena,Milwaukee,M,Detroit Mercy,DM,63,76,FINISHED,ncaam,2026-08-23T20:56:10+00:00
ncaam-214621,NCAAM,2025-26,2026-02-05T01:00:00Z,Regular,Smith-Hammond-Middleton Memorial Center,South Carolina State,SCS,Maryland Eastern Shore,MES,63,54,FINISHED,ncaam,2026-08-23T20:56:10+00:00
ncaam-214776,NCAAM,2025-26,2026-02-05T01:00:00Z,Regular,Haas Pavilion,California,C,Georgia Tech,GT,90,85,FINISHED,ncaam,2026-08-23T20:56:10+00:00
ncaam-214783,NCAAM,2025-26,2026-02-05T01:00:00Z,Regular,Foster Pavilion,Baylor,B,Colorado,C,86,67,FINISHED,ncaam,2026-08-23T20:56:10+00:00
ncaam-358798,NCAAM,2025-26,2026-02-05T01:00:00Z,Regular,Tudor Fieldhouse,Rice,R,North Texas,NT,86,83,FINISHED,ncaam,2026-08-23T20:56:10+00:00
ncaam-211393,NCAAM,2025-26,2026-02-05T01:20:00Z,Regular,F&M Bank Arena,Austin Peay,AP,Lipscomb,L,87,76,FINISHED,ncaam,2026-08-23T20:56:10+00:00
ncaam-211338,NCAAM,2025-26,2026-02-05T02:00:00Z,Regular,Rupp Arena,Kentucky,K,Oklahoma,O,94,78,FINISHED,ncaam,2026-08-23T20:56:10+00:00
ncaam-214780,NCAAM,2025-26,2026-02-05T02:00:00Z,Regular,Jon M. Huntsman Center,Utah,U,Arizona State,AS,63,71,FINISHED,ncaam,2026-08-23T20:56:10+00:00
ncaam-214781,NCAAM,2025-26,2026-02-05T02:00:00Z,Regular,Gallagher-Iba Arena,Oklahoma State,OS,BYU,B,99,92,FINISHED,ncaam,2026-08-23T20:56:10+00:00
ncaam-214787,NCAAM,2025-26,2026-02-05T02:00:00Z,Regular,State Farm Center,Illinois,I,Northwestern,N,84,44,FINISHED,ncaam,2026-08-23T20:56:10+00:00
ncaam-214773,NCAAM,2025-26,2026-02-05T03:00:00Z,Regular,Maples Pavilion,Stanford,S,Clemson,C,64,66,FINISHED,ncaam,2026-08-23T20:56:10+00:00
ncaam-358799,NCAAM,2025-26,2026-02-05T03:00:00Z,Regular,Chiles Center,Portland,P,Gonzaga,G,87,80,FINISHED,ncaam,2026-08-23T20:56:10+00:00
ncaam-358800,NCAAM,2025-26,2026-02-05T03:00:00Z,Regular,Alex G. Spanos Center,Pacific,P,Santa Clara,SC,56,71,FINISHED,ncaam,2026-08-23T20:56:10+00:00
ncaam-358801,NCAAM,2025-26,2026-02-05T03:00:00Z,Regular,University Credit Union Pavilion,Saint Mary's,SM,San Diego,SD,87,60,FINISHED,ncaam,2026-08-23T20:56:10+00:00
ncaam-358802,NCAAM,2025-26,2026-02-05T03:00:00Z,Regular,Redhawk Center,Seattle U,SU,Pepperdine,P,83,81,FINISHED,ncaam,2026-08-23T20:56:10+00:00
ncaam-358803,NCAAM,2025-26,2026-02-05T03:00:00Z,Regular,The Sobrato Center,San Francisco,SF,Loyola Marymount,LM,75,84,FINISHED,ncaam,2026-08-23T20:56:10+00:00
ncaam-214785,NCAAM,2025-26,2026-02-05T04:10:00Z,Regular,Alaska Airlines Arena,Washington,W,Iowa,I,74,84,FINISHED,ncaam,2026-08-23T20:56:10+00:00
ncaam-358804,NCAAM,2025-26,2026-02-05T04:15:00Z,Regular,The Pit,New Mexico,NM,Utah State,US,66,86,FINISHED,ncaam,2026-08-23T20:56:10+00:00
ncaam-358805,NCAAM,2025-26,2026-02-05T04:15:00Z,Regular,Gill Coliseum,Oregon State,OS,Washington State,WS,74,64,FINISHED,ncaam,2026-08-23T20:56:10+00:00
ncaam-211372,NCAAM,2025-26,2026-02-05T23:00:00Z,Regular,The Pit in Memorial Gymnasium,Maine,M,Vermont,V,76,70,FINISHED,ncaam,2026-08-23T20:56:10+00:00
ncaam-211374,NCAAM,2025-26,2026-02-05T23:00:00Z,Regular,Chesapeake Employers Insurance Arena,UMBC,U,Binghamton,B,79,62,FINISHED,ncaam,2026-08-23T20:56:10+00:00
ncaam-211375,NCAAM,2025-26,2026-02-05T23:00:00Z,Regular,Chace Athletic Center,Bryant,B,UAlbany,U,63,65,FINISHED,ncaam,2026-08-23T20:56:10+00:00
ncaam-214798,NCAAM,2025-26,2026-02-05T23:30:00Z,Regular,Crisler Center,Michigan,M,Penn State,PS,110,69,FINISHED,ncaam,2026-08-23T20:56:10+00:00
ncaam-211365,NCAAM,2025-26,2026-02-06T00:00:00Z,Regular,MVP Arena,Siena,S,Iona,I,79,72,FINISHED,ncaam,2026-08-23T20:56:10+00:00
ncaam-211366,NCAAM,2025-26,2026-02-06T00:00:00Z,Regular,M&T Bank Arena,Quinnipiac,Q,Canisius,C,75,60,FINISHED,ncaam,2026-08-23T20:56:10+00:00
ncaam-211367,NCAAM,2025-26,2026-02-06T00:00:00Z,Regular,McCann Arena,Marist,M,Rider,R,81,52,FINISHED,ncaam,2026-08-23T20:56:10+00:00
ncaam-211368,NCAAM,2025-26,2026-02-06T00:00:00Z,Regular,Draddy Gymnasium,Manhattan,M,Saint Peter's,SP,75,80,FINISHED,ncaam,2026-08-23T20:56:10+00:00
ncaam-211369,NCAAM,2025-26,2026-02-06T00:00:00Z,Regular,Mercyhurst Athletic Center,Mercyhurst,M,St. Francis (PA),SF(,98,89,FINISHED,ncaam,2026-08-23T20:56:10+00:00
ncaam-211371,NCAAM,2025-26,2026-02-06T00:00:00Z,Regular,Spiro Sports Center,Wagner,W,Le Moyne,LM,79,78,FINISHED,ncaam,2026-08-23T20:56:10+00:00
ncaam-211373,NCAAM,2025-26,2026-02-06T00:00:00Z,Regular,Joel & Diane Bloom Wellness and Events Center,NJIT,N,UMass Lowell,UL,81,56,FINISHED,ncaam,2026-08-23T20:56:10+00:00
ncaam-211376,NCAAM,2025-26,2026-02-06T00:00:00Z,Regular,David S. Mack Sports and Exhibition Complex,Hofstra,H,Northeastern,N,80,63,FINISHED,ncaam,2026-08-23T20:56:10+00:00
ncaam-211377,NCAAM,2025-26,2026-02-06T00:00:00Z,Regular,Stony Brook Arena,Stony Brook,SB,Monmouth,M,75,76,FINISHED,ncaam,2026-08-23T20:56:10+00:00
ncaam-211378,NCAAM,2025-26,2026-02-06T00:00:00Z,Regular,John W. Pope Jr. Convocation Center,Campbell,C,Drexel,D,81,60,FINISHED,ncaam,2026-08-23T20:56:10+00:00
ncaam-211379,NCAAM,2025-26,2026-02-06T00:00:00Z,Regular,Trask Coliseum,UNC Wilmington,UW,William & Mary,W&M,78,85,FINISHED,ncaam,2026-08-23T20:56:10+00:00
ncaam-211380,NCAAM,2025-26,2026-02-06T00:00:00Z,Regular,TD Arena,Charleston,C,North Carolina A&T,NCA,78,62,FINISHED,ncaam,2026-08-23T20:56:10+00:00
ncaam-211381,NCAAM,2025-26,2026-02-06T00:00:00Z,Regular,Convocation Center (VA),Hampton,H,Elon,E,87,79,FINISHED,ncaam,2026-08-23T20:56:10+00:00
ncaam-211383,NCAAM,2025-26,2026-02-06T00:00:00Z,Regular,McKenzie Arena,Chattanooga,C,Mercer,M,79,75,FINISHED,ncaam,2026-08-23T20:56:10+00:00
ncaam-211390,NCAAM,2025-26,2026-02-06T00:00:00Z,Regular,Knights Hall,Bellarmine,B,Stetson,S,92,71,FINISHED,ncaam,2026-08-23T20:56:10+00:00
ncaam-211391,NCAAM,2025-26,2026-02-06T00:00:00Z,Regular,The Coliseum,West Georgia,WG,North Florida,NF,73,81,FINISHED,ncaam,2026-08-23T20:56:10+00:00
ncaam-211394,NCAAM,2025-26,2026-02-06T00:00:00Z,Regular,Curry Arena,Queens University,QU,Jacksonville,J,93,84,FINISHED,ncaam,2026-08-23T20:56:10+00:00
ncaam-211395,NCAAM,2025-26,2026-02-06T00:00:00Z,Regular,Baptist Health Arena,Eastern Kentucky,EK,Florida Gulf Coast,FGC,76,74,FINISHED,ncaam,2026-08-23T20:56:10+00:00
ncaam-211404,NCAAM,2025-26,2026-02-06T00:00:00Z,Regular,Knott Arena,Mount St. Mary's,MSM,Merrimack,M,70,87,FINISHED,ncaam,2026-08-23T20:56:10+00:00
ncaam-211405,NCAAM,2025-26,2026-02-06T00:00:00Z,Regular,Detrick Gymnasium,Central Connecticut,CC,Chicago State,CS,78,67,FINISHED,ncaam,2026-08-23T20:56:10+00:00
ncaam-211406,NCAAM,2025-26,2026-02-06T00:00:00Z,Regular,Bogota Savings Bank Center,Fairleigh Dickinson,FD,Stonehill,S,74,58,FINISHED,ncaam,2026-08-23T20:56:10+00:00
ncaam-214797,NCAAM,2025-26,2026-02-06T00:00:00Z,Regular,Fifth Third Arena,Cincinnati,C,West Virginia,WV,54,59,FINISHED,ncaam,2026-08-23T20:56:10+00:00
ncaam-214800,NCAAM,2025-26,2026-02-06T00:00:00Z,Regular,Steinberg Wellness Center,Long Island University,LIU,New Haven,NH,60,55,FINISHED,ncaam,2026-08-23T20:56:10+00:00
ncaam-214801,NCAAM,2025-26,2026-02-06T00:00:00Z,Regular,William H. Pitt Center,Sacred Heart,SH,Fairfield,F,87,92,FINISHED,ncaam,2026-08-23T20:56:10+00:00
ncaam-211363,NCAAM,2025-26,2026-02-06T01:00:00Z,Regular,Scheels Center,North Dakota State,NDS,Denver,D,71,78,FINISHED,ncaam,2026-08-23T20:56:10+00:00
ncaam-211364,NCAAM,2025-26,2026-02-06T01:00:00Z,Regular,Betty Engelstad Sioux Center,North Dakota,ND,Omaha,O,76,73,FINISHED,ncaam,2026-08-23T20:56:10+00:00
ncaam-211382,NCAAM,2025-26,2026-02-06T01:00:00Z,Regular,Pete Hanna Center,Samford,S,The Citadel,TC,78,64,FINISHED,ncaam,2026-08-23T20:56:10+00:00
ncaam-211403,NCAAM,2025-26,2026-02-06T01:00:00Z,Regular,UCCU Center,Utah Valley,UV,Abilene Christian,AC,68,55,FINISHED,ncaam,2026-08-23T20:56:10+00:00
ncaam-211399,NCAAM,2025-26,2026-02-06T01:25:00Z,Regular,Jack Stephens Center,Little Rock,LR,Lindenwood,L,74,79,FINISHED,ncaam,2026-08-23T20:56:10+00:00
ncaam-211396,NCAAM,2025-26,2026-02-06T01:30:00Z,Regular,Hooper Eblen Center,Tennessee Tech,TT,Western Illinois,WI,97,72,FINISHED,ncaam,2026-08-23T20:56:10+00:00
ncaam-211397,NCAAM,2025-26,2026-02-06T01:30:00Z,Regular,Kathleen and Tom Elam Center,UT Martin,UM,Southern Indiana,SI,76,54,FINISHED,ncaam,2026-08-23T20:56:10+00:00
ncaam-211398,NCAAM,2025-26,2026-02-06T01:30:00Z,Regular,Show Me Center,Southeast Missouri State,SMS,Morehead State,MS,82,70,FINISHED,ncaam,2026-08-23T20:56:10+00:00
ncaam-211400,NCAAM,2025-26,2026-02-06T01:30:00Z,Regular,Gentry Center,Tennessee State,TS,Eastern Illinois,EI,77,68,FINISHED,ncaam,2026-08-23T20:56:10+00:00
ncaam-214799,NCAAM,2025-26,2026-02-06T01:30:00Z,Regular,XFINITY Center,Maryland,M,Ohio State,OS,62,82,FINISHED,ncaam,2026-08-23T20:56:10+00:00
ncaam-211360,NCAAM,2025-26,2026-02-06T02:00:00Z,Regular,E.A. Diddle Arena,Western Kentucky,WK,Jacksonville State,JS,66,71,FINISHED,ncaam,2026-08-23T20:56:10+00:00
ncaam-211387,NCAAM,2025-26,2026-02-06T02:00:00Z,Regular,Dee Events Center,Weber State,WS,Northern Colorado,NC,74,88,FINISHED,ncaam,2026-08-23T20:56:10+00:00
ncaam-211388,NCAAM,2025-26,2026-02-06T02:00:00Z,Regular,Worthington Arena,Montana State,MS,Idaho,I,73,66,FINISHED,ncaam,2026-08-23T20:56:10+00:00
ncaam-211389,NCAAM,2025-26,2026-02-06T02:00:00Z,Regular,Dahlberg Arena,Montana,M,Eastern Washington,EW,74,82,FINISHED,ncaam,2026-08-23T20:56:10+00:00
ncaam-211401,NCAAM,2025-26,2026-02-06T02:00:00Z,Regular,Burns Arena,Utah Tech,UT,UT Arlington,UA,87,84,FINISHED,ncaam,2026-08-23T20:56:10+00:00
ncaam-211407,NCAAM,2025-26,2026-02-06T02:00:00Z,Regular,University Credit Union Center,UC Davis,UD,UC Santa Barbara,USB,85,75,FINISHED,ncaam,2026-08-23T20:56:10+00:00
ncaam-211408,NCAAM,2025-26,2026-02-06T02:00:00Z,Regular,Reed Arena,Idaho State,IS,Northern Arizona,NA,73,79,FINISHED,ncaam,2026-08-23T20:56:10+00:00
ncaam-358806,NCAAM,2025-26,2026-02-06T02:00:00Z,Regular,Bartow Arena,UAB,U,Memphis,M,80,90,FINISHED,ncaam,2026-08-23T20:56:10+00:00
ncaam-211384,NCAAM,2025-26,2026-02-06T03:00:00Z,Regular,Mott Athletics Center,Cal Poly,CP,Cal State Northridge,CSN,96,97,FINISHED,ncaam,2026-08-23T20:56:10+00:00
ncaam-211385,NCAAM,2025-26,2026-02-06T03:00:00Z,Regular,Bren Events Center,UC Irvine,UI,Cal State Bakersfield,CSB,78,62,FINISHED,ncaam,2026-08-23T20:56:10+00:00
ncaam-211386,NCAAM,2025-26,2026-02-06T03:00:00Z,Regular,LionTree Arena,UC San Diego,USD,Long Beach State,LBS,77,74,FINISHED,ncaam,2026-08-23T20:56:10+00:00
ncaam-211402,NCAAM,2025-26,2026-02-06T03:00:00Z,Regular,Dale E. and Sarah Ann Fowler Events Center,California Baptist,CB,Tarleton State,TS,56,55,FINISHED,ncaam,2026-08-23T20:56:10+00:00
ncaam-214802,NCAAM,2025-26,2026-02-06T03:00:00Z,Regular,Titan Gym,Cal State Fullerton,CSF,UC Riverside,UR,78,72,FINISHED,ncaam,2026-08-23T20:56:10+00:00
ncaam-358807,NCAAM,2025-26,2026-02-06T23:00:00Z,Regular,John M. Belk Arena,Davidson,D,Loyola Chicago,LC,84,64,FINISHED,ncaam,2026-08-23T20:56:10+00:00
ncaam-211409,NCAAM,2025-26,2026-02-07T00:00:00Z,Regular,John J. Lee Amphitheater,Yale,Y,Brown,B,81,69,FINISHED,ncaam,2026-08-23T20:56:10+00:00
ncaam-358808,NCAAM,2025-26,2026-02-07T00:00:00Z,Regular,Siegel Center,VCU,V,Dayton,D,99,73,FINISHED,ncaam,2026-08-23T20:56:10+00:00
ncaam-214803,NCAAM,2025-26,2026-02-07T01:00:00Z,Regular,Carnesecca Arena,St. John's,SJ,UConn,U,81,72,FINISHED,ncaam,2026-08-23T20:56:10+00:00
ncaam-358809,NCAAM,2025-26,2026-02-07T01:00:00Z,Regular,Athletics-Recreation Center,Valparaiso,V,Evansville,E,70,63,FINISHED,ncaam,2026-08-23T20:56:10+00:00
ncaam-358810,NCAAM,2025-26,2026-02-07T01:00:00Z,Regular,Banterra Center,Southern Illinois,SI,Murray State,MS,81,91,FINISHED,ncaam,2026-08-23T20:56:10+00:00
ncaam-358811,NCAAM,2025-26,2026-02-07T01:00:00Z,Regular,CEFCU Arena,Illinois State,IS,Drake,D,86,76,FINISHED,ncaam,2026-08-23T20:56:10+00:00
ncaam-358812,NCAAM,2025-26,2026-02-07T01:00:00Z,Regular,McLeod Center,Northern Iowa,NI,Bradley,B,61,49,FINISHED,ncaam,2026-08-23T20:56:10+00:00
ncaam-358813,NCAAM,2025-26,2026-02-07T02:00:00Z,Regular,Credit Union 1 Arena,UIC,U,Belmont,B,62,68,FINISHED,ncaam,2026-08-23T20:56:10+00:00
ncaam-211435,NCAAM,2025-26,2026-02-07T17:00:00Z,Regular,Schar Center,Elon,E,Drexel,D,77,82,FINISHED,ncaam,2026-08-23T20:56:10+00:00
ncaam-211457,NCAAM,2025-26,2026-02-07T17:00:00Z,Regular,Humphrey Coliseum,Mississippi State,MS,Arkansas,A,68,88,FINISHED,ncaam,2026-08-23T20:56:10+00:00
ncaam-214814,NCAAM,2025-26,2026-02-07T17:00:00Z,Regular,Christl Arena,Army,A,Lafayette,L,60,63,FINISHED,ncaam,2026-08-23T20:56:10+00:00
ncaam-214816,NCAAM,2025-26,2026-02-07T17:00:00Z,Regular,Jersey Mike’s Arena,Rutgers,R,Nebraska,N,68,80,FINISHED,ncaam,2026-08-23T20:56:10+00:00
ncaam-214818,NCAAM,2025-26,2026-02-07T17:00:00Z,Regular,Simon Skjodt Assembly Hall,Indiana,I,Wisconsin,W,78,77,FINISHED,ncaam,2026-08-23T20:56:10+00:00
ncaam-214829,NCAAM,2025-26,2026-02-07T17:00:00Z,Regular,Capital One Arena,Georgetown,G,Villanova,V,73,80,FINISHED,ncaam,2026-08-23T20:56:10+00:00
ncaam-214832,NCAAM,2025-26,2026-02-07T17:00:00Z,Regular,LJVM Coliseum,Wake Forest,WF,Louisville,L,80,88,FINISHED,ncaam,2026-08-23T20:56:10+00:00
ncaam-214833,NCAAM,2025-26,2026-02-07T17:00:00Z,Regular,John Paul Jones Arena,Virginia,V,Syracuse,S,72,59,FINISHED,ncaam,2026-08-23T20:56:10+00:00
ncaam-214838,NCAAM,2025-26,2026-02-07T17:00:00Z,Regular,Lenovo Center,NC State,NS,Virginia Tech,VT,82,73,FINISHED,ncaam,2026-08-23T20:56:10+00:00
ncaam-358816,NCAAM,2025-26,2026-02-07T17:00:00Z,Regular,Minges Coliseum,East Carolina,EC,Temple,T,73,81,FINISHED,ncaam,2026-08-23T20:56:10+00:00
ncaam-211426,NCAAM,2025-26,2026-02-07T18:00:00Z,Regular,Ted Grant Court,Le Moyne,LM,St. Francis (PA),SF(,86,84,FINISHED,ncaam,2026-08-23T20:56:10+00:00
ncaam-211438,NCAAM,2025-26,2026-02-07T18:00:00Z,Regular,Cameron Hall,VMI,V,East Tennessee State,ETS,70,87,FINISHED,ncaam,2026-08-23T20:56:10+00:00
ncaam-211456,NCAAM,2025-26,2026-02-07T18:00:00Z,Regular,Colonial Life Arena,South Carolina,SC,Missouri,M,59,78,FINISHED,ncaam,2026-08-23T20:56:10+00:00
ncaam-211477,NCAAM,2025-26,2026-02-07T18:00:00Z,Regular,Bob Carpenter Center,Delaware,D,Middle Tennessee,MT,89,88,FINISHED,ncaam,2026-08-23T20:56:10+00:00
ncaam-211481,NCAAM,2025-26,2026-02-07T18:00:00Z,Regular,Detrick Gymnasium,Central Connecticut,CC,Wagner,W,84,67,FINISHED,ncaam,2026-08-23T20:56:10+00:00
ncaam-214817,NCAAM,2025-26,2026-02-07T18:00:00Z,Regular,Mackey Arena,Purdue,P,Oregon,O,68,64,FINISHED,ncaam,2026-08-23T20:56:10+00:00
ncaam-214831,NCAAM,2025-26,2026-02-07T18:00:00Z,Regular,Jeffery P. Hazell Athletics Center,New Haven,NH,Chicago State,CS,57,63,FINISHED,ncaam,2026-08-23T20:56:10+00:00
ncaam-214842,NCAAM,2025-26,2026-02-07T18:00:00Z,Regular,Case Gym,Boston University,BU,Loyola Maryland,LM,78,69,FINISHED,ncaam,2026-08-23T20:56:10+00:00
ncaam-359058,NCAAM,2025-26,2026-02-07T18:00:00Z,Regular,The HTC Center,Coastal Carolina,CC,Massachusetts,M,94,91,FINISHED,ncaam,2026-08-23T20:56:10+00:00
ncaam-359059,NCAAM,2025-26,2026-02-07T18:00:00Z,Regular,Holmes Convocation Center,App State,AS,Eastern Michigan,EM,65,60,FINISHED,ncaam,2026-08-23T20:56:10+00:00
ncaam-211427,NCAAM,2025-26,2026-02-07T18:30:00Z,Regular,Patrick Gymnasium,Vermont,V,New Hampshire,NH,80,57,FINISHED,ncaam,2026-08-23T20:56:10+00:00
ncaam-211410,NCAAM,2025-26,2026-02-07T19:00:00Z,Regular,Betty Engelstad Sioux Center,North Dakota,ND,Denver,D,79,98,FINISHED,ncaam,2026-08-23T20:56:10+00:00
ncaam-211412,NCAAM,2025-26,2026-02-07T19:00:00Z,Regular,Scheels Center,North Dakota State,NDS,Omaha,O,92,84,FINISHED,ncaam,2026-08-23T20:56:10+00:00
ncaam-211415,NCAAM,2025-26,2026-02-07T19:00:00Z,Regular,Resch Center,Green Bay,GB,Detroit Mercy,DM,76,63,FINISHED,ncaam,2026-08-23T20:56:10+00:00
ncaam-211418,NCAAM,2025-26,2026-02-07T19:00:00Z,Regular,Yanitelli Center,Saint Peter's,SP,Siena,S,70,65,FINISHED,ncaam,2026-08-23T20:56:10+00:00
ncaam-211420,NCAAM,2025-26,2026-02-07T19:00:00Z,Regular,M&T Bank Arena,Quinnipiac,Q,Niagara,N,56,55,FINISHED,ncaam,2026-08-23T20:56:10+00:00
ncaam-211422,NCAAM,2025-26,2026-02-07T19:00:00Z,Regular,Draddy Gymnasium,Manhattan,M,Sacred Heart,SH,80,68,FINISHED,ncaam,2026-08-23T20:56:10+00:00
ncaam-211424,NCAAM,2025-26,2026-02-07T19:00:00Z,Regular,The Palestra,Pennsylvania,P,Princeton,P,61,60,FINISHED,ncaam,2026-08-23T20:56:10+00:00
ncaam-211432,NCAAM,2025-26,2026-02-07T19:00:00Z,Regular,Corbett Sports Center,North Carolina A&T,NCA,Campbell,C,71,79,FINISHED,ncaam,2026-08-23T20:56:10+00:00
ncaam-211441,NCAAM,2025-26,2026-02-07T19:00:00Z,Regular,McKenzie Arena,Chattanooga,C,The Citadel,TC,71,78,FINISHED,ncaam,2026-08-23T20:56:10+00:00
ncaam-211453,NCAAM,2025-26,2026-02-07T19:00:00Z,Regular,Moody Center,Texas,T,Ole Miss,OM,79,68,FINISHED,ncaam,2026-08-23T20:56:10+00:00
ncaam-211464,NCAAM,2025-26,2026-02-07T19:00:00Z,Regular,The Coliseum,West Georgia,WG,Jacksonville,J,87,73,FINISHED,ncaam,2026-08-23T20:56:10+00:00
ncaam-211465,NCAAM,2025-26,2026-02-07T19:00:00Z,Regular,Knights Hall,Bellarmine,B,Florida Gulf Coast,FGC,81,65,FINISHED,ncaam,2026-08-23T20:56:10+00:00
ncaam-211475,NCAAM,2025-26,2026-02-07T19:00:00Z,Regular,Liberty Arena,Liberty,L,Missouri State,MS,79,76,FINISHED,ncaam,2026-08-23T20:56:10+00:00
ncaam-211482,NCAAM,2025-26,2026-02-07T19:00:00Z,Regular,Levien Gymnasium,Columbia,C,Cornell,C,67,88,FINISHED,ncaam,2026-08-23T20:56:10+00:00
ncaam-211483,NCAAM,2025-26,2026-02-07T19:00:00Z,Regular,The Jungle,IU Indianapolis,II,Cleveland State,CS,82,74,FINISHED,ncaam,2026-08-23T20:56:10+00:00
ncaam-214804,NCAAM,2025-26,2026-02-07T19:00:00Z,Regular,Schollmaier Arena,TCU,T,Kansas State,KS,84,82,FINISHED,ncaam,2026-08-23T20:56:10+00:00
ncaam-214806,NCAAM,2025-26,2026-02-07T19:00:00Z,Regular,Hilton Coliseum,Iowa State,IS,Baylor,B,72,69,FINISHED,ncaam,2026-08-23T20:56:10+00:00
ncaam-214819,NCAAM,2025-26,2026-02-07T19:00:00Z,Regular,Hart Center,Holy Cross,HC,Lehigh,L,76,67,FINISHED,ncaam,2026-08-23T20:56:10+00:00
ncaam-214821,NCAAM,2025-26,2026-02-07T19:00:00Z,Regular,Winthrop Coliseum,Winthrop,W,Longwood,L,79,74,FINISHED,ncaam,2026-08-23T20:56:10+00:00
ncaam-214822,NCAAM,2025-26,2026-02-07T19:00:00Z,Regular,Templeton Center,Presbyterian,P,Gardner-Webb,GW,68,62,FINISHED,ncaam,2026-08-23T20:56:10+00:00
ncaam-214828,NCAAM,2025-26,2026-02-07T19:00:00Z,Regular,Fiserv Forum,Marquette,M,Butler,B,70,55,FINISHED,ncaam,2026-08-23T20:56:10+00:00
ncaam-214835,NCAAM,2025-26,2026-02-07T19:00:00Z,Regular,Petersen Events Center,Pittsburgh,P,SMU,S,67,86,FINISHED,ncaam,2026-08-23T20:56:10+00:00
ncaam-214840,NCAAM,2025-26,2026-02-07T19:00:00Z,Regular,Conte Forum,Boston College,BC,Miami,M,68,74,FINISHED,ncaam,2026-08-23T20:56:10+00:00
ncaam-214844,NCAAM,2025-26,2026-02-07T19:00:00Z,Regular,G.B. Hodge Center,South Carolina Upstate,SCU,Charleston Southern,CS,100,94,FINISHED,ncaam,2026-08-23T20:56:10+00:00
ncaam-358817,NCAAM,2025-26,2026-02-07T19:00:00Z,Regular,Thomas M. Ryan Center,Rhode Island,RI,Richmond,R,82,77,FINISHED,ncaam,2026-08-23T20:56:10+00:00
ncaam-358818,NCAAM,2025-26,2026-02-07T19:00:00Z,Regular,UPMC Cooper Fieldhouse,Duquesne,D,George Washington,GW,88,86,FINISHED,ncaam,2026-08-23T20:56:10+00:00
ncaam-358819,NCAAM,2025-26,2026-02-07T19:00:00Z,Regular,Rose Hill Gym,Fordham,F,St. Bonaventure,SB,67,70,FINISHED,ncaam,2026-08-23T20:56:10+00:00
ncaam-358820,NCAAM,2025-26,2026-02-07T19:00:00Z,Regular,UTSA Convocation Center,UTSA,U,North Texas,NT,58,81,FINISHED,ncaam,2026-08-23T20:56:10+00:00
ncaam-359060,NCAAM,2025-26,2026-02-07T19:00:00Z,Regular,GSU Convocation Center,Georgia State,GS,Northern Illinois,NI,74,75,FINISHED,ncaam,2026-08-23T20:56:10+00:00
ncaam-211433,NCAAM,2025-26,2026-02-07T19:30:00Z,Regular,Convocation Center (VA),Hampton,H,William & Mary,W&M,77,74,FINISHED,ncaam,2026-08-23T20:56:10+00:00
ncaam-214805,NCAAM,2025-26,2026-02-07T19:30:00Z,Regular,Allen Fieldhouse,Kansas,K,Utah,U,71,59,FINISHED,ncaam,2026-08-23T20:56:10+00:00
ncaam-211476,NCAAM,2025-26,2026-02-07T20:00:00Z,Regular,E.A. Diddle Arena,Western Kentucky,WK,Florida International,FI,80,70,FINISHED,ncaam,2026-08-23T20:56:10+00:00
ncaam-211479,NCAAM,2025-26,2026-02-07T20:00:00Z,Regular,Thomas Assembly Center,Louisiana Tech,LT,Sam Houston,SH,87,78,FINISHED,ncaam,2026-08-23T20:56:10+00:00
ncaam-358821,NCAAM,2025-26,2026-02-07T20:00:00Z,Regular,Chaifetz Arena,Saint Louis,SL,La Salle,LS,82,58,FINISHED,ncaam,2026-08-23T20:56:10+00:00
ncaam-359061,NCAAM,2025-26,2026-02-07T20:00:00Z,Regular,Strahan Arena at the University Events Center,Texas State,TS,Western Michigan,WM,77,61,FINISHED,ncaam,2026-08-23T20:56:10+00:00
ncaam-359062,NCAAM,2025-26,2026-02-07T20:00:00Z,Regular,Reed Green Coliseum,Southern Miss,SM,Kent State,KS,66,65,FINISHED,ncaam,2026-08-23T20:56:10+00:00
ncaam-359063,NCAAM,2025-26,2026-02-07T20:00:00Z,Regular,Fant-Ewing Coliseum,UL Monroe,UM,Ball State,BS,68,73,FINISHED,ncaam,2026-08-23T20:56:10+00:00
ncaam-359064,NCAAM,2025-26,2026-02-07T20:00:00Z,Regular,First National Bank Arena,Arkansas State,AS,Bowling Green,BG,91,54,FINISHED,ncaam,2026-08-23T20:56:10+00:00
ncaam-211454,NCAAM,2025-26,2026-02-07T20:30:00Z,Regular,Memorial Gymnasium (TN),Vanderbilt,V,Oklahoma,O,91,92,FINISHED,ncaam,2026-08-23T20:56:10+00:00
ncaam-211484,NCAAM,2025-26,2026-02-07T20:30:00Z,Regular,Bogota Savings Bank Center,Fairleigh Dickinson,FD,Mercyhurst,M,55,52,FINISHED,ncaam,2026-08-23T20:56:10+00:00
ncaam-211425,NCAAM,2025-26,2026-02-07T21:00:00Z,Regular,Steinberg Wellness Center,Long Island University,LIU,Stonehill,S,61,54,FINISHED,ncaam,2026-08-23T20:56:10+00:00
ncaam-211429,NCAAM,2025-26,2026-02-07T21:00:00Z,Regular,Chace Athletic Center,Bryant,B,Maine,M,73,67,FINISHED,ncaam,2026-08-23T20:56:10+00:00
ncaam-211430,NCAAM,2025-26,2026-02-07T21:00:00Z,Regular,Joel & Diane Bloom Wellness and Events Center,NJIT,N,Binghamton,B,73,64,FINISHED,ncaam,2026-08-23T20:56:10+00:00
ncaam-211434,NCAAM,2025-26,2026-02-07T21:00:00Z,Regular,David S. Mack Sports and Exhibition Complex,Hofstra,H,Towson,T,71,49,FINISHED,ncaam,2026-08-23T20:56:10+00:00
ncaam-211436,NCAAM,2025-26,2026-02-07T21:00:00Z,Regular,Stony Brook Arena,Stony Brook,SB,Northeastern,N,69,55,FINISHED,ncaam,2026-08-23T20:56:10+00:00
ncaam-211437,NCAAM,2025-26,2026-02-07T21:00:00Z,Regular,Jerry Richardson Indoor Stadium,Wofford,W,Western Carolina,WC,77,66,FINISHED,ncaam,2026-08-23T20:56:10+00:00
ncaam-211460,NCAAM,2025-26,2026-02-07T21:00:00Z,Regular,Neville Arena,Auburn,A,Alabama,A,92,96,FINISHED,ncaam,2026-08-23T20:56:10+00:00
ncaam-211462,NCAAM,2025-26,2026-02-07T21:00:00Z,Regular,Curry Arena,Queens University,QU,North Florida,NF,91,72,FINISHED,ncaam,2026-08-23T20:56:10+00:00
ncaam-211469,NCAAM,2025-26,2026-02-07T21:00:00Z,Regular,Kathleen and Tom Elam Center,UT Martin,UM,Morehead State,MS,55,61,FINISHED,ncaam,2026-08-23T20:56:10+00:00
ncaam-211470,NCAAM,2025-26,2026-02-07T21:00:00Z,Regular,Jack Stephens Center,Little Rock,LR,SIU Edwardsville,SE,61,71,FINISHED,ncaam,2026-08-23T20:56:10+00:00
ncaam-211471,NCAAM,2025-26,2026-02-07T21:00:00Z,Regular,Hooper Eblen Center,Tennessee Tech,TT,Eastern Illinois,EI,54,60,FINISHED,ncaam,2026-08-23T20:56:10+00:00
ncaam-211472,NCAAM,2025-26,2026-02-07T21:00:00Z,Regular,UCCU Center,Utah Valley,UV,UT Arlington,UA,81,60,FINISHED,ncaam,2026-08-23T20:56:10+00:00
ncaam-214809,NCAAM,2025-26,2026-02-07T21:00:00Z,Regular,McKale Memorial Center,Arizona,A,Oklahoma State,OS,84,47,FINISHED,ncaam,2026-08-23T20:56:10+00:00
ncaam-214827,NCAAM,2025-26,2026-02-07T21:00:00Z,Regular,Amica Mutual Pavilion,Providence,P,DePaul,D,90,72,FINISHED,ncaam,2026-08-23T20:56:10+00:00
ncaam-214836,NCAAM,2025-26,2026-02-07T21:00:00Z,Regular,Purcell Pavilion,Notre Dame,ND,Florida State,FS,79,82,FINISHED,ncaam,2026-08-23T20:56:10+00:00
ncaam-214843,NCAAM,2025-26,2026-02-07T21:00:00Z,Regular,Alumni Hall (Navy),Navy,N,American University,AU,82,73,FINISHED,ncaam,2026-08-23T20:56:10+00:00
ncaam-214847,NCAAM,2025-26,2026-02-07T21:00:00Z,Regular,Premier America Credit Union Arena,Cal State Northridge,CSN,UC Riverside,UR,88,74,FINISHED,ncaam,2026-08-23T20:56:10+00:00
ncaam-358823,NCAAM,2025-26,2026-02-07T21:00:00Z,Regular,EagleBank Arena,George Mason,GM,Saint Joseph's,SJ,60,52,FINISHED,ncaam,2026-08-23T20:56:10+00:00
ncaam-359065,NCAAM,2025-26,2026-02-07T21:00:00Z,Regular,Cam Henderson Center,Marshall,M,Miami (OH),M(,74,90,FINISHED,ncaam,2026-08-23T20:56:10+00:00
ncaam-359066,NCAAM,2025-26,2026-02-07T21:00:00Z,Regular,Mitchell Center,South Alabama,SA,Buffalo,B,81,69,FINISHED,ncaam,2026-08-23T20:56:10+00:00
ncaam-359067,NCAAM,2025-26,2026-02-07T21:00:00Z,Regular,Cajundome,Louisiana,L,Central Michigan,CM,85,80,FINISHED,ncaam,2026-08-23T20:56:10+00:00
ncaam-359068,NCAAM,2025-26,2026-02-07T21:00:00Z,Regular,Atlantic Union Bank Center,James Madison,JM,Toledo,T,73,71,FINISHED,ncaam,2026-08-23T20:56:10+00:00
ncaam-211414,NCAAM,2025-26,2026-02-07T21:30:00Z,Regular,Beeghly Center,Youngstown State,YS,Robert Morris,RM,66,72,FINISHED,ncaam,2026-08-23T20:56:10+00:00
ncaam-211445,NCAAM,2025-26,2026-02-07T21:30:00Z,Regular,David R. Stopher Gymnasium,Nicholls,N,Texas A&M-Corpus Christi,TACC,76,83,FINISHED,ncaam,2026-08-23T20:56:10+00:00
ncaam-211467,NCAAM,2025-26,2026-02-07T21:30:00Z,Regular,Gentry Center,Tennessee State,TS,Western Illinois,WI,83,56,FINISHED,ncaam,2026-08-23T20:56:10+00:00
ncaam-211485,NCAAM,2025-26,2026-02-07T21:30:00Z,Regular,Pride Roofing University Center,SE Louisiana,SL,Houston Christian,HC,55,47,FINISHED,ncaam,2026-08-23T20:56:10+00:00
ncaam-214825,NCAAM,2025-26,2026-02-07T21:30:00Z,Regular,Thomas & Mack Center,UNLV,U,Grand Canyon,GC,80,78,FINISHED,ncaam,2026-08-23T20:56:10+00:00
ncaam-358822,NCAAM,2025-26,2026-02-07T21:30:00Z,Regular,Joseph G. Echols Hall,Norfolk State,NS,North Carolina Central,NCC,75,68,FINISHED,ncaam,2026-08-23T20:56:10+00:00
ncaam-358827,NCAAM,2025-26,2026-02-07T21:30:00Z,Regular,Burr Gymnasium,Howard,H,South Carolina State,SCS,85,57,FINISHED,ncaam,2026-08-23T20:56:10+00:00
ncaam-211468,NCAAM,2025-26,2026-02-07T21:45:00Z,Regular,Show Me Center,Southeast Missouri State,SMS,Southern Indiana,SI,90,65,FINISHED,ncaam,2026-08-23T20:56:10+00:00
ncaam-214826,NCAAM,2025-26,2026-02-07T21:45:00Z,Regular,Hill Field House,Morgan State,MS,Maryland Eastern Shore,MES,79,71,FINISHED,ncaam,2026-08-23T20:56:10+00:00
ncaam-211417,NCAAM,2025-26,2026-02-07T22:00:00Z,Regular,Truist Arena,Northern Kentucky,NK,Milwaukee,M,67,62,FINISHED,ncaam,2026-08-23T20:56:10+00:00
ncaam-211423,NCAAM,2025-26,2026-02-07T22:00:00Z,Regular,Leede Arena,Dartmouth,D,Harvard,H,58,71,FINISHED,ncaam,2026-08-23T20:56:10+00:00
ncaam-211447,NCAAM,2025-26,2026-02-07T22:00:00Z,Regular,Legacy Center,McNeese,M,Incarnate Word,IW,81,64,FINISHED,ncaam,2026-08-23T20:56:10+00:00
ncaam-211461,NCAAM,2025-26,2026-02-07T22:00:00Z,Regular,Baptist Health Arena,Eastern Kentucky,EK,Stetson,S,100,88,FINISHED,ncaam,2026-08-23T20:56:10+00:00
ncaam-211463,NCAAM,2025-26,2026-02-07T22:00:00Z,Regular,F&M Bank Arena,Austin Peay,AP,North Alabama,NA,91,62,FINISHED,ncaam,2026-08-23T20:56:10+00:00
ncaam-211466,NCAAM,2025-26,2026-02-07T22:00:00Z,Regular,Allen Arena,Lipscomb,L,Central Arkansas,CA,78,86,FINISHED,ncaam,2026-08-23T20:56:10+00:00
ncaam-211486,NCAAM,2025-26,2026-02-07T22:00:00Z,Regular,University Credit Union Center,UC Davis,UD,Cal Poly,CP,67,58,FINISHED,ncaam,2026-08-23T20:56:10+00:00
ncaam-358824,NCAAM,2025-26,2026-02-07T22:00:00Z,Regular,Sojka Pavilion,Bucknell,B,Colgate,C,59,78,FINISHED,ncaam,2026-08-23T20:56:10+00:00
ncaam-214811,NCAAM,2025-26,2026-02-07T22:30:00Z,Regular,Fredrick C. Hobdy Assembly Center,Grambling,G,Alabama State,AS,57,47,FINISHED,ncaam,2026-08-23T20:56:10+00:00
ncaam-214812,NCAAM,2025-26,2026-02-07T22:30:00Z,Regular,Moore Gymnasium (FL),Bethune-Cookman,BC,Prairie View A&M,PVA,82,76,FINISHED,ncaam,2026-08-23T20:56:10+00:00
ncaam-214846,NCAAM,2025-26,2026-02-07T22:30:00Z,Regular,Physical Education Complex,Coppin State,CS,Delaware State,DS,65,47,FINISHED,ncaam,2026-08-23T20:56:10+00:00
ncaam-211413,NCAAM,2025-26,2026-02-07T23:00:00Z,Regular,First Bank & Trust Arena,South Dakota State,SDS,South Dakota,SD,67,68,FINISHED,ncaam,2026-08-23T20:56:10+00:00
ncaam-211439,NCAAM,2025-26,2026-02-07T23:00:00Z,Regular,Pete Hanna Center,Samford,S,Mercer,M,69,49,FINISHED,ncaam,2026-08-23T20:56:10+00:00
ncaam-211444,NCAAM,2025-26,2026-02-07T23:00:00Z,Regular,William R. Johnson Coliseum,Stephen F. Austin,SFA,Lamar,L,84,74,FINISHED,ncaam,2026-08-23T20:56:10+00:00
ncaam-211446,NCAAM,2025-26,2026-02-07T23:00:00Z,Regular,Lakefront Arena,New Orleans,NO,UT Rio Grande Valley,URGV,76,95,FINISHED,ncaam,2026-08-23T20:56:10+00:00
ncaam-211448,NCAAM,2025-26,2026-02-07T23:00:00Z,Regular,The Field House,East Texas A&M,ETA,Northwestern State,NS,52,48,FINISHED,ncaam,2026-08-23T20:56:10+00:00
ncaam-211451,NCAAM,2025-26,2026-02-07T23:00:00Z,Regular,Dahlberg Arena,Montana,M,Idaho,I,73,68,FINISHED,ncaam,2026-08-23T20:56:10+00:00
ncaam-211458,NCAAM,2025-26,2026-02-07T23:00:00Z,Regular,Pete Maravich Assembly Center,LSU,L,Georgia,G,71,83,FINISHED,ncaam,2026-08-23T20:56:10+00:00
ncaam-211487,NCAAM,2025-26,2026-02-07T23:00:00Z,Regular,Reed Arena,Idaho State,IS,Northern Colorado,NC,61,69,FINISHED,ncaam,2026-08-23T20:56:10+00:00
ncaam-214813,NCAAM,2025-26,2026-02-07T23:00:00Z,Regular,F.G. Clark Activity Center,Southern,S,Alabama A&M,AA,81,68,FINISHED,ncaam,2026-08-23T20:56:10+00:00
ncaam-214830,NCAAM,2025-26,2026-02-07T23:00:00Z,Regular,CHI Health Center Omaha,Creighton,C,Seton Hall,SH,69,68,FINISHED,ncaam,2026-08-23T20:56:10+00:00
ncaam-358815,NCAAM,2025-26,2026-02-07T23:00:00Z,Regular,Al Lawson Center,Florida A&M,FA,Texas Southern,TS,57,62,FINISHED,ncaam,2026-08-23T20:56:10+00:00
ncaam-358825,NCAAM,2025-26,2026-02-07T23:00:00Z,Regular,Gill Coliseum,Oregon State,OS,Gonzaga,G,61,81,FINISHED,ncaam,2026-08-23T20:56:10+00:00
ncaam-358826,NCAAM,2025-26,2026-02-07T23:00:00Z,Regular,Beasley Coliseum,Washington State,WS,Santa Clara,SC,92,96,FINISHED,ncaam,2026-08-23T20:56:10+00:00
ncaam-359069,NCAAM,2025-26,2026-02-07T23:00:00Z,Regular,Trojan Arena,Troy,T,Akron,A,79,69,FINISHED,ncaam,2026-08-23T20:56:10+00:00
ncaam-214810,NCAAM,2025-26,2026-02-07T23:25:00Z,Regular,H.O. Clemmons Arena,Mississippi Valley State,MVS,Jackson State,JS,81,97,FINISHED,ncaam,2026-08-23T20:56:10+00:00
ncaam-214837,NCAAM,2025-26,2026-02-07T23:30:00Z,Regular,Dean E. Smith Center,North Carolina,NC,Duke,D,71,68,FINISHED,ncaam,2026-08-23T20:56:10+00:00
ncaam-358814,NCAAM,2025-26,2026-02-07T23:30:00Z,Regular,H.O. Clemmons Arena,Arkansas-Pine Bluff,APB,Alcorn State,AS,84,77,FINISHED,ncaam,2026-08-23T20:56:10+00:00
ncaam-211416,NCAAM,2025-26,2026-02-08T00:00:00Z,Regular,Nutter Center,Wright State,WS,Purdue Fort Wayne,PFW,73,68,FINISHED,ncaam,2026-08-23T20:56:10+00:00
ncaam-211419,NCAAM,2025-26,2026-02-08T00:00:00Z,Regular,Hynes Athletics Center,Iona,I,Mount St. Mary's,MSM,76,83,FINISHED,ncaam,2026-08-23T20:56:10+00:00
ncaam-211421,NCAAM,2025-26,2026-02-08T00:00:00Z,Regular,Leo D. Mahoney Arena,Fairfield,F,Marist,M,63,60,FINISHED,ncaam,2026-08-23T20:56:10+00:00
ncaam-211428,NCAAM,2025-26,2026-02-08T00:00:00Z,Regular,Broadview Center,UAlbany,U,UMass Lowell,UL,79,89,FINISHED,ncaam,2026-08-23T20:56:10+00:00
ncaam-214820,NCAAM,2025-26,2026-02-08T00:00:00Z,Regular,Qubein Center,High Point,HP,Radford,R,86,77,FINISHED,ncaam,2026-08-23T20:56:10+00:00
ncaam-214823,NCAAM,2025-26,2026-02-08T00:00:00Z,Regular,Alumni Gymnasium (Rider),Rider,R,Merrimack,M,47,73,FINISHED,ncaam,2026-08-23T20:56:10+00:00
ncaam-214845,NCAAM,2025-26,2026-02-08T00:00:00Z,Regular,Titan Gym,Cal State Fullerton,CSF,Cal State Bakersfield,CSB,82,66,FINISHED,ncaam,2026-08-23T20:56:10+00:00
ncaam-359070,NCAAM,2025-26,2026-02-08T00:00:00Z,Regular,Chartway Arena,Old Dominion,OD,Ohio,O,78,72,FINISHED,ncaam,2026-08-23T20:56:10+00:00
ncaam-211411,NCAAM,2025-26,2026-02-08T01:00:00Z,Regular,Schoenecker Arena,St. Thomas-Minnesota,STM,Oral Roberts,OR,92,75,FINISHED,ncaam,2026-08-23T20:56:10+00:00
ncaam-211452,NCAAM,2025-26,2026-02-08T01:00:00Z,Regular,Worthington Arena,Montana State,MS,Eastern Washington,EW,71,72,FINISHED,ncaam,2026-08-23T20:56:10+00:00
ncaam-211474,NCAAM,2025-26,2026-02-08T01:00:00Z,Regular,Dale E. and Sarah Ann Fowler Events Center,California Baptist,CB,Abilene Christian,AC,65,63,FINISHED,ncaam,2026-08-23T20:56:10+00:00
ncaam-211478,NCAAM,2025-26,2026-02-08T01:00:00Z,Regular,Pete Mathews Coliseum,Jacksonville State,JS,Kennesaw State,KS,77,58,FINISHED,ncaam,2026-08-23T20:56:10+00:00
ncaam-214834,NCAAM,2025-26,2026-02-08T01:00:00Z,Regular,Maples Pavilion,Stanford,S,Georgia Tech,GT,95,72,FINISHED,ncaam,2026-08-23T20:56:10+00:00
ncaam-214839,NCAAM,2025-26,2026-02-08T01:00:00Z,Regular,Haas Pavilion,California,C,Clemson,C,55,77,FINISHED,ncaam,2026-08-23T20:56:10+00:00
ncaam-214841,NCAAM,2025-26,2026-02-08T01:00:00Z,Regular,Clune Arena,Air Force,AF,San Diego State,SDS,54,88,FINISHED,ncaam,2026-08-23T20:56:10+00:00
ncaam-358828,NCAAM,2025-26,2026-02-08T01:00:00Z,Regular,Breslin Center,Michigan State,MS,Illinois,I,85,82,FINISHED,ncaam,2026-08-23T20:56:10+00:00
ncaam-358829,NCAAM,2025-26,2026-02-08T01:00:00Z,Regular,Arena-Auditorium,Wyoming,W,Utah State,US,83,85,FINISHED,ncaam,2026-08-23T20:56:10+00:00
ncaam-358830,NCAAM,2025-26,2026-02-08T01:00:00Z,Regular,Chiles Center,Portland,P,Seattle U,SU,54,53,FINISHED,ncaam,2026-08-23T20:56:10+00:00
ncaam-358831,NCAAM,2025-26,2026-02-08T01:00:00Z,Regular,Firestone Fieldhouse,Pepperdine,P,Pacific,P,59,92,FINISHED,ncaam,2026-08-23T20:56:10+00:00
ncaam-211455,NCAAM,2025-26,2026-02-08T01:30:00Z,Regular,Reed Arena,Texas A&M,TA,Florida,F,67,86,FINISHED,ncaam,2026-08-23T20:56:10+00:00
ncaam-211459,NCAAM,2025-26,2026-02-08T01:30:00Z,Regular,Rupp Arena,Kentucky,K,Tennessee,T,74,71,FINISHED,ncaam,2026-08-23T20:56:10+00:00
ncaam-211473,NCAAM,2025-26,2026-02-08T01:30:00Z,Regular,America First Events Center,Southern Utah,SU,Tarleton State,TS,59,62,FINISHED,ncaam,2026-08-23T20:56:10+00:00
ncaam-211450,NCAAM,2025-26,2026-02-08T02:00:00Z,Regular,Dee Events Center,Weber State,WS,Northern Arizona,NA,72,53,FINISHED,ncaam,2026-08-23T20:56:10+00:00
ncaam-211480,NCAAM,2025-26,2026-02-08T02:00:00Z,Regular,Don Haskins Center,UTEP,U,New Mexico State,NMS,91,88,FINISHED,ncaam,2026-08-23T20:56:10+00:00
ncaam-358832,NCAAM,2025-26,2026-02-08T02:00:00Z,Regular,Moby Arena,Colorado State,CS,San José State,SJS,65,57,FINISHED,ncaam,2026-08-23T20:56:10+00:00
ncaam-358833,NCAAM,2025-26,2026-02-08T02:00:00Z,Regular,Gersten Pavilion,Loyola Marymount,LM,San Diego,SD,83,63,FINISHED,ncaam,2026-08-23T20:56:10+00:00
ncaam-214807,NCAAM,2025-26,2026-02-08T02:30:00Z,Regular,CU Events Center,Colorado,C,Arizona State,AS,78,70,FINISHED,ncaam,2026-08-23T20:56:10+00:00
ncaam-211442,NCAAM,2025-26,2026-02-08T03:00:00Z,Regular,The Thunderdome,UC Santa Barbara,USB,UC Irvine,UI,84,79,FINISHED,ncaam,2026-08-23T20:56:10+00:00
ncaam-211449,NCAAM,2025-26,2026-02-08T03:00:00Z,Regular,The Well,Sacramento State,SS,Portland State,PS,73,74,FINISHED,ncaam,2026-08-23T20:56:10+00:00
ncaam-214815,NCAAM,2025-26,2026-02-08T03:00:00Z,Regular,Pauley Pavilion,UCLA,U,Washington,W,77,73,FINISHED,ncaam,2026-08-23T20:56:10+00:00
ncaam-214824,NCAAM,2025-26,2026-02-08T03:00:00Z,Regular,The Pit,New Mexico,NM,Boise State,BS,90,91,FINISHED,ncaam,2026-08-23T20:56:10+00:00
ncaam-358834,NCAAM,2025-26,2026-02-08T03:00:00Z,Regular,Lawlor Events Center,Nevada,N,Fresno State,FS,69,59,FINISHED,ncaam,2026-08-23T20:56:10+00:00
ncaam-214808,NCAAM,2025-26,2026-02-08T03:30:00Z,Regular,Marriott Center,BYU,B,Houston,H,66,77,FINISHED,ncaam,2026-08-23T20:56:10+00:00
ncaam-358835,NCAAM,2025-26,2026-02-08T04:30:00Z,Regular,University Credit Union Pavilion,Saint Mary's,SM,San Francisco,SF,79,54,FINISHED,ncaam,2026-08-23T20:56:10+00:00
ncaam-211443,NCAAM,2025-26,2026-02-08T04:59:00Z,Regular,Stan Sheriff Center,Hawai'i,H,UC San Diego,USD,72,67,FINISHED,ncaam,2026-08-23T20:56:10+00:00
ncaam-214850,NCAAM,2025-26,2026-02-08T17:00:00Z,Regular,Bryce Jordan Center,Penn State,PS,USC,U,75,77,FINISHED,ncaam,2026-08-23T20:56:10+00:00
ncaam-358836,NCAAM,2025-26,2026-02-08T17:00:00Z,Regular,Yuengling Center,South Florida,SF,Tulsa,T,80,74,FINISHED,ncaam,2026-08-23T20:56:10+00:00
ncaam-211440,NCAAM,2025-26,2026-02-08T18:00:00Z,Regular,Timmons Arena,Furman,F,UNC Greensboro,UG,64,67,FINISHED,ncaam,2026-08-23T20:56:10+00:00
ncaam-214848,NCAAM,2025-26,2026-02-08T18:00:00Z,Regular,WVU Coliseum,West Virginia,WV,Texas Tech,TT,63,70,FINISHED,ncaam,2026-08-23T20:56:10+00:00
ncaam-214851,NCAAM,2025-26,2026-02-08T18:00:00Z,Regular,Schottenstein Center,Ohio State,OS,Michigan,M,61,82,FINISHED,ncaam,2026-08-23T20:56:10+00:00
ncaam-214849,NCAAM,2025-26,2026-02-08T19:00:00Z,Regular,Fifth Third Arena,Cincinnati,C,UCF,U,92,72,FINISHED,ncaam,2026-08-23T20:56:10+00:00
ncaam-214852,NCAAM,2025-26,2026-02-08T19:00:00Z,Regular,Williams Arena,Minnesota,M,Maryland,M,62,67,FINISHED,ncaam,2026-08-23T20:56:10+00:00
ncaam-358837,NCAAM,2025-26,2026-02-08T19:00:00Z,Regular,Devlin Fieldhouse,Tulane,T,Wichita State,WS,61,75,FINISHED,ncaam,2026-08-23T20:56:10+00:00
ncaam-358838,NCAAM,2025-26,2026-02-08T19:00:00Z,Regular,FedExForum,Memphis,M,Charlotte,C,77,54,FINISHED,ncaam,2026-08-23T20:56:10+00:00
ncaam-214853,NCAAM,2025-26,2026-02-08T20:00:00Z,Regular,Carver-Hawkeye Arena,Iowa,I,Northwestern,N,76,70,FINISHED,ncaam,2026-08-23T20:56:10+00:00
ncaam-358839,NCAAM,2025-26,2026-02-08T20:00:00Z,Regular,Bartow Arena,UAB,U,Rice,R,71,65,FINISHED,ncaam,2026-08-23T20:56:10+00:00
ncaam-211187,NCAAM,2025-26,2026-02-09T21:00:00Z,Regular,Jones Convocation Center,Chicago State,CS,St. Francis (PA),SF(,80,75,FINISHED,ncaam,2026-08-23T20:56:10+00:00
ncaam-214859,NCAAM,2025-26,2026-02-09T23:00:00Z,Regular,Sojka Pavilion,Bucknell,B,Navy,N,60,76,FINISHED,ncaam,2026-08-23T20:56:10+00:00
ncaam-214858,NCAAM,2025-26,2026-02-09T23:30:00Z,Regular,Carnesecca Arena,St. John's,SJ,Xavier,X,87,82,FINISHED,ncaam,2026-08-23T20:56:10+00:00
ncaam-358840,NCAAM,2025-26,2026-02-09T23:30:00Z,Regular,H.O. Clemmons Arena,Arkansas-Pine Bluff,APB,Jackson State,JS,84,63,FINISHED,ncaam,2026-08-23T20:56:10+00:00
ncaam-211119,NCAAM,2025-26,2026-02-10T00:00:00Z,Regular,Flowers Hall,North Alabama,NA,Central Arkansas,CA,65,72,FINISHED,ncaam,2026-08-23T20:56:10+00:00
ncaam-211488,NCAAM,2025-26,2026-02-10T00:00:00Z,Regular,Burr Gymnasium,Howard,H,Yale,Y,81,87,FINISHED,ncaam,2026-08-23T20:56:10+00:00
ncaam-211489,NCAAM,2025-26,2026-02-10T00:00:00Z,Regular,Montagne Center,Lamar,L,Northwestern State,NS,68,70,FINISHED,ncaam,2026-08-23T20:56:10+00:00
ncaam-211494,NCAAM,2025-26,2026-02-10T00:00:00Z,Regular,Pride Roofing University Center,SE Louisiana,SL,Incarnate Word,IW,74,62,FINISHED,ncaam,2026-08-23T20:56:10+00:00
ncaam-214854,NCAAM,2025-26,2026-02-10T00:00:00Z,Regular,Moore Gymnasium (FL),Bethune-Cookman,BC,Texas Southern,TS,79,69,FINISHED,ncaam,2026-08-23T20:56:10+00:00
ncaam-214856,NCAAM,2025-26,2026-02-10T00:00:00Z,Regular,Al Lawson Center,Florida A&M,FA,Prairie View A&M,PVA,100,96,FINISHED,ncaam,2026-08-23T20:56:10+00:00
ncaam-214860,NCAAM,2025-26,2026-02-10T00:00:00Z,Regular,KFC Yum! Center,Louisville,L,NC State,NS,118,77,FINISHED,ncaam,2026-08-23T20:56:10+00:00
ncaam-358841,NCAAM,2025-26,2026-02-10T00:00:00Z,Regular,Hulman Center,Indiana State,IS,Southern Illinois,SI,65,80,FINISHED,ncaam,2026-08-23T20:56:10+00:00
ncaam-359071,NCAAM,2025-26,2026-02-10T00:00:00Z,Regular,John M. Belk Arena,Davidson,D,Mid-Atlantic Christian,MAC,114,53,FINISHED,ncaam,2026-08-23T20:56:10+00:00
ncaam-211490,NCAAM,2025-26,2026-02-10T00:30:00Z,Regular,David R. Stopher Gymnasium,Nicholls,N,UT Rio Grande Valley,URGV,72,92,FINISHED,ncaam,2026-08-23T20:56:10+00:00
ncaam-211492,NCAAM,2025-26,2026-02-10T00:30:00Z,Regular,Legacy Center,McNeese,M,Houston Christian,HC,73,69,FINISHED,ncaam,2026-08-23T20:56:10+00:00
ncaam-211493,NCAAM,2025-26,2026-02-10T00:30:00Z,Regular,William R. Johnson Coliseum,Stephen F. Austin,SFA,East Texas A&M,ETA,74,70,FINISHED,ncaam,2026-08-23T20:56:10+00:00
ncaam-214855,NCAAM,2025-26,2026-02-10T00:30:00Z,Regular,Fredrick C. Hobdy Assembly Center,Grambling,G,Alabama A&M,AA,58,66,FINISHED,ncaam,2026-08-23T20:56:10+00:00
ncaam-358842,NCAAM,2025-26,2026-02-10T00:30:00Z,Regular,Knapp Center,Drake,D,Valparaiso,V,76,81,FINISHED,ncaam,2026-08-23T20:56:10+00:00
ncaam-211431,NCAAM,2025-26,2026-02-10T01:00:00Z,Regular,TD Arena,Charleston,C,UNC Wilmington,UW,64,76,FINISHED,ncaam,2026-08-23T20:56:10+00:00
ncaam-211491,NCAAM,2025-26,2026-02-10T01:00:00Z,Regular,Lakefront Arena,New Orleans,NO,Texas A&M-Corpus Christi,TACC,84,78,FINISHED,ncaam,2026-08-23T20:56:10+00:00
ncaam-358843,NCAAM,2025-26,2026-02-10T01:00:00Z,Regular,Ford Center,Evansville,E,Illinois State,IS,88,80,FINISHED,ncaam,2026-08-23T20:56:10+00:00
ncaam-358844,NCAAM,2025-26,2026-02-10T01:00:00Z,Regular,Carver Arena,Bradley,B,Belmont,B,95,84,FINISHED,ncaam,2026-08-23T20:56:10+00:00
ncaam-358845,NCAAM,2025-26,2026-02-10T01:00:00Z,Regular,R.W. Harrison HPER Complex,Mississippi Valley State,MVS,Alcorn State,AS,66,74,FINISHED,ncaam,2026-08-23T20:56:10+00:00
ncaam-359072,NCAAM,2025-26,2026-02-10T01:00:00Z,Regular,McDougald-McLendon Arena,North Carolina Central,NCC,Delaware State,DS,72,63,FINISHED,ncaam,2026-08-23T20:56:10+00:00
ncaam-214857,NCAAM,2025-26,2026-02-10T01:45:00Z,Regular,Simon Skjodt Assembly Hall,Indiana,I,Oregon,O,92,74,FINISHED,ncaam,2026-08-23T20:56:10+00:00
ncaam-214861,NCAAM,2025-26,2026-02-10T02:00:00Z,Regular,F.G. Clark Activity Center,Southern,S,Alabama State,AS,69,68,FINISHED,ncaam,2026-08-23T20:56:10+00:00
ncaam-214862,NCAAM,2025-26,2026-02-10T02:00:00Z,Regular,Allen Fieldhouse,Kansas,K,Arizona,A,82,78,FINISHED,ncaam,2026-08-23T20:56:10+00:00
ncaam-358846,NCAAM,2025-26,2026-02-10T03:00:00Z,Regular,CFSB Center,Murray State,MS,Northern Iowa,NI,60,89,FINISHED,ncaam,2026-08-23T20:56:10+00:00
ncaam-212022,NCAAM,2025-26,2026-02-10T23:30:00Z,Regular,The Jungle,IU Indianapolis,II,Milwaukee,M,88,92,FINISHED,ncaam,2026-08-23T20:56:10+00:00
ncaam-211497,NCAAM,2025-26,2026-02-11T00:00:00Z,Regular,Neville Arena,Auburn,A,Vanderbilt,V,76,84,FINISHED,ncaam,2026-08-23T20:56:10+00:00
ncaam-214865,NCAAM,2025-26,2026-02-11T00:00:00Z,Regular,Foster Pavilion,Baylor,B,BYU,B,94,99,FINISHED,ncaam,2026-08-23T20:56:10+00:00
ncaam-214867,NCAAM,2025-26,2026-02-11T00:00:00Z,Regular,Pinnacle Bank Arena,Nebraska,N,Purdue,P,77,80,FINISHED,ncaam,2026-08-23T20:56:10+00:00
ncaam-214872,NCAAM,2025-26,2026-02-11T00:00:00Z,Regular,Moody Coliseum,SMU,S,Notre Dame,ND,89,81,FINISHED,ncaam,2026-08-23T20:56:10+00:00
ncaam-214875,NCAAM,2025-26,2026-02-11T00:00:00Z,Regular,Tucker Center,Florida State,FS,Virginia,V,58,61,FINISHED,ncaam,2026-08-23T20:56:10+00:00
ncaam-214878,NCAAM,2025-26,2026-02-11T00:00:00Z,Regular,Watsco Center,Miami,M,North Carolina,NC,75,66,FINISHED,ncaam,2026-08-23T20:56:10+00:00
ncaam-358847,NCAAM,2025-26,2026-02-11T00:00:00Z,Regular,Charles E. Smith Center,George Washington,GW,Rhode Island,RI,75,70,FINISHED,ncaam,2026-08-23T20:56:10+00:00
ncaam-358848,NCAAM,2025-26,2026-02-11T00:00:00Z,Regular,Robins Center,Richmond,R,George Mason,GM,82,70,FINISHED,ncaam,2026-08-23T20:56:10+00:00
ncaam-358849,NCAAM,2025-26,2026-02-11T00:00:00Z,Regular,Michael J. Hagan '85 Arena,Saint Joseph's,SJ,Fordham,F,64,68,FINISHED,ncaam,2026-08-23T20:56:10+00:00
ncaam-214870,NCAAM,2025-26,2026-02-11T00:30:00Z,Regular,Finneran Pavilion,Villanova,V,Marquette,M,77,74,FINISHED,ncaam,2026-08-23T20:56:10+00:00
ncaam-214868,NCAAM,2025-26,2026-02-11T01:00:00Z,Regular,State Farm Center,Illinois,I,Wisconsin,W,90,92,FINISHED,ncaam,2026-08-23T20:56:10+00:00
ncaam-211500,NCAAM,2025-26,2026-02-11T01:30:00Z,Regular,Western Hall,Western Illinois,WI,Eastern Illinois,EI,79,70,FINISHED,ncaam,2026-08-23T20:56:10+00:00
ncaam-211495,NCAAM,2025-26,2026-02-11T02:00:00Z,Regular,Pete Maravich Assembly Center,LSU,L,Arkansas,A,62,91,FINISHED,ncaam,2026-08-23T20:56:10+00:00
ncaam-214863,NCAAM,2025-26,2026-02-11T02:00:00Z,Regular,Jon M. Huntsman Center,Utah,U,Houston,H,52,66,FINISHED,ncaam,2026-08-23T20:56:10+00:00
ncaam-214864,NCAAM,2025-26,2026-02-11T02:00:00Z,Regular,Schollmaier Arena,TCU,T,Iowa State,IS,62,55,FINISHED,ncaam,2026-08-23T20:56:10+00:00
ncaam-214866,NCAAM,2025-26,2026-02-11T02:00:00Z,Regular,Desert Financial Arena,Arizona State,AS,Oklahoma State,OS,85,76,FINISHED,ncaam,2026-08-23T20:56:10+00:00
ncaam-214873,NCAAM,2025-26,2026-02-11T02:00:00Z,Regular,Petersen Events Center,Pittsburgh,P,Duke,D,54,70,FINISHED,ncaam,2026-08-23T20:56:10+00:00
ncaam-214879,NCAAM,2025-26,2026-02-11T02:00:00Z,Regular,Clune Arena,Air Force,AF,Colorado State,CS,74,91,FINISHED,ncaam,2026-08-23T20:56:10+00:00
ncaam-358850,NCAAM,2025-26,2026-02-11T02:00:00Z,Regular,Dee Glen Smith Spectrum,Utah State,US,Fresno State,FS,91,78,FINISHED,ncaam,2026-08-23T20:56:10+00:00
ncaam-358851,NCAAM,2025-26,2026-02-11T04:00:00Z,Regular,McCarthey Athletic Center,Gonzaga,G,Washington State,WS,83,53,FINISHED,ncaam,2026-08-23T20:56:10+00:00
ncaam-358852,NCAAM,2025-26,2026-02-11T04:00:00Z,Regular,Thomas & Mack Center,UNLV,U,San José State,SJS,82,75,FINISHED,ncaam,2026-08-23T20:56:10+00:00
ncaam-211506,NCAAM,2025-26,2026-02-11T23:00:00Z,Regular,Ramsey Center,Western Carolina,WC,The Citadel,TC,87,49,FINISHED,ncaam,2026-08-23T20:56:10+00:00
ncaam-214885,NCAAM,2025-26,2026-02-11T23:00:00Z,Regular,XFINITY Center,Maryland,M,Iowa,I,77,70,FINISHED,ncaam,2026-08-23T20:56:10+00:00
ncaam-214886,NCAAM,2025-26,2026-02-11T23:00:00Z,Regular,Hart Center,Holy Cross,HC,Colgate,C,70,74,FINISHED,ncaam,2026-08-23T20:56:10+00:00
ncaam-214887,NCAAM,2025-26,2026-02-11T23:00:00Z,Regular,Christl Arena,Army,A,Boston University,BU,68,85,FINISHED,ncaam,2026-08-23T20:56:10+00:00
ncaam-214883,NCAAM,2025-26,2026-02-11T23:30:00Z,Regular,Schottenstein Center,Ohio State,OS,USC,U,89,82,FINISHED,ncaam,2026-08-23T20:56:10+00:00
ncaam-358853,NCAAM,2025-26,2026-02-11T23:30:00Z,Regular,John Glaser Arena,La Salle,LS,VCU,V,68,77,FINISHED,ncaam,2026-08-23T20:56:10+00:00
ncaam-211496,NCAAM,2025-26,2026-02-12T00:00:00Z,Regular,Stegeman Coliseum,Georgia,G,Florida,F,66,86,FINISHED,ncaam,2026-08-23T20:56:10+00:00
ncaam-211499,NCAAM,2025-26,2026-02-12T00:00:00Z,Regular,The Sandy and John Black Pavilion at Ole Miss,Ole Miss,OM,Alabama,A,74,93,FINISHED,ncaam,2026-08-23T20:56:10+00:00
ncaam-211502,NCAAM,2025-26,2026-02-12T00:00:00Z,Regular,University Arena (MI),Western Michigan,WM,Toledo,T,79,90,FINISHED,ncaam,2026-08-23T20:56:10+00:00
ncaam-211503,NCAAM,2025-26,2026-02-12T00:00:00Z,Regular,M.A.C. Center,Kent State,KS,Eastern Michigan,EM,95,91,FINISHED,ncaam,2026-08-23T20:56:10+00:00
ncaam-211504,NCAAM,2025-26,2026-02-12T00:00:00Z,Regular,Worthen Arena,Ball State,BS,Buffalo,B,53,63,FINISHED,ncaam,2026-08-23T20:56:10+00:00
ncaam-211507,NCAAM,2025-26,2026-02-12T00:00:00Z,Regular,First Horizon Coliseum,UNC Greensboro,UG,VMI,V,92,71,FINISHED,ncaam,2026-08-23T20:56:10+00:00
ncaam-211508,NCAAM,2025-26,2026-02-12T00:00:00Z,Regular,Pete Hanna Center,Samford,S,Wofford,W,97,80,FINISHED,ncaam,2026-08-23T20:56:10+00:00
ncaam-211509,NCAAM,2025-26,2026-02-12T00:00:00Z,Regular,Hawkins Arena,Mercer,M,Furman,F,69,64,FINISHED,ncaam,2026-08-23T20:56:10+00:00
ncaam-211510,NCAAM,2025-26,2026-02-12T00:00:00Z,Regular,Freedom Hall (TN),East Tennessee State,ETS,Chattanooga,C,73,61,FINISHED,ncaam,2026-08-23T20:56:10+00:00
ncaam-211517,NCAAM,2025-26,2026-02-12T00:00:00Z,Regular,Curry Arena,Queens University,QU,Austin Peay,AP,87,95,FINISHED,ncaam,2026-08-23T20:56:10+00:00
ncaam-211519,NCAAM,2025-26,2026-02-12T00:00:00Z,Regular,Pete Mathews Coliseum,Jacksonville State,JS,UTEP,U,64,69,FINISHED,ncaam,2026-08-23T20:56:10+00:00
ncaam-211549,NCAAM,2025-26,2026-02-12T00:00:00Z,Regular,Flowers Hall,North Alabama,NA,West Georgia,WG,73,82,FINISHED,ncaam,2026-08-23T20:56:10+00:00
ncaam-211550,NCAAM,2025-26,2026-02-12T00:00:00Z,Regular,Alico Arena,Florida Gulf Coast,FGC,North Florida,NF,90,81,FINISHED,ncaam,2026-08-23T20:56:10+00:00
ncaam-211551,NCAAM,2025-26,2026-02-12T00:00:00Z,Regular,Edmunds Center,Stetson,S,Jacksonville,J,67,62,FINISHED,ncaam,2026-08-23T20:56:10+00:00
ncaam-214871,NCAAM,2025-26,2026-02-12T00:00:00Z,Regular,JMA Wireless Dome,Syracuse,S,California,C,107,100,FINISHED,ncaam,2026-08-23T20:56:10+00:00
ncaam-214876,NCAAM,2025-26,2026-02-12T00:00:00Z,Regular,Littlejohn Coliseum,Clemson,C,Virginia Tech,VT,66,76,FINISHED,ncaam,2026-08-23T20:56:10+00:00
ncaam-214891,NCAAM,2025-26,2026-02-12T00:00:00Z,Regular,Kirby Sports Center,Lafayette,L,Loyola Maryland,LM,54,68,FINISHED,ncaam,2026-08-23T20:56:10+00:00
ncaam-358854,NCAAM,2025-26,2026-02-12T00:00:00Z,Regular,Stabler Arena,Lehigh,L,American University,AU,90,82,FINISHED,ncaam,2026-08-23T20:56:10+00:00
ncaam-358855,NCAAM,2025-26,2026-02-12T00:00:00Z,Regular,Minges Coliseum,East Carolina,EC,UTSA,U,88,72,FINISHED,ncaam,2026-08-23T20:56:10+00:00
ncaam-211513,NCAAM,2025-26,2026-02-12T00:30:00Z,Regular,Chartway Arena,Old Dominion,OD,Marshall,M,79,81,FINISHED,ncaam,2026-08-23T20:56:10+00:00
ncaam-211552,NCAAM,2025-26,2026-02-12T00:30:00Z,Regular,Farris Center,Central Arkansas,CA,Bellarmine,B,84,76,FINISHED,ncaam,2026-08-23T20:56:10+00:00
ncaam-214888,NCAAM,2025-26,2026-02-12T00:30:00Z,Regular,Prudential Center,Seton Hall,SH,Providence,P,87,80,FINISHED,ncaam,2026-08-23T20:56:10+00:00
ncaam-214889,NCAAM,2025-26,2026-02-12T00:30:00Z,Regular,Hinkle Fieldhouse,Butler,B,UConn,U,70,80,FINISHED,ncaam,2026-08-23T20:56:10+00:00
ncaam-358856,NCAAM,2025-26,2026-02-12T00:30:00Z,Regular,Devlin Fieldhouse,Tulane,T,Temple,T,77,66,FINISHED,ncaam,2026-08-23T20:56:10+00:00
ncaam-358857,NCAAM,2025-26,2026-02-12T00:30:00Z,Regular,Charles Koch Arena,Wichita State,WS,South Florida,SF,58,66,FINISHED,ncaam,2026-08-23T20:56:10+00:00
ncaam-211501,NCAAM,2025-26,2026-02-12T01:00:00Z,Regular,Sanford Coyote Sports Center,South Dakota,SD,North Dakota,ND,71,72,FINISHED,ncaam,2026-08-23T20:56:10+00:00
ncaam-211505,NCAAM,2025-26,2026-02-12T01:00:00Z,Regular,NIU Convocation Center,Northern Illinois,NI,Bowling Green,BG,52,68,FINISHED,ncaam,2026-08-23T20:56:10+00:00
ncaam-211511,NCAAM,2025-26,2026-02-12T01:00:00Z,Regular,Strahan Arena at the University Events Center,Texas State,TS,Troy,T,74,62,FINISHED,ncaam,2026-08-23T20:56:10+00:00
ncaam-211512,NCAAM,2025-26,2026-02-12T01:00:00Z,Regular,First National Bank Arena,Arkansas State,AS,UL Monroe,UM,103,70,FINISHED,ncaam,2026-08-23T20:56:10+00:00
ncaam-211514,NCAAM,2025-26,2026-02-12T01:00:00Z,Regular,Jack and Ruth Ann Hill Convocation Center,Georgia Southern,GS,App State,AS,65,81,FINISHED,ncaam,2026-08-23T20:56:10+00:00
ncaam-211516,NCAAM,2025-26,2026-02-12T01:00:00Z,Regular,Allen Arena,Lipscomb,L,Eastern Kentucky,EK,75,61,FINISHED,ncaam,2026-08-23T20:56:10+00:00
ncaam-214880,NCAAM,2025-26,2026-02-12T01:00:00Z,Regular,United Supermarkets Arena,Texas Tech,TT,Colorado,C,78,44,FINISHED,ncaam,2026-08-23T20:56:10+00:00
ncaam-358858,NCAAM,2025-26,2026-02-12T01:00:00Z,Regular,Tudor Fieldhouse,Rice,R,Florida Atlantic,FA,81,73,FINISHED,ncaam,2026-08-23T20:56:10+00:00
ncaam-358859,NCAAM,2025-26,2026-02-12T01:00:00Z,Regular,Reynolds Center,Tulsa,T,UAB,U,63,68,FINISHED,ncaam,2026-08-23T20:56:10+00:00
ncaam-214884,NCAAM,2025-26,2026-02-12T01:30:00Z,Regular,Welsh-Ryan Arena,Northwestern,N,Michigan,M,75,87,FINISHED,ncaam,2026-08-23T20:56:10+00:00
ncaam-211498,NCAAM,2025-26,2026-02-12T02:00:00Z,Regular,Reed Arena,Texas A&M,TA,Missouri,M,85,86,FINISHED,ncaam,2026-08-23T20:56:10+00:00
ncaam-211515,NCAAM,2025-26,2026-02-12T02:00:00Z,Regular,Humphrey Coliseum,Mississippi State,MS,Tennessee,T,64,73,FINISHED,ncaam,2026-08-23T20:56:10+00:00
ncaam-211518,NCAAM,2025-26,2026-02-12T02:00:00Z,Regular,Pan American Center,New Mexico State,NMS,Liberty,L,75,77,FINISHED,ncaam,2026-08-23T20:56:10+00:00
ncaam-214874,NCAAM,2025-26,2026-02-12T02:00:00Z,Regular,McCamish Pavilion,Georgia Tech,GT,Wake Forest,WF,67,83,FINISHED,ncaam,2026-08-23T20:56:10+00:00
ncaam-214877,NCAAM,2025-26,2026-02-12T02:00:00Z,Regular,Conte Forum,Boston College,BC,Stanford,S,64,70,FINISHED,ncaam,2026-08-23T20:56:10+00:00
ncaam-214881,NCAAM,2025-26,2026-02-12T02:00:00Z,Regular,Bramlage Coliseum,Kansas State,KS,Cincinnati,C,62,91,FINISHED,ncaam,2026-08-23T20:56:10+00:00
ncaam-214890,NCAAM,2025-26,2026-02-12T02:00:00Z,Regular,Wintrust Arena,DePaul,D,Creighton,C,72,71,FINISHED,ncaam,2026-08-23T20:56:10+00:00
ncaam-358860,NCAAM,2025-26,2026-02-12T02:30:00Z,Regular,Jenny Craig Pavilion,San Diego,SD,Portland,P,71,58,FINISHED,ncaam,2026-08-23T20:56:10+00:00
ncaam-214869,NCAAM,2025-26,2026-02-12T03:00:00Z,Regular,Global Credit Union Arena,Grand Canyon,GC,New Mexico,NM,64,70,FINISHED,ncaam,2026-08-23T20:56:10+00:00
ncaam-358861,NCAAM,2025-26,2026-02-12T03:00:00Z,Regular,Leavey Center,Santa Clara,SC,Seattle U,SU,84,72,FINISHED,ncaam,2026-08-23T20:56:10+00:00
ncaam-358862,NCAAM,2025-26,2026-02-12T03:00:00Z,Regular,University Credit Union Pavilion,Saint Mary's,SM,Pepperdine,P,88,60,FINISHED,ncaam,2026-08-23T20:56:10+00:00
ncaam-358863,NCAAM,2025-26,2026-02-12T03:00:00Z,Regular,Alex G. Spanos Center,Pacific,P,Loyola Marymount,LM,65,59,FINISHED,ncaam,2026-08-23T20:56:10+00:00
ncaam-214882,NCAAM,2025-26,2026-02-12T03:30:00Z,Regular,Alaska Airlines Arena,Washington,W,Penn State,PS,60,63,FINISHED,ncaam,2026-08-23T20:56:10+00:00
ncaam-211532,NCAAM,2025-26,2026-02-12T23:00:00Z,Regular,Lundholm Gymnasium,New Hampshire,NH,NJIT,N,70,76,FINISHED,ncaam,2026-08-23T20:56:10+00:00
ncaam-211533,NCAAM,2025-26,2026-02-12T23:00:00Z,Regular,The Pit in Memorial Gymnasium,Maine,M,UMBC,U,62,78,FINISHED,ncaam,2026-08-23T20:56:10+00:00
ncaam-211534,NCAAM,2025-26,2026-02-12T23:00:00Z,Regular,Costello Athletic Center,UMass Lowell,UL,Bryant,B,88,69,FINISHED,ncaam,2026-08-23T20:56:10+00:00
ncaam-211531,NCAAM,2025-26,2026-02-12T23:30:00Z,Regular,Events Center (Binghamton),Binghamton,B,Vermont,V,65,73,FINISHED,ncaam,2026-08-23T20:56:10+00:00
ncaam-211562,NCAAM,2025-26,2026-02-12T23:30:00Z,Regular,KSU Convocation Center,Kennesaw State,KS,Middle Tennessee,MT,87,90,FINISHED,ncaam,2026-08-23T20:56:10+00:00
ncaam-211564,NCAAM,2025-26,2026-02-12T23:30:00Z,Regular,The Jungle,IU Indianapolis,II,Northern Kentucky,NK,81,84,FINISHED,ncaam,2026-08-23T20:56:10+00:00
ncaam-211523,NCAAM,2025-26,2026-02-13T00:00:00Z,Regular,Wolstein Center,Cleveland State,CS,Robert Morris,RM,68,85,FINISHED,ncaam,2026-08-23T20:56:10+00:00
ncaam-211524,NCAAM,2025-26,2026-02-13T00:00:00Z,Regular,OU Credit Union O'rena,Oakland,O,Youngstown State,YS,82,86,FINISHED,ncaam,2026-08-23T20:56:10+00:00
ncaam-211525,NCAAM,2025-26,2026-02-13T00:00:00Z,Regular,Nutter Center,Wright State,WS,Detroit Mercy,DM,74,77,FINISHED,ncaam,2026-08-23T20:56:10+00:00
ncaam-211526,NCAAM,2025-26,2026-02-13T00:00:00Z,Regular,Resch Center,Green Bay,GB,Purdue Fort Wayne,PFW,76,59,FINISHED,ncaam,2026-08-23T20:56:10+00:00
ncaam-211528,NCAAM,2025-26,2026-02-13T00:00:00Z,Regular,Jones Convocation Center,Chicago State,CS,Stonehill,S,68,55,FINISHED,ncaam,2026-08-23T20:56:10+00:00
ncaam-211529,NCAAM,2025-26,2026-02-13T00:00:00Z,Regular,Spiro Sports Center,Wagner,W,Long Island University,LIU,57,67,FINISHED,ncaam,2026-08-23T20:56:10+00:00
ncaam-211530,NCAAM,2025-26,2026-02-13T00:00:00Z,Regular,Ted Grant Court,Le Moyne,LM,Mercyhurst,M,58,57,FINISHED,ncaam,2026-08-23T20:56:10+00:00
ncaam-211535,NCAAM,2025-26,2026-02-13T00:00:00Z,Regular,TU Arena,Towson,T,Stony Brook,SB,69,57,FINISHED,ncaam,2026-08-23T20:56:10+00:00
ncaam-211536,NCAAM,2025-26,2026-02-13T00:00:00Z,Regular,TD Arena,Charleston,C,Hofstra,H,62,66,FINISHED,ncaam,2026-08-23T20:56:10+00:00
ncaam-211537,NCAAM,2025-26,2026-02-13T00:00:00Z,Regular,Daskalakis Athletic Center,Drexel,D,Monmouth,M,73,93,FINISHED,ncaam,2026-08-23T20:56:10+00:00
ncaam-211538,NCAAM,2025-26,2026-02-13T00:00:00Z,Regular,Matthews Arena,Northeastern,N,William & Mary,W&M,67,94,FINISHED,ncaam,2026-08-23T20:56:10+00:00
ncaam-211539,NCAAM,2025-26,2026-02-13T00:00:00Z,Regular,Trask Coliseum,UNC Wilmington,UW,Elon,E,65,54,FINISHED,ncaam,2026-08-23T20:56:10+00:00
ncaam-211545,NCAAM,2025-26,2026-02-13T00:00:00Z,Regular,Atlantic Union Bank Center,James Madison,JM,Georgia State,GS,81,79,FINISHED,ncaam,2026-08-23T20:56:10+00:00
ncaam-211561,NCAAM,2025-26,2026-02-13T00:00:00Z,Regular,Ocean Bank Convocation Center,Florida International,FI,Delaware,D,66,68,FINISHED,ncaam,2026-08-23T20:56:10+00:00
ncaam-211565,NCAAM,2025-26,2026-02-13T00:00:00Z,Regular,Bogota Savings Bank Center,Fairleigh Dickinson,FD,St. Francis (PA),SF(,66,59,FINISHED,ncaam,2026-08-23T20:56:10+00:00
ncaam-214892,NCAAM,2025-26,2026-02-13T00:00:00Z,Regular,Hammel Court,Merrimack,M,Marist,M,81,56,FINISHED,ncaam,2026-08-23T20:56:10+00:00
ncaam-214893,NCAAM,2025-26,2026-02-13T00:00:00Z,Regular,Paul Porter Arena,Gardner-Webb,GW,Winthrop,W,85,103,FINISHED,ncaam,2026-08-23T20:56:10+00:00
ncaam-214894,NCAAM,2025-26,2026-02-13T00:00:00Z,Regular,Joan Perry Brock Center,Longwood,L,UNC Asheville,UA,74,79,FINISHED,ncaam,2026-08-23T20:56:10+00:00
ncaam-214895,NCAAM,2025-26,2026-02-13T00:00:00Z,Regular,Buccaneer Fieldhouse,Charleston Southern,CS,Presbyterian,P,84,67,FINISHED,ncaam,2026-08-23T20:56:10+00:00
ncaam-214896,NCAAM,2025-26,2026-02-13T00:00:00Z,Regular,Jeffery P. Hazell Athletics Center,New Haven,NH,Central Connecticut,CC,76,81,FINISHED,ncaam,2026-08-23T20:56:10+00:00
ncaam-214898,NCAAM,2025-26,2026-02-13T00:00:00Z,Regular,G.B. Hodge Center,South Carolina Upstate,SCU,High Point,HP,70,95,FINISHED,ncaam,2026-08-23T20:56:10+00:00
ncaam-358864,NCAAM,2025-26,2026-02-13T00:00:00Z,Regular,CEFCU Arena,Illinois State,IS,Valparaiso,V,86,64,FINISHED,ncaam,2026-08-23T20:56:10+00:00
ncaam-358865,NCAAM,2025-26,2026-02-13T00:00:00Z,Regular,Hulman Center,Indiana State,IS,Murray State,MS,72,74,FINISHED,ncaam,2026-08-23T20:56:10+00:00
ncaam-211555,NCAAM,2025-26,2026-02-13T00:30:00Z,Regular,Ellis T. Johnson Arena,Morehead State,MS,Tennessee Tech,TT,73,66,FINISHED,ncaam,2026-08-23T20:56:10+00:00
ncaam-358866,NCAAM,2025-26,2026-02-13T00:30:00Z,Regular,Knapp Center,Drake,D,UIC,U,70,80,FINISHED,ncaam,2026-08-23T20:56:10+00:00
ncaam-211520,NCAAM,2025-26,2026-02-13T01:00:00Z,Regular,Mabee Center,Oral Roberts,OR,Kansas City,KC,69,60,FINISHED,ncaam,2026-08-23T20:56:10+00:00
ncaam-211521,NCAAM,2025-26,2026-02-13T01:00:00Z,Regular,Baxter Arena,Omaha,O,St. Thomas-Minnesota,STM,98,94,FINISHED,ncaam,2026-08-23T20:56:10+00:00
ncaam-211544,NCAAM,2025-26,2026-02-13T01:00:00Z,Regular,Cajundome,Louisiana,L,Coastal Carolina,CC,65,69,FINISHED,ncaam,2026-08-23T20:56:10+00:00
ncaam-211546,NCAAM,2025-26,2026-02-13T01:00:00Z,Regular,Bank of Colorado Arena,Northern Colorado,NC,Sacramento State,SS,95,79,FINISHED,ncaam,2026-08-23T20:56:10+00:00
ncaam-211547,NCAAM,2025-26,2026-02-13T01:00:00Z,Regular,J. Lawrence Walkup Skydome,Northern Arizona,NA,Portland State,PS,68,77,FINISHED,ncaam,2026-08-23T20:56:10+00:00
ncaam-358867,NCAAM,2025-26,2026-02-13T01:00:00Z,Regular,Banterra Center,Southern Illinois,SI,Evansville,E,86,60,FINISHED,ncaam,2026-08-23T20:56:10+00:00
ncaam-211543,NCAAM,2025-26,2026-02-13T01:30:00Z,Regular,Reed Green Coliseum,Southern Miss,SM,South Alabama,SA,78,84,FINISHED,ncaam,2026-08-23T20:56:10+00:00
ncaam-211554,NCAAM,2025-26,2026-02-13T01:30:00Z,Regular,First Community Arena,SIU Edwardsville,SE,Southeast Missouri State,SMS,74,56,FINISHED,ncaam,2026-08-23T20:56:10+00:00
ncaam-211556,NCAAM,2025-26,2026-02-13T01:30:00Z,Regular,Western Hall,Western Illinois,WI,Little Rock,LR,58,77,FINISHED,ncaam,2026-08-23T20:56:10+00:00
ncaam-211557,NCAAM,2025-26,2026-02-13T01:30:00Z,Regular,Hyland Arena,Lindenwood,L,UT Martin,UM,75,74,FINISHED,ncaam,2026-08-23T20:56:10+00:00
ncaam-211558,NCAAM,2025-26,2026-02-13T01:30:00Z,Regular,America First Events Center,Southern Utah,SU,California Baptist,CB,66,83,FINISHED,ncaam,2026-08-23T20:56:10+00:00
ncaam-211563,NCAAM,2025-26,2026-02-13T01:30:00Z,Regular,Great Southern Bank Arena,Missouri State,MS,Louisiana Tech,LT,78,79,FINISHED,ncaam,2026-08-23T20:56:10+00:00
ncaam-211522,NCAAM,2025-26,2026-02-13T02:00:00Z,Regular,Hamilton Gymnasium,Denver,D,South Dakota State,SDS,79,61,FINISHED,ncaam,2026-08-23T20:56:10+00:00
ncaam-211548,NCAAM,2025-26,2026-02-13T02:00:00Z,Regular,ICCU Arena,Idaho,I,Weber State,WS,72,83,FINISHED,ncaam,2026-08-23T20:56:10+00:00
ncaam-211553,NCAAM,2025-26,2026-02-13T02:00:00Z,Regular,Screaming Eagles Arena,Southern Indiana,SI,Tennessee State,TS,71,73,FINISHED,ncaam,2026-08-23T20:56:10+00:00
ncaam-211559,NCAAM,2025-26,2026-02-13T02:00:00Z,Regular,Burns Arena,Utah Tech,UT,Utah Valley,UV,81,77,FINISHED,ncaam,2026-08-23T20:56:10+00:00
ncaam-211560,NCAAM,2025-26,2026-02-13T02:00:00Z,Regular,Moody Coliseum (Abilene),Abilene Christian,AC,UT Arlington,UA,67,63,FINISHED,ncaam,2026-08-23T20:56:10+00:00
ncaam-211566,NCAAM,2025-26,2026-02-13T02:00:00Z,Regular,Reese Court,Eastern Washington,EW,Idaho State,IS,88,75,FINISHED,ncaam,2026-08-23T20:56:10+00:00
ncaam-358868,NCAAM,2025-26,2026-02-13T02:00:00Z,Regular,Curb Event Center Arena,Belmont,B,Northern Iowa,NI,91,86,FINISHED,ncaam,2026-08-23T20:56:10+00:00
ncaam-358869,NCAAM,2025-26,2026-02-13T02:00:00Z,Regular,The Sobrato Center,San Francisco,SF,Oregon State,OS,63,90,FINISHED,ncaam,2026-08-23T20:56:10+00:00
ncaam-358870,NCAAM,2025-26,2026-02-13T02:00:00Z,Regular,The Super Pit,North Texas,NT,Memphis,M,76,69,FINISHED,ncaam,2026-08-23T20:56:10+00:00
ncaam-211540,NCAAM,2025-26,2026-02-13T02:30:00Z,Regular,Icardo Center,Cal State Bakersfield,CSB,Hawai'i,H,74,89,FINISHED,ncaam,2026-08-23T20:56:10+00:00
ncaam-211541,NCAAM,2025-26,2026-02-13T03:00:00Z,Regular,Mott Athletics Center,Cal Poly,CP,UC Irvine,UI,79,73,FINISHED,ncaam,2026-08-23T20:56:10+00:00
ncaam-211542,NCAAM,2025-26,2026-02-13T03:00:00Z,Regular,LionTree Arena,UC San Diego,USD,UC Davis,UD,68,51,FINISHED,ncaam,2026-08-23T20:56:10+00:00
ncaam-214897,NCAAM,2025-26,2026-02-13T03:00:00Z,Regular,SRC Arena,UC Riverside,UR,UC Santa Barbara,USB,68,76,FINISHED,ncaam,2026-08-23T20:56:10+00:00
ncaam-214899,NCAAM,2025-26,2026-02-13T03:00:00Z,Regular,Walter Pyramid,Long Beach State,LBS,Cal State Fullerton,CSF,82,86,FINISHED,ncaam,2026-08-23T20:56:10+00:00
ncaam-211571,NCAAM,2025-26,2026-02-13T23:30:00Z,Regular,Gallagher Center,Niagara,N,Manhattan,M,69,76,FINISHED,ncaam,2026-08-23T20:56:10+00:00
ncaam-211567,NCAAM,2025-26,2026-02-14T00:00:00Z,Regular,MVP Arena,Siena,S,Quinnipiac,Q,62,74,FINISHED,ncaam,2026-08-23T20:56:10+00:00
ncaam-211568,NCAAM,2025-26,2026-02-14T00:00:00Z,Regular,Alumni Gymnasium (Rider),Rider,R,Mount St. Mary's,MSM,55,65,FINISHED,ncaam,2026-08-23T20:56:10+00:00
ncaam-211569,NCAAM,2025-26,2026-02-14T00:00:00Z,Regular,Koessler Athletic Center,Canisius,C,Iona,I,63,69,FINISHED,ncaam,2026-08-23T20:56:10+00:00
ncaam-211573,NCAAM,2025-26,2026-02-14T00:00:00Z,Regular,Leede Arena,Dartmouth,D,Yale,Y,70,83,FINISHED,ncaam,2026-08-23T20:56:10+00:00
ncaam-211574,NCAAM,2025-26,2026-02-14T00:00:00Z,Regular,Lavietes Pavilion,Harvard,H,Brown,B,56,53,FINISHED,ncaam,2026-08-23T20:56:10+00:00
ncaam-211575,NCAAM,2025-26,2026-02-14T00:00:00Z,Regular,The Palestra,Pennsylvania,P,Columbia,C,76,67,FINISHED,ncaam,2026-08-23T20:56:10+00:00
ncaam-214901,NCAAM,2025-26,2026-02-14T00:00:00Z,Regular,Jadwin Gymnasium,Princeton,P,Cornell,C,65,89,FINISHED,ncaam,2026-08-23T20:56:10+00:00
ncaam-214902,NCAAM,2025-26,2026-02-14T00:00:00Z,Regular,William H. Pitt Center,Sacred Heart,SH,Saint Peter's,SP,78,71,FINISHED,ncaam,2026-08-23T20:56:10+00:00
ncaam-358871,NCAAM,2025-26,2026-02-14T00:00:00Z,Regular,Charles E. Smith Center,George Washington,GW,George Mason,GM,72,53,FINISHED,ncaam,2026-08-23T20:56:10+00:00
ncaam-214900,NCAAM,2025-26,2026-02-14T01:00:00Z,Regular,Kohl Center,Wisconsin,W,Michigan State,MS,92,71,FINISHED,ncaam,2026-08-23T20:56:10+00:00
ncaam-358872,NCAAM,2025-26,2026-02-14T01:40:00Z,Regular,Gentile Arena,Loyola Chicago,LC,Saint Louis,SL,59,86,FINISHED,ncaam,2026-08-23T20:56:10+00:00
ncaam-211588,NCAAM,2025-26,2026-02-14T02:00:00Z,Regular,James A. Rhodes Arena,Akron,A,Massachusetts,M,99,92,FINISHED,ncaam,2026-08-23T20:56:10+00:00
ncaam-211586,NCAAM,2025-26,2026-02-14T02:10:00Z,Regular,Millett Hall,Miami (OH),M(,Ohio,O,90,74,FINISHED,ncaam,2026-08-23T20:56:10+00:00
ncaam-214922,NCAAM,2025-26,2026-02-14T03:00:00Z,Regular,ExtraMile Arena,Boise State,BS,UNLV,U,83,86,FINISHED,ncaam,2026-08-23T20:56:10+00:00
ncaam-211572,NCAAM,2025-26,2026-02-14T04:00:00Z,Regular,,North Carolina A&T,NCA,Hampton,H,71,70,FINISHED,ncaam,2026-08-23T20:56:10+00:00
ncaam-211606,NCAAM,2025-26,2026-02-14T17:00:00Z,Regular,Freedom Hall (TN),East Tennessee State,ETS,Samford,S,72,82,FINISHED,ncaam,2026-08-23T20:56:10+00:00
ncaam-214904,NCAAM,2025-26,2026-02-14T17:00:00Z,Regular,Gallagher-Iba Arena,Oklahoma State,OS,TCU,T,92,95,FINISHED,ncaam,2026-08-23T20:56:10+00:00
ncaam-214933,NCAAM,2025-26,2026-02-14T17:00:00Z,Regular,Purcell Pavilion,Notre Dame,ND,Georgia Tech,GT,89,74,FINISHED,ncaam,2026-08-23T20:56:10+00:00
ncaam-214936,NCAAM,2025-26,2026-02-14T17:00:00Z,Regular,Cameron Indoor Stadium,Duke,D,Clemson,C,67,54,FINISHED,ncaam,2026-08-23T20:56:10+00:00
ncaam-214937,NCAAM,2025-26,2026-02-14T17:00:00Z,Regular,Conte Forum,Boston College,BC,California,C,75,86,FINISHED,ncaam,2026-08-23T20:56:10+00:00
ncaam-214939,NCAAM,2025-26,2026-02-14T17:00:00Z,Regular,Cotterell Court,Colgate,C,Navy,N,80,84,FINISHED,ncaam,2026-08-23T20:56:10+00:00
ncaam-358874,NCAAM,2025-26,2026-02-14T17:00:00Z,Regular,Thomas M. Ryan Center,Rhode Island,RI,Fordham,F,66,70,FINISHED,ncaam,2026-08-23T20:56:10+00:00
ncaam-214915,NCAAM,2025-26,2026-02-14T17:45:00Z,Regular,Crisler Center,Michigan,M,UCLA,U,86,56,FINISHED,ncaam,2026-08-23T20:56:10+00:00
ncaam-211594,NCAAM,2025-26,2026-02-14T18:00:00Z,Regular,Ted Grant Court,Le Moyne,LM,Chicago State,CS,81,63,FINISHED,ncaam,2026-08-23T20:56:10+00:00
ncaam-211596,NCAAM,2025-26,2026-02-14T18:00:00Z,Regular,Lundholm Gymnasium,New Hampshire,NH,UMBC,U,63,85,FINISHED,ncaam,2026-08-23T20:56:10+00:00
ncaam-211603,NCAAM,2025-26,2026-02-14T18:00:00Z,Regular,Cameron Hall,VMI,V,Furman,F,72,90,FINISHED,ncaam,2026-08-23T20:56:10+00:00
ncaam-211605,NCAAM,2025-26,2026-02-14T18:00:00Z,Regular,McAlister Field House,The Citadel,TC,Mercer,M,54,70,FINISHED,ncaam,2026-08-23T20:56:10+00:00
ncaam-211629,NCAAM,2025-26,2026-02-14T18:00:00Z,Regular,Memorial Gymnasium (TN),Vanderbilt,V,Texas A&M,TA,82,69,FINISHED,ncaam,2026-08-23T20:56:10+00:00
ncaam-214905,NCAAM,2025-26,2026-02-14T18:00:00Z,Regular,Hilton Coliseum,Iowa State,IS,Kansas,K,74,56,FINISHED,ncaam,2026-08-23T20:56:10+00:00
ncaam-214914,NCAAM,2025-26,2026-02-14T18:00:00Z,Regular,Pinnacle Bank Arena,Nebraska,N,Northwestern,N,68,49,FINISHED,ncaam,2026-08-23T20:56:10+00:00
ncaam-214917,NCAAM,2025-26,2026-02-14T18:00:00Z,Regular,Case Gym,Boston University,BU,Bucknell,B,82,69,FINISHED,ncaam,2026-08-23T20:56:10+00:00
ncaam-214928,NCAAM,2025-26,2026-02-14T18:00:00Z,Regular,Amica Mutual Pavilion,Providence,P,St. John's,SJ,69,79,FINISHED,ncaam,2026-08-23T20:56:10+00:00
ncaam-214940,NCAAM,2025-26,2026-02-14T18:00:00Z,Regular,Jeffery P. Hazell Athletics Center,New Haven,NH,Long Island University,LIU,55,52,FINISHED,ncaam,2026-08-23T20:56:10+00:00
ncaam-211581,NCAAM,2025-26,2026-02-14T19:00:00Z,Regular,Betty Engelstad Sioux Center,North Dakota,ND,North Dakota State,NDS,66,83,FINISHED,ncaam,2026-08-23T20:56:10+00:00
ncaam-211584,NCAAM,2025-26,2026-02-14T19:00:00Z,Regular,Gervin GameAbove Center,Eastern Michigan,EM,Western Michigan,WM,62,76,FINISHED,ncaam,2026-08-23T20:56:10+00:00
ncaam-211589,NCAAM,2025-26,2026-02-14T19:00:00Z,Regular,Worthen Arena,Ball State,BS,Kent State,KS,68,75,FINISHED,ncaam,2026-08-23T20:56:10+00:00
ncaam-211591,NCAAM,2025-26,2026-02-14T19:00:00Z,Regular,Merkert Gymnasium,Stonehill,S,Wagner,W,57,68,FINISHED,ncaam,2026-08-23T20:56:10+00:00
ncaam-211592,NCAAM,2025-26,2026-02-14T19:00:00Z,Regular,DeGol Arena,St. Francis (PA),SF(,Mercyhurst,M,79,94,FINISHED,ncaam,2026-08-23T20:56:10+00:00
ncaam-211597,NCAAM,2025-26,2026-02-14T19:00:00Z,Regular,Patrick Gymnasium,Vermont,V,Bryant,B,90,63,FINISHED,ncaam,2026-08-23T20:56:10+00:00
ncaam-211600,NCAAM,2025-26,2026-02-14T19:00:00Z,Regular,Kaplan Arena,William & Mary,W&M,Elon,E,78,81,FINISHED,ncaam,2026-08-23T20:56:10+00:00
ncaam-211635,NCAAM,2025-26,2026-02-14T19:00:00Z,Regular,Farris Center,Central Arkansas,CA,West Georgia,WG,79,62,FINISHED,ncaam,2026-08-23T20:56:10+00:00
ncaam-211636,NCAAM,2025-26,2026-02-14T19:00:00Z,Regular,Alico Arena,Florida Gulf Coast,FGC,Stetson,S,78,76,FINISHED,ncaam,2026-08-23T20:56:10+00:00
ncaam-211650,NCAAM,2025-26,2026-02-14T19:00:00Z,Regular,Don Haskins Center,UTEP,U,Liberty,L,64,73,FINISHED,ncaam,2026-08-23T20:56:10+00:00
ncaam-211652,NCAAM,2025-26,2026-02-14T19:00:00Z,Regular,Ocean Bank Convocation Center,Florida International,FI,Louisiana Tech,LT,77,64,FINISHED,ncaam,2026-08-23T20:56:10+00:00
ncaam-211655,NCAAM,2025-26,2026-02-14T19:00:00Z,Regular,Bogota Savings Bank Center,Fairleigh Dickinson,FD,Central Connecticut,CC,57,63,FINISHED,ncaam,2026-08-23T20:56:10+00:00
ncaam-214919,NCAAM,2025-26,2026-02-14T19:00:00Z,Regular,Kimmel Arena,UNC Asheville,UA,Presbyterian,P,57,58,FINISHED,ncaam,2026-08-23T20:56:10+00:00
ncaam-214920,NCAAM,2025-26,2026-02-14T19:00:00Z,Regular,Paul Porter Arena,Gardner-Webb,GW,High Point,HP,87,112,FINISHED,ncaam,2026-08-23T20:56:10+00:00
ncaam-214931,NCAAM,2025-26,2026-02-14T19:00:00Z,Regular,Cassell Coliseum,Virginia Tech,VT,Florida State,FS,69,92,FINISHED,ncaam,2026-08-23T20:56:10+00:00
ncaam-214932,NCAAM,2025-26,2026-02-14T19:00:00Z,Regular,JMA Wireless Dome,Syracuse,S,SMU,S,79,78,FINISHED,ncaam,2026-08-23T20:56:10+00:00
ncaam-214934,NCAAM,2025-26,2026-02-14T19:00:00Z,Regular,Dean E. Smith Center,North Carolina,NC,Pittsburgh,P,79,65,FINISHED,ncaam,2026-08-23T20:56:10+00:00
ncaam-214941,NCAAM,2025-26,2026-02-14T19:00:00Z,Regular,Bender Arena,American University,AU,Army,A,75,63,FINISHED,ncaam,2026-08-23T20:56:10+00:00
ncaam-358875,NCAAM,2025-26,2026-02-14T19:00:00Z,Regular,Tudor Fieldhouse,Rice,R,East Carolina,EC,75,85,FINISHED,ncaam,2026-08-23T20:56:10+00:00
ncaam-214921,NCAAM,2025-26,2026-02-14T19:30:00Z,Regular,The Dedmon Center,Radford,R,Charleston Southern,CS,90,80,FINISHED,ncaam,2026-08-23T20:56:10+00:00
ncaam-214927,NCAAM,2025-26,2026-02-14T19:30:00Z,Regular,CHI Health Center Omaha,Creighton,C,Villanova,V,69,80,FINISHED,ncaam,2026-08-23T20:56:10+00:00
ncaam-211595,NCAAM,2025-26,2026-02-14T20:00:00Z,Regular,The Pit in Memorial Gymnasium,Maine,M,NJIT,N,58,67,FINISHED,ncaam,2026-08-23T20:56:10+00:00
ncaam-211617,NCAAM,2025-26,2026-02-14T20:00:00Z,Regular,Strahan Arena at the University Events Center,Texas State,TS,UL Monroe,UM,95,84,FINISHED,ncaam,2026-08-23T20:56:10+00:00
ncaam-211619,NCAAM,2025-26,2026-02-14T20:00:00Z,Regular,First National Bank Arena,Arkansas State,AS,South Alabama,SA,88,92,FINISHED,ncaam,2026-08-23T20:56:10+00:00
ncaam-211633,NCAAM,2025-26,2026-02-14T20:00:00Z,Regular,Stephen C. O'Connell Center,Florida,F,Kentucky,K,92,83,FINISHED,ncaam,2026-08-23T20:56:10+00:00
ncaam-211647,NCAAM,2025-26,2026-02-14T20:00:00Z,Regular,College Park Center,UT Arlington,UA,Southern Utah,SU,73,78,FINISHED,ncaam,2026-08-23T20:56:10+00:00
ncaam-211649,NCAAM,2025-26,2026-02-14T20:00:00Z,Regular,Great Southern Bank Arena,Missouri State,MS,Delaware,D,67,76,FINISHED,ncaam,2026-08-23T20:56:10+00:00
ncaam-214913,NCAAM,2025-26,2026-02-14T20:00:00Z,Regular,Matthew Knight Arena,Oregon,O,Penn State,PS,83,72,FINISHED,ncaam,2026-08-23T20:56:10+00:00
ncaam-214918,NCAAM,2025-26,2026-02-14T20:00:00Z,Regular,Joan Perry Brock Center,Longwood,L,South Carolina Upstate,SCU,82,75,FINISHED,ncaam,2026-08-23T20:56:10+00:00
ncaam-214926,NCAAM,2025-26,2026-02-14T20:00:00Z,Regular,Cintas Center,Xavier,X,Marquette,M,96,88,FINISHED,ncaam,2026-08-23T20:56:10+00:00
ncaam-211621,NCAAM,2025-26,2026-02-14T20:30:00Z,Regular,Chartway Arena,Old Dominion,OD,Georgia State,GS,78,55,FINISHED,ncaam,2026-08-23T20:56:10+00:00
ncaam-211628,NCAAM,2025-26,2026-02-14T20:30:00Z,Regular,Lloyd Noble Center,Oklahoma,O,Georgia,G,94,78,FINISHED,ncaam,2026-08-23T20:56:10+00:00
ncaam-211643,NCAAM,2025-26,2026-02-14T20:30:00Z,Regular,Ellis T. Johnson Arena,Morehead State,MS,Tennessee State,TS,94,86,FINISHED,ncaam,2026-08-23T20:56:10+00:00
ncaam-358878,NCAAM,2025-26,2026-02-14T20:30:00Z,Regular,Lee E. Williams Athletics and Assembly Center,Jackson State,JS,Florida A&M,FA,80,60,FINISHED,ncaam,2026-08-23T20:56:10+00:00
ncaam-211583,NCAAM,2025-26,2026-02-14T21:00:00Z,Regular,Dickies Arena,Baylor,B,Louisville,L,71,82,FINISHED,ncaam,2026-08-23T20:56:10+00:00
ncaam-211598,NCAAM,2025-26,2026-02-14T21:00:00Z,Regular,Events Center (Binghamton),Binghamton,B,UAlbany,U,74,77,FINISHED,ncaam,2026-08-23T20:56:10+00:00
ncaam-211602,NCAAM,2025-26,2026-02-14T21:00:00Z,Regular,Trask Coliseum,UNC Wilmington,UW,Hofstra,H,70,66,FINISHED,ncaam,2026-08-23T20:56:10+00:00
ncaam-211622,NCAAM,2025-26,2026-02-14T21:00:00Z,Regular,Atlantic Union Bank Center,James Madison,JM,App State,AS,69,58,FINISHED,ncaam,2026-08-23T20:56:10+00:00
ncaam-211623,NCAAM,2025-26,2026-02-14T21:00:00Z,Regular,Bank of Colorado Arena,Northern Colorado,NC,Portland State,PS,77,65,FINISHED,ncaam,2026-08-23T20:56:10+00:00
ncaam-211637,NCAAM,2025-26,2026-02-14T21:00:00Z,Regular,Swisher Gymnasium,Jacksonville,J,North Florida,NF,63,56,FINISHED,ncaam,2026-08-23T20:56:10+00:00
ncaam-211638,NCAAM,2025-26,2026-02-14T21:00:00Z,Regular,Curry Arena,Queens University,QU,Lipscomb,L,87,81,FINISHED,ncaam,2026-08-23T20:56:10+00:00
ncaam-211648,NCAAM,2025-26,2026-02-14T21:00:00Z,Regular,Moody Coliseum (Abilene),Abilene Christian,AC,Tarleton State,TS,73,59,FINISHED,ncaam,2026-08-23T20:56:10+00:00
ncaam-214906,NCAAM,2025-26,2026-02-14T21:00:00Z,Regular,Fertitta Center,Houston,H,Kansas State,KS,78,64,FINISHED,ncaam,2026-08-23T20:56:10+00:00
ncaam-214907,NCAAM,2025-26,2026-02-14T21:00:00Z,Regular,Marriott Center,BYU,B,Colorado,C,90,86,FINISHED,ncaam,2026-08-23T20:56:10+00:00
ncaam-214930,NCAAM,2025-26,2026-02-14T21:00:00Z,Regular,LJVM Coliseum,Wake Forest,WF,Stanford,S,68,63,FINISHED,ncaam,2026-08-23T20:56:10+00:00
ncaam-214935,NCAAM,2025-26,2026-02-14T21:00:00Z,Regular,Lenovo Center,NC State,NS,Miami,M,76,77,FINISHED,ncaam,2026-08-23T20:56:10+00:00
ncaam-358873,NCAAM,2025-26,2026-02-14T21:00:00Z,Regular,Moby Arena,Colorado State,CS,Wyoming,W,79,68,FINISHED,ncaam,2026-08-23T20:56:10+00:00
ncaam-358879,NCAAM,2025-26,2026-02-14T21:00:00Z,Regular,Reilly Center,St. Bonaventure,SB,Duquesne,D,73,78,FINISHED,ncaam,2026-08-23T20:56:10+00:00
ncaam-211613,NCAAM,2025-26,2026-02-14T21:30:00Z,Regular,Prather Coliseum,Northwestern State,NS,SE Louisiana,SL,69,66,FINISHED,ncaam,2026-08-23T20:56:10+00:00
ncaam-211615,NCAAM,2025-26,2026-02-14T21:30:00Z,Regular,Sharp Gymnasium,Houston Christian,HC,New Orleans,NO,61,60,FINISHED,ncaam,2026-08-23T20:56:10+00:00
ncaam-211642,NCAAM,2025-26,2026-02-14T21:30:00Z,Regular,First Community Arena,SIU Edwardsville,SE,UT Martin,UM,76,81,FINISHED,ncaam,2026-08-23T20:56:10+00:00
ncaam-211644,NCAAM,2025-26,2026-02-14T21:30:00Z,Regular,Hyland Arena,Lindenwood,L,Southeast Missouri State,SMS,61,73,FINISHED,ncaam,2026-08-23T20:56:10+00:00
ncaam-211645,NCAAM,2025-26,2026-02-14T21:30:00Z,Regular,Groniger Arena,Eastern Illinois,EI,Little Rock,LR,78,72,FINISHED,ncaam,2026-08-23T20:56:10+00:00
ncaam-214909,NCAAM,2025-26,2026-02-14T21:30:00Z,Regular,Davey L. Whitney Complex,Alcorn State,AS,Bethune-Cookman,BC,57,55,FINISHED,ncaam,2026-08-23T20:56:10+00:00
ncaam-214942,NCAAM,2025-26,2026-02-14T21:30:00Z,Regular,Dunn-Oliver Acadome,Alabama State,AS,Arkansas-Pine Bluff,APB,79,61,FINISHED,ncaam,2026-08-23T20:56:10+00:00
ncaam-214944,NCAAM,2025-26,2026-02-14T21:30:00Z,Regular,American Bank Center,Texas A&M-Corpus Christi,TACC,Lamar,L,76,63,FINISHED,ncaam,2026-08-23T20:56:10+00:00
ncaam-358876,NCAAM,2025-26,2026-02-14T21:30:00Z,Regular,Joseph G. Echols Hall,Norfolk State,NS,Delaware State,DS,75,58,FINISHED,ncaam,2026-08-23T20:56:10+00:00
ncaam-214925,NCAAM,2025-26,2026-02-14T21:45:00Z,Regular,Burr Gymnasium,Howard,H,Maryland Eastern Shore,MES,79,53,FINISHED,ncaam,2026-08-23T20:56:10+00:00
ncaam-211585,NCAAM,2025-26,2026-02-14T22:00:00Z,Regular,Stroh Center,Bowling Green,BG,Toledo,T,80,70,FINISHED,ncaam,2026-08-23T20:56:10+00:00
ncaam-211587,NCAAM,2025-26,2026-02-14T22:00:00Z,Regular,McGuirk Arena,Central Michigan,CM,Northern Illinois,NI,88,46,FINISHED,ncaam,2026-08-23T20:56:10+00:00
ncaam-211604,NCAAM,2025-26,2026-02-14T22:00:00Z,Regular,First Horizon Coliseum,UNC Greensboro,UG,Wofford,W,99,89,FINISHED,ncaam,2026-08-23T20:56:10+00:00
ncaam-211607,NCAAM,2025-26,2026-02-14T22:00:00Z,Regular,McKenzie Arena,Chattanooga,C,Western Carolina,WC,76,81,FINISHED,ncaam,2026-08-23T20:56:10+00:00
ncaam-211614,NCAAM,2025-26,2026-02-14T22:00:00Z,Regular,McDermott Center,Incarnate Word,IW,Nicholls,N,83,91,FINISHED,ncaam,2026-08-23T20:56:10+00:00
ncaam-211626,NCAAM,2025-26,2026-02-14T22:00:00Z,Regular,Reese Court,Eastern Washington,EW,Weber State,WS,84,66,FINISHED,ncaam,2026-08-23T20:56:10+00:00
ncaam-211641,NCAAM,2025-26,2026-02-14T22:00:00Z,Regular,Screaming Eagles Arena,Southern Indiana,SI,Tennessee Tech,TT,74,82,FINISHED,ncaam,2026-08-23T20:56:10+00:00
ncaam-211653,NCAAM,2025-26,2026-02-14T22:00:00Z,Regular,KSU Convocation Center,Kennesaw State,KS,Sam Houston,SH,79,83,FINISHED,ncaam,2026-08-23T20:56:10+00:00
ncaam-211654,NCAAM,2025-26,2026-02-14T22:00:00Z,Regular,Pete Mathews Coliseum,Jacksonville State,JS,New Mexico State,NMS,70,79,FINISHED,ncaam,2026-08-23T20:56:10+00:00
ncaam-211656,NCAAM,2025-26,2026-02-14T22:00:00Z,Regular,University Credit Union Center,UC Davis,UD,Long Beach State,LBS,71,54,FINISHED,ncaam,2026-08-23T20:56:10+00:00
ncaam-211657,NCAAM,2025-26,2026-02-14T22:00:00Z,Regular,ICCU Arena,Idaho,I,Idaho State,IS,99,69,FINISHED,ncaam,2026-08-23T20:56:10+00:00
ncaam-214916,NCAAM,2025-26,2026-02-14T22:00:00Z,Regular,Carver-Hawkeye Arena,Iowa,I,Purdue,P,57,78,FINISHED,ncaam,2026-08-23T20:56:10+00:00
ncaam-214923,NCAAM,2025-26,2026-02-14T22:00:00Z,Regular,Provident Credit Union Event Center,San José State,SJS,Grand Canyon,GC,79,94,FINISHED,ncaam,2026-08-23T20:56:10+00:00
ncaam-214938,NCAAM,2025-26,2026-02-14T22:00:00Z,Regular,Save Mart Center,Fresno State,FS,Air Force,AF,93,63,FINISHED,ncaam,2026-08-23T20:56:10+00:00
ncaam-214943,NCAAM,2025-26,2026-02-14T22:00:00Z,Regular,McDougald-McLendon Arena,North Carolina Central,NCC,Coppin State,CS,56,58,FINISHED,ncaam,2026-08-23T20:56:10+00:00
ncaam-214945,NCAAM,2025-26,2026-02-14T22:00:00Z,Regular,Event Center,Alabama A&M,AA,Mississippi Valley State,MVS,72,65,FINISHED,ncaam,2026-08-23T20:56:10+00:00
ncaam-358880,NCAAM,2025-26,2026-02-14T22:00:00Z,Regular,Kirby Sports Center,Lafayette,L,Lehigh,L,69,78,FINISHED,ncaam,2026-08-23T20:56:10+00:00
ncaam-358881,NCAAM,2025-26,2026-02-14T22:00:00Z,Regular,Firestone Fieldhouse,Pepperdine,P,Loyola Marymount,LM,90,89,FINISHED,ncaam,2026-08-23T20:56:10+00:00
ncaam-211612,NCAAM,2025-26,2026-02-14T22:30:00Z,Regular,UTRGV Fieldhouse,UT Rio Grande Valley,URGV,Stephen F. Austin,SFA,57,66,FINISHED,ncaam,2026-08-23T20:56:10+00:00
ncaam-211640,NCAAM,2025-26,2026-02-14T22:30:00Z,Regular,F&M Bank Arena,Austin Peay,AP,Bellarmine,B,90,70,FINISHED,ncaam,2026-08-23T20:56:10+00:00
ncaam-214910,NCAAM,2025-26,2026-02-14T22:30:00Z,Regular,H&PE Arena,Texas Southern,TS,Grambling,G,82,79,FINISHED,ncaam,2026-08-23T20:56:10+00:00
ncaam-214946,NCAAM,2025-26,2026-02-14T22:30:00Z,Regular,William Nicks Building,Prairie View A&M,PVA,Southern,S,82,87,FINISHED,ncaam,2026-08-23T20:56:10+00:00
ncaam-211576,NCAAM,2025-26,2026-02-14T23:00:00Z,Regular,Leede Arena,Dartmouth,D,Brown,B,76,79,FINISHED,ncaam,2026-08-23T20:56:10+00:00
ncaam-211577,NCAAM,2025-26,2026-02-14T23:00:00Z,Regular,Jadwin Gymnasium,Princeton,P,Columbia,C,65,75,FINISHED,ncaam,2026-08-23T20:56:10+00:00
ncaam-211590,NCAAM,2025-26,2026-02-14T23:00:00Z,Regular,The Palestra,Pennsylvania,P,Cornell,C,82,76,FINISHED,ncaam,2026-08-23T20:56:10+00:00
ncaam-211616,NCAAM,2025-26,2026-02-14T23:00:00Z,Regular,The Field House,East Texas A&M,ETA,McNeese,M,54,97,FINISHED,ncaam,2026-08-23T20:56:10+00:00
ncaam-211630,NCAAM,2025-26,2026-02-14T23:00:00Z,Regular,Food City Center,Tennessee,T,LSU,L,73,63,FINISHED,ncaam,2026-08-23T20:56:10+00:00
ncaam-214903,NCAAM,2025-26,2026-02-14T23:00:00Z,Regular,Addition Financial Arena,UCF,U,West Virginia,WV,67,74,FINISHED,ncaam,2026-08-23T20:56:10+00:00
ncaam-358882,NCAAM,2025-26,2026-02-14T23:00:00Z,Regular,Robins Center,Richmond,R,VCU,V,67,78,FINISHED,ncaam,2026-08-23T20:56:10+00:00
ncaam-211632,NCAAM,2025-26,2026-02-14T23:30:00Z,Regular,The Sandy and John Black Pavilion at Ole Miss,Ole Miss,OM,Mississippi State,MS,78,90,FINISHED,ncaam,2026-08-23T20:56:10+00:00
ncaam-211658,NCAAM,2025-26,2026-02-14T23:30:00Z,Regular,Lavietes Pavilion,Harvard,H,Yale,Y,75,76,FINISHED,ncaam,2026-08-23T20:56:10+00:00
ncaam-214908,NCAAM,2025-26,2026-02-14T23:30:00Z,Regular,McKale Memorial Center,Arizona,A,Texas Tech,TT,75,78,FINISHED,ncaam,2026-08-23T20:56:10+00:00
ncaam-211608,NCAAM,2025-26,2026-02-15T00:00:00Z,Regular,Mott Athletics Center,Cal Poly,CP,UC Santa Barbara,USB,89,79,FINISHED,ncaam,2026-08-23T20:56:10+00:00
ncaam-358883,NCAAM,2025-26,2026-02-15T00:00:00Z,Regular,Charles Koch Arena,Wichita State,WS,Tulsa,T,81,77,FINISHED,ncaam,2026-08-23T20:56:10+00:00
ncaam-211579,NCAAM,2025-26,2026-02-15T01:00:00Z,Regular,Swinney Center,Kansas City,KC,St. Thomas-Minnesota,STM,64,104,FINISHED,ncaam,2026-08-23T20:56:10+00:00
ncaam-211580,NCAAM,2025-26,2026-02-15T01:00:00Z,Regular,Mabee Center,Oral Roberts,OR,South Dakota State,SDS,69,87,FINISHED,ncaam,2026-08-23T20:56:10+00:00
ncaam-211582,NCAAM,2025-26,2026-02-15T01:00:00Z,Regular,Bridgestone Arena,Ohio State,OS,Virginia,V,66,70,FINISHED,ncaam,2026-08-23T20:56:10+00:00
ncaam-211609,NCAAM,2025-26,2026-02-15T01:00:00Z,Regular,Premier America Credit Union Arena,Cal State Northridge,CSN,Hawai'i,H,84,60,FINISHED,ncaam,2026-08-23T20:56:10+00:00
ncaam-211624,NCAAM,2025-26,2026-02-15T01:00:00Z,Regular,J. Lawrence Walkup Skydome,Northern Arizona,NA,Sacramento State,SS,79,74,FINISHED,ncaam,2026-08-23T20:56:10+00:00
ncaam-211651,NCAAM,2025-26,2026-02-15T01:00:00Z,Regular,E.A. Diddle Arena,Western Kentucky,WK,Middle Tennessee,MT,82,80,FINISHED,ncaam,2026-08-23T20:56:10+00:00
ncaam-214911,NCAAM,2025-26,2026-02-15T01:00:00Z,Regular,Dee Glen Smith Spectrum,Utah State,US,Memphis,M,99,75,FINISHED,ncaam,2026-08-23T20:56:10+00:00
ncaam-214929,NCAAM,2025-26,2026-02-15T01:00:00Z,Regular,Gampel Pavilion,UConn,U,Georgetown,G,79,75,FINISHED,ncaam,2026-08-23T20:56:10+00:00
ncaam-211620,NCAAM,2025-26,2026-02-15T01:30:00Z,Regular,Jack and Ruth Ann Hill Convocation Center,Georgia Southern,GS,Marshall,M,101,87,FINISHED,ncaam,2026-08-23T20:56:10+00:00
ncaam-211627,NCAAM,2025-26,2026-02-15T01:30:00Z,Regular,Coleman Coliseum,Alabama,A,South Carolina,SC,89,75,FINISHED,ncaam,2026-08-23T20:56:10+00:00
ncaam-211634,NCAAM,2025-26,2026-02-15T01:40:00Z,Regular,Bud Walton Arena,Arkansas,A,Auburn,A,88,75,FINISHED,ncaam,2026-08-23T20:56:10+00:00
ncaam-211618,NCAAM,2025-26,2026-02-15T01:45:00Z,Regular,Reed Green Coliseum,Southern Miss,SM,Troy,T,69,65,FINISHED,ncaam,2026-08-23T20:56:10+00:00
ncaam-211631,NCAAM,2025-26,2026-02-15T01:50:00Z,Regular,Mizzou Arena,Missouri,M,Texas,T,68,85,FINISHED,ncaam,2026-08-23T20:56:10+00:00
ncaam-211625,NCAAM,2025-26,2026-02-15T02:00:00Z,Regular,Dahlberg Arena,Montana,M,Montana State,MS,71,82,FINISHED,ncaam,2026-08-23T20:56:10+00:00
ncaam-211646,NCAAM,2025-26,2026-02-15T02:00:00Z,Regular,Burns Arena,Utah Tech,UT,California Baptist,CB,70,65,FINISHED,ncaam,2026-08-23T20:56:10+00:00
ncaam-214912,NCAAM,2025-26,2026-02-15T02:00:00Z,Regular,Alaska Airlines Arena,Washington,W,Minnesota,M,69,57,FINISHED,ncaam,2026-08-23T20:56:10+00:00
ncaam-211610,NCAAM,2025-26,2026-02-15T03:00:00Z,Regular,Bren Events Center,UC Irvine,UI,Cal State Fullerton,CSF,86,65,FINISHED,ncaam,2026-08-23T20:56:10+00:00
ncaam-211611,NCAAM,2025-26,2026-02-15T03:00:00Z,Regular,LionTree Arena,UC San Diego,USD,UC Riverside,UR,72,66,FINISHED,ncaam,2026-08-23T20:56:10+00:00
ncaam-214924,NCAAM,2025-26,2026-02-15T03:00:00Z,Regular,Viejas Arena,San Diego State,SDS,Nevada,N,71,57,FINISHED,ncaam,2026-08-23T20:56:10+00:00
ncaam-358885,NCAAM,2025-26,2026-02-15T03:35:00Z,Regular,Alex G. Spanos Center,Pacific,P,Saint Mary's,SM,61,72,FINISHED,ncaam,2026-08-23T20:56:10+00:00
ncaam-358884,NCAAM,2025-26,2026-02-15T03:40:00Z,Regular,Leavey Center,Santa Clara,SC,Gonzaga,G,86,94,FINISHED,ncaam,2026-08-23T20:56:10+00:00
ncaam-214947,NCAAM,2025-26,2026-02-15T17:00:00Z,Regular,Fifth Third Arena,Cincinnati,C,Utah,U,69,65,FINISHED,ncaam,2026-08-23T20:56:10+00:00
ncaam-214948,NCAAM,2025-26,2026-02-15T17:00:00Z,Regular,Jersey Mike’s Arena,Rutgers,R,Maryland,M,68,57,FINISHED,ncaam,2026-08-23T20:56:10+00:00
ncaam-358886,NCAAM,2025-26,2026-02-15T17:00:00Z,Regular,Halton Arena,Charlotte,C,UTSA,U,79,88,FINISHED,ncaam,2026-08-23T20:56:10+00:00
ncaam-211578,NCAAM,2025-26,2026-02-15T18:00:00Z,Regular,Baxter Arena,Omaha,O,Denver,D,83,76,FINISHED,ncaam,2026-08-23T20:56:10+00:00
ncaam-211661,NCAAM,2025-26,2026-02-15T18:00:00Z,Regular,Calihan Hall,Detroit Mercy,DM,Youngstown State,YS,76,70,FINISHED,ncaam,2026-08-23T20:56:10+00:00
ncaam-211666,NCAAM,2025-26,2026-02-15T18:00:00Z,Regular,Koessler Athletic Center,Canisius,C,Manhattan,M,65,69,FINISHED,ncaam,2026-08-23T20:56:10+00:00
ncaam-214949,NCAAM,2025-26,2026-02-15T18:00:00Z,Regular,State Farm Center,Illinois,I,Indiana,I,71,51,FINISHED,ncaam,2026-08-23T20:56:10+00:00
ncaam-214952,NCAAM,2025-26,2026-02-15T18:00:00Z,Regular,Reitz Arena,Loyola Maryland,LM,Holy Cross,HC,83,73,FINISHED,ncaam,2026-08-23T20:56:10+00:00
ncaam-211659,NCAAM,2025-26,2026-02-15T19:00:00Z,Regular,UPMC Events Center,Robert Morris,RM,Oakland,O,93,69,FINISHED,ncaam,2026-08-23T20:56:10+00:00
ncaam-211660,NCAAM,2025-26,2026-02-15T19:00:00Z,Regular,Wolstein Center,Cleveland State,CS,Wright State,WS,90,102,FINISHED,ncaam,2026-08-23T20:56:10+00:00
ncaam-211662,NCAAM,2025-26,2026-02-15T19:00:00Z,Regular,Memorial Coliseum (IN),Purdue Fort Wayne,PFW,IU Indianapolis,II,83,78,FINISHED,ncaam,2026-08-23T20:56:10+00:00
ncaam-211664,NCAAM,2025-26,2026-02-15T19:00:00Z,Regular,Gallagher Center,Niagara,N,Iona,I,70,68,FINISHED,ncaam,2026-08-23T20:56:10+00:00
ncaam-211665,NCAAM,2025-26,2026-02-15T19:00:00Z,Regular,McCann Arena,Marist,M,Siena,S,63,67,FINISHED,ncaam,2026-08-23T20:56:10+00:00
ncaam-214950,NCAAM,2025-26,2026-02-15T19:00:00Z,Regular,Yanitelli Center,Saint Peter's,SP,Fairfield,F,83,74,FINISHED,ncaam,2026-08-23T20:56:10+00:00
ncaam-214953,NCAAM,2025-26,2026-02-15T19:00:00Z,Regular,William H. Pitt Center,Sacred Heart,SH,Rider,R,86,75,FINISHED,ncaam,2026-08-23T20:56:10+00:00
ncaam-214954,NCAAM,2025-26,2026-02-15T19:00:00Z,Regular,M&T Bank Arena,Quinnipiac,Q,Merrimack,M,49,56,FINISHED,ncaam,2026-08-23T20:56:10+00:00
ncaam-358887,NCAAM,2025-26,2026-02-15T19:00:00Z,Regular,Athletics-Recreation Center,Valparaiso,V,Indiana State,IS,76,75,FINISHED,ncaam,2026-08-23T20:56:10+00:00
ncaam-358888,NCAAM,2025-26,2026-02-15T19:00:00Z,Regular,Liacouras Center,Temple,T,North Texas,NT,62,65,FINISHED,ncaam,2026-08-23T20:56:10+00:00
ncaam-358889,NCAAM,2025-26,2026-02-15T19:00:00Z,Regular,Eleanor R. Baldwin Arena,Florida Atlantic,FA,South Florida,SF,81,83,FINISHED,ncaam,2026-08-23T20:56:10+00:00
ncaam-358890,NCAAM,2025-26,2026-02-15T19:00:00Z,Regular,Bartow Arena,UAB,U,Tulane,T,54,55,FINISHED,ncaam,2026-08-23T20:56:10+00:00
ncaam-358893,NCAAM,2025-26,2026-02-15T19:00:00Z,Regular,Banterra Center,Southern Illinois,SI,Bradley,B,60,70,FINISHED,ncaam,2026-08-23T20:56:10+00:00
ncaam-211663,NCAAM,2025-26,2026-02-15T20:00:00Z,Regular,UW-Milwaukee Panther Arena,Milwaukee,M,Green Bay,GB,75,72,FINISHED,ncaam,2026-08-23T20:56:10+00:00
ncaam-358891,NCAAM,2025-26,2026-02-15T20:00:00Z,Regular,McLeod Center,Northern Iowa,NI,Drake,D,86,62,FINISHED,ncaam,2026-08-23T20:56:10+00:00
ncaam-358892,NCAAM,2025-26,2026-02-15T20:00:00Z,Regular,Credit Union 1 Arena,UIC,U,Illinois State,IS,83,56,FINISHED,ncaam,2026-08-23T20:56:10+00:00
ncaam-211639,NCAAM,2025-26,2026-02-15T21:00:00Z,Regular,Flowers Hall,North Alabama,NA,Eastern Kentucky,EK,84,78,FINISHED,ncaam,2026-08-23T20:56:10+00:00
ncaam-358895,NCAAM,2025-26,2026-02-15T21:00:00Z,Regular,UD Arena,Dayton,D,Davidson,D,70,59,FINISHED,ncaam,2026-08-23T20:56:10+00:00
ncaam-211599,NCAAM,2025-26,2026-02-15T22:00:00Z,Regular,John W. Pope Jr. Convocation Center,Campbell,C,Charleston,C,57,62,FINISHED,ncaam,2026-08-23T20:56:10+00:00
ncaam-214951,NCAAM,2025-26,2026-02-15T23:00:00Z,Regular,Hinkle Fieldhouse,Butler,B,Seton Hall,SH,56,63,FINISHED,ncaam,2026-08-23T20:56:10+00:00
ncaam-358894,NCAAM,2025-26,2026-02-15T23:00:00Z,Regular,CFSB Center,Murray State,MS,Belmont,B,70,87,FINISHED,ncaam,2026-08-23T20:56:10+00:00
ncaam-358896,NCAAM,2025-26,2026-02-15T23:00:00Z,Regular,Jenny Craig Pavilion,San Diego,SD,San Francisco,SF,79,92,FINISHED,ncaam,2026-08-23T20:56:10+00:00
ncaam-211601,NCAAM,2025-26,2026-02-16T00:00:00Z,Regular,OceanFirst Bank Center,Monmouth,M,Towson,T,72,71,FINISHED,ncaam,2026-08-23T20:56:10+00:00
ncaam-358897,NCAAM,2025-26,2026-02-16T01:00:00Z,Regular,Redhawk Center,Seattle U,SU,Oregon State,OS,60,50,FINISHED,ncaam,2026-08-23T20:56:10+00:00
ncaam-211672,NCAAM,2025-26,2026-02-16T19:00:00Z,Regular,The Field House,East Texas A&M,ETA,SE Louisiana,SL,70,53,FINISHED,ncaam,2026-08-23T20:56:10+00:00
ncaam-214962,NCAAM,2025-26,2026-02-16T21:45:00Z,Regular,Smith-Hammond-Middleton Memorial Center,South Carolina State,SCS,Coppin State,CS,57,59,FINISHED,ncaam,2026-08-23T20:56:10+00:00
ncaam-211096,NCAAM,2025-26,2026-02-16T22:00:00Z,Regular,Chartway Arena,Old Dominion,OD,Louisiana,L,83,72,FINISHED,ncaam,2026-08-23T20:56:10+00:00
ncaam-214957,NCAAM,2025-26,2026-02-16T23:00:00Z,Regular,Case Gym,Boston University,BU,Colgate,C,85,58,FINISHED,ncaam,2026-08-23T20:56:10+00:00
ncaam-211097,NCAAM,2025-26,2026-02-17T00:00:00Z,Regular,Cam Henderson Center,Marshall,M,South Alabama,SA,84,80,FINISHED,ncaam,2026-08-23T20:56:10+00:00
ncaam-214955,NCAAM,2025-26,2026-02-17T00:00:00Z,Regular,Lee E. Williams Athletics and Assembly Center,Jackson State,JS,Bethune-Cookman,BC,91,86,FINISHED,ncaam,2026-08-23T20:56:10+00:00
ncaam-214959,NCAAM,2025-26,2026-02-17T00:00:00Z,Regular,Dunn-Oliver Acadome,Alabama State,AS,Mississippi Valley State,MVS,92,55,FINISHED,ncaam,2026-08-23T20:56:10+00:00
ncaam-214960,NCAAM,2025-26,2026-02-17T00:00:00Z,Regular,William Nicks Building,Prairie View A&M,PVA,Grambling,G,68,63,FINISHED,ncaam,2026-08-23T20:56:10+00:00
ncaam-214961,NCAAM,2025-26,2026-02-17T00:00:00Z,Regular,Hytche Center,Maryland Eastern Shore,MES,Norfolk State,NS,66,70,FINISHED,ncaam,2026-08-23T20:56:10+00:00
ncaam-214963,NCAAM,2025-26,2026-02-17T00:00:00Z,Regular,Cameron Indoor Stadium,Duke,D,Syracuse,S,101,64,FINISHED,ncaam,2026-08-23T20:56:10+00:00
ncaam-358899,NCAAM,2025-26,2026-02-17T00:00:00Z,Regular,Memorial Hall (DE),Delaware State,DS,Howard,H,59,91,FINISHED,ncaam,2026-08-23T20:56:10+00:00
ncaam-358900,NCAAM,2025-26,2026-02-17T00:00:00Z,Regular,McDougald-McLendon Arena,North Carolina Central,NCC,Morgan State,MS,80,76,FINISHED,ncaam,2026-08-23T20:56:10+00:00
ncaam-359074,NCAAM,2025-26,2026-02-17T00:00:00Z,Regular,Steinberg Wellness Center,Long Island University,LIU,Wagner,W,83,65,FINISHED,ncaam,2026-08-23T20:56:10+00:00
ncaam-211670,NCAAM,2025-26,2026-02-17T00:30:00Z,Regular,McDermott Center,Incarnate Word,IW,New Orleans,NO,64,78,FINISHED,ncaam,2026-08-23T20:56:10+00:00
ncaam-211673,NCAAM,2025-26,2026-02-17T00:30:00Z,Regular,UTRGV Fieldhouse,UT Rio Grande Valley,URGV,Lamar,L,70,65,FINISHED,ncaam,2026-08-23T20:56:10+00:00
ncaam-211671,NCAAM,2025-26,2026-02-17T00:40:00Z,Regular,Prather Coliseum,Northwestern State,NS,McNeese,M,64,75,FINISHED,ncaam,2026-08-23T20:56:10+00:00
ncaam-211667,NCAAM,2025-26,2026-02-17T01:00:00Z,Regular,Stony Brook Arena,Stony Brook,SB,Drexel,D,72,69,FINISHED,ncaam,2026-08-23T20:56:10+00:00
ncaam-211668,NCAAM,2025-26,2026-02-17T01:00:00Z,Regular,American Bank Center,Texas A&M-Corpus Christi,TACC,Stephen F. Austin,SFA,68,78,FINISHED,ncaam,2026-08-23T20:56:10+00:00
ncaam-211669,NCAAM,2025-26,2026-02-17T01:00:00Z,Regular,Sharp Gymnasium,Houston Christian,HC,Nicholls,N,72,68,FINISHED,ncaam,2026-08-23T20:56:10+00:00
ncaam-214956,NCAAM,2025-26,2026-02-17T01:00:00Z,Regular,H&PE Arena,Texas Southern,TS,Southern,S,74,73,FINISHED,ncaam,2026-08-23T20:56:10+00:00
ncaam-214958,NCAAM,2025-26,2026-02-17T01:00:00Z,Regular,Event Center,Alabama A&M,AA,Arkansas-Pine Bluff,APB,82,70,FINISHED,ncaam,2026-08-23T20:56:10+00:00
ncaam-358898,NCAAM,2025-26,2026-02-17T01:00:00Z,Regular,Davey L. Whitney Complex,Alcorn State,AS,Florida A&M,FA,78,86,FINISHED,ncaam,2026-08-23T20:56:10+00:00
ncaam-359075,NCAAM,2025-26,2026-02-17T01:00:00Z,Regular,Wisdom Gym,Tarleton State,TS,Abilene Christian,AC,65,62,FINISHED,ncaam,2026-08-23T20:56:10+00:00
ncaam-214964,NCAAM,2025-26,2026-02-17T02:00:00Z,Regular,Hilton Coliseum,Iowa State,IS,Houston,H,70,67,FINISHED,ncaam,2026-08-23T20:56:10+00:00
ncaam-214722,NCAAM,2025-26,2026-02-17T23:00:00Z,Regular,Buccaneer Fieldhouse,Charleston Southern,CS,Gardner-Webb,GW,75,66,FINISHED,ncaam,2026-08-23T20:56:10+00:00
ncaam-214981,NCAAM,2025-26,2026-02-17T23:00:00Z,Regular,Tucker Center,Florida State,FS,Boston College,BC,80,72,FINISHED,ncaam,2026-08-23T20:56:10+00:00
ncaam-211674,NCAAM,2025-26,2026-02-17T23:30:00Z,Regular,Alumni Arena,Buffalo,B,Northern Illinois,NI,70,72,FINISHED,ncaam,2026-08-23T20:56:10+00:00
ncaam-211677,NCAAM,2025-26,2026-02-17T23:30:00Z,Regular,Gervin GameAbove Center,Eastern Michigan,EM,Central Michigan,CM,66,54,FINISHED,ncaam,2026-08-23T20:56:10+00:00
ncaam-214968,NCAAM,2025-26,2026-02-17T23:30:00Z,Regular,Mackey Arena,Purdue,P,Michigan,M,80,91,FINISHED,ncaam,2026-08-23T20:56:10+00:00
ncaam-214975,NCAAM,2025-26,2026-02-17T23:30:00Z,Regular,Cintas Center,Xavier,X,Villanova,V,89,92,FINISHED,ncaam,2026-08-23T20:56:10+00:00
ncaam-211675,NCAAM,2025-26,2026-02-18T00:00:00Z,Regular,Mullins Center,Massachusetts,M,Miami (OH),M(,77,86,FINISHED,ncaam,2026-08-23T20:56:10+00:00
ncaam-211676,NCAAM,2025-26,2026-02-18T00:00:00Z,Regular,Stroh Center,Bowling Green,BG,Kent State,KS,71,78,FINISHED,ncaam,2026-08-23T20:56:10+00:00
ncaam-211678,NCAAM,2025-26,2026-02-18T00:00:00Z,Regular,Convocation Center (OH),Ohio,O,Ball State,BS,69,57,FINISHED,ncaam,2026-08-23T20:56:10+00:00
ncaam-211679,NCAAM,2025-26,2026-02-18T00:00:00Z,Regular,University Arena (MI),Western Michigan,WM,Akron,A,73,90,FINISHED,ncaam,2026-08-23T20:56:10+00:00
ncaam-211687,NCAAM,2025-26,2026-02-18T00:00:00Z,Regular,Stephen C. O'Connell Center,Florida,F,South Carolina,SC,76,62,FINISHED,ncaam,2026-08-23T20:56:10+00:00
ncaam-214966,NCAAM,2025-26,2026-02-18T00:00:00Z,Regular,Addition Financial Arena,UCF,U,TCU,T,82,71,FINISHED,ncaam,2026-08-23T20:56:10+00:00
ncaam-214977,NCAAM,2025-26,2026-02-18T00:00:00Z,Regular,Lenovo Center,NC State,NS,North Carolina,NC,82,58,FINISHED,ncaam,2026-08-23T20:56:10+00:00
ncaam-214980,NCAAM,2025-26,2026-02-18T00:00:00Z,Regular,Moody Coliseum,SMU,S,Louisville,L,95,85,FINISHED,ncaam,2026-08-23T20:56:10+00:00
ncaam-358901,NCAAM,2025-26,2026-02-18T00:00:00Z,Regular,Thomas M. Ryan Center,Rhode Island,RI,Saint Louis,SL,81,76,FINISHED,ncaam,2026-08-23T20:56:10+00:00
ncaam-214978,NCAAM,2025-26,2026-02-18T01:00:00Z,Regular,Watsco Center,Miami,M,Virginia Tech,VT,67,66,FINISHED,ncaam,2026-08-23T20:56:10+00:00
ncaam-358902,NCAAM,2025-26,2026-02-18T01:00:00Z,Regular,Siegel Center,VCU,V,George Washington,GW,89,75,FINISHED,ncaam,2026-08-23T20:56:10+00:00
ncaam-214970,NCAAM,2025-26,2026-02-18T01:30:00Z,Regular,Schottenstein Center,Ohio State,OS,Wisconsin,W,86,69,FINISHED,ncaam,2026-08-23T20:56:10+00:00
ncaam-214971,NCAAM,2025-26,2026-02-18T01:30:00Z,Regular,Breslin Center,Michigan State,MS,UCLA,U,82,59,FINISHED,ncaam,2026-08-23T20:56:10+00:00
ncaam-358903,NCAAM,2025-26,2026-02-18T01:30:00Z,Regular,Arena-Auditorium,Wyoming,W,Fresno State,FS,92,82,FINISHED,ncaam,2026-08-23T20:56:10+00:00
ncaam-211688,NCAAM,2025-26,2026-02-18T01:50:00Z,Regular,Kathleen and Tom Elam Center,UT Martin,UM,Southeast Missouri State,SMS,53,56,FINISHED,ncaam,2026-08-23T20:56:10+00:00
ncaam-211683,NCAAM,2025-26,2026-02-18T02:00:00Z,Regular,Rupp Arena,Kentucky,K,Georgia,G,78,86,FINISHED,ncaam,2026-08-23T20:56:10+00:00
ncaam-211685,NCAAM,2025-26,2026-02-18T02:00:00Z,Regular,Moody Center,Texas,T,LSU,L,88,85,FINISHED,ncaam,2026-08-23T20:56:10+00:00
ncaam-214965,NCAAM,2025-26,2026-02-18T02:00:00Z,Regular,Bramlage Coliseum,Kansas State,KS,Baylor,B,90,74,FINISHED,ncaam,2026-08-23T20:56:10+00:00
ncaam-214972,NCAAM,2025-26,2026-02-18T02:00:00Z,Regular,Carver-Hawkeye Arena,Iowa,I,Nebraska,N,57,52,FINISHED,ncaam,2026-08-23T20:56:10+00:00
ncaam-214982,NCAAM,2025-26,2026-02-18T02:00:00Z,Regular,The Pit,New Mexico,NM,Air Force,AF,98,61,FINISHED,ncaam,2026-08-23T20:56:10+00:00
ncaam-214974,NCAAM,2025-26,2026-02-18T03:00:00Z,Regular,Viejas Arena,San Diego State,SDS,Grand Canyon,GC,63,73,FINISHED,ncaam,2026-08-23T20:56:10+00:00
ncaam-358904,NCAAM,2025-26,2026-02-18T03:00:00Z,Regular,Provident Credit Union Event Center,San José State,SJS,Nevada,N,87,71,FINISHED,ncaam,2026-08-23T20:56:10+00:00
ncaam-214969,NCAAM,2025-26,2026-02-18T03:45:00Z,Regular,Matthew Knight Arena,Oregon,O,Minnesota,M,44,61,FINISHED,ncaam,2026-08-23T20:56:10+00:00
ncaam-214967,NCAAM,2025-26,2026-02-18T04:10:00Z,Regular,Desert Financial Arena,Arizona State,AS,Texas Tech,TT,72,67,FINISHED,ncaam,2026-08-23T20:56:10+00:00
ncaam-211693,NCAAM,2025-26,2026-02-18T23:00:00Z,Regular,Jerry Richardson Indoor Stadium,Wofford,W,VMI,V,82,76,FINISHED,ncaam,2026-08-23T20:56:10+00:00
ncaam-214988,NCAAM,2025-26,2026-02-18T23:00:00Z,Regular,Bryce Jordan Center,Penn State,PS,Rutgers,R,72,85,FINISHED,ncaam,2026-08-23T20:56:10+00:00
ncaam-214990,NCAAM,2025-26,2026-02-18T23:00:00Z,Regular,Hart Center,Holy Cross,HC,Lafayette,L,83,86,FINISHED,ncaam,2026-08-23T20:56:10+00:00
ncaam-211691,NCAAM,2025-26,2026-02-18T23:30:00Z,Regular,Beeghly Center,Youngstown State,YS,Cleveland State,CS,106,82,FINISHED,ncaam,2026-08-23T20:56:10+00:00
ncaam-211695,NCAAM,2025-26,2026-02-18T23:30:00Z,Regular,Timmons Arena,Furman,F,East Tennessee State,ETS,69,78,FINISHED,ncaam,2026-08-23T20:56:10+00:00
ncaam-214992,NCAAM,2025-26,2026-02-18T23:30:00Z,Regular,Capital One Arena,Georgetown,G,Butler,B,89,93,FINISHED,ncaam,2026-08-23T20:56:10+00:00
ncaam-211680,NCAAM,2025-26,2026-02-19T00:00:00Z,Regular,Reed Arena,Texas A&M,TA,Ole Miss,OM,80,77,FINISHED,ncaam,2026-08-23T20:56:10+00:00
ncaam-211681,NCAAM,2025-26,2026-02-19T00:00:00Z,Regular,Food City Center,Tennessee,T,Oklahoma,O,89,66,FINISHED,ncaam,2026-08-23T20:56:10+00:00
ncaam-211684,NCAAM,2025-26,2026-02-19T00:00:00Z,Regular,Coleman Coliseum,Alabama,A,Arkansas,A,117,115,FINISHED,ncaam,2026-08-23T20:56:10+00:00
ncaam-211692,NCAAM,2025-26,2026-02-19T00:00:00Z,Regular,Truist Arena,Northern Kentucky,NK,Purdue Fort Wayne,PFW,87,71,FINISHED,ncaam,2026-08-23T20:56:10+00:00
ncaam-211694,NCAAM,2025-26,2026-02-19T00:00:00Z,Regular,Ramsey Center,Western Carolina,WC,UNC Greensboro,UG,91,77,FINISHED,ncaam,2026-08-23T20:56:10+00:00
ncaam-211697,NCAAM,2025-26,2026-02-19T00:00:00Z,Regular,The HTC Center,Coastal Carolina,CC,James Madison,JM,65,67,FINISHED,ncaam,2026-08-23T20:56:10+00:00
ncaam-211698,NCAAM,2025-26,2026-02-19T00:00:00Z,Regular,Flowers Hall,North Alabama,NA,Queens University,QU,78,85,FINISHED,ncaam,2026-08-23T20:56:10+00:00
ncaam-211701,NCAAM,2025-26,2026-02-19T00:00:00Z,Regular,Bob Carpenter Center,Delaware,D,Western Kentucky,WK,87,88,FINISHED,ncaam,2026-08-23T20:56:10+00:00
ncaam-211731,NCAAM,2025-26,2026-02-19T00:00:00Z,Regular,Baptist Health Arena,Eastern Kentucky,EK,West Georgia,WG,81,80,FINISHED,ncaam,2026-08-23T20:56:10+00:00
ncaam-211733,NCAAM,2025-26,2026-02-19T00:00:00Z,Regular,Alico Arena,Florida Gulf Coast,FGC,Jacksonville,J,86,84,FINISHED,ncaam,2026-08-23T20:56:10+00:00
ncaam-214976,NCAAM,2025-26,2026-02-19T00:00:00Z,Regular,LJVM Coliseum,Wake Forest,WF,Clemson,C,85,77,FINISHED,ncaam,2026-08-23T20:56:10+00:00
ncaam-214994,NCAAM,2025-26,2026-02-19T00:00:00Z,Regular,Gampel Pavilion,UConn,U,Creighton,C,84,91,FINISHED,ncaam,2026-08-23T20:56:10+00:00
ncaam-214995,NCAAM,2025-26,2026-02-19T00:00:00Z,Regular,Alumni Hall (Navy),Navy,N,Lehigh,L,72,49,FINISHED,ncaam,2026-08-23T20:56:10+00:00
ncaam-214996,NCAAM,2025-26,2026-02-19T00:00:00Z,Regular,Reitz Arena,Loyola Maryland,LM,Army,A,77,87,FINISHED,ncaam,2026-08-23T20:56:10+00:00
ncaam-358906,NCAAM,2025-26,2026-02-19T00:00:00Z,Regular,Hulman Center,Indiana State,IS,Northern Iowa,NI,60,81,FINISHED,ncaam,2026-08-23T20:56:10+00:00
ncaam-358908,NCAAM,2025-26,2026-02-19T00:00:00Z,Regular,Sojka Pavilion,Bucknell,B,American University,AU,57,75,FINISHED,ncaam,2026-08-23T20:56:10+00:00
ncaam-358909,NCAAM,2025-26,2026-02-19T00:00:00Z,Regular,Reilly Center,St. Bonaventure,SB,Saint Joseph's,SJ,65,71,FINISHED,ncaam,2026-08-23T20:56:10+00:00
ncaam-358910,NCAAM,2025-26,2026-02-19T00:00:00Z,Regular,Rose Hill Gym,Fordham,F,Loyola Chicago,LC,62,59,FINISHED,ncaam,2026-08-23T20:56:10+00:00
ncaam-358911,NCAAM,2025-26,2026-02-19T00:00:00Z,Regular,UPMC Cooper Fieldhouse,Duquesne,D,La Salle,LS,62,61,FINISHED,ncaam,2026-08-23T20:56:10+00:00
ncaam-358912,NCAAM,2025-26,2026-02-19T00:00:00Z,Regular,EagleBank Arena,George Mason,GM,Dayton,D,67,82,FINISHED,ncaam,2026-08-23T20:56:10+00:00
ncaam-358913,NCAAM,2025-26,2026-02-19T00:00:00Z,Regular,John M. Belk Arena,Davidson,D,Richmond,R,65,63,FINISHED,ncaam,2026-08-23T20:56:10+00:00
ncaam-358914,NCAAM,2025-26,2026-02-19T00:00:00Z,Regular,Minges Coliseum,East Carolina,EC,Wichita State,WS,89,92,FINISHED,ncaam,2026-08-23T20:56:10+00:00
ncaam-358915,NCAAM,2025-26,2026-02-19T00:00:00Z,Regular,Liacouras Center,Temple,T,UAB,U,71,76,FINISHED,ncaam,2026-08-23T20:56:10+00:00
ncaam-358917,NCAAM,2025-26,2026-02-19T00:00:00Z,Regular,Athletics-Recreation Center,Valparaiso,V,Bradley,B,79,72,FINISHED,ncaam,2026-08-23T20:56:10+00:00
ncaam-211696,NCAAM,2025-26,2026-02-19T00:30:00Z,Regular,Fant-Ewing Coliseum,UL Monroe,UM,Troy,T,76,77,FINISHED,ncaam,2026-08-23T20:56:10+00:00
ncaam-211700,NCAAM,2025-26,2026-02-19T00:30:00Z,Regular,Bernard G. Johnson Coliseum,Sam Houston,SH,Middle Tennessee,MT,78,70,FINISHED,ncaam,2026-08-23T20:56:10+00:00
ncaam-211703,NCAAM,2025-26,2026-02-19T00:30:00Z,Regular,Thomas Assembly Center,Louisiana Tech,LT,Jacksonville State,JS,77,71,FINISHED,ncaam,2026-08-23T20:56:10+00:00
ncaam-211732,NCAAM,2025-26,2026-02-19T00:30:00Z,Regular,Knights Hall,Bellarmine,B,Lipscomb,L,72,75,FINISHED,ncaam,2026-08-23T20:56:10+00:00
ncaam-358905,NCAAM,2025-26,2026-02-19T00:30:00Z,Regular,Knapp Center,Drake,D,Southern Illinois,SI,61,66,FINISHED,ncaam,2026-08-23T20:56:10+00:00
ncaam-211689,NCAAM,2025-26,2026-02-19T01:00:00Z,Regular,Baxter Arena,Omaha,O,Oral Roberts,OR,80,71,FINISHED,ncaam,2026-08-23T20:56:10+00:00
ncaam-211690,NCAAM,2025-26,2026-02-19T01:00:00Z,Regular,First Bank & Trust Arena,South Dakota State,SDS,North Dakota State,NDS,66,74,FINISHED,ncaam,2026-08-23T20:56:10+00:00
ncaam-211702,NCAAM,2025-26,2026-02-19T01:00:00Z,Regular,Great Southern Bank Arena,Missouri State,MS,Kennesaw State,KS,87,91,FINISHED,ncaam,2026-08-23T20:56:10+00:00
ncaam-214989,NCAAM,2025-26,2026-02-19T01:00:00Z,Regular,Welsh-Ryan Arena,Northwestern,N,Maryland,M,78,74,FINISHED,ncaam,2026-08-23T20:56:10+00:00
ncaam-214991,NCAAM,2025-26,2026-02-19T01:00:00Z,Regular,Prudential Center,Seton Hall,SH,DePaul,D,57,69,FINISHED,ncaam,2026-08-23T20:56:10+00:00
ncaam-358916,NCAAM,2025-26,2026-02-19T01:00:00Z,Regular,Ford Center,Evansville,E,UIC,U,46,84,FINISHED,ncaam,2026-08-23T20:56:10+00:00
ncaam-358918,NCAAM,2025-26,2026-02-19T01:00:00Z,Regular,UTSA Convocation Center,UTSA,U,Florida Atlantic,FA,52,60,FINISHED,ncaam,2026-08-23T20:56:10+00:00
ncaam-358919,NCAAM,2025-26,2026-02-19T01:00:00Z,Regular,Reynolds Center,Tulsa,T,Charlotte,C,79,74,FINISHED,ncaam,2026-08-23T20:56:10+00:00
ncaam-359076,NCAAM,2025-26,2026-02-19T01:00:00Z,Regular,Smith-Hammond-Middleton Memorial Center,South Carolina State,SCS,North Carolina Central,NCC,85,72,FINISHED,ncaam,2026-08-23T20:56:10+00:00
ncaam-214983,NCAAM,2025-26,2026-02-19T01:30:00Z,Regular,WVU Coliseum,West Virginia,WV,Utah,U,56,61,FINISHED,ncaam,2026-08-23T20:56:10+00:00
ncaam-211682,NCAAM,2025-26,2026-02-19T02:00:00Z,Regular,Mizzou Arena,Missouri,M,Vanderbilt,V,81,80,FINISHED,ncaam,2026-08-23T20:56:10+00:00
ncaam-211686,NCAAM,2025-26,2026-02-19T02:00:00Z,Regular,Humphrey Coliseum,Mississippi State,MS,Auburn,A,91,85,FINISHED,ncaam,2026-08-23T20:56:10+00:00
ncaam-214979,NCAAM,2025-26,2026-02-19T02:00:00Z,Regular,McCamish Pavilion,Georgia Tech,GT,Virginia,V,68,94,FINISHED,ncaam,2026-08-23T20:56:10+00:00
ncaam-214984,NCAAM,2025-26,2026-02-19T02:00:00Z,Regular,Gallagher-Iba Arena,Oklahoma State,OS,Kansas,K,69,81,FINISHED,ncaam,2026-08-23T20:56:10+00:00
ncaam-214985,NCAAM,2025-26,2026-02-19T02:00:00Z,Regular,McKale Memorial Center,Arizona,A,BYU,B,75,68,FINISHED,ncaam,2026-08-23T20:56:10+00:00
ncaam-214993,NCAAM,2025-26,2026-02-19T02:00:00Z,Regular,Fiserv Forum,Marquette,M,St. John's,SJ,70,76,FINISHED,ncaam,2026-08-23T20:56:10+00:00
ncaam-358907,NCAAM,2025-26,2026-02-19T02:00:00Z,Regular,CEFCU Arena,Illinois State,IS,Murray State,MS,78,61,FINISHED,ncaam,2026-08-23T20:56:10+00:00
ncaam-358920,NCAAM,2025-26,2026-02-19T02:00:00Z,Regular,Climate Pledge Arena,Seattle U,SU,Saint Mary's,SM,70,72,FINISHED,ncaam,2026-08-23T20:56:10+00:00
ncaam-358921,NCAAM,2025-26,2026-02-19T02:30:00Z,Regular,Beasley Coliseum,Washington State,WS,Pacific,P,87,70,FINISHED,ncaam,2026-08-23T20:56:10+00:00
ncaam-214987,NCAAM,2025-26,2026-02-19T03:00:00Z,Regular,Galen Center,USC,U,Illinois,I,65,101,FINISHED,ncaam,2026-08-23T20:56:10+00:00
ncaam-358922,NCAAM,2025-26,2026-02-19T03:00:00Z,Regular,Chiles Center,Portland,P,Pepperdine,P,87,95,FINISHED,ncaam,2026-08-23T20:56:10+00:00
ncaam-214973,NCAAM,2025-26,2026-02-19T03:30:00Z,Regular,Dee Glen Smith Spectrum,Utah State,US,Boise State,BS,75,56,FINISHED,ncaam,2026-08-23T20:56:10+00:00
ncaam-358923,NCAAM,2025-26,2026-02-19T04:00:00Z,Regular,The Sobrato Center,San Francisco,SF,Gonzaga,G,59,80,FINISHED,ncaam,2026-08-23T20:56:10+00:00
ncaam-358924,NCAAM,2025-26,2026-02-19T04:00:00Z,Regular,Thomas & Mack Center,UNLV,U,Colorado State,CS,86,91,FINISHED,ncaam,2026-08-23T20:56:10+00:00
ncaam-211699,NCAAM,2025-26,2026-02-19T23:00:00Z,Regular,Liberty Arena,Liberty,L,Florida International,FI,90,89,FINISHED,ncaam,2026-08-23T20:56:10+00:00
ncaam-211711,NCAAM,2025-26,2026-02-19T23:00:00Z,Regular,Chesapeake Employers Insurance Arena,UMBC,U,Vermont,V,75,62,FINISHED,ncaam,2026-08-23T20:56:10+00:00
ncaam-211712,NCAAM,2025-26,2026-02-19T23:00:00Z,Regular,Costello Athletic Center,UMass Lowell,UL,New Hampshire,NH,78,56,FINISHED,ncaam,2026-08-23T20:56:10+00:00
ncaam-211713,NCAAM,2025-26,2026-02-19T23:00:00Z,Regular,Chace Athletic Center,Bryant,B,Binghamton,B,67,79,FINISHED,ncaam,2026-08-23T20:56:10+00:00
ncaam-211728,NCAAM,2025-26,2026-02-19T23:30:00Z,Regular,Holmes Convocation Center,App State,AS,Marshall,M,93,94,FINISHED,ncaam,2026-08-23T20:56:10+00:00
ncaam-215000,NCAAM,2025-26,2026-02-19T23:30:00Z,Regular,Winthrop Coliseum,Winthrop,W,South Carolina Upstate,SCU,68,64,FINISHED,ncaam,2026-08-23T20:56:10+00:00
ncaam-211706,NCAAM,2025-26,2026-02-20T00:00:00Z,Regular,Nutter Center,Wright State,WS,IU Indianapolis,II,85,73,FINISHED,ncaam,2026-08-23T20:56:10+00:00
ncaam-211707,NCAAM,2025-26,2026-02-20T00:00:00Z,Regular,Mercyhurst Athletic Center,Mercyhurst,M,Wagner,W,80,83,FINISHED,ncaam,2026-08-23T20:56:10+00:00
ncaam-211709,NCAAM,2025-26,2026-02-20T00:00:00Z,Regular,DeGol Arena,St. Francis (PA),SF(,Long Island University,LIU,89,91,FINISHED,ncaam,2026-08-23T20:56:10+00:00
ncaam-211710,NCAAM,2025-26,2026-02-20T00:00:00Z,Regular,Jones Convocation Center,Chicago State,CS,Fairleigh Dickinson,FD,59,60,FINISHED,ncaam,2026-08-23T20:56:10+00:00
ncaam-211714,NCAAM,2025-26,2026-02-20T00:00:00Z,Regular,Joel & Diane Bloom Wellness and Events Center,NJIT,N,UAlbany,U,63,81,FINISHED,ncaam,2026-08-23T20:56:10+00:00
ncaam-211715,NCAAM,2025-26,2026-02-20T00:00:00Z,Regular,Trask Coliseum,UNC Wilmington,UW,Monmouth,M,79,69,FINISHED,ncaam,2026-08-23T20:56:10+00:00
ncaam-211716,NCAAM,2025-26,2026-02-20T00:00:00Z,Regular,Matthews Arena,Northeastern,N,Drexel,D,61,70,FINISHED,ncaam,2026-08-23T20:56:10+00:00
ncaam-211717,NCAAM,2025-26,2026-02-20T00:00:00Z,Regular,John W. Pope Jr. Convocation Center,Campbell,C,William & Mary,W&M,84,83,FINISHED,ncaam,2026-08-23T20:56:10+00:00
ncaam-211719,NCAAM,2025-26,2026-02-20T00:00:00Z,Regular,Corbett Sports Center,North Carolina A&T,NCA,Charleston,C,61,74,FINISHED,ncaam,2026-08-23T20:56:10+00:00
ncaam-211720,NCAAM,2025-26,2026-02-20T00:00:00Z,Regular,McAlister Field House,The Citadel,TC,Samford,S,75,78,FINISHED,ncaam,2026-08-23T20:56:10+00:00
ncaam-211721,NCAAM,2025-26,2026-02-20T00:00:00Z,Regular,Hawkins Arena,Mercer,M,Chattanooga,C,90,94,FINISHED,ncaam,2026-08-23T20:56:10+00:00
ncaam-211735,NCAAM,2025-26,2026-02-20T00:00:00Z,Regular,UNF Arena,North Florida,NF,Austin Peay,AP,76,77,FINISHED,ncaam,2026-08-23T20:56:10+00:00
ncaam-211744,NCAAM,2025-26,2026-02-20T00:00:00Z,Regular,Detrick Gymnasium,Central Connecticut,CC,Le Moyne,LM,78,77,FINISHED,ncaam,2026-08-23T20:56:10+00:00
ncaam-215001,NCAAM,2025-26,2026-02-20T00:00:00Z,Regular,Qubein Center,High Point,HP,UNC Asheville,UA,74,48,FINISHED,ncaam,2026-08-23T20:56:10+00:00
ncaam-215002,NCAAM,2025-26,2026-02-20T00:00:00Z,Regular,Templeton Center,Presbyterian,P,Longwood,L,72,65,FINISHED,ncaam,2026-08-23T20:56:10+00:00
ncaam-215003,NCAAM,2025-26,2026-02-20T00:00:00Z,Regular,The Dedmon Center,Radford,R,Gardner-Webb,GW,82,70,FINISHED,ncaam,2026-08-23T20:56:10+00:00
ncaam-215005,NCAAM,2025-26,2026-02-20T00:00:00Z,Regular,Jeffery P. Hazell Athletics Center,New Haven,NH,Stonehill,S,64,51,FINISHED,ncaam,2026-08-23T20:56:10+00:00
ncaam-358926,NCAAM,2025-26,2026-02-20T00:00:00Z,Regular,Yuengling Center,South Florida,SF,Memphis,M,87,66,FINISHED,ncaam,2026-08-23T20:56:10+00:00
ncaam-214998,NCAAM,2025-26,2026-02-20T00:30:00Z,Regular,Moore Gymnasium (FL),Bethune-Cookman,BC,Alabama State,AS,82,71,FINISHED,ncaam,2026-08-23T20:56:10+00:00
ncaam-211704,NCAAM,2025-26,2026-02-20T01:00:00Z,Regular,Betty Engelstad Sioux Center,North Dakota,ND,Kansas City,KC,85,70,FINISHED,ncaam,2026-08-23T20:56:10+00:00
ncaam-211718,NCAAM,2025-26,2026-02-20T01:00:00Z,Regular,David S. Mack Sports and Exhibition Complex,Hofstra,H,Hampton,H,79,43,FINISHED,ncaam,2026-08-23T20:56:10+00:00
ncaam-211725,NCAAM,2025-26,2026-02-20T01:00:00Z,Regular,Mitchell Center,South Alabama,SA,Texas State,TS,82,90,FINISHED,ncaam,2026-08-23T20:56:10+00:00
ncaam-211726,NCAAM,2025-26,2026-02-20T01:00:00Z,Regular,Cajundome,Louisiana,L,Arkansas State,AS,62,79,FINISHED,ncaam,2026-08-23T20:56:10+00:00
ncaam-211727,NCAAM,2025-26,2026-02-20T01:00:00Z,Regular,GSU Convocation Center,Georgia State,GS,Georgia Southern,GS,66,64,FINISHED,ncaam,2026-08-23T20:56:10+00:00
ncaam-211734,NCAAM,2025-26,2026-02-20T01:00:00Z,Regular,Edmunds Center,Stetson,S,Central Arkansas,CA,76,88,FINISHED,ncaam,2026-08-23T20:56:10+00:00
ncaam-211741,NCAAM,2025-26,2026-02-20T01:00:00Z,Regular,UCCU Center,Utah Valley,UV,California Baptist,CB,65,46,FINISHED,ncaam,2026-08-23T20:56:10+00:00
ncaam-211742,NCAAM,2025-26,2026-02-20T01:00:00Z,Regular,College Park Center,UT Arlington,UA,Utah Tech,UT,63,50,FINISHED,ncaam,2026-08-23T20:56:10+00:00
ncaam-211743,NCAAM,2025-26,2026-02-20T01:00:00Z,Regular,Wisdom Gym,Tarleton State,TS,Southern Utah,SU,78,74,FINISHED,ncaam,2026-08-23T20:56:10+00:00
ncaam-211738,NCAAM,2025-26,2026-02-20T01:20:00Z,Regular,Jack Stephens Center,Little Rock,LR,UT Martin,UM,67,65,FINISHED,ncaam,2026-08-23T20:56:10+00:00
ncaam-211736,NCAAM,2025-26,2026-02-20T01:30:00Z,Regular,Western Hall,Western Illinois,WI,Southern Indiana,SI,70,77,FINISHED,ncaam,2026-08-23T20:56:10+00:00
ncaam-211739,NCAAM,2025-26,2026-02-20T01:30:00Z,Regular,Gentry Center,Tennessee State,TS,Lindenwood,L,89,80,FINISHED,ncaam,2026-08-23T20:56:10+00:00
ncaam-211740,NCAAM,2025-26,2026-02-20T01:30:00Z,Regular,Groniger Arena,Eastern Illinois,EI,Morehead State,MS,70,73,FINISHED,ncaam,2026-08-23T20:56:10+00:00
ncaam-211737,NCAAM,2025-26,2026-02-20T01:50:00Z,Regular,Hooper Eblen Center,Tennessee Tech,TT,SIU Edwardsville,SE,62,52,FINISHED,ncaam,2026-08-23T20:56:10+00:00
ncaam-214999,NCAAM,2025-26,2026-02-20T01:50:00Z,Regular,R.W. Harrison HPER Complex,Mississippi Valley State,MVS,Prairie View A&M,PVA,62,72,FINISHED,ncaam,2026-08-23T20:56:10+00:00
ncaam-211705,NCAAM,2025-26,2026-02-20T02:00:00Z,Regular,Hamilton Gymnasium,Denver,D,South Dakota,SD,90,70,FINISHED,ncaam,2026-08-23T20:56:10+00:00
ncaam-211729,NCAAM,2025-26,2026-02-20T02:00:00Z,Regular,Dee Events Center,Weber State,WS,Montana State,MS,82,79,FINISHED,ncaam,2026-08-23T20:56:10+00:00
ncaam-211745,NCAAM,2025-26,2026-02-20T02:00:00Z,Regular,Reed Arena,Idaho State,IS,Montana,M,73,69,FINISHED,ncaam,2026-08-23T20:56:10+00:00
ncaam-211746,NCAAM,2025-26,2026-02-20T02:00:00Z,Regular,Viking Pavilion,Portland State,PS,Idaho,I,77,67,FINISHED,ncaam,2026-08-23T20:56:10+00:00
ncaam-214986,NCAAM,2025-26,2026-02-20T02:00:00Z,Regular,H.O. Clemmons Arena,Arkansas-Pine Bluff,APB,Texas Southern,TS,64,83,FINISHED,ncaam,2026-08-23T20:56:10+00:00
ncaam-215006,NCAAM,2025-26,2026-02-20T02:00:00Z,Regular,The Thunderdome,UC Santa Barbara,USB,Cal State Northridge,CSN,83,85,FINISHED,ncaam,2026-08-23T20:56:10+00:00
ncaam-358927,NCAAM,2025-26,2026-02-20T02:10:00Z,Regular,The Super Pit,North Texas,NT,Tulane,T,71,77,FINISHED,ncaam,2026-08-23T20:56:10+00:00
ncaam-214997,NCAAM,2025-26,2026-02-20T02:15:00Z,Regular,Al Lawson Center,Florida A&M,FA,Alabama A&M,AA,61,63,FINISHED,ncaam,2026-08-23T20:56:10+00:00
ncaam-211723,NCAAM,2025-26,2026-02-20T03:00:00Z,Regular,Titan Gym,Cal State Fullerton,CSF,UC Davis,UD,93,92,FINISHED,ncaam,2026-08-23T20:56:10+00:00
ncaam-211724,NCAAM,2025-26,2026-02-20T03:00:00Z,Regular,Walter Pyramid,Long Beach State,LBS,UC Irvine,UI,58,69,FINISHED,ncaam,2026-08-23T20:56:10+00:00
ncaam-211730,NCAAM,2025-26,2026-02-20T03:00:00Z,Regular,The Well,Sacramento State,SS,Eastern Washington,EW,94,102,FINISHED,ncaam,2026-08-23T20:56:10+00:00
ncaam-215004,NCAAM,2025-26,2026-02-20T03:00:00Z,Regular,SRC Arena,UC Riverside,UR,Cal State Bakersfield,CSB,93,65,FINISHED,ncaam,2026-08-23T20:56:10+00:00
ncaam-211722,NCAAM,2025-26,2026-02-20T04:59:00Z,Regular,Stan Sheriff Center,Hawai'i,H,Cal Poly,CP,75,86,FINISHED,ncaam,2026-08-23T20:56:10+00:00
ncaam-211764,NCAAM,2025-26,2026-02-20T23:30:00Z,Regular,Worthen Arena,Ball State,BS,Akron,A,65,78,FINISHED,ncaam,2026-08-23T20:56:10+00:00
ncaam-211747,NCAAM,2025-26,2026-02-21T00:00:00Z,Regular,Calihan Hall,Detroit Mercy,DM,Milwaukee,M,91,86,FINISHED,ncaam,2026-08-23T20:56:10+00:00
ncaam-211748,NCAAM,2025-26,2026-02-21T00:00:00Z,Regular,OU Credit Union O'rena,Oakland,O,Green Bay,GB,68,73,FINISHED,ncaam,2026-08-23T20:56:10+00:00
ncaam-211750,NCAAM,2025-26,2026-02-21T00:00:00Z,Regular,Alumni Gymnasium (Rider),Rider,R,Canisius,C,66,72,FINISHED,ncaam,2026-08-23T20:56:10+00:00
ncaam-211751,NCAAM,2025-26,2026-02-21T00:00:00Z,Regular,Draddy Gymnasium,Manhattan,M,Marist,M,70,84,FINISHED,ncaam,2026-08-23T20:56:10+00:00
ncaam-211752,NCAAM,2025-26,2026-02-21T00:00:00Z,Regular,Pizzitola Sports Center,Brown,B,Princeton,P,80,71,FINISHED,ncaam,2026-08-23T20:56:10+00:00
ncaam-211753,NCAAM,2025-26,2026-02-21T00:00:00Z,Regular,Knott Arena,Mount St. Mary's,MSM,Niagara,N,76,63,FINISHED,ncaam,2026-08-23T20:56:10+00:00
ncaam-215009,NCAAM,2025-26,2026-02-21T00:00:00Z,Regular,Hynes Athletics Center,Iona,I,Saint Peter's,SP,72,64,FINISHED,ncaam,2026-08-23T20:56:10+00:00
ncaam-215010,NCAAM,2025-26,2026-02-21T00:00:00Z,Regular,Leo D. Mahoney Arena,Fairfield,F,Sacred Heart,SH,78,68,FINISHED,ncaam,2026-08-23T20:56:10+00:00
ncaam-358928,NCAAM,2025-26,2026-02-21T00:00:00Z,Regular,Chaifetz Arena,Saint Louis,SL,VCU,V,88,75,FINISHED,ncaam,2026-08-23T20:56:10+00:00
ncaam-211749,NCAAM,2025-26,2026-02-21T01:00:00Z,Regular,Hammel Court,Merrimack,M,Siena,S,79,72,FINISHED,ncaam,2026-08-23T20:56:10+00:00
ncaam-215008,NCAAM,2025-26,2026-02-21T01:00:00Z,Regular,Mackey Arena,Purdue,P,Indiana,I,93,64,FINISHED,ncaam,2026-08-23T20:56:10+00:00
ncaam-211763,NCAAM,2025-26,2026-02-21T01:30:00Z,Regular,Millett Hall,Miami (OH),M(,Bowling Green,BG,91,77,FINISHED,ncaam,2026-08-23T20:56:10+00:00
ncaam-211806,NCAAM,2025-26,2026-02-21T17:00:00Z,Regular,The Sandy and John Black Pavilion at Ole Miss,Ole Miss,OM,Florida,F,75,94,FINISHED,ncaam,2026-08-23T20:56:10+00:00
ncaam-215025,NCAAM,2025-26,2026-02-21T17:00:00Z,Regular,Williams Arena,Minnesota,M,Rutgers,R,80,61,FINISHED,ncaam,2026-08-23T20:56:10+00:00
ncaam-215039,NCAAM,2025-26,2026-02-21T17:00:00Z,Regular,Carnesecca Arena,St. John's,SJ,Creighton,C,81,52,FINISHED,ncaam,2026-08-23T20:56:10+00:00
ncaam-215040,NCAAM,2025-26,2026-02-21T17:00:00Z,Regular,Cassell Coliseum,Virginia Tech,VT,Wake Forest,WF,82,63,FINISHED,ncaam,2026-08-23T20:56:10+00:00
ncaam-215046,NCAAM,2025-26,2026-02-21T17:00:00Z,Regular,Littlejohn Coliseum,Clemson,C,Florida State,FS,65,70,FINISHED,ncaam,2026-08-23T20:56:10+00:00
ncaam-358929,NCAAM,2025-26,2026-02-21T17:00:00Z,Regular,Burr Gymnasium,Howard,H,North Carolina Central,NCC,100,67,FINISHED,ncaam,2026-08-23T20:56:10+00:00
ncaam-358932,NCAAM,2025-26,2026-02-21T17:00:00Z,Regular,Michael J. Hagan '85 Arena,Saint Joseph's,SJ,Loyola Chicago,LC,75,61,FINISHED,ncaam,2026-08-23T20:56:10+00:00
ncaam-358933,NCAAM,2025-26,2026-02-21T17:00:00Z,Regular,Halton Arena,Charlotte,C,East Carolina,EC,68,56,FINISHED,ncaam,2026-08-23T20:56:10+00:00
ncaam-211772,NCAAM,2025-26,2026-02-21T18:00:00Z,Regular,Costello Athletic Center,UMass Lowell,UL,Binghamton,B,92,79,FINISHED,ncaam,2026-08-23T20:56:10+00:00
ncaam-211773,NCAAM,2025-26,2026-02-21T18:00:00Z,Regular,Chesapeake Employers Insurance Arena,UMBC,U,UAlbany,U,66,62,FINISHED,ncaam,2026-08-23T20:56:10+00:00
ncaam-211781,NCAAM,2025-26,2026-02-21T18:00:00Z,Regular,Cameron Hall,VMI,V,Western Carolina,WC,62,81,FINISHED,ncaam,2026-08-23T20:56:10+00:00
ncaam-211783,NCAAM,2025-26,2026-02-21T18:00:00Z,Regular,McAlister Field House,The Citadel,TC,Chattanooga,C,72,93,FINISHED,ncaam,2026-08-23T20:56:10+00:00
ncaam-211794,NCAAM,2025-26,2026-02-21T18:00:00Z,Regular,Cajundome,Louisiana,L,Texas State,TS,67,54,FINISHED,ncaam,2026-08-23T20:56:10+00:00
ncaam-211798,NCAAM,2025-26,2026-02-21T18:00:00Z,Regular,The HTC Center,Coastal Carolina,CC,Marshall,M,79,75,FINISHED,ncaam,2026-08-23T20:56:10+00:00
ncaam-211799,NCAAM,2025-26,2026-02-21T18:00:00Z,Regular,Holmes Convocation Center,App State,AS,Georgia Southern,GS,89,74,FINISHED,ncaam,2026-08-23T20:56:10+00:00
ncaam-211805,NCAAM,2025-26,2026-02-21T18:00:00Z,Regular,Colonial Life Arena,South Carolina,SC,Mississippi State,MS,97,89,FINISHED,ncaam,2026-08-23T20:56:10+00:00
ncaam-215014,NCAAM,2025-26,2026-02-21T18:00:00Z,Regular,Allen Fieldhouse,Kansas,K,Cincinnati,C,68,84,FINISHED,ncaam,2026-08-23T20:56:10+00:00
ncaam-215042,NCAAM,2025-26,2026-02-21T18:00:00Z,Regular,JMA Wireless Dome,Syracuse,S,North Carolina,NC,64,77,FINISHED,ncaam,2026-08-23T20:56:10+00:00
ncaam-215037,NCAAM,2025-26,2026-02-21T18:30:00Z,Regular,Hinkle Fieldhouse,Butler,B,Xavier,X,80,75,FINISHED,ncaam,2026-08-23T20:56:10+00:00
ncaam-215050,NCAAM,2025-26,2026-02-21T18:30:00Z,Regular,Christl Arena,Army,A,Navy,N,63,81,FINISHED,ncaam,2026-08-23T20:56:10+00:00
ncaam-211754,NCAAM,2025-26,2026-02-21T19:00:00Z,Regular,Scheels Center,North Dakota State,NDS,Kansas City,KC,95,59,FINISHED,ncaam,2026-08-23T20:56:10+00:00
ncaam-211765,NCAAM,2025-26,2026-02-21T19:00:00Z,Regular,Jones Convocation Center,Chicago State,CS,Central Connecticut,CC,70,51,FINISHED,ncaam,2026-08-23T20:56:10+00:00
ncaam-211766,NCAAM,2025-26,2026-02-21T19:00:00Z,Regular,Newman Arena,Cornell,C,Harvard,H,54,73,FINISHED,ncaam,2026-08-23T20:56:10+00:00
ncaam-211767,NCAAM,2025-26,2026-02-21T19:00:00Z,Regular,DeGol Arena,St. Francis (PA),SF(,Wagner,W,56,65,FINISHED,ncaam,2026-08-23T20:56:10+00:00
ncaam-211768,NCAAM,2025-26,2026-02-21T19:00:00Z,Regular,Mercyhurst Athletic Center,Mercyhurst,M,Long Island University,LIU,91,83,FINISHED,ncaam,2026-08-23T20:56:10+00:00
ncaam-211769,NCAAM,2025-26,2026-02-21T19:00:00Z,Regular,Merkert Gymnasium,Stonehill,S,Le Moyne,LM,77,68,FINISHED,ncaam,2026-08-23T20:56:10+00:00
ncaam-211776,NCAAM,2025-26,2026-02-21T19:00:00Z,Regular,Matthews Arena,Northeastern,N,Hofstra,H,68,82,FINISHED,ncaam,2026-08-23T20:56:10+00:00
ncaam-211784,NCAAM,2025-26,2026-02-21T19:00:00Z,Regular,Hawkins Arena,Mercer,M,Samford,S,89,86,FINISHED,ncaam,2026-08-23T20:56:10+00:00
ncaam-211804,NCAAM,2025-26,2026-02-21T19:00:00Z,Regular,Memorial Gymnasium (TN),Vanderbilt,V,Tennessee,T,65,69,FINISHED,ncaam,2026-08-23T20:56:10+00:00
ncaam-211815,NCAAM,2025-26,2026-02-21T19:00:00Z,Regular,Alico Arena,Florida Gulf Coast,FGC,Central Arkansas,CA,75,71,FINISHED,ncaam,2026-08-23T20:56:10+00:00
ncaam-211817,NCAAM,2025-26,2026-02-21T19:00:00Z,Regular,Gentry Center,Tennessee State,TS,SIU Edwardsville,SE,80,53,FINISHED,ncaam,2026-08-23T20:56:10+00:00
ncaam-211825,NCAAM,2025-26,2026-02-21T19:00:00Z,Regular,Murphy Center,Middle Tennessee,MT,Delaware,D,78,66,FINISHED,ncaam,2026-08-23T20:56:10+00:00
ncaam-211831,NCAAM,2025-26,2026-02-21T19:00:00Z,Regular,Levien Gymnasium,Columbia,C,Dartmouth,D,63,64,FINISHED,ncaam,2026-08-23T20:56:10+00:00
ncaam-211832,NCAAM,2025-26,2026-02-21T19:00:00Z,Regular,John J. Lee Amphitheater,Yale,Y,Pennsylvania,P,74,70,FINISHED,ncaam,2026-08-23T20:56:10+00:00
ncaam-215024,NCAAM,2025-26,2026-02-21T19:00:00Z,Regular,Pinnacle Bank Arena,Nebraska,N,Penn State,PS,87,64,FINISHED,ncaam,2026-08-23T20:56:10+00:00
ncaam-215041,NCAAM,2025-26,2026-02-21T19:00:00Z,Regular,John Paul Jones Arena,Virginia,V,Miami,M,86,83,FINISHED,ncaam,2026-08-23T20:56:10+00:00
ncaam-215044,NCAAM,2025-26,2026-02-21T19:00:00Z,Regular,Petersen Events Center,Pittsburgh,P,Notre Dame,ND,73,68,FINISHED,ncaam,2026-08-23T20:56:10+00:00
ncaam-215049,NCAAM,2025-26,2026-02-21T19:00:00Z,Regular,Cotterell Court,Colgate,C,Loyola Maryland,LM,101,98,FINISHED,ncaam,2026-08-23T20:56:10+00:00
ncaam-358934,NCAAM,2025-26,2026-02-21T19:00:00Z,Regular,UD Arena,Dayton,D,Duquesne,D,78,66,FINISHED,ncaam,2026-08-23T20:56:10+00:00
ncaam-358935,NCAAM,2025-26,2026-02-21T19:00:00Z,Regular,Rose Hill Gym,Fordham,F,Davidson,D,63,59,FINISHED,ncaam,2026-08-23T20:56:10+00:00
ncaam-215045,NCAAM,2025-26,2026-02-21T19:15:00Z,Regular,KFC Yum! Center,Louisville,L,Georgia Tech,GT,87,70,FINISHED,ncaam,2026-08-23T20:56:10+00:00
ncaam-215012,NCAAM,2025-26,2026-02-21T19:30:00Z,Regular,United Supermarkets Arena,Texas Tech,TT,Kansas State,KS,100,72,FINISHED,ncaam,2026-08-23T20:56:10+00:00
ncaam-358936,NCAAM,2025-26,2026-02-21T19:30:00Z,Regular,John Glaser Arena,La Salle,LS,Rhode Island,RI,59,46,FINISHED,ncaam,2026-08-23T20:56:10+00:00
ncaam-211757,NCAAM,2025-26,2026-02-21T20:00:00Z,Regular,First Bank & Trust Arena,South Dakota State,SDS,North Dakota,ND,91,83,FINISHED,ncaam,2026-08-23T20:56:10+00:00
ncaam-211760,NCAAM,2025-26,2026-02-21T20:00:00Z,Regular,NIU Convocation Center,Northern Illinois,NI,Ohio,O,66,74,FINISHED,ncaam,2026-08-23T20:56:10+00:00
ncaam-211793,NCAAM,2025-26,2026-02-21T20:00:00Z,Regular,Fant-Ewing Coliseum,UL Monroe,UM,Arkansas State,AS,94,102,FINISHED,ncaam,2026-08-23T20:56:10+00:00
ncaam-211796,NCAAM,2025-26,2026-02-21T20:00:00Z,Regular,Reed Green Coliseum,Southern Miss,SM,Old Dominion,OD,86,81,FINISHED,ncaam,2026-08-23T20:56:10+00:00
ncaam-211811,NCAAM,2025-26,2026-02-21T20:00:00Z,Regular,Curry Arena,Queens University,QU,West Georgia,WG,91,84,FINISHED,ncaam,2026-08-23T20:56:10+00:00
ncaam-211822,NCAAM,2025-26,2026-02-21T20:00:00Z,Regular,College Park Center,UT Arlington,UA,Utah Valley,UV,54,66,FINISHED,ncaam,2026-08-23T20:56:10+00:00
ncaam-211826,NCAAM,2025-26,2026-02-21T20:00:00Z,Regular,Ocean Bank Convocation Center,Florida International,FI,Missouri State,MS,70,67,FINISHED,ncaam,2026-08-23T20:56:10+00:00
ncaam-215015,NCAAM,2025-26,2026-02-21T20:00:00Z,Regular,Fertitta Center,Houston,H,Arizona,A,66,73,FINISHED,ncaam,2026-08-23T20:56:10+00:00
ncaam-215026,NCAAM,2025-26,2026-02-21T20:00:00Z,Regular,XFINITY Center,Maryland,M,Washington,W,64,60,FINISHED,ncaam,2026-08-23T20:56:10+00:00
ncaam-215048,NCAAM,2025-26,2026-02-21T20:00:00Z,Regular,Clune Arena,Air Force,AF,UNLV,U,66,91,FINISHED,ncaam,2026-08-23T20:56:10+00:00
ncaam-358937,NCAAM,2025-26,2026-02-21T20:00:00Z,Regular,Credit Union 1 Arena,UIC,U,Valparaiso,V,67,71,FINISHED,ncaam,2026-08-23T20:56:10+00:00
ncaam-211808,NCAAM,2025-26,2026-02-21T20:30:00Z,Regular,Stegeman Coliseum,Georgia,G,Texas,T,91,80,FINISHED,ncaam,2026-08-23T20:56:10+00:00
ncaam-211812,NCAAM,2025-26,2026-02-21T20:30:00Z,Regular,Edmunds Center,Stetson,S,North Florida,NF,76,71,FINISHED,ncaam,2026-08-23T20:56:10+00:00
ncaam-211828,NCAAM,2025-26,2026-02-21T20:30:00Z,Regular,Bernard G. Johnson Coliseum,Sam Houston,SH,Jacksonville State,JS,82,78,FINISHED,ncaam,2026-08-23T20:56:10+00:00
ncaam-215016,NCAAM,2025-26,2026-02-21T20:30:00Z,Regular,CU Events Center,Colorado,C,Oklahoma State,OS,83,69,FINISHED,ncaam,2026-08-23T20:56:10+00:00
ncaam-211797,NCAAM,2025-26,2026-02-21T20:55:00Z,Regular,GSU Convocation Center,Georgia State,GS,James Madison,JM,65,80,FINISHED,ncaam,2026-08-23T20:56:10+00:00
ncaam-211771,NCAAM,2025-26,2026-02-21T21:00:00Z,Regular,Lundholm Gymnasium,New Hampshire,NH,Maine,M,58,61,FINISHED,ncaam,2026-08-23T20:56:10+00:00
ncaam-211775,NCAAM,2025-26,2026-02-21T21:00:00Z,Regular,TD Arena,Charleston,C,Monmouth,M,74,63,FINISHED,ncaam,2026-08-23T20:56:10+00:00
ncaam-211777,NCAAM,2025-26,2026-02-21T21:00:00Z,Regular,Stony Brook Arena,Stony Brook,SB,Hampton,H,79,72,FINISHED,ncaam,2026-08-23T20:56:10+00:00
ncaam-211779,NCAAM,2025-26,2026-02-21T21:00:00Z,Regular,John W. Pope Jr. Convocation Center,Campbell,C,UNC Wilmington,UW,68,73,FINISHED,ncaam,2026-08-23T20:56:10+00:00
ncaam-211782,NCAAM,2025-26,2026-02-21T21:00:00Z,Regular,First Horizon Coliseum,UNC Greensboro,UG,East Tennessee State,ETS,75,87,FINISHED,ncaam,2026-08-23T20:56:10+00:00
ncaam-211795,NCAAM,2025-26,2026-02-21T21:00:00Z,Regular,Mitchell Center,South Alabama,SA,Troy,T,65,54,FINISHED,ncaam,2026-08-23T20:56:10+00:00
ncaam-211810,NCAAM,2025-26,2026-02-21T21:00:00Z,Regular,Bud Walton Arena,Arkansas,A,Missouri,M,94,86,FINISHED,ncaam,2026-08-23T20:56:10+00:00
ncaam-211819,NCAAM,2025-26,2026-02-21T21:00:00Z,Regular,Jack Stephens Center,Little Rock,LR,Southeast Missouri State,SMS,65,70,FINISHED,ncaam,2026-08-23T20:56:10+00:00
ncaam-211820,NCAAM,2025-26,2026-02-21T21:00:00Z,Regular,Hooper Eblen Center,Tennessee Tech,TT,Lindenwood,L,72,57,FINISHED,ncaam,2026-08-23T20:56:10+00:00
ncaam-211824,NCAAM,2025-26,2026-02-21T21:00:00Z,Regular,Moody Coliseum (Abilene),Abilene Christian,AC,Southern Utah,SU,87,83,FINISHED,ncaam,2026-08-23T20:56:10+00:00
ncaam-211827,NCAAM,2025-26,2026-02-21T21:00:00Z,Regular,Liberty Arena,Liberty,L,Western Kentucky,WK,73,94,FINISHED,ncaam,2026-08-23T20:56:10+00:00
ncaam-215018,NCAAM,2025-26,2026-02-21T21:00:00Z,Regular,Foster Pavilion,Baylor,B,Arizona State,AS,73,68,FINISHED,ncaam,2026-08-23T20:56:10+00:00
ncaam-215022,NCAAM,2025-26,2026-02-21T21:00:00Z,Regular,Galen Center,USC,U,Oregon,O,70,71,FINISHED,ncaam,2026-08-23T20:56:10+00:00
ncaam-215029,NCAAM,2025-26,2026-02-21T21:00:00Z,Regular,Qubein Center,High Point,HP,Winthrop,W,89,87,FINISHED,ncaam,2026-08-23T20:56:10+00:00
ncaam-215031,NCAAM,2025-26,2026-02-21T21:00:00Z,Regular,Buccaneer Fieldhouse,Charleston Southern,CS,Longwood,L,96,107,FINISHED,ncaam,2026-08-23T20:56:10+00:00
ncaam-215032,NCAAM,2025-26,2026-02-21T21:00:00Z,Regular,ExtraMile Arena,Boise State,BS,San José State,SJS,84,69,FINISHED,ncaam,2026-08-23T20:56:10+00:00
ncaam-215043,NCAAM,2025-26,2026-02-21T21:00:00Z,Regular,Moody Coliseum,SMU,S,Boston College,BC,94,70,FINISHED,ncaam,2026-08-23T20:56:10+00:00
ncaam-358938,NCAAM,2025-26,2026-02-21T21:00:00Z,Regular,CFSB Center,Murray State,MS,Evansville,E,88,75,FINISHED,ncaam,2026-08-23T20:56:10+00:00
ncaam-358939,NCAAM,2025-26,2026-02-21T21:00:00Z,Regular,Joseph G. Echols Hall,Norfolk State,NS,South Carolina State,SCS,90,71,FINISHED,ncaam,2026-08-23T20:56:10+00:00
ncaam-211788,NCAAM,2025-26,2026-02-21T21:30:00Z,Regular,Prather Coliseum,Northwestern State,NS,Houston Christian,HC,71,53,FINISHED,ncaam,2026-08-23T20:56:10+00:00
ncaam-211818,NCAAM,2025-26,2026-02-21T21:30:00Z,Regular,Western Hall,Western Illinois,WI,Morehead State,MS,59,81,FINISHED,ncaam,2026-08-23T20:56:10+00:00
ncaam-211821,NCAAM,2025-26,2026-02-21T21:30:00Z,Regular,Groniger Arena,Eastern Illinois,EI,Southern Indiana,SI,68,70,FINISHED,ncaam,2026-08-23T20:56:10+00:00
ncaam-211834,NCAAM,2025-26,2026-02-21T21:30:00Z,Regular,Pride Roofing University Center,SE Louisiana,SL,UT Rio Grande Valley,URGV,75,96,FINISHED,ncaam,2026-08-23T20:56:10+00:00
ncaam-215030,NCAAM,2025-26,2026-02-21T21:30:00Z,Regular,Kimmel Arena,UNC Asheville,UA,Radford,R,74,73,FINISHED,ncaam,2026-08-23T20:56:10+00:00
ncaam-215053,NCAAM,2025-26,2026-02-21T21:30:00Z,Regular,Physical Education Complex,Coppin State,CS,Maryland Eastern Shore,MES,71,65,FINISHED,ncaam,2026-08-23T20:56:10+00:00
ncaam-358930,NCAAM,2025-26,2026-02-21T21:45:00Z,Regular,Davey L. Whitney Complex,Alcorn State,AS,Jackson State,JS,83,65,FINISHED,ncaam,2026-08-23T20:56:10+00:00
ncaam-211759,NCAAM,2025-26,2026-02-21T22:00:00Z,Regular,McGuirk Arena,Central Michigan,CM,Western Michigan,WM,83,70,FINISHED,ncaam,2026-08-23T20:56:10+00:00
ncaam-211761,NCAAM,2025-26,2026-02-21T22:00:00Z,Regular,Savage Arena,Toledo,T,Eastern Michigan,EM,94,75,FINISHED,ncaam,2026-08-23T20:56:10+00:00
ncaam-211786,NCAAM,2025-26,2026-02-21T22:00:00Z,Regular,SRC Arena,UC Riverside,UR,UC Davis,UD,73,78,FINISHED,ncaam,2026-08-23T20:56:10+00:00
ncaam-211823,NCAAM,2025-26,2026-02-21T22:00:00Z,Regular,Wisdom Gym,Tarleton State,TS,Utah Tech,UT,72,80,FINISHED,ncaam,2026-08-23T20:56:10+00:00
ncaam-211829,NCAAM,2025-26,2026-02-21T22:00:00Z,Regular,KSU Convocation Center,Kennesaw State,KS,Louisiana Tech,LT,58,55,FINISHED,ncaam,2026-08-23T20:56:10+00:00
ncaam-211835,NCAAM,2025-26,2026-02-21T22:00:00Z,Regular,Viking Pavilion,Portland State,PS,Eastern Washington,EW,55,67,FINISHED,ncaam,2026-08-23T20:56:10+00:00
ncaam-215013,NCAAM,2025-26,2026-02-21T22:00:00Z,Regular,Schollmaier Arena,TCU,T,West Virginia,WV,60,54,FINISHED,ncaam,2026-08-23T20:56:10+00:00
ncaam-358940,NCAAM,2025-26,2026-02-21T22:00:00Z,Regular,Hill Field House,Morgan State,MS,Delaware State,DS,82,68,FINISHED,ncaam,2026-08-23T20:56:10+00:00
ncaam-215052,NCAAM,2025-26,2026-02-21T22:05:00Z,Regular,G.B. Hodge Center,South Carolina Upstate,SCU,Presbyterian,P,76,74,FINISHED,ncaam,2026-08-23T20:56:10+00:00
ncaam-211813,NCAAM,2025-26,2026-02-21T22:30:00Z,Regular,Allen Arena,Lipscomb,L,North Alabama,NA,73,51,FINISHED,ncaam,2026-08-23T20:56:10+00:00
ncaam-215020,NCAAM,2025-26,2026-02-21T22:30:00Z,Regular,Moore Gymnasium (FL),Bethune-Cookman,BC,Alabama A&M,AA,85,76,FINISHED,ncaam,2026-08-23T20:56:10+00:00
ncaam-215038,NCAAM,2025-26,2026-02-21T22:30:00Z,Regular,Finneran Pavilion,Villanova,V,UConn,U,63,73,FINISHED,ncaam,2026-08-23T20:56:10+00:00
ncaam-211755,NCAAM,2025-26,2026-02-21T23:00:00Z,Regular,Hamilton Gymnasium,Denver,D,St. Thomas-Minnesota,STM,82,80,FINISHED,ncaam,2026-08-23T20:56:10+00:00
ncaam-211762,NCAAM,2025-26,2026-02-21T23:00:00Z,Regular,Mullins Center,Massachusetts,M,Buffalo,B,82,86,FINISHED,ncaam,2026-08-23T20:56:10+00:00
ncaam-211789,NCAAM,2025-26,2026-02-21T23:00:00Z,Regular,William R. Johnson Coliseum,Stephen F. Austin,SFA,Nicholls,N,81,78,FINISHED,ncaam,2026-08-23T20:56:10+00:00
ncaam-211792,NCAAM,2025-26,2026-02-21T23:00:00Z,Regular,The Field House,East Texas A&M,ETA,Incarnate Word,IW,73,82,FINISHED,ncaam,2026-08-23T20:56:10+00:00
ncaam-211807,NCAAM,2025-26,2026-02-21T23:00:00Z,Regular,Pete Maravich Assembly Center,LSU,L,Alabama,A,83,90,FINISHED,ncaam,2026-08-23T20:56:10+00:00
ncaam-211836,NCAAM,2025-26,2026-02-21T23:00:00Z,Regular,Reed Arena,Idaho State,IS,Montana State,MS,91,76,FINISHED,ncaam,2026-08-23T20:56:10+00:00
ncaam-215021,NCAAM,2025-26,2026-02-21T23:00:00Z,Regular,F.G. Clark Activity Center,Southern,S,Grambling,G,87,73,FINISHED,ncaam,2026-08-23T20:56:10+00:00
ncaam-215034,NCAAM,2025-26,2026-02-21T23:00:00Z,Regular,Moby Arena,Colorado State,CS,San Diego State,SDS,83,74,FINISHED,ncaam,2026-08-23T20:56:10+00:00
ncaam-215047,NCAAM,2025-26,2026-02-21T23:00:00Z,Regular,Haas Pavilion,California,C,Stanford,S,72,66,FINISHED,ncaam,2026-08-23T20:56:10+00:00
ncaam-358942,NCAAM,2025-26,2026-02-21T23:00:00Z,Regular,Jenny Craig Pavilion,San Diego,SD,Loyola Marymount,LM,65,77,FINISHED,ncaam,2026-08-23T20:56:10+00:00
ncaam-358943,NCAAM,2025-26,2026-02-21T23:00:00Z,Regular,Robins Center,Richmond,R,St. Bonaventure,SB,99,94,FINISHED,ncaam,2026-08-23T20:56:10+00:00
ncaam-358944,NCAAM,2025-26,2026-02-21T23:00:00Z,Regular,Charles Koch Arena,Wichita State,WS,Temple,T,69,57,FINISHED,ncaam,2026-08-23T20:56:10+00:00
ncaam-358945,NCAAM,2025-26,2026-02-21T23:00:00Z,Regular,McLeod Center,Northern Iowa,NI,Southern Illinois,SI,57,59,FINISHED,ncaam,2026-08-23T20:56:10+00:00
ncaam-215035,NCAAM,2025-26,2026-02-21T23:15:00Z,Regular,Prudential Center,Seton Hall,SH,Georgetown,G,51,47,FINISHED,ncaam,2026-08-23T20:56:10+00:00
ncaam-211758,NCAAM,2025-26,2026-02-21T23:30:00Z,Regular,Capital One Arena,Duke,D,Michigan,M,68,63,FINISHED,ncaam,2026-08-23T20:56:10+00:00
ncaam-215007,NCAAM,2025-26,2026-02-21T23:30:00Z,Regular,H.O. Clemmons Arena,Arkansas-Pine Bluff,APB,Prairie View A&M,PVA,84,82,FINISHED,ncaam,2026-08-23T20:56:10+00:00
ncaam-215019,NCAAM,2025-26,2026-02-21T23:45:00Z,Regular,Al Lawson Center,Florida A&M,FA,Alabama State,AS,76,63,FINISHED,ncaam,2026-08-23T20:56:10+00:00
ncaam-211770,NCAAM,2025-26,2026-02-22T00:00:00Z,Regular,Joel & Diane Bloom Wellness and Events Center,NJIT,N,Vermont,V,64,70,FINISHED,ncaam,2026-08-23T20:56:10+00:00
ncaam-211778,NCAAM,2025-26,2026-02-22T00:00:00Z,Regular,Schar Center,Elon,E,North Carolina A&T,NCA,82,102,FINISHED,ncaam,2026-08-23T20:56:10+00:00
ncaam-211780,NCAAM,2025-26,2026-02-22T00:00:00Z,Regular,Jerry Richardson Indoor Stadium,Wofford,W,Furman,F,67,76,FINISHED,ncaam,2026-08-23T20:56:10+00:00
ncaam-211790,NCAAM,2025-26,2026-02-22T00:00:00Z,Regular,Montagne Center,Lamar,L,New Orleans,NO,71,77,FINISHED,ncaam,2026-08-23T20:56:10+00:00
ncaam-211814,NCAAM,2025-26,2026-02-22T00:00:00Z,Regular,Knights Hall,Bellarmine,B,Eastern Kentucky,EK,92,95,FINISHED,ncaam,2026-08-23T20:56:10+00:00
ncaam-211816,NCAAM,2025-26,2026-02-22T00:00:00Z,Regular,Swisher Gymnasium,Jacksonville,J,Austin Peay,AP,61,65,FINISHED,ncaam,2026-08-23T20:56:10+00:00
ncaam-215051,NCAAM,2025-26,2026-02-22T00:00:00Z,Regular,Bogota Savings Bank Center,Fairleigh Dickinson,FD,New Haven,NH,77,84,FINISHED,ncaam,2026-08-23T20:56:10+00:00
ncaam-358925,NCAAM,2025-26,2026-02-22T00:30:00Z,Regular,R.W. Harrison HPER Complex,Mississippi Valley State,MVS,Texas Southern,TS,72,71,FINISHED,ncaam,2026-08-23T20:56:10+00:00
ncaam-211756,NCAAM,2025-26,2026-02-22T01:00:00Z,Regular,Mabee Center,Oral Roberts,OR,South Dakota,SD,67,62,FINISHED,ncaam,2026-08-23T20:56:10+00:00
ncaam-211791,NCAAM,2025-26,2026-02-22T01:00:00Z,Regular,Legacy Center,McNeese,M,Texas A&M-Corpus Christi,TACC,70,54,FINISHED,ncaam,2026-08-23T20:56:10+00:00
ncaam-211800,NCAAM,2025-26,2026-02-22T01:00:00Z,Regular,Bank of Colorado Arena,Northern Colorado,NC,Northern Arizona,NA,78,77,FINISHED,ncaam,2026-08-23T20:56:10+00:00
ncaam-215023,NCAAM,2025-26,2026-02-22T01:00:00Z,Regular,Pauley Pavilion,UCLA,U,Illinois,I,95,94,FINISHED,ncaam,2026-08-23T20:56:10+00:00
ncaam-215033,NCAAM,2025-26,2026-02-22T01:00:00Z,Regular,Global Credit Union Arena,Grand Canyon,GC,Wyoming,W,65,70,FINISHED,ncaam,2026-08-23T20:56:10+00:00
ncaam-358941,NCAAM,2025-26,2026-02-22T01:00:00Z,Regular,Gill Coliseum,Oregon State,OS,Pepperdine,P,83,73,FINISHED,ncaam,2026-08-23T20:56:10+00:00
ncaam-358946,NCAAM,2025-26,2026-02-22T01:00:00Z,Regular,Carver Arena,Bradley,B,Illinois State,IS,74,60,FINISHED,ncaam,2026-08-23T20:56:10+00:00
ncaam-358947,NCAAM,2025-26,2026-02-22T01:00:00Z,Regular,Curb Event Center Arena,Belmont,B,Indiana State,IS,87,70,FINISHED,ncaam,2026-08-23T20:56:10+00:00
ncaam-358948,NCAAM,2025-26,2026-02-22T01:00:00Z,Regular,Save Mart Center,Fresno State,FS,New Mexico,NM,78,80,FINISHED,ncaam,2026-08-23T20:56:10+00:00
ncaam-215036,NCAAM,2025-26,2026-02-22T01:15:00Z,Regular,Wintrust Arena,DePaul,D,Providence,P,68,71,FINISHED,ncaam,2026-08-23T20:56:10+00:00
ncaam-211803,NCAAM,2025-26,2026-02-22T01:30:00Z,Regular,Lloyd Noble Center,Oklahoma,O,Texas A&M,TA,71,75,FINISHED,ncaam,2026-08-23T20:56:10+00:00
ncaam-211809,NCAAM,2025-26,2026-02-22T01:38:00Z,Regular,Neville Arena,Auburn,A,Kentucky,K,75,74,FINISHED,ncaam,2026-08-23T20:56:10+00:00
ncaam-211830,NCAAM,2025-26,2026-02-22T02:00:00Z,Regular,Pan American Center,New Mexico State,NMS,UTEP,U,67,63,FINISHED,ncaam,2026-08-23T20:56:10+00:00
ncaam-215011,NCAAM,2025-26,2026-02-22T02:00:00Z,Regular,Jon M. Huntsman Center,Utah,U,UCF,U,71,73,FINISHED,ncaam,2026-08-23T20:56:10+00:00
ncaam-215054,NCAAM,2025-26,2026-02-22T02:00:00Z,Regular,Walter Pyramid,Long Beach State,LBS,Cal State Northridge,CSN,76,78,FINISHED,ncaam,2026-08-23T20:56:10+00:00
ncaam-358949,NCAAM,2025-26,2026-02-22T02:00:00Z,Regular,McCarthey Athletic Center,Gonzaga,G,Pacific,P,71,62,FINISHED,ncaam,2026-08-23T20:56:10+00:00
ncaam-211801,NCAAM,2025-26,2026-02-22T02:30:00Z,Regular,Dee Events Center,Weber State,WS,Montana,M,92,72,FINISHED,ncaam,2026-08-23T20:56:10+00:00
ncaam-215055,NCAAM,2025-26,2026-02-22T02:30:00Z,Regular,Icardo Center,Cal State Bakersfield,CSB,Cal State Fullerton,CSF,80,88,FINISHED,ncaam,2026-08-23T20:56:10+00:00
ncaam-211785,NCAAM,2025-26,2026-02-22T03:00:00Z,Regular,Stan Sheriff Center,Hawai'i,H,UC Santa Barbara,USB,78,75,FINISHED,ncaam,2026-08-23T20:56:10+00:00
ncaam-211787,NCAAM,2025-26,2026-02-22T03:00:00Z,Regular,Bren Events Center,UC Irvine,UI,UC San Diego,USD,69,71,FINISHED,ncaam,2026-08-23T20:56:10+00:00
ncaam-211802,NCAAM,2025-26,2026-02-22T03:00:00Z,Regular,The Well,Sacramento State,SS,Idaho,I,80,86,FINISHED,ncaam,2026-08-23T20:56:10+00:00
ncaam-358950,NCAAM,2025-26,2026-02-22T03:00:00Z,Regular,Lawlor Events Center,Nevada,N,Utah State,US,80,77,FINISHED,ncaam,2026-08-23T20:56:10+00:00
ncaam-358951,NCAAM,2025-26,2026-02-22T03:00:00Z,Regular,The Sobrato Center,San Francisco,SF,Santa Clara,SC,73,94,FINISHED,ncaam,2026-08-23T20:56:10+00:00
ncaam-358953,NCAAM,2025-26,2026-02-22T03:00:00Z,Regular,Redhawk Center,Seattle U,SU,Portland,P,71,59,FINISHED,ncaam,2026-08-23T20:56:10+00:00
ncaam-358952,NCAAM,2025-26,2026-02-22T03:07:00Z,Regular,Beasley Coliseum,Washington State,WS,Saint Mary's,SM,67,83,FINISHED,ncaam,2026-08-23T20:56:10+00:00
ncaam-215017,NCAAM,2025-26,2026-02-22T03:38:00Z,Regular,Marriott Center,BYU,B,Iowa State,IS,79,69,FINISHED,ncaam,2026-08-23T20:56:10+00:00
ncaam-211843,NCAAM,2025-26,2026-02-22T17:00:00Z,Regular,Alumni Gymnasium (Rider),Rider,R,Niagara,N,67,62,FINISHED,ncaam,2026-08-23T20:56:10+00:00
ncaam-215027,NCAAM,2025-26,2026-02-22T17:00:00Z,Regular,Sojka Pavilion,Bucknell,B,Holy Cross,HC,63,72,FINISHED,ncaam,2026-08-23T20:56:10+00:00
ncaam-215028,NCAAM,2025-26,2026-02-22T17:00:00Z,Regular,Stabler Arena,Lehigh,L,Boston University,BU,70,67,FINISHED,ncaam,2026-08-23T20:56:10+00:00
ncaam-358931,NCAAM,2025-26,2026-02-22T17:00:00Z,Regular,Kirby Sports Center,Lafayette,L,American University,AU,61,75,FINISHED,ncaam,2026-08-23T20:56:10+00:00
ncaam-358954,NCAAM,2025-26,2026-02-22T17:00:00Z,Regular,FedExForum,Memphis,M,UAB,U,67,78,FINISHED,ncaam,2026-08-23T20:56:10+00:00
ncaam-211841,NCAAM,2025-26,2026-02-22T18:00:00Z,Regular,Calihan Hall,Detroit Mercy,DM,Green Bay,GB,74,70,FINISHED,ncaam,2026-08-23T20:56:10+00:00
ncaam-211844,NCAAM,2025-26,2026-02-22T18:00:00Z,Regular,McCann Arena,Marist,M,Sacred Heart,SH,65,63,FINISHED,ncaam,2026-08-23T20:56:10+00:00
ncaam-215057,NCAAM,2025-26,2026-02-22T18:00:00Z,Regular,Breslin Center,Michigan State,MS,Ohio State,OS,66,60,FINISHED,ncaam,2026-08-23T20:56:10+00:00
ncaam-215058,NCAAM,2025-26,2026-02-22T18:00:00Z,Regular,Hammel Court,Merrimack,M,Iona,I,88,86,FINISHED,ncaam,2026-08-23T20:56:10+00:00
ncaam-211774,NCAAM,2025-26,2026-02-22T19:00:00Z,Regular,Daskalakis Athletic Center,Drexel,D,Towson,T,68,62,FINISHED,ncaam,2026-08-23T20:56:10+00:00
ncaam-211837,NCAAM,2025-26,2026-02-22T19:00:00Z,Regular,Beeghly Center,Youngstown State,YS,Northern Kentucky,NK,64,58,FINISHED,ncaam,2026-08-23T20:56:10+00:00
ncaam-211838,NCAAM,2025-26,2026-02-22T19:00:00Z,Regular,Nutter Center,Wright State,WS,Robert Morris,RM,68,81,FINISHED,ncaam,2026-08-23T20:56:10+00:00
ncaam-211839,NCAAM,2025-26,2026-02-22T19:00:00Z,Regular,Wolstein Center,Cleveland State,CS,Purdue Fort Wayne,PFW,86,92,FINISHED,ncaam,2026-08-23T20:56:10+00:00
ncaam-211842,NCAAM,2025-26,2026-02-22T19:00:00Z,Regular,MVP Arena,Siena,S,Saint Peter's,SP,72,63,FINISHED,ncaam,2026-08-23T20:56:10+00:00
ncaam-211845,NCAAM,2025-26,2026-02-22T19:00:00Z,Regular,Knott Arena,Mount St. Mary's,MSM,Canisius,C,68,47,FINISHED,ncaam,2026-08-23T20:56:10+00:00
ncaam-215059,NCAAM,2025-26,2026-02-22T19:00:00Z,Regular,M&T Bank Arena,Quinnipiac,Q,Fairfield,F,79,85,FINISHED,ncaam,2026-08-23T20:56:10+00:00
ncaam-358955,NCAAM,2025-26,2026-02-22T19:00:00Z,Regular,Devlin Fieldhouse,Tulane,T,Rice,R,81,75,FINISHED,ncaam,2026-08-23T20:56:10+00:00
ncaam-211840,NCAAM,2025-26,2026-02-22T20:00:00Z,Regular,OU Credit Union O'rena,Oakland,O,Milwaukee,M,81,70,FINISHED,ncaam,2026-08-23T20:56:10+00:00
ncaam-215056,NCAAM,2025-26,2026-02-22T21:00:00Z,Regular,Kohl Center,Wisconsin,W,Iowa,I,84,71,FINISHED,ncaam,2026-08-23T20:56:10+00:00
ncaam-358956,NCAAM,2025-26,2026-02-22T21:00:00Z,Regular,Reynolds Center,Tulsa,T,UTSA,U,100,74,FINISHED,ncaam,2026-08-23T20:56:10+00:00
ncaam-358957,NCAAM,2025-26,2026-02-22T21:00:00Z,Regular,The Super Pit,North Texas,NT,Florida Atlantic,FA,73,72,FINISHED,ncaam,2026-08-23T20:56:10+00:00
ncaam-211847,NCAAM,2025-26,2026-02-24T00:00:00Z,Regular,Montagne Center,Lamar,L,Nicholls,N,52,53,FINISHED,ncaam,2026-08-23T20:56:10+00:00
ncaam-211851,NCAAM,2025-26,2026-02-24T00:00:00Z,Regular,Pride Roofing University Center,SE Louisiana,SL,Texas A&M-Corpus Christi,TACC,68,73,FINISHED,ncaam,2026-08-23T20:56:10+00:00
ncaam-215060,NCAAM,2025-26,2026-02-24T00:00:00Z,Regular,Dean E. Smith Center,North Carolina,NC,Louisville,L,77,74,FINISHED,ncaam,2026-08-23T20:56:10+00:00
ncaam-211846,NCAAM,2025-26,2026-02-24T00:30:00Z,Regular,Prather Coliseum,Northwestern State,NS,Incarnate Word,IW,54,49,FINISHED,ncaam,2026-08-23T20:56:10+00:00
ncaam-211848,NCAAM,2025-26,2026-02-24T00:30:00Z,Regular,William R. Johnson Coliseum,Stephen F. Austin,SFA,New Orleans,NO,73,77,FINISHED,ncaam,2026-08-23T20:56:10+00:00
ncaam-211849,NCAAM,2025-26,2026-02-24T00:30:00Z,Regular,Legacy Center,McNeese,M,UT Rio Grande Valley,URGV,75,68,FINISHED,ncaam,2026-08-23T20:56:10+00:00
ncaam-211850,NCAAM,2025-26,2026-02-24T00:30:00Z,Regular,The Field House,East Texas A&M,ETA,Houston Christian,HC,68,69,FINISHED,ncaam,2026-08-23T20:56:10+00:00
ncaam-214609,NCAAM,2025-26,2026-02-24T02:00:00Z,Regular,Fredrick C. Hobdy Assembly Center,Grambling,G,Mississippi Valley State,MVS,83,62,FINISHED,ncaam,2026-08-23T20:56:10+00:00
ncaam-215061,NCAAM,2025-26,2026-02-24T02:00:00Z,Regular,Allen Fieldhouse,Kansas,K,Houston,H,69,56,FINISHED,ncaam,2026-08-23T20:56:10+00:00
ncaam-372146,NCAAM,2025-26,2026-02-24T23:00:00Z,Regular,Jeffery P. Hazell Athletics Center,New Haven,NH,St. Francis (PA),SF(,67,73,FINISHED,ncaam,2026-08-23T20:56:10+00:00
ncaam-211854,NCAAM,2025-26,2026-02-24T23:30:00Z,Regular,Gervin GameAbove Center,Eastern Michigan,EM,Miami (OH),M(,64,74,FINISHED,ncaam,2026-08-23T20:56:10+00:00
ncaam-215070,NCAAM,2025-26,2026-02-24T23:30:00Z,Regular,Jersey Mike’s Arena,Rutgers,R,Washington,W,72,79,FINISHED,ncaam,2026-08-23T20:56:10+00:00
ncaam-358959,NCAAM,2025-26,2026-02-24T23:30:00Z,Regular,John Glaser Arena,La Salle,LS,George Washington,GW,77,104,FINISHED,ncaam,2026-08-23T20:56:10+00:00
ncaam-211852,NCAAM,2025-26,2026-02-25T00:00:00Z,Regular,Stroh Center,Bowling Green,BG,Western Michigan,WM,79,88,FINISHED,ncaam,2026-08-23T20:56:10+00:00
ncaam-211853,NCAAM,2025-26,2026-02-25T00:00:00Z,Regular,Savage Arena,Toledo,T,Northern Illinois,NI,79,69,FINISHED,ncaam,2026-08-23T20:56:10+00:00
ncaam-211855,NCAAM,2025-26,2026-02-25T00:00:00Z,Regular,Worthen Arena,Ball State,BS,Massachusetts,M,74,73,FINISHED,ncaam,2026-08-23T20:56:10+00:00
ncaam-211856,NCAAM,2025-26,2026-02-25T00:00:00Z,Regular,M.A.C. Center,Kent State,KS,Central Michigan,CM,83,81,FINISHED,ncaam,2026-08-23T20:56:10+00:00
ncaam-211857,NCAAM,2025-26,2026-02-25T00:00:00Z,Regular,James A. Rhodes Arena,Akron,A,Buffalo,B,99,85,FINISHED,ncaam,2026-08-23T20:56:10+00:00
ncaam-211858,NCAAM,2025-26,2026-02-25T00:00:00Z,Regular,Trojan Arena,Troy,T,Louisiana,L,78,59,FINISHED,ncaam,2026-08-23T20:56:10+00:00
ncaam-211860,NCAAM,2025-26,2026-02-25T00:00:00Z,Regular,Cam Henderson Center,Marshall,M,Old Dominion,OD,97,88,FINISHED,ncaam,2026-08-23T20:56:10+00:00
ncaam-211865,NCAAM,2025-26,2026-02-25T00:00:00Z,Regular,Colonial Life Arena,South Carolina,SC,Kentucky,K,63,72,FINISHED,ncaam,2026-08-23T20:56:10+00:00
ncaam-215063,NCAAM,2025-26,2026-02-25T00:00:00Z,Regular,United Supermarkets Arena,Texas Tech,TT,Cincinnati,C,80,68,FINISHED,ncaam,2026-08-23T20:56:10+00:00
ncaam-215065,NCAAM,2025-26,2026-02-25T00:00:00Z,Regular,Gallagher-Iba Arena,Oklahoma State,OS,West Virginia,WV,91,84,FINISHED,ncaam,2026-08-23T20:56:10+00:00
ncaam-215072,NCAAM,2025-26,2026-02-25T00:00:00Z,Regular,Simon Skjodt Assembly Hall,Indiana,I,Northwestern,N,68,72,FINISHED,ncaam,2026-08-23T20:56:10+00:00
ncaam-215077,NCAAM,2025-26,2026-02-25T00:00:00Z,Regular,Capital One Arena,Georgetown,G,Marquette,M,60,76,FINISHED,ncaam,2026-08-23T20:56:10+00:00
ncaam-215079,NCAAM,2025-26,2026-02-25T00:00:00Z,Regular,Purcell Pavilion,Notre Dame,ND,Duke,D,56,100,FINISHED,ncaam,2026-08-23T20:56:10+00:00
ncaam-215083,NCAAM,2025-26,2026-02-25T00:00:00Z,Regular,John Paul Jones Arena,Virginia,V,NC State,NS,90,61,FINISHED,ncaam,2026-08-23T20:56:10+00:00
ncaam-358960,NCAAM,2025-26,2026-02-25T00:00:00Z,Regular,UD Arena,Dayton,D,Saint Louis,SL,77,62,FINISHED,ncaam,2026-08-23T20:56:10+00:00
ncaam-211861,NCAAM,2025-26,2026-02-25T00:30:00Z,Regular,GSU Convocation Center,Georgia State,GS,Coastal Carolina,CC,71,76,FINISHED,ncaam,2026-08-23T20:56:10+00:00
ncaam-211869,NCAAM,2025-26,2026-02-25T00:30:00Z,Regular,Ellis T. Johnson Arena,Morehead State,MS,Southern Indiana,SI,64,63,FINISHED,ncaam,2026-08-23T20:56:10+00:00
ncaam-358961,NCAAM,2025-26,2026-02-25T01:00:00Z,Regular,Credit Union 1 Arena,UIC,U,Bradley,B,93,86,FINISHED,ncaam,2026-08-23T20:56:10+00:00
ncaam-211859,NCAAM,2025-26,2026-02-25T01:30:00Z,Regular,First National Bank Arena,Arkansas State,AS,Southern Miss,SM,89,84,FINISHED,ncaam,2026-08-23T20:56:10+00:00
ncaam-215071,NCAAM,2025-26,2026-02-25T01:30:00Z,Regular,Crisler Center,Michigan,M,Minnesota,M,77,67,FINISHED,ncaam,2026-08-23T20:56:10+00:00
ncaam-211863,NCAAM,2025-26,2026-02-25T02:00:00Z,Regular,Lloyd Noble Center,Oklahoma,O,Auburn,A,91,79,FINISHED,ncaam,2026-08-23T20:56:10+00:00
ncaam-211868,NCAAM,2025-26,2026-02-25T02:00:00Z,Regular,Mizzou Arena,Missouri,M,Tennessee,T,73,69,FINISHED,ncaam,2026-08-23T20:56:10+00:00
ncaam-215062,NCAAM,2025-26,2026-02-25T02:00:00Z,Regular,Jon M. Huntsman Center,Utah,U,Iowa State,IS,59,75,FINISHED,ncaam,2026-08-23T20:56:10+00:00
ncaam-215064,NCAAM,2025-26,2026-02-25T02:00:00Z,Regular,Schollmaier Arena,TCU,T,Arizona State,AS,90,78,FINISHED,ncaam,2026-08-23T20:56:10+00:00
ncaam-215067,NCAAM,2025-26,2026-02-25T02:00:00Z,Regular,Foster Pavilion,Baylor,B,Arizona,A,80,87,FINISHED,ncaam,2026-08-23T20:56:10+00:00
ncaam-215073,NCAAM,2025-26,2026-02-25T02:00:00Z,Regular,ExtraMile Arena,Boise State,BS,Wyoming,W,72,62,FINISHED,ncaam,2026-08-23T20:56:10+00:00
ncaam-215080,NCAAM,2025-26,2026-02-25T02:00:00Z,Regular,Tucker Center,Florida State,FS,Miami,M,73,83,FINISHED,ncaam,2026-08-23T20:56:10+00:00
ncaam-215084,NCAAM,2025-26,2026-02-25T02:00:00Z,Regular,Clune Arena,Air Force,AF,San José State,SJS,80,86,FINISHED,ncaam,2026-08-23T20:56:10+00:00
ncaam-358958,NCAAM,2025-26,2026-02-25T02:00:00Z,Regular,Moby Arena,Colorado State,CS,Fresno State,FS,74,70,FINISHED,ncaam,2026-08-23T20:56:10+00:00
ncaam-215066,NCAAM,2025-26,2026-02-25T04:00:00Z,Regular,Marriott Center,BYU,B,UCF,U,84,97,FINISHED,ncaam,2026-08-23T20:56:10+00:00
ncaam-215069,NCAAM,2025-26,2026-02-25T04:00:00Z,Regular,Pauley Pavilion,UCLA,U,USC,U,81,62,FINISHED,ncaam,2026-08-23T20:56:10+00:00
ncaam-358962,NCAAM,2025-26,2026-02-25T04:00:00Z,Regular,Lawlor Events Center,Nevada,N,New Mexico,NM,67,60,FINISHED,ncaam,2026-08-23T20:56:10+00:00
ncaam-215086,NCAAM,2025-26,2026-02-25T16:00:00Z,Regular,Christl Arena,Army,A,Bucknell,B,73,75,FINISHED,ncaam,2026-08-23T20:56:10+00:00
ncaam-211875,NCAAM,2025-26,2026-02-25T23:00:00Z,Regular,Timmons Arena,Furman,F,The Citadel,TC,72,51,FINISHED,ncaam,2026-08-23T20:56:10+00:00
ncaam-215082,NCAAM,2025-26,2026-02-25T23:00:00Z,Regular,Conte Forum,Boston College,BC,Wake Forest,WF,68,67,FINISHED,ncaam,2026-08-23T20:56:10+00:00
ncaam-372147,NCAAM,2025-26,2026-02-25T23:00:00Z,Regular,Smith-Hammond-Middleton Memorial Center,South Carolina State,SCS,Morgan State,MS,83,90,FINISHED,ncaam,2026-08-23T20:56:10+00:00
ncaam-211881,NCAAM,2025-26,2026-02-25T23:30:00Z,Regular,The Jungle,IU Indianapolis,II,Oakland,O,74,86,FINISHED,ncaam,2026-08-23T20:56:10+00:00
ncaam-211864,NCAAM,2025-26,2026-02-26T00:00:00Z,Regular,Memorial Gymnasium (TN),Vanderbilt,V,Georgia,G,88,80,FINISHED,ncaam,2026-08-23T20:56:10+00:00
ncaam-211871,NCAAM,2025-26,2026-02-26T00:00:00Z,Regular,UPMC Events Center,Robert Morris,RM,Detroit Mercy,DM,73,62,FINISHED,ncaam,2026-08-23T20:56:10+00:00
ncaam-211872,NCAAM,2025-26,2026-02-26T00:00:00Z,Regular,Memorial Coliseum (IN),Purdue Fort Wayne,PFW,Wright State,WS,70,74,FINISHED,ncaam,2026-08-23T20:56:10+00:00
ncaam-211873,NCAAM,2025-26,2026-02-26T00:00:00Z,Regular,Wolstein Center,Cleveland State,CS,Northern Kentucky,NK,70,81,FINISHED,ncaam,2026-08-23T20:56:10+00:00
ncaam-211874,NCAAM,2025-26,2026-02-26T00:00:00Z,Regular,Ramsey Center,Western Carolina,WC,Mercer,M,78,74,FINISHED,ncaam,2026-08-23T20:56:10+00:00
ncaam-211876,NCAAM,2025-26,2026-02-26T00:00:00Z,Regular,Freedom Hall (TN),East Tennessee State,ETS,Wofford,W,69,72,FINISHED,ncaam,2026-08-23T20:56:10+00:00
ncaam-211879,NCAAM,2025-26,2026-02-26T00:00:00Z,Regular,Moody Center,Texas,T,Florida,F,71,84,FINISHED,ncaam,2026-08-23T20:56:10+00:00
ncaam-211880,NCAAM,2025-26,2026-02-26T00:00:00Z,Regular,Baptist Health Arena,Eastern Kentucky,EK,Queens University,QU,79,96,FINISHED,ncaam,2026-08-23T20:56:10+00:00
ncaam-211883,NCAAM,2025-26,2026-02-26T00:00:00Z,Regular,Sanford Coyote Sports Center,South Dakota,SD,Omaha,O,89,72,FINISHED,ncaam,2026-08-23T20:56:10+00:00
ncaam-211910,NCAAM,2025-26,2026-02-26T00:00:00Z,Regular,The Coliseum,West Georgia,WG,Lipscomb,L,84,77,FINISHED,ncaam,2026-08-23T20:56:10+00:00
ncaam-215088,NCAAM,2025-26,2026-02-26T00:00:00Z,Regular,Pinnacle Bank Arena,Nebraska,N,Maryland,M,74,61,FINISHED,ncaam,2026-08-23T20:56:10+00:00
ncaam-215090,NCAAM,2025-26,2026-02-26T00:00:00Z,Regular,Case Gym,Boston University,BU,Holy Cross,HC,78,63,FINISHED,ncaam,2026-08-23T20:56:10+00:00
ncaam-215091,NCAAM,2025-26,2026-02-26T00:00:00Z,Regular,Finneran Pavilion,Villanova,V,Butler,B,82,73,FINISHED,ncaam,2026-08-23T20:56:10+00:00
ncaam-215093,NCAAM,2025-26,2026-02-26T00:00:00Z,Regular,Gampel Pavilion,UConn,U,St. John's,SJ,72,40,FINISHED,ncaam,2026-08-23T20:56:10+00:00
ncaam-215094,NCAAM,2025-26,2026-02-26T00:00:00Z,Regular,Reitz Arena,Loyola Maryland,LM,Navy,N,51,78,FINISHED,ncaam,2026-08-23T20:56:10+00:00
ncaam-358963,NCAAM,2025-26,2026-02-26T00:00:00Z,Regular,McLeod Center,Northern Iowa,NI,Illinois State,IS,69,71,FINISHED,ncaam,2026-08-23T20:56:10+00:00
ncaam-358964,NCAAM,2025-26,2026-02-26T00:00:00Z,Regular,Cotterell Court,Colgate,C,Lafayette,L,69,70,FINISHED,ncaam,2026-08-23T20:56:10+00:00
ncaam-358965,NCAAM,2025-26,2026-02-26T00:00:00Z,Regular,Bender Arena,American University,AU,Lehigh,L,73,78,FINISHED,ncaam,2026-08-23T20:56:10+00:00
ncaam-358967,NCAAM,2025-26,2026-02-26T00:00:00Z,Regular,Michael J. Hagan '85 Arena,Saint Joseph's,SJ,George Mason,GM,81,63,FINISHED,ncaam,2026-08-23T20:56:10+00:00
ncaam-358968,NCAAM,2025-26,2026-02-26T00:00:00Z,Regular,UPMC Cooper Fieldhouse,Duquesne,D,Davidson,D,56,67,FINISHED,ncaam,2026-08-23T20:56:10+00:00
ncaam-358969,NCAAM,2025-26,2026-02-26T00:00:00Z,Regular,Halton Arena,Charlotte,C,North Texas,NT,80,79,FINISHED,ncaam,2026-08-23T20:56:10+00:00
ncaam-215076,NCAAM,2025-26,2026-02-26T00:30:00Z,Regular,Amica Mutual Pavilion,Providence,P,Xavier,X,94,84,FINISHED,ncaam,2026-08-23T20:56:10+00:00
ncaam-358970,NCAAM,2025-26,2026-02-26T00:30:00Z,Regular,Curb Event Center Arena,Belmont,B,Evansville,E,98,64,FINISHED,ncaam,2026-08-23T20:56:10+00:00
ncaam-358971,NCAAM,2025-26,2026-02-26T00:30:00Z,Regular,Devlin Fieldhouse,Tulane,T,Tulsa,T,56,90,FINISHED,ncaam,2026-08-23T20:56:10+00:00
ncaam-211870,NCAAM,2025-26,2026-02-26T01:00:00Z,Regular,UW-Milwaukee Panther Arena,Milwaukee,M,Youngstown State,YS,78,65,FINISHED,ncaam,2026-08-23T20:56:10+00:00
ncaam-211878,NCAAM,2025-26,2026-02-26T01:00:00Z,Regular,Atlantic Union Bank Center,James Madison,JM,Georgia Southern,GS,82,66,FINISHED,ncaam,2026-08-23T20:56:10+00:00
ncaam-215078,NCAAM,2025-26,2026-02-26T01:00:00Z,Regular,Maples Pavilion,Stanford,S,Pittsburgh,P,75,67,FINISHED,ncaam,2026-08-23T20:56:10+00:00
ncaam-358972,NCAAM,2025-26,2026-02-26T01:00:00Z,Regular,Athletics-Recreation Center,Valparaiso,V,Drake,D,74,71,FINISHED,ncaam,2026-08-23T20:56:10+00:00
ncaam-358973,NCAAM,2025-26,2026-02-26T01:00:00Z,Regular,Banterra Center,Southern Illinois,SI,Indiana State,IS,66,55,FINISHED,ncaam,2026-08-23T20:56:10+00:00
ncaam-358974,NCAAM,2025-26,2026-02-26T01:00:00Z,Regular,Tudor Fieldhouse,Rice,R,South Florida,SF,56,75,FINISHED,ncaam,2026-08-23T20:56:10+00:00
ncaam-358975,NCAAM,2025-26,2026-02-26T01:00:00Z,Regular,UTSA Convocation Center,UTSA,U,East Carolina,EC,81,82,FINISHED,ncaam,2026-08-23T20:56:10+00:00
ncaam-211877,NCAAM,2025-26,2026-02-26T01:30:00Z,Regular,Mitchell Center,South Alabama,SA,UL Monroe,UM,89,54,FINISHED,ncaam,2026-08-23T20:56:10+00:00
ncaam-211912,NCAAM,2025-26,2026-02-26T01:30:00Z,Regular,F&M Bank Arena,Austin Peay,AP,Central Arkansas,CA,88,93,FINISHED,ncaam,2026-08-23T20:56:10+00:00
ncaam-211862,NCAAM,2025-26,2026-02-26T02:00:00Z,Regular,Coleman Coliseum,Alabama,A,Mississippi State,MS,100,75,FINISHED,ncaam,2026-08-23T20:56:10+00:00
ncaam-211867,NCAAM,2025-26,2026-02-26T02:00:00Z,Regular,The Sandy and John Black Pavilion at Ole Miss,Ole Miss,OM,LSU,L,99,106,FINISHED,ncaam,2026-08-23T20:56:10+00:00
ncaam-215074,NCAAM,2025-26,2026-02-26T02:00:00Z,Regular,Global Credit Union Arena,Grand Canyon,GC,UNLV,U,80,67,FINISHED,ncaam,2026-08-23T20:56:10+00:00
ncaam-215085,NCAAM,2025-26,2026-02-26T02:00:00Z,Regular,CU Events Center,Colorado,C,Kansas State,KS,79,70,FINISHED,ncaam,2026-08-23T20:56:10+00:00
ncaam-215089,NCAAM,2025-26,2026-02-26T02:00:00Z,Regular,Carver-Hawkeye Arena,Iowa,I,Ohio State,OS,74,57,FINISHED,ncaam,2026-08-23T20:56:10+00:00
ncaam-215092,NCAAM,2025-26,2026-02-26T02:00:00Z,Regular,CHI Health Center Omaha,Creighton,C,DePaul,D,71,72,FINISHED,ncaam,2026-08-23T20:56:10+00:00
ncaam-358976,NCAAM,2025-26,2026-02-26T02:00:00Z,Regular,McCarthey Athletic Center,Gonzaga,G,Portland,P,89,48,FINISHED,ncaam,2026-08-23T20:56:10+00:00
ncaam-358977,NCAAM,2025-26,2026-02-26T02:00:00Z,Regular,Firestone Fieldhouse,Pepperdine,P,Seattle U,SU,80,87,FINISHED,ncaam,2026-08-23T20:56:10+00:00
ncaam-211866,NCAAM,2025-26,2026-02-26T02:10:00Z,Regular,Bud Walton Arena,Arkansas,A,Texas A&M,TA,99,84,FINISHED,ncaam,2026-08-23T20:56:10+00:00
ncaam-211913,NCAAM,2025-26,2026-02-26T02:27:00Z,Regular,Flowers Hall,North Alabama,NA,Bellarmine,B,73,68,FINISHED,ncaam,2026-08-23T20:56:10+00:00
ncaam-215081,NCAAM,2025-26,2026-02-26T03:00:00Z,Regular,Haas Pavilion,California,C,SMU,S,73,69,FINISHED,ncaam,2026-08-23T20:56:10+00:00
ncaam-358978,NCAAM,2025-26,2026-02-26T03:00:00Z,Regular,Gill Coliseum,Oregon State,OS,San Diego,SD,92,82,FINISHED,ncaam,2026-08-23T20:56:10+00:00
ncaam-215075,NCAAM,2025-26,2026-02-26T04:00:00Z,Regular,Viejas Arena,San Diego State,SDS,Utah State,US,89,72,FINISHED,ncaam,2026-08-23T20:56:10+00:00
ncaam-215087,NCAAM,2025-26,2026-02-26T04:00:00Z,Regular,Matthew Knight Arena,Oregon,O,Wisconsin,W,85,71,FINISHED,ncaam,2026-08-23T20:56:10+00:00
ncaam-358979,NCAAM,2025-26,2026-02-26T04:00:00Z,Regular,Gersten Pavilion,Loyola Marymount,LM,Washington State,WS,67,66,FINISHED,ncaam,2026-08-23T20:56:10+00:00
ncaam-358980,NCAAM,2025-26,2026-02-26T04:00:00Z,Regular,University Credit Union Pavilion,Saint Mary's,SM,Santa Clara,SC,86,67,FINISHED,ncaam,2026-08-23T20:56:10+00:00
ncaam-211894,NCAAM,2025-26,2026-02-26T16:00:00Z,Regular,Convocation Center (VA),Hampton,H,Charleston,C,71,85,FINISHED,ncaam,2026-08-23T20:56:10+00:00
ncaam-358966,NCAAM,2025-26,2026-02-26T22:00:00Z,Regular,Reilly Center,St. Bonaventure,SB,Rhode Island,RI,94,76,FINISHED,ncaam,2026-08-23T20:56:10+00:00
ncaam-211890,NCAAM,2025-26,2026-02-26T23:00:00Z,Regular,Events Center (Binghamton),Binghamton,B,New Hampshire,NH,65,63,FINISHED,ncaam,2026-08-23T20:56:10+00:00
ncaam-211893,NCAAM,2025-26,2026-02-26T23:00:00Z,Regular,Chesapeake Employers Insurance Arena,UMBC,U,Bryant,B,70,58,FINISHED,ncaam,2026-08-23T20:56:10+00:00
ncaam-211892,NCAAM,2025-26,2026-02-26T23:30:00Z,Regular,Broadview Center,UAlbany,U,Maine,M,59,70,FINISHED,ncaam,2026-08-23T20:56:10+00:00
ncaam-215095,NCAAM,2025-26,2026-02-26T23:30:00Z,Regular,Fredrick C. Hobdy Assembly Center,Grambling,G,Bethune-Cookman,BC,71,76,FINISHED,ncaam,2026-08-23T20:56:10+00:00
ncaam-211887,NCAAM,2025-26,2026-02-27T00:00:00Z,Regular,Merkert Gymnasium,Stonehill,S,St. Francis (PA),SF(,103,77,FINISHED,ncaam,2026-08-23T20:56:10+00:00
ncaam-211888,NCAAM,2025-26,2026-02-27T00:00:00Z,Regular,Steinberg Wellness Center,Long Island University,LIU,Chicago State,CS,73,56,FINISHED,ncaam,2026-08-23T20:56:10+00:00
ncaam-211889,NCAAM,2025-26,2026-02-27T00:00:00Z,Regular,Ted Grant Court,Le Moyne,LM,Fairleigh Dickinson,FD,76,59,FINISHED,ncaam,2026-08-23T20:56:10+00:00
ncaam-211891,NCAAM,2025-26,2026-02-27T00:00:00Z,Regular,Patrick Gymnasium,Vermont,V,UMass Lowell,UL,66,64,FINISHED,ncaam,2026-08-23T20:56:10+00:00
ncaam-211895,NCAAM,2025-26,2026-02-27T00:00:00Z,Regular,Daskalakis Athletic Center,Drexel,D,Campbell,C,65,60,FINISHED,ncaam,2026-08-23T20:56:10+00:00
ncaam-211896,NCAAM,2025-26,2026-02-27T00:00:00Z,Regular,TU Arena,Towson,T,Elon,E,58,56,FINISHED,ncaam,2026-08-23T20:56:10+00:00
ncaam-211897,NCAAM,2025-26,2026-02-27T00:00:00Z,Regular,Trask Coliseum,UNC Wilmington,UW,North Carolina A&T,NCA,88,65,FINISHED,ncaam,2026-08-23T20:56:10+00:00
ncaam-211898,NCAAM,2025-26,2026-02-27T00:00:00Z,Regular,OceanFirst Bank Center,Monmouth,M,Stony Brook,SB,82,69,FINISHED,ncaam,2026-08-23T20:56:10+00:00
ncaam-211899,NCAAM,2025-26,2026-02-27T00:00:00Z,Regular,Kaplan Arena,William & Mary,W&M,Northeastern,N,84,77,FINISHED,ncaam,2026-08-23T20:56:10+00:00
ncaam-211901,NCAAM,2025-26,2026-02-27T00:00:00Z,Regular,McKenzie Arena,Chattanooga,C,UNC Greensboro,UG,80,85,FINISHED,ncaam,2026-08-23T20:56:10+00:00
ncaam-211909,NCAAM,2025-26,2026-02-27T00:00:00Z,Regular,Swisher Gymnasium,Jacksonville,J,Stetson,S,89,85,FINISHED,ncaam,2026-08-23T20:56:10+00:00
ncaam-211911,NCAAM,2025-26,2026-02-27T00:00:00Z,Regular,UNF Arena,North Florida,NF,Florida Gulf Coast,FGC,76,70,FINISHED,ncaam,2026-08-23T20:56:10+00:00
ncaam-211922,NCAAM,2025-26,2026-02-27T00:00:00Z,Regular,Pete Mathews Coliseum,Jacksonville State,JS,Delaware,D,80,70,FINISHED,ncaam,2026-08-23T20:56:10+00:00
ncaam-211923,NCAAM,2025-26,2026-02-27T00:00:00Z,Regular,KSU Convocation Center,Kennesaw State,KS,Liberty,L,74,65,FINISHED,ncaam,2026-08-23T20:56:10+00:00
ncaam-211928,NCAAM,2025-26,2026-02-27T00:00:00Z,Regular,Detrick Gymnasium,Central Connecticut,CC,Mercyhurst,M,80,78,FINISHED,ncaam,2026-08-23T20:56:10+00:00
ncaam-215099,NCAAM,2025-26,2026-02-27T00:00:00Z,Regular,Buccaneer Fieldhouse,Charleston Southern,CS,Winthrop,W,86,84,FINISHED,ncaam,2026-08-23T20:56:10+00:00
ncaam-215100,NCAAM,2025-26,2026-02-27T00:00:00Z,Regular,The Dedmon Center,Radford,R,South Carolina Upstate,SCU,71,59,FINISHED,ncaam,2026-08-23T20:56:10+00:00
ncaam-215101,NCAAM,2025-26,2026-02-27T00:00:00Z,Regular,Paul Porter Arena,Gardner-Webb,GW,UNC Asheville,UA,71,77,FINISHED,ncaam,2026-08-23T20:56:10+00:00
ncaam-215102,NCAAM,2025-26,2026-02-27T00:00:00Z,Regular,Templeton Center,Presbyterian,P,High Point,HP,73,79,FINISHED,ncaam,2026-08-23T20:56:10+00:00
ncaam-215103,NCAAM,2025-26,2026-02-27T00:00:00Z,Regular,Spiro Sports Center,Wagner,W,New Haven,NH,65,62,FINISHED,ncaam,2026-08-23T20:56:10+00:00
ncaam-358982,NCAAM,2025-26,2026-02-27T00:00:00Z,Regular,Eleanor R. Baldwin Arena,Florida Atlantic,FA,Temple,T,77,73,FINISHED,ncaam,2026-08-23T20:56:10+00:00
ncaam-211924,NCAAM,2025-26,2026-02-27T00:30:00Z,Regular,Thomas Assembly Center,Louisiana Tech,LT,Missouri State,MS,72,70,FINISHED,ncaam,2026-08-23T20:56:10+00:00
ncaam-211926,NCAAM,2025-26,2026-02-27T00:30:00Z,Regular,Murphy Center,Middle Tennessee,MT,UTEP,U,77,67,FINISHED,ncaam,2026-08-23T20:56:10+00:00
ncaam-211927,NCAAM,2025-26,2026-02-27T00:30:00Z,Regular,E.A. Diddle Arena,Western Kentucky,WK,New Mexico State,NMS,93,70,FINISHED,ncaam,2026-08-23T20:56:10+00:00
ncaam-211882,NCAAM,2025-26,2026-02-27T01:00:00Z,Regular,Mabee Center,Oral Roberts,OR,Denver,D,102,80,FINISHED,ncaam,2026-08-23T20:56:10+00:00
ncaam-211884,NCAAM,2025-26,2026-02-27T01:00:00Z,Regular,Swinney Center,Kansas City,KC,South Dakota State,SDS,59,73,FINISHED,ncaam,2026-08-23T20:56:10+00:00
ncaam-211900,NCAAM,2025-26,2026-02-27T01:00:00Z,Regular,Pete Hanna Center,Samford,S,VMI,V,80,61,FINISHED,ncaam,2026-08-23T20:56:10+00:00
ncaam-211920,NCAAM,2025-26,2026-02-27T01:00:00Z,Regular,UCCU Center,Utah Valley,UV,Tarleton State,TS,79,72,FINISHED,ncaam,2026-08-23T20:56:10+00:00
ncaam-215098,NCAAM,2025-26,2026-02-27T01:00:00Z,Regular,Mackey Arena,Purdue,P,Michigan State,MS,74,76,FINISHED,ncaam,2026-08-23T20:56:10+00:00
ncaam-358981,NCAAM,2025-26,2026-02-27T01:15:00Z,Regular,H&PE Arena,Texas Southern,TS,Alcorn State,AS,92,87,FINISHED,ncaam,2026-08-23T20:56:10+00:00
ncaam-211915,NCAAM,2025-26,2026-02-27T01:30:00Z,Regular,First Community Arena,SIU Edwardsville,SE,Western Illinois,WI,67,47,FINISHED,ncaam,2026-08-23T20:56:10+00:00
ncaam-211916,NCAAM,2025-26,2026-02-27T01:30:00Z,Regular,Show Me Center,Southeast Missouri State,SMS,Tennessee State,TS,71,79,FINISHED,ncaam,2026-08-23T20:56:10+00:00
ncaam-211918,NCAAM,2025-26,2026-02-27T01:30:00Z,Regular,Hyland Arena,Lindenwood,L,Eastern Illinois,EI,67,71,FINISHED,ncaam,2026-08-23T20:56:10+00:00
ncaam-215096,NCAAM,2025-26,2026-02-27T01:30:00Z,Regular,F.G. Clark Activity Center,Southern,S,Florida A&M,FA,71,82,FINISHED,ncaam,2026-08-23T20:56:10+00:00
ncaam-211917,NCAAM,2025-26,2026-02-27T01:45:00Z,Regular,Jack Stephens Center,Little Rock,LR,Morehead State,MS,70,76,FINISHED,ncaam,2026-08-23T20:56:10+00:00
ncaam-211885,NCAAM,2025-26,2026-02-27T02:00:00Z,Regular,Schoenecker Arena,St. Thomas-Minnesota,STM,North Dakota State,NDS,84,62,FINISHED,ncaam,2026-08-23T20:56:10+00:00
ncaam-211905,NCAAM,2025-26,2026-02-27T02:00:00Z,Regular,Worthington Arena,Montana State,MS,Portland State,PS,84,69,FINISHED,ncaam,2026-08-23T20:56:10+00:00
ncaam-211906,NCAAM,2025-26,2026-02-27T02:00:00Z,Regular,Dahlberg Arena,Montana,M,Sacramento State,SS,81,73,FINISHED,ncaam,2026-08-23T20:56:10+00:00
ncaam-211907,NCAAM,2025-26,2026-02-27T02:00:00Z,Regular,ICCU Arena,Idaho,I,Northern Arizona,NA,78,58,FINISHED,ncaam,2026-08-23T20:56:10+00:00
ncaam-211908,NCAAM,2025-26,2026-02-27T02:00:00Z,Regular,Reese Court,Eastern Washington,EW,Northern Colorado,NC,82,72,FINISHED,ncaam,2026-08-23T20:56:10+00:00
ncaam-211914,NCAAM,2025-26,2026-02-27T02:00:00Z,Regular,Kathleen and Tom Elam Center,UT Martin,UM,Tennessee Tech,TT,64,49,FINISHED,ncaam,2026-08-23T20:56:10+00:00
ncaam-211921,NCAAM,2025-26,2026-02-27T02:00:00Z,Regular,Burns Arena,Utah Tech,UT,Abilene Christian,AC,85,81,FINISHED,ncaam,2026-08-23T20:56:10+00:00
ncaam-211925,NCAAM,2025-26,2026-02-27T02:00:00Z,Regular,Bernard G. Johnson Coliseum,Sam Houston,SH,Florida International,FI,100,67,FINISHED,ncaam,2026-08-23T20:56:10+00:00
ncaam-211929,NCAAM,2025-26,2026-02-27T02:00:00Z,Regular,University Credit Union Center,UC Davis,UD,Hawai'i,H,73,77,FINISHED,ncaam,2026-08-23T20:56:10+00:00
ncaam-215097,NCAAM,2025-26,2026-02-27T02:00:00Z,Regular,The Thunderdome,UC Santa Barbara,USB,UC Riverside,UR,70,59,FINISHED,ncaam,2026-08-23T20:56:10+00:00
ncaam-358983,NCAAM,2025-26,2026-02-27T02:00:00Z,Regular,FedExForum,Memphis,M,Wichita State,WS,82,88,FINISHED,ncaam,2026-08-23T20:56:10+00:00
ncaam-215104,NCAAM,2025-26,2026-02-27T02:30:00Z,Regular,William Nicks Building,Prairie View A&M,PVA,Jackson State,JS,85,76,FINISHED,ncaam,2026-08-23T20:56:10+00:00
ncaam-211902,NCAAM,2025-26,2026-02-27T03:00:00Z,Regular,Mott Athletics Center,Cal Poly,CP,Long Beach State,LBS,102,92,FINISHED,ncaam,2026-08-23T20:56:10+00:00
ncaam-211903,NCAAM,2025-26,2026-02-27T03:00:00Z,Regular,Premier America Credit Union Arena,Cal State Northridge,CSN,UC Irvine,UI,67,68,FINISHED,ncaam,2026-08-23T20:56:10+00:00
ncaam-211904,NCAAM,2025-26,2026-02-27T03:00:00Z,Regular,LionTree Arena,UC San Diego,USD,Cal State Bakersfield,CSB,84,72,FINISHED,ncaam,2026-08-23T20:56:10+00:00
ncaam-211919,NCAAM,2025-26,2026-02-27T03:00:00Z,Regular,Dale E. and Sarah Ann Fowler Events Center,California Baptist,CB,UT Arlington,UA,68,56,FINISHED,ncaam,2026-08-23T20:56:10+00:00
ncaam-211944,NCAAM,2025-26,2026-02-27T23:00:00Z,Regular,Newman Arena,Cornell,C,Yale,Y,72,69,FINISHED,ncaam,2026-08-23T20:56:10+00:00
ncaam-211956,NCAAM,2025-26,2026-02-27T23:00:00Z,Regular,University Arena (MI),Western Michigan,WM,Miami (OH),M(,67,69,FINISHED,ncaam,2026-08-23T20:56:10+00:00
ncaam-211932,NCAAM,2025-26,2026-02-27T23:30:00Z,Regular,Gallagher Center,Niagara,N,Quinnipiac,Q,78,76,FINISHED,ncaam,2026-08-23T20:56:10+00:00
ncaam-211930,NCAAM,2025-26,2026-02-28T00:00:00Z,Regular,Leo D. Mahoney Arena,Fairfield,F,Siena,S,72,58,FINISHED,ncaam,2026-08-23T20:56:10+00:00
ncaam-211931,NCAAM,2025-26,2026-02-28T00:00:00Z,Regular,William H. Pitt Center,Sacred Heart,SH,Mount St. Mary's,MSM,77,69,FINISHED,ncaam,2026-08-23T20:56:10+00:00
ncaam-211933,NCAAM,2025-26,2026-02-28T00:00:00Z,Regular,Koessler Athletic Center,Canisius,C,Merrimack,M,67,62,FINISHED,ncaam,2026-08-23T20:56:10+00:00
ncaam-211934,NCAAM,2025-26,2026-02-28T00:00:00Z,Regular,Yanitelli Center,Saint Peter's,SP,Manhattan,M,75,65,FINISHED,ncaam,2026-08-23T20:56:10+00:00
ncaam-211935,NCAAM,2025-26,2026-02-28T00:00:00Z,Regular,Jadwin Gymnasium,Princeton,P,Harvard,H,56,58,FINISHED,ncaam,2026-08-23T20:56:10+00:00
ncaam-211936,NCAAM,2025-26,2026-02-28T00:00:00Z,Regular,The Palestra,Pennsylvania,P,Dartmouth,D,80,71,FINISHED,ncaam,2026-08-23T20:56:10+00:00
ncaam-211937,NCAAM,2025-26,2026-02-28T00:00:00Z,Regular,Trojan Arena,Troy,T,UL Monroe,UM,80,65,FINISHED,ncaam,2026-08-23T20:56:10+00:00
ncaam-211945,NCAAM,2025-26,2026-02-28T00:00:00Z,Regular,Levien Gymnasium,Columbia,C,Brown,B,80,62,FINISHED,ncaam,2026-08-23T20:56:10+00:00
ncaam-215106,NCAAM,2025-26,2026-02-28T00:00:00Z,Regular,Hynes Athletics Center,Iona,I,Rider,R,80,58,FINISHED,ncaam,2026-08-23T20:56:10+00:00
ncaam-358984,NCAAM,2025-26,2026-02-28T00:00:00Z,Regular,Charles E. Smith Center,George Washington,GW,Dayton,D,66,68,FINISHED,ncaam,2026-08-23T20:56:10+00:00
ncaam-211943,NCAAM,2025-26,2026-02-28T00:30:00Z,Regular,GSU Convocation Center,Georgia State,GS,Old Dominion,OD,73,81,FINISHED,ncaam,2026-08-23T20:56:10+00:00
ncaam-211940,NCAAM,2025-26,2026-02-28T01:00:00Z,Regular,Strahan Arena at the University Events Center,Texas State,TS,App State,AS,60,57,FINISHED,ncaam,2026-08-23T20:56:10+00:00
ncaam-211942,NCAAM,2025-26,2026-02-28T01:00:00Z,Regular,Atlantic Union Bank Center,James Madison,JM,Coastal Carolina,CC,68,69,FINISHED,ncaam,2026-08-23T20:56:10+00:00
ncaam-211960,NCAAM,2025-26,2026-02-28T01:00:00Z,Regular,M.A.C. Center,Kent State,KS,Akron,A,70,92,FINISHED,ncaam,2026-08-23T20:56:10+00:00
ncaam-215105,NCAAM,2025-26,2026-02-28T01:00:00Z,Regular,State Farm Center,Illinois,I,Michigan,M,70,84,FINISHED,ncaam,2026-08-23T20:56:10+00:00
ncaam-211938,NCAAM,2025-26,2026-02-28T01:30:00Z,Regular,Mitchell Center,South Alabama,SA,Southern Miss,SM,55,68,FINISHED,ncaam,2026-08-23T20:56:10+00:00
ncaam-211941,NCAAM,2025-26,2026-02-28T02:00:00Z,Regular,Cam Henderson Center,Marshall,M,Georgia Southern,GS,82,99,FINISHED,ncaam,2026-08-23T20:56:10+00:00
ncaam-211939,NCAAM,2025-26,2026-02-28T02:10:00Z,Regular,First National Bank Arena,Arkansas State,AS,Louisiana,L,81,58,FINISHED,ncaam,2026-08-23T20:56:10+00:00
ncaam-215110,NCAAM,2025-26,2026-02-28T17:00:00Z,Regular,Fertitta Center,Houston,H,Colorado,C,102,62,FINISHED,ncaam,2026-08-23T20:56:10+00:00
ncaam-215120,NCAAM,2025-26,2026-02-28T17:00:00Z,Regular,Bryce Jordan Center,Penn State,PS,Iowa,I,71,69,FINISHED,ncaam,2026-08-23T20:56:10+00:00
ncaam-215123,NCAAM,2025-26,2026-02-28T17:00:00Z,Regular,Bender Arena,American University,AU,Boston University,BU,65,68,FINISHED,ncaam,2026-08-23T20:56:10+00:00
ncaam-215132,NCAAM,2025-26,2026-02-28T17:00:00Z,Regular,Gampel Pavilion,UConn,U,Seton Hall,SH,71,67,FINISHED,ncaam,2026-08-23T20:56:10+00:00
ncaam-215136,NCAAM,2025-26,2026-02-28T17:00:00Z,Regular,Purcell Pavilion,Notre Dame,ND,NC State,NS,96,90,FINISHED,ncaam,2026-08-23T20:56:10+00:00
ncaam-215139,NCAAM,2025-26,2026-02-28T17:00:00Z,Regular,McCamish Pavilion,Georgia Tech,GT,Florida State,FS,71,80,FINISHED,ncaam,2026-08-23T20:56:10+00:00
ncaam-215140,NCAAM,2025-26,2026-02-28T17:00:00Z,Regular,Cameron Indoor Stadium,Duke,D,Virginia,V,77,51,FINISHED,ncaam,2026-08-23T20:56:10+00:00
ncaam-215144,NCAAM,2025-26,2026-02-28T17:00:00Z,Regular,Hart Center,Holy Cross,HC,Loyola Maryland,LM,62,76,FINISHED,ncaam,2026-08-23T20:56:10+00:00
ncaam-358986,NCAAM,2025-26,2026-02-28T17:00:00Z,Regular,Thomas M. Ryan Center,Rhode Island,RI,Saint Joseph's,SJ,55,61,FINISHED,ncaam,2026-08-23T20:56:10+00:00
ncaam-358987,NCAAM,2025-26,2026-02-28T17:30:00Z,Regular,Siegel Center,VCU,V,Fordham,F,82,63,FINISHED,ncaam,2026-08-23T20:56:10+00:00
ncaam-211952,NCAAM,2025-26,2026-02-28T18:00:00Z,Regular,UPMC Events Center,Robert Morris,RM,Cleveland State,CS,83,64,FINISHED,ncaam,2026-08-23T20:56:10+00:00
ncaam-211962,NCAAM,2025-26,2026-02-28T18:00:00Z,Regular,Spiro Sports Center,Wagner,W,Chicago State,CS,80,61,FINISHED,ncaam,2026-08-23T20:56:10+00:00
ncaam-211965,NCAAM,2025-26,2026-02-28T18:00:00Z,Regular,Steinberg Wellness Center,Long Island University,LIU,Fairleigh Dickinson,FD,74,60,FINISHED,ncaam,2026-08-23T20:56:10+00:00
ncaam-211968,NCAAM,2025-26,2026-02-28T18:00:00Z,Regular,Costello Athletic Center,UMass Lowell,UL,UMBC,U,60,84,FINISHED,ncaam,2026-08-23T20:56:10+00:00
ncaam-211995,NCAAM,2025-26,2026-02-28T18:00:00Z,Regular,Humphrey Coliseum,Mississippi State,MS,Missouri,M,64,88,FINISHED,ncaam,2026-08-23T20:56:10+00:00
ncaam-212020,NCAAM,2025-26,2026-02-28T18:00:00Z,Regular,Murphy Center,Middle Tennessee,MT,New Mexico State,NMS,86,85,FINISHED,ncaam,2026-08-23T20:56:10+00:00
ncaam-212021,NCAAM,2025-26,2026-02-28T18:00:00Z,Regular,Detrick Gymnasium,Central Connecticut,CC,St. Francis (PA),SF(,69,64,FINISHED,ncaam,2026-08-23T20:56:10+00:00
ncaam-215117,NCAAM,2025-26,2026-02-28T18:00:00Z,Regular,Kirby Sports Center,Lafayette,L,Army,A,83,77,FINISHED,ncaam,2026-08-23T20:56:10+00:00
ncaam-215146,NCAAM,2025-26,2026-02-28T18:00:00Z,Regular,Jeffery P. Hazell Athletics Center,New Haven,NH,Le Moyne,LM,66,59,FINISHED,ncaam,2026-08-23T20:56:10+00:00
ncaam-215130,NCAAM,2025-26,2026-02-28T18:30:00Z,Regular,Cintas Center,Xavier,X,Georgetown,G,91,84,FINISHED,ncaam,2026-08-23T20:56:10+00:00
ncaam-211949,NCAAM,2025-26,2026-02-28T19:00:00Z,Regular,Sanford Coyote Sports Center,South Dakota,SD,South Dakota State,SDS,75,70,FINISHED,ncaam,2026-08-23T20:56:10+00:00
ncaam-211951,NCAAM,2025-26,2026-02-28T19:00:00Z,Regular,Resch Center,Green Bay,GB,Youngstown State,YS,85,63,FINISHED,ncaam,2026-08-23T20:56:10+00:00
ncaam-211957,NCAAM,2025-26,2026-02-28T19:00:00Z,Regular,Stroh Center,Bowling Green,BG,Massachusetts,M,81,62,FINISHED,ncaam,2026-08-23T20:56:10+00:00
ncaam-211958,NCAAM,2025-26,2026-02-28T19:00:00Z,Regular,Alumni Arena,Buffalo,B,Central Michigan,CM,70,75,FINISHED,ncaam,2026-08-23T20:56:10+00:00
ncaam-211963,NCAAM,2025-26,2026-02-28T19:00:00Z,Regular,Merkert Gymnasium,Stonehill,S,Mercyhurst,M,72,75,FINISHED,ncaam,2026-08-23T20:56:10+00:00
ncaam-211967,NCAAM,2025-26,2026-02-28T19:00:00Z,Regular,Broadview Center,UAlbany,U,New Hampshire,NH,84,61,FINISHED,ncaam,2026-08-23T20:56:10+00:00
ncaam-211969,NCAAM,2025-26,2026-02-28T19:00:00Z,Regular,Events Center (Binghamton),Binghamton,B,Maine,M,74,67,FINISHED,ncaam,2026-08-23T20:56:10+00:00
ncaam-211972,NCAAM,2025-26,2026-02-28T19:00:00Z,Regular,Corbett Sports Center,North Carolina A&T,NCA,William & Mary,W&M,88,91,FINISHED,ncaam,2026-08-23T20:56:10+00:00
ncaam-211974,NCAAM,2025-26,2026-02-28T19:00:00Z,Regular,TU Arena,Towson,T,Campbell,C,71,67,FINISHED,ncaam,2026-08-23T20:56:10+00:00
ncaam-211976,NCAAM,2025-26,2026-02-28T19:00:00Z,Regular,Jerry Richardson Indoor Stadium,Wofford,W,The Citadel,TC,90,93,FINISHED,ncaam,2026-08-23T20:56:10+00:00
ncaam-211980,NCAAM,2025-26,2026-02-28T19:00:00Z,Regular,McKenzie Arena,Chattanooga,C,VMI,V,86,79,FINISHED,ncaam,2026-08-23T20:56:10+00:00
ncaam-212001,NCAAM,2025-26,2026-02-28T19:00:00Z,Regular,Farris Center,Central Arkansas,CA,Queens University,QU,84,79,FINISHED,ncaam,2026-08-23T20:56:10+00:00
ncaam-212002,NCAAM,2025-26,2026-02-28T19:00:00Z,Regular,The Coliseum,West Georgia,WG,North Alabama,NA,75,63,FINISHED,ncaam,2026-08-23T20:56:10+00:00
ncaam-212005,NCAAM,2025-26,2026-02-28T19:00:00Z,Regular,Edmunds Center,Stetson,S,Florida Gulf Coast,FGC,78,63,FINISHED,ncaam,2026-08-23T20:56:10+00:00
ncaam-212006,NCAAM,2025-26,2026-02-28T19:00:00Z,Regular,Knights Hall,Bellarmine,B,Austin Peay,AP,111,97,FINISHED,ncaam,2026-08-23T20:56:10+00:00
ncaam-212007,NCAAM,2025-26,2026-02-28T19:00:00Z,Regular,Kathleen and Tom Elam Center,UT Martin,UM,Tennessee State,TS,42,67,FINISHED,ncaam,2026-08-23T20:56:10+00:00
ncaam-215111,NCAAM,2025-26,2026-02-28T19:00:00Z,Regular,Fifth Third Arena,Cincinnati,C,Oklahoma State,OS,91,68,FINISHED,ncaam,2026-08-23T20:56:10+00:00
ncaam-215121,NCAAM,2025-26,2026-02-28T19:00:00Z,Regular,Welsh-Ryan Arena,Northwestern,N,Oregon,O,63,62,FINISHED,ncaam,2026-08-23T20:56:10+00:00
ncaam-215122,NCAAM,2025-26,2026-02-28T19:00:00Z,Regular,Williams Arena,Minnesota,M,UCLA,U,78,73,FINISHED,ncaam,2026-08-23T20:56:10+00:00
ncaam-215126,NCAAM,2025-26,2026-02-28T19:00:00Z,Regular,Kimmel Arena,UNC Asheville,UA,Charleston Southern,CS,75,92,FINISHED,ncaam,2026-08-23T20:56:10+00:00
ncaam-215129,NCAAM,2025-26,2026-02-28T19:00:00Z,Regular,The Pit,New Mexico,NM,San Diego State,SDS,81,76,FINISHED,ncaam,2026-08-23T20:56:10+00:00
ncaam-215141,NCAAM,2025-26,2026-02-28T19:00:00Z,Regular,Littlejohn Coliseum,Clemson,C,Louisville,L,80,75,FINISHED,ncaam,2026-08-23T20:56:10+00:00
ncaam-215147,NCAAM,2025-26,2026-02-28T19:00:00Z,Regular,G.B. Hodge Center,South Carolina Upstate,SCU,Gardner-Webb,GW,71,61,FINISHED,ncaam,2026-08-23T20:56:10+00:00
ncaam-358988,NCAAM,2025-26,2026-02-28T19:00:00Z,Regular,Stabler Arena,Lehigh,L,Bucknell,B,89,79,FINISHED,ncaam,2026-08-23T20:56:10+00:00
ncaam-358989,NCAAM,2025-26,2026-02-28T19:00:00Z,Regular,EagleBank Arena,George Mason,GM,St. Bonaventure,SB,71,58,FINISHED,ncaam,2026-08-23T20:56:10+00:00
ncaam-372148,NCAAM,2025-26,2026-02-28T19:00:00Z,Regular,The Jungle,IU Indianapolis,II,Purdue Fort Wayne,PFW,81,87,FINISHED,ncaam,2026-08-23T20:56:10+00:00
ncaam-211997,NCAAM,2025-26,2026-02-28T19:05:00Z,Regular,Rupp Arena,Kentucky,K,Vanderbilt,V,91,77,FINISHED,ncaam,2026-08-23T20:56:10+00:00
ncaam-215138,NCAAM,2025-26,2026-02-28T19:10:00Z,Regular,Watsco Center,Miami,M,Boston College,BC,76,54,FINISHED,ncaam,2026-08-23T20:56:10+00:00
ncaam-211953,NCAAM,2025-26,2026-02-28T20:00:00Z,Regular,OU Credit Union O'rena,Oakland,O,Detroit Mercy,DM,89,95,FINISHED,ncaam,2026-08-23T20:56:10+00:00
ncaam-211973,NCAAM,2025-26,2026-02-28T20:00:00Z,Regular,OceanFirst Bank Center,Monmouth,M,Elon,E,73,57,FINISHED,ncaam,2026-08-23T20:56:10+00:00
ncaam-211989,NCAAM,2025-26,2026-02-28T20:00:00Z,Regular,Worthington Arena,Montana State,MS,Sacramento State,SS,82,61,FINISHED,ncaam,2026-08-23T20:56:10+00:00
ncaam-212018,NCAAM,2025-26,2026-02-28T20:00:00Z,Regular,Thomas Assembly Center,Louisiana Tech,LT,Florida International,FI,76,84,FINISHED,ncaam,2026-08-23T20:56:10+00:00
ncaam-212019,NCAAM,2025-26,2026-02-28T20:00:00Z,Regular,E.A. Diddle Arena,Western Kentucky,WK,UTEP,U,97,65,FINISHED,ncaam,2026-08-23T20:56:10+00:00
ncaam-215124,NCAAM,2025-26,2026-02-28T20:00:00Z,Regular,Joan Perry Brock Center,Longwood,L,Radford,R,90,74,FINISHED,ncaam,2026-08-23T20:56:10+00:00
ncaam-211998,NCAAM,2025-26,2026-02-28T20:30:00Z,Regular,Stegeman Coliseum,Georgia,G,South Carolina,SC,87,68,FINISHED,ncaam,2026-08-23T20:56:10+00:00
ncaam-215113,NCAAM,2025-26,2026-02-28T20:30:00Z,Regular,Desert Financial Arena,Arizona State,AS,Utah,U,73,60,FINISHED,ncaam,2026-08-23T20:56:10+00:00
ncaam-215116,NCAAM,2025-26,2026-02-28T20:30:00Z,Regular,F.G. Clark Activity Center,Southern,S,Bethune-Cookman,BC,79,82,FINISHED,ncaam,2026-08-23T20:56:10+00:00
ncaam-211955,NCAAM,2025-26,2026-02-28T21:00:00Z,Regular,Convocation Center (OH),Ohio,O,Toledo,T,67,79,FINISHED,ncaam,2026-08-23T20:56:10+00:00
ncaam-211966,NCAAM,2025-26,2026-02-28T21:00:00Z,Regular,Chace Athletic Center,Bryant,B,NJIT,N,69,52,FINISHED,ncaam,2026-08-23T20:56:10+00:00
ncaam-211970,NCAAM,2025-26,2026-02-28T21:00:00Z,Regular,Convocation Center (VA),Hampton,H,Northeastern,N,76,65,FINISHED,ncaam,2026-08-23T20:56:10+00:00
ncaam-211990,NCAAM,2025-26,2026-02-28T21:00:00Z,Regular,Dahlberg Arena,Montana,M,Portland State,PS,74,68,FINISHED,ncaam,2026-08-23T20:56:10+00:00
ncaam-211991,NCAAM,2025-26,2026-02-28T21:00:00Z,Regular,ICCU Arena,Idaho,I,Northern Colorado,NC,67,76,FINISHED,ncaam,2026-08-23T20:56:10+00:00
ncaam-211992,NCAAM,2025-26,2026-02-28T21:00:00Z,Regular,Reese Court,Eastern Washington,EW,Northern Arizona,NA,88,57,FINISHED,ncaam,2026-08-23T20:56:10+00:00
ncaam-212003,NCAAM,2025-26,2026-02-28T21:00:00Z,Regular,Baptist Health Arena,Eastern Kentucky,EK,Lipscomb,L,77,80,FINISHED,ncaam,2026-08-23T20:56:10+00:00
ncaam-212009,NCAAM,2025-26,2026-02-28T21:00:00Z,Regular,Jack Stephens Center,Little Rock,LR,Southern Indiana,SI,89,70,FINISHED,ncaam,2026-08-23T20:56:10+00:00
ncaam-212014,NCAAM,2025-26,2026-02-28T21:00:00Z,Regular,UCCU Center,Utah Valley,UV,Abilene Christian,AC,74,67,FINISHED,ncaam,2026-08-23T20:56:10+00:00
ncaam-215109,NCAAM,2025-26,2026-02-28T21:00:00Z,Regular,Hilton Coliseum,Iowa State,IS,Texas Tech,TT,73,82,FINISHED,ncaam,2026-08-23T20:56:10+00:00
ncaam-215118,NCAAM,2025-26,2026-02-28T21:00:00Z,Regular,Alaska Airlines Arena,Washington,W,Wisconsin,W,73,90,FINISHED,ncaam,2026-08-23T20:56:10+00:00
ncaam-215119,NCAAM,2025-26,2026-02-28T21:00:00Z,Regular,Galen Center,USC,U,Nebraska,N,67,82,FINISHED,ncaam,2026-08-23T20:56:10+00:00
ncaam-215125,NCAAM,2025-26,2026-02-28T21:00:00Z,Regular,Winthrop Coliseum,Winthrop,W,Presbyterian,P,74,70,FINISHED,ncaam,2026-08-23T20:56:10+00:00
ncaam-215142,NCAAM,2025-26,2026-02-28T21:00:00Z,Regular,Haas Pavilion,California,C,Pittsburgh,P,56,72,FINISHED,ncaam,2026-08-23T20:56:10+00:00
ncaam-215145,NCAAM,2025-26,2026-02-28T21:00:00Z,Regular,Alumni Hall (Navy),Navy,N,Colgate,C,85,69,FINISHED,ncaam,2026-08-23T20:56:10+00:00
ncaam-358990,NCAAM,2025-26,2026-02-28T21:00:00Z,Regular,Arena-Auditorium,Wyoming,W,Air Force,AF,66,62,FINISHED,ncaam,2026-08-23T20:56:10+00:00
ncaam-358992,NCAAM,2025-26,2026-02-28T21:00:00Z,Regular,Hill Field House,Morgan State,MS,Howard,H,59,84,FINISHED,ncaam,2026-08-23T20:56:10+00:00
ncaam-358993,NCAAM,2025-26,2026-02-28T21:00:00Z,Regular,Gentile Arena,Loyola Chicago,LC,Richmond,R,69,66,FINISHED,ncaam,2026-08-23T20:56:10+00:00
ncaam-358995,NCAAM,2025-26,2026-02-28T21:00:00Z,Regular,Chiles Center,Portland,P,San Diego,SD,87,74,FINISHED,ncaam,2026-08-23T20:56:10+00:00
ncaam-358997,NCAAM,2025-26,2026-02-28T21:00:00Z,Regular,Ford Center,Evansville,E,Valparaiso,V,80,79,FINISHED,ncaam,2026-08-23T20:56:10+00:00
ncaam-215114,NCAAM,2025-26,2026-02-28T21:05:00Z,Regular,McKale Memorial Center,Arizona,A,Kansas,K,84,61,FINISHED,ncaam,2026-08-23T20:56:10+00:00
ncaam-211993,NCAAM,2025-26,2026-02-28T21:10:00Z,Regular,Reed Arena,Texas A&M,TA,Texas,T,70,76,FINISHED,ncaam,2026-08-23T20:56:10+00:00
ncaam-211979,NCAAM,2025-26,2026-02-28T21:30:00Z,Regular,Hawkins Arena,Mercer,M,East Tennessee State,ETS,82,76,FINISHED,ncaam,2026-08-23T20:56:10+00:00
ncaam-211984,NCAAM,2025-26,2026-02-28T21:30:00Z,Regular,Sharp Gymnasium,Houston Christian,HC,Stephen F. Austin,SFA,56,77,FINISHED,ncaam,2026-08-23T20:56:10+00:00
ncaam-212010,NCAAM,2025-26,2026-02-28T21:30:00Z,Regular,Western Hall,Western Illinois,WI,Lindenwood,L,69,91,FINISHED,ncaam,2026-08-23T20:56:10+00:00
ncaam-212011,NCAAM,2025-26,2026-02-28T21:30:00Z,Regular,First Community Arena,SIU Edwardsville,SE,Eastern Illinois,EI,77,50,FINISHED,ncaam,2026-08-23T20:56:10+00:00
ncaam-215148,NCAAM,2025-26,2026-02-28T21:30:00Z,Regular,Hytche Center,Maryland Eastern Shore,MES,South Carolina State,SCS,69,57,FINISHED,ncaam,2026-08-23T20:56:10+00:00
ncaam-358991,NCAAM,2025-26,2026-02-28T21:30:00Z,Regular,Memorial Hall (DE),Delaware State,DS,North Carolina Central,NCC,60,74,FINISHED,ncaam,2026-08-23T20:56:10+00:00
ncaam-211959,NCAAM,2025-26,2026-02-28T21:45:00Z,Regular,NIU Convocation Center,Northern Illinois,NI,Ball State,BS,43,79,FINISHED,ncaam,2026-08-23T20:56:10+00:00
ncaam-211986,NCAAM,2025-26,2026-02-28T21:45:00Z,Regular,David R. Stopher Gymnasium,Nicholls,N,SE Louisiana,SL,68,60,FINISHED,ncaam,2026-08-23T20:56:10+00:00
ncaam-215149,NCAAM,2025-26,2026-02-28T21:55:00Z,Regular,Physical Education Complex,Coppin State,CS,Norfolk State,NS,69,75,FINISHED,ncaam,2026-08-23T20:56:10+00:00
ncaam-211950,NCAAM,2025-26,2026-02-28T22:00:00Z,Regular,Scheels Center,North Dakota State,NDS,North Dakota,ND,96,63,FINISHED,ncaam,2026-08-23T20:56:10+00:00
ncaam-212008,NCAAM,2025-26,2026-02-28T22:00:00Z,Regular,Show Me Center,Southeast Missouri State,SMS,Tennessee Tech,TT,89,73,FINISHED,ncaam,2026-08-23T20:56:10+00:00
ncaam-212015,NCAAM,2025-26,2026-02-28T22:00:00Z,Regular,KSU Convocation Center,Kennesaw State,KS,Delaware,D,90,82,FINISHED,ncaam,2026-08-23T20:56:10+00:00
ncaam-215143,NCAAM,2025-26,2026-02-28T22:00:00Z,Regular,McDermott Center,Incarnate Word,IW,Lamar,L,72,60,FINISHED,ncaam,2026-08-23T20:56:10+00:00
ncaam-358994,NCAAM,2025-26,2026-02-28T22:00:00Z,Regular,Provident Credit Union Event Center,San José State,SJS,Colorado State,CS,73,85,FINISHED,ncaam,2026-08-23T20:56:10+00:00
ncaam-211977,NCAAM,2025-26,2026-02-28T22:30:00Z,Regular,Ramsey Center,Western Carolina,WC,Furman,F,86,67,FINISHED,ncaam,2026-08-23T20:56:10+00:00
ncaam-211988,NCAAM,2025-26,2026-02-28T22:30:00Z,Regular,UTRGV Fieldhouse,UT Rio Grande Valley,URGV,East Texas A&M,ETA,63,55,FINISHED,ncaam,2026-08-23T20:56:10+00:00
ncaam-212017,NCAAM,2025-26,2026-02-28T22:30:00Z,Regular,Bernard G. Johnson Coliseum,Sam Houston,SH,Missouri State,MS,86,81,FINISHED,ncaam,2026-08-23T20:56:10+00:00
ncaam-215107,NCAAM,2025-26,2026-02-28T22:30:00Z,Regular,WVU Coliseum,West Virginia,WV,BYU,B,79,71,FINISHED,ncaam,2026-08-23T20:56:10+00:00
ncaam-215131,NCAAM,2025-26,2026-02-28T22:30:00Z,Regular,CHI Health Center Omaha,Creighton,C,Providence,P,76,79,FINISHED,ncaam,2026-08-23T20:56:10+00:00
ncaam-215152,NCAAM,2025-26,2026-02-28T22:30:00Z,Regular,William Nicks Building,Prairie View A&M,PVA,Alcorn State,AS,72,51,FINISHED,ncaam,2026-08-23T20:56:10+00:00
ncaam-215134,NCAAM,2025-26,2026-02-28T22:45:00Z,Regular,LJVM Coliseum,Wake Forest,WF,Syracuse,S,88,83,FINISHED,ncaam,2026-08-23T20:56:10+00:00
ncaam-215150,NCAAM,2025-26,2026-02-28T22:45:00Z,Regular,Event Center,Alabama A&M,AA,Alabama State,AS,88,89,FINISHED,ncaam,2026-08-23T20:56:10+00:00
ncaam-358985,NCAAM,2025-26,2026-02-28T22:45:00Z,Regular,H&PE Arena,Texas Southern,TS,Jackson State,JS,82,57,FINISHED,ncaam,2026-08-23T20:56:10+00:00
ncaam-215115,NCAAM,2025-26,2026-02-28T22:55:00Z,Regular,Fredrick C. Hobdy Assembly Center,Grambling,G,Florida A&M,FA,59,66,FINISHED,ncaam,2026-08-23T20:56:10+00:00
ncaam-211946,NCAAM,2025-26,2026-02-28T23:00:00Z,Regular,Newman Arena,Cornell,C,Brown,B,86,80,FINISHED,ncaam,2026-08-23T20:56:10+00:00
ncaam-211961,NCAAM,2025-26,2026-02-28T23:00:00Z,Regular,The Palestra,Pennsylvania,P,Harvard,H,64,61,FINISHED,ncaam,2026-08-23T20:56:10+00:00
ncaam-211978,NCAAM,2025-26,2026-02-28T23:00:00Z,Regular,Pete Hanna Center,Samford,S,UNC Greensboro,UG,87,78,FINISHED,ncaam,2026-08-23T20:56:10+00:00
ncaam-211987,NCAAM,2025-26,2026-02-28T23:00:00Z,Regular,Lakefront Arena,New Orleans,NO,McNeese,M,63,66,FINISHED,ncaam,2026-08-23T20:56:10+00:00
ncaam-211996,NCAAM,2025-26,2026-02-28T23:00:00Z,Regular,Pete Maravich Assembly Center,LSU,L,Oklahoma,O,67,83,FINISHED,ncaam,2026-08-23T20:56:10+00:00
ncaam-212004,NCAAM,2025-26,2026-02-28T23:00:00Z,Regular,UNF Arena,North Florida,NF,Jacksonville,J,61,85,FINISHED,ncaam,2026-08-23T20:56:10+00:00
ncaam-212016,NCAAM,2025-26,2026-02-28T23:00:00Z,Regular,Pete Mathews Coliseum,Jacksonville State,JS,Liberty,L,78,81,FINISHED,ncaam,2026-08-23T20:56:10+00:00
ncaam-212023,NCAAM,2025-26,2026-02-28T23:00:00Z,Regular,Levien Gymnasium,Columbia,C,Yale,Y,54,60,FINISHED,ncaam,2026-08-23T20:56:10+00:00
ncaam-212024,NCAAM,2025-26,2026-02-28T23:00:00Z,Regular,Reed Arena,Idaho State,IS,Weber State,WS,73,83,FINISHED,ncaam,2026-08-23T20:56:10+00:00
ncaam-215135,NCAAM,2025-26,2026-02-28T23:00:00Z,Regular,Maples Pavilion,Stanford,S,SMU,S,95,75,FINISHED,ncaam,2026-08-23T20:56:10+00:00
ncaam-215153,NCAAM,2025-26,2026-02-28T23:00:00Z,Regular,Jadwin Gymnasium,Princeton,P,Dartmouth,D,82,61,FINISHED,ncaam,2026-08-23T20:56:10+00:00
ncaam-358996,NCAAM,2025-26,2026-02-28T23:00:00Z,Regular,Alex G. Spanos Center,Pacific,P,San Francisco,SF,61,72,FINISHED,ncaam,2026-08-23T20:56:10+00:00
ncaam-211994,NCAAM,2025-26,2026-02-28T23:10:00Z,Regular,Food City Center,Tennessee,T,Alabama,A,69,71,FINISHED,ncaam,2026-08-23T20:56:10+00:00
ncaam-211985,NCAAM,2025-26,2026-02-28T23:30:00Z,Regular,American Bank Center,Texas A&M-Corpus Christi,TACC,Northwestern State,NS,71,59,FINISHED,ncaam,2026-08-23T20:56:10+00:00
ncaam-215068,NCAAM,2025-26,2026-02-28T23:30:00Z,Regular,H.O. Clemmons Arena,Arkansas-Pine Bluff,APB,Mississippi Valley State,MVS,69,70,FINISHED,ncaam,2026-08-23T20:56:10+00:00
ncaam-215108,NCAAM,2025-26,2026-02-28T23:30:00Z,Regular,Bramlage Coliseum,Kansas State,KS,TCU,T,68,77,FINISHED,ncaam,2026-08-23T20:56:10+00:00
ncaam-211954,NCAAM,2025-26,2026-03-01T00:00:00Z,Regular,Truist Arena,Northern Kentucky,NK,Wright State,WS,91,92,FINISHED,ncaam,2026-08-23T20:56:10+00:00
ncaam-211971,NCAAM,2025-26,2026-03-01T00:00:00Z,Regular,David S. Mack Sports and Exhibition Complex,Hofstra,H,Stony Brook,SB,67,58,FINISHED,ncaam,2026-08-23T20:56:10+00:00
ncaam-211981,NCAAM,2025-26,2026-03-01T00:00:00Z,Regular,Titan Gym,Cal State Fullerton,CSF,Hawai'i,H,85,87,FINISHED,ncaam,2026-08-23T20:56:10+00:00
ncaam-211947,NCAAM,2025-26,2026-03-01T01:00:00Z,Regular,Swinney Center,Kansas City,KC,Oral Roberts,OR,70,94,FINISHED,ncaam,2026-08-23T20:56:10+00:00
ncaam-211948,NCAAM,2025-26,2026-03-01T01:00:00Z,Regular,Schoenecker Arena,St. Thomas-Minnesota,STM,Omaha,O,68,53,FINISHED,ncaam,2026-08-23T20:56:10+00:00
ncaam-215112,NCAAM,2025-26,2026-03-01T01:00:00Z,Regular,Addition Financial Arena,UCF,U,Baylor,B,86,87,FINISHED,ncaam,2026-08-23T20:56:10+00:00
ncaam-215127,NCAAM,2025-26,2026-03-01T01:00:00Z,Regular,Save Mart Center,Fresno State,FS,Boise State,BS,53,69,FINISHED,ncaam,2026-08-23T20:56:10+00:00
ncaam-215133,NCAAM,2025-26,2026-03-01T01:00:00Z,Regular,Carnesecca Arena,St. John's,SJ,Villanova,V,89,57,FINISHED,ncaam,2026-08-23T20:56:10+00:00
ncaam-215151,NCAAM,2025-26,2026-03-01T01:00:00Z,Regular,SRC Arena,UC Riverside,UR,Cal State Northridge,CSN,95,84,FINISHED,ncaam,2026-08-23T20:56:10+00:00
ncaam-358998,NCAAM,2025-26,2026-03-01T01:00:00Z,Regular,Firestone Fieldhouse,Pepperdine,P,Washington State,WS,88,79,FINISHED,ncaam,2026-08-23T20:56:10+00:00
ncaam-358999,NCAAM,2025-26,2026-03-01T01:00:00Z,Regular,Leavey Center,Santa Clara,SC,Oregon State,OS,93,72,FINISHED,ncaam,2026-08-23T20:56:10+00:00
ncaam-359000,NCAAM,2025-26,2026-03-01T01:00:00Z,Regular,Chaifetz Arena,Saint Louis,SL,Duquesne,D,91,76,FINISHED,ncaam,2026-08-23T20:56:10+00:00
ncaam-211999,NCAAM,2025-26,2026-03-01T01:30:00Z,Regular,Stephen C. O'Connell Center,Florida,F,Arkansas,A,111,77,FINISHED,ncaam,2026-08-23T20:56:10+00:00
ncaam-212000,NCAAM,2025-26,2026-03-01T01:30:00Z,Regular,Neville Arena,Auburn,A,Ole Miss,OM,79,85,FINISHED,ncaam,2026-08-23T20:56:10+00:00
ncaam-212012,NCAAM,2025-26,2026-03-01T01:30:00Z,Regular,America First Events Center,Southern Utah,SU,Utah Tech,UT,81,67,FINISHED,ncaam,2026-08-23T20:56:10+00:00
ncaam-215137,NCAAM,2025-26,2026-03-01T01:30:00Z,Regular,Dean E. Smith Center,North Carolina,NC,Virginia Tech,VT,89,82,FINISHED,ncaam,2026-08-23T20:56:10+00:00
ncaam-212013,NCAAM,2025-26,2026-03-01T02:00:00Z,Regular,Dale E. and Sarah Ann Fowler Events Center,California Baptist,CB,Tarleton State,TS,82,67,FINISHED,ncaam,2026-08-23T20:56:10+00:00
ncaam-359001,NCAAM,2025-26,2026-03-01T02:00:00Z,Regular,Gersten Pavilion,Loyola Marymount,LM,Seattle U,SU,66,71,FINISHED,ncaam,2026-08-23T20:56:10+00:00
ncaam-215154,NCAAM,2025-26,2026-03-01T02:30:00Z,Regular,Icardo Center,Cal State Bakersfield,CSB,Long Beach State,LBS,87,88,FINISHED,ncaam,2026-08-23T20:56:10+00:00
ncaam-211983,NCAAM,2025-26,2026-03-01T03:00:00Z,Regular,LionTree Arena,UC San Diego,USD,Cal Poly,CP,80,64,FINISHED,ncaam,2026-08-23T20:56:10+00:00
ncaam-215128,NCAAM,2025-26,2026-03-01T03:00:00Z,Regular,Dee Glen Smith Spectrum,Utah State,US,Grand Canyon,GC,74,69,FINISHED,ncaam,2026-08-23T20:56:10+00:00
ncaam-359002,NCAAM,2025-26,2026-03-01T03:00:00Z,Regular,Thomas & Mack Center,UNLV,U,Nevada,N,85,83,FINISHED,ncaam,2026-08-23T20:56:10+00:00
ncaam-211982,NCAAM,2025-26,2026-03-01T03:30:00Z,Regular,Bren Events Center,UC Irvine,UI,UC Santa Barbara,USB,64,60,FINISHED,ncaam,2026-08-23T20:56:10+00:00
ncaam-359003,NCAAM,2025-26,2026-03-01T03:30:00Z,Regular,University Credit Union Pavilion,Saint Mary's,SM,Gonzaga,G,70,59,FINISHED,ncaam,2026-08-23T20:56:10+00:00
ncaam-215156,NCAAM,2025-26,2026-03-01T17:00:00Z,Regular,XFINITY Center,Maryland,M,Rutgers,R,65,69,FINISHED,ncaam,2026-08-23T20:56:10+00:00
ncaam-359004,NCAAM,2025-26,2026-03-01T17:00:00Z,Regular,John M. Belk Arena,Davidson,D,La Salle,LS,71,64,FINISHED,ncaam,2026-08-23T20:56:10+00:00
ncaam-359005,NCAAM,2025-26,2026-03-01T17:00:00Z,Regular,Yuengling Center,South Florida,SF,Tulane,T,90,62,FINISHED,ncaam,2026-08-23T20:56:10+00:00
ncaam-359006,NCAAM,2025-26,2026-03-01T17:00:00Z,Regular,Bartow Arena,UAB,U,North Texas,NT,58,62,FINISHED,ncaam,2026-08-23T20:56:10+00:00
ncaam-212028,NCAAM,2025-26,2026-03-01T18:00:00Z,Regular,Koessler Athletic Center,Canisius,C,Quinnipiac,Q,63,67,FINISHED,ncaam,2026-08-23T20:56:10+00:00
ncaam-359007,NCAAM,2025-26,2026-03-01T18:00:00Z,Regular,Hulman Center,Indiana State,IS,UIC,U,79,63,FINISHED,ncaam,2026-08-23T20:56:10+00:00
ncaam-215155,NCAAM,2025-26,2026-03-01T18:30:00Z,Regular,Schottenstein Center,Ohio State,OS,Purdue,P,82,74,FINISHED,ncaam,2026-08-23T20:56:10+00:00
ncaam-212025,NCAAM,2025-26,2026-03-01T19:00:00Z,Regular,MVP Arena,Siena,S,Rider,R,76,61,FINISHED,ncaam,2026-08-23T20:56:10+00:00
ncaam-212026,NCAAM,2025-26,2026-03-01T19:00:00Z,Regular,Leo D. Mahoney Arena,Fairfield,F,Mount St. Mary's,MSM,47,69,FINISHED,ncaam,2026-08-23T20:56:10+00:00
ncaam-212027,NCAAM,2025-26,2026-03-01T19:00:00Z,Regular,Gallagher Center,Niagara,N,Merrimack,M,66,73,FINISHED,ncaam,2026-08-23T20:56:10+00:00
ncaam-212029,NCAAM,2025-26,2026-03-01T19:00:00Z,Regular,McCann Arena,Marist,M,Saint Peter's,SP,56,63,FINISHED,ncaam,2026-08-23T20:56:10+00:00
ncaam-212030,NCAAM,2025-26,2026-03-01T19:00:00Z,Regular,Draddy Gymnasium,Manhattan,M,Iona,I,65,69,FINISHED,ncaam,2026-08-23T20:56:10+00:00
ncaam-359008,NCAAM,2025-26,2026-03-01T19:00:00Z,Regular,Carver Arena,Bradley,B,Murray State,MS,87,78,FINISHED,ncaam,2026-08-23T20:56:10+00:00
ncaam-359010,NCAAM,2025-26,2026-03-01T19:00:00Z,Regular,Liacouras Center,Temple,T,Rice,R,74,80,FINISHED,ncaam,2026-08-23T20:56:10+00:00
ncaam-359011,NCAAM,2025-26,2026-03-01T19:00:00Z,Regular,Minges Coliseum,East Carolina,EC,Memphis,M,84,68,FINISHED,ncaam,2026-08-23T20:56:10+00:00
ncaam-359012,NCAAM,2025-26,2026-03-01T19:00:00Z,Regular,Eleanor R. Baldwin Arena,Florida Atlantic,FA,Charlotte,C,77,76,FINISHED,ncaam,2026-08-23T20:56:10+00:00
ncaam-359013,NCAAM,2025-26,2026-03-01T20:00:00Z,Regular,Knapp Center,Drake,D,Northern Iowa,NI,53,75,FINISHED,ncaam,2026-08-23T20:56:10+00:00
ncaam-215157,NCAAM,2025-26,2026-03-01T20:45:00Z,Regular,Simon Skjodt Assembly Hall,Indiana,I,Michigan State,MS,64,77,FINISHED,ncaam,2026-08-23T20:56:10+00:00
ncaam-215158,NCAAM,2025-26,2026-03-01T21:00:00Z,Regular,Fiserv Forum,Marquette,M,DePaul,D,51,62,FINISHED,ncaam,2026-08-23T20:56:10+00:00
ncaam-372149,NCAAM,2025-26,2026-03-01T21:00:00Z,Regular,Ford Center,Evansville,E,Southern Illinois,SI,67,81,FINISHED,ncaam,2026-08-23T20:56:10+00:00
ncaam-359009,NCAAM,2025-26,2026-03-01T22:00:00Z,Regular,CEFCU Arena,Illinois State,IS,Belmont,B,81,74,FINISHED,ncaam,2026-08-23T20:56:10+00:00
ncaam-211975,NCAAM,2025-26,2026-03-02T00:00:00Z,Regular,Trask Coliseum,UNC Wilmington,UW,Charleston,C,76,79,FINISHED,ncaam,2026-08-23T20:56:10+00:00
ncaam-359014,NCAAM,2025-26,2026-03-02T01:00:00Z,Regular,UTSA Convocation Center,UTSA,U,Wichita State,WS,67,84,FINISHED,ncaam,2026-08-23T20:56:10+00:00
ncaam-359015,NCAAM,2025-26,2026-03-02T23:00:00Z,Regular,Hill Field House,Morgan State,MS,Norfolk State,NS,90,84,FINISHED,ncaam,2026-08-23T20:56:10+00:00
ncaam-215159,NCAAM,2025-26,2026-03-03T00:00:00Z,Regular,Burr Gymnasium,Howard,H,Coppin State,CS,90,70,FINISHED,ncaam,2026-08-23T20:56:10+00:00
ncaam-215160,NCAAM,2025-26,2026-03-03T00:00:00Z,Regular,Lenovo Center,NC State,NS,Duke,D,64,93,FINISHED,ncaam,2026-08-23T20:56:10+00:00
ncaam-215161,NCAAM,2025-26,2026-03-03T00:00:00Z,Regular,Hytche Center,Maryland Eastern Shore,MES,North Carolina Central,NCC,73,77,FINISHED,ncaam,2026-08-23T20:56:10+00:00
ncaam-359016,NCAAM,2025-26,2026-03-03T00:00:00Z,Regular,Memorial Hall (DE),Delaware State,DS,South Carolina State,SCS,59,61,FINISHED,ncaam,2026-08-23T20:56:10+00:00
ncaam-372150,NCAAM,2025-26,2026-03-03T00:00:00Z,Regular,Wolstein Center,Cleveland State,CS,IU Indianapolis,II,101,93,FINISHED,ncaam,2026-08-23T20:56:10+00:00
ncaam-212031,NCAAM,2025-26,2026-03-03T00:30:00Z,Regular,McDermott Center,Incarnate Word,IW,Stephen F. Austin,SFA,68,76,FINISHED,ncaam,2026-08-23T20:56:10+00:00
ncaam-212032,NCAAM,2025-26,2026-03-03T00:30:00Z,Regular,UTRGV Fieldhouse,UT Rio Grande Valley,URGV,Northwestern State,NS,74,62,FINISHED,ncaam,2026-08-23T20:56:10+00:00
ncaam-212034,NCAAM,2025-26,2026-03-03T00:30:00Z,Regular,David R. Stopher Gymnasium,Nicholls,N,McNeese,M,65,75,FINISHED,ncaam,2026-08-23T20:56:10+00:00
ncaam-212033,NCAAM,2025-26,2026-03-03T01:00:00Z,Regular,Lakefront Arena,New Orleans,NO,SE Louisiana,SL,78,82,FINISHED,ncaam,2026-08-23T20:56:10+00:00
ncaam-212035,NCAAM,2025-26,2026-03-03T01:00:00Z,Regular,American Bank Center,Texas A&M-Corpus Christi,TACC,East Texas A&M,ETA,84,71,FINISHED,ncaam,2026-08-23T20:56:10+00:00
ncaam-212036,NCAAM,2025-26,2026-03-03T01:00:00Z,Regular,J. Lawrence Walkup Skydome,Northern Arizona,NA,Montana State,MS,65,76,FINISHED,ncaam,2026-08-23T20:56:10+00:00
ncaam-212037,NCAAM,2025-26,2026-03-03T01:00:00Z,Regular,Bank of Colorado Arena,Northern Colorado,NC,Montana,M,85,57,FINISHED,ncaam,2026-08-23T20:56:10+00:00
ncaam-215162,NCAAM,2025-26,2026-03-03T01:30:00Z,Regular,Sharp Gymnasium,Houston Christian,HC,Lamar,L,75,53,FINISHED,ncaam,2026-08-23T20:56:10+00:00
ncaam-212038,NCAAM,2025-26,2026-03-03T02:00:00Z,Regular,Reese Court,Eastern Washington,EW,Idaho,I,81,85,FINISHED,ncaam,2026-08-23T20:56:10+00:00
ncaam-215163,NCAAM,2025-26,2026-03-03T02:00:00Z,Regular,McKale Memorial Center,Arizona,A,Iowa State,IS,73,57,FINISHED,ncaam,2026-08-23T20:56:10+00:00
ncaam-212039,NCAAM,2025-26,2026-03-03T03:00:00Z,Regular,Viking Pavilion,Portland State,PS,Weber State,WS,84,60,FINISHED,ncaam,2026-08-23T20:56:10+00:00
ncaam-212040,NCAAM,2025-26,2026-03-03T03:00:00Z,Regular,The Well,Sacramento State,SS,Idaho State,IS,83,65,FINISHED,ncaam,2026-08-23T20:56:10+00:00
ncaam-212047,NCAAM,2025-26,2026-03-03T23:00:00Z,Regular,The Pit in Memorial Gymnasium,Maine,M,UMass Lowell,UL,56,67,FINISHED,ncaam,2026-08-23T20:56:10+00:00
ncaam-212048,NCAAM,2025-26,2026-03-03T23:00:00Z,Regular,Joel & Diane Bloom Wellness and Events Center,NJIT,N,UMBC,U,52,91,FINISHED,ncaam,2026-08-23T20:56:10+00:00
ncaam-212049,NCAAM,2025-26,2026-03-03T23:00:00Z,Regular,Lundholm Gymnasium,New Hampshire,NH,Bryant,B,88,83,FINISHED,ncaam,2026-08-23T20:56:10+00:00
ncaam-212059,NCAAM,2025-26,2026-03-03T23:00:00Z,Regular,Colonial Life Arena,South Carolina,SC,Tennessee,T,59,78,FINISHED,ncaam,2026-08-23T20:56:10+00:00
ncaam-372151,NCAAM,2025-26,2026-03-03T23:00:00Z,Regular,Pensacola Bay Center,Louisiana,L,Georgia State,GS,84,75,FINISHED,ncaam,2026-08-23T20:56:10+00:00
ncaam-212044,NCAAM,2025-26,2026-03-03T23:30:00Z,Regular,Alumni Arena,Buffalo,B,Eastern Michigan,EM,72,67,FINISHED,ncaam,2026-08-23T20:56:10+00:00
ncaam-212054,NCAAM,2025-26,2026-03-03T23:30:00Z,Regular,Stony Brook Arena,Stony Brook,SB,Towson,T,57,69,FINISHED,ncaam,2026-08-23T20:56:10+00:00
ncaam-212060,NCAAM,2025-26,2026-03-03T23:30:00Z,Regular,Stegeman Coliseum,Georgia,G,Alabama,A,98,88,FINISHED,ncaam,2026-08-23T20:56:10+00:00
ncaam-212041,NCAAM,2025-26,2026-03-04T00:00:00Z,Regular,Millett Hall,Miami (OH),M(,Toledo,T,74,72,FINISHED,ncaam,2026-08-23T20:56:10+00:00
ncaam-212042,NCAAM,2025-26,2026-03-04T00:00:00Z,Regular,Mullins Center,Massachusetts,M,Ohio,O,94,82,FINISHED,ncaam,2026-08-23T20:56:10+00:00
ncaam-212045,NCAAM,2025-26,2026-03-04T00:00:00Z,Regular,University Arena (MI),Western Michigan,WM,Ball State,BS,71,74,FINISHED,ncaam,2026-08-23T20:56:10+00:00
ncaam-212046,NCAAM,2025-26,2026-03-04T00:00:00Z,Regular,McGuirk Arena,Central Michigan,CM,Akron,A,64,77,FINISHED,ncaam,2026-08-23T20:56:10+00:00
ncaam-212050,NCAAM,2025-26,2026-03-04T00:00:00Z,Regular,Patrick Gymnasium,Vermont,V,UAlbany,U,69,56,FINISHED,ncaam,2026-08-23T20:56:10+00:00
ncaam-212051,NCAAM,2025-26,2026-03-04T00:00:00Z,Regular,Schar Center,Elon,E,UNC Wilmington,UW,57,76,FINISHED,ncaam,2026-08-23T20:56:10+00:00
ncaam-212052,NCAAM,2025-26,2026-03-04T00:00:00Z,Regular,John W. Pope Jr. Convocation Center,Campbell,C,North Carolina A&T,NCA,90,72,FINISHED,ncaam,2026-08-23T20:56:10+00:00
ncaam-212053,NCAAM,2025-26,2026-03-04T00:00:00Z,Regular,Kaplan Arena,William & Mary,W&M,Hampton,H,94,85,FINISHED,ncaam,2026-08-23T20:56:10+00:00
ncaam-212055,NCAAM,2025-26,2026-03-04T00:00:00Z,Regular,David S. Mack Sports and Exhibition Complex,Hofstra,H,Drexel,D,62,51,FINISHED,ncaam,2026-08-23T20:56:10+00:00
ncaam-212056,NCAAM,2025-26,2026-03-04T00:00:00Z,Regular,Matthews Arena,Northeastern,N,Monmouth,M,83,89,FINISHED,ncaam,2026-08-23T20:56:10+00:00
ncaam-212057,NCAAM,2025-26,2026-03-04T00:00:00Z,Regular,Lloyd Noble Center,Oklahoma,O,Missouri,M,80,64,FINISHED,ncaam,2026-08-23T20:56:10+00:00
ncaam-212062,NCAAM,2025-26,2026-03-04T00:00:00Z,Regular,Reed Arena,Texas A&M,TA,Kentucky,K,96,85,FINISHED,ncaam,2026-08-23T20:56:10+00:00
ncaam-215165,NCAAM,2025-26,2026-03-04T00:00:00Z,Regular,United Supermarkets Arena,Texas Tech,TT,TCU,T,65,73,FINISHED,ncaam,2026-08-23T20:56:10+00:00
ncaam-215168,NCAAM,2025-26,2026-03-04T00:00:00Z,Regular,Addition Financial Arena,UCF,U,Oklahoma State,OS,104,111,FINISHED,ncaam,2026-08-23T20:56:10+00:00
ncaam-215174,NCAAM,2025-26,2026-03-04T00:00:00Z,Regular,Cintas Center,Xavier,X,Seton Hall,SH,68,77,FINISHED,ncaam,2026-08-23T20:56:10+00:00
ncaam-215175,NCAAM,2025-26,2026-03-04T00:00:00Z,Regular,Carnesecca Arena,St. John's,SJ,Georgetown,G,72,69,FINISHED,ncaam,2026-08-23T20:56:10+00:00
ncaam-215177,NCAAM,2025-26,2026-03-04T00:00:00Z,Regular,John Paul Jones Arena,Virginia,V,Wake Forest,WF,75,70,FINISHED,ncaam,2026-08-23T20:56:10+00:00
ncaam-215183,NCAAM,2025-26,2026-03-04T00:00:00Z,Regular,Dean E. Smith Center,North Carolina,NC,Clemson,C,67,63,FINISHED,ncaam,2026-08-23T20:56:10+00:00
ncaam-359019,NCAAM,2025-26,2026-03-04T00:00:00Z,Regular,Siegel Center,VCU,V,George Mason,GM,70,65,FINISHED,ncaam,2026-08-23T20:56:10+00:00
ncaam-359020,NCAAM,2025-26,2026-03-04T00:00:00Z,Regular,Robins Center,Richmond,R,Dayton,D,60,65,FINISHED,ncaam,2026-08-23T20:56:10+00:00
ncaam-372153,NCAAM,2025-26,2026-03-04T00:00:00Z,Regular,Kirby Sports Center,Lafayette,L,Holy Cross,HC,77,82,FINISHED,ncaam,2026-08-23T20:56:10+00:00
ncaam-372154,NCAAM,2025-26,2026-03-04T00:00:00Z,Regular,Sojka Pavilion,Bucknell,B,Army,A,65,55,FINISHED,ncaam,2026-08-23T20:56:10+00:00
ncaam-212043,NCAAM,2025-26,2026-03-04T01:00:00Z,Regular,NIU Convocation Center,Northern Illinois,NI,Kent State,KS,76,102,FINISHED,ncaam,2026-08-23T20:56:10+00:00
ncaam-212063,NCAAM,2025-26,2026-03-04T01:00:00Z,Regular,Stephen C. O'Connell Center,Florida,F,Mississippi State,MS,108,74,FINISHED,ncaam,2026-08-23T20:56:10+00:00
ncaam-215166,NCAAM,2025-26,2026-03-04T01:00:00Z,Regular,Bramlage Coliseum,Kansas State,KS,West Virginia,WV,65,63,FINISHED,ncaam,2026-08-23T20:56:10+00:00
ncaam-372169,NCAAM,2025-26,2026-03-04T01:00:00Z,Regular,Resch Center,Green Bay,GB,Purdue Fort Wayne,PFW,64,56,FINISHED,ncaam,2026-08-23T20:56:10+00:00
ncaam-372152,NCAAM,2025-26,2026-03-04T01:30:00Z,Regular,Pensacola Bay Center,Old Dominion,OD,UL Monroe,UM,87,80,FINISHED,ncaam,2026-08-23T20:56:10+00:00
ncaam-215170,NCAAM,2025-26,2026-03-04T01:45:00Z,Regular,Lee E. Williams Athletics and Assembly Center,Jackson State,JS,Arkansas-Pine Bluff,APB,81,78,FINISHED,ncaam,2026-08-23T20:56:10+00:00
ncaam-212058,NCAAM,2025-26,2026-03-04T02:00:00Z,Regular,Memorial Gymnasium (TN),Ole Miss,OM,Vanderbilt,V,86,89,FINISHED,ncaam,2026-08-23T20:56:10+00:00
ncaam-215164,NCAAM,2025-26,2026-03-04T02:00:00Z,Regular,Jon M. Huntsman Center,Utah,U,Colorado,C,78,92,FINISHED,ncaam,2026-08-23T20:56:10+00:00
ncaam-215167,NCAAM,2025-26,2026-03-04T02:00:00Z,Regular,Fifth Third Arena,Cincinnati,C,BYU,B,90,68,FINISHED,ncaam,2026-08-23T20:56:10+00:00
ncaam-215169,NCAAM,2025-26,2026-03-04T02:00:00Z,Regular,Desert Financial Arena,Arizona State,AS,Kansas,K,70,60,FINISHED,ncaam,2026-08-23T20:56:10+00:00
ncaam-215172,NCAAM,2025-26,2026-03-04T02:00:00Z,Regular,State Farm Center,Illinois,I,Oregon,O,80,54,FINISHED,ncaam,2026-08-23T20:56:10+00:00
ncaam-215173,NCAAM,2025-26,2026-03-04T02:00:00Z,Regular,ExtraMile Arena,Boise State,BS,San Diego State,SDS,86,77,FINISHED,ncaam,2026-08-23T20:56:10+00:00
ncaam-215176,NCAAM,2025-26,2026-03-04T02:00:00Z,Regular,Cassell Coliseum,Virginia Tech,VT,Boston College,BC,72,63,FINISHED,ncaam,2026-08-23T20:56:10+00:00
ncaam-215181,NCAAM,2025-26,2026-03-04T02:00:00Z,Regular,KFC Yum! Center,Louisville,L,Syracuse,S,77,62,FINISHED,ncaam,2026-08-23T20:56:10+00:00
ncaam-215184,NCAAM,2025-26,2026-03-04T02:00:00Z,Regular,Clune Arena,Air Force,AF,Grand Canyon,GC,60,86,FINISHED,ncaam,2026-08-23T20:56:10+00:00
ncaam-215185,NCAAM,2025-26,2026-03-04T02:00:00Z,Regular,Dunn-Oliver Acadome,Alabama State,AS,Southern,S,64,71,FINISHED,ncaam,2026-08-23T20:56:10+00:00
ncaam-359018,NCAAM,2025-26,2026-03-04T02:00:00Z,Regular,Save Mart Center,Fresno State,FS,San José State,SJS,82,68,FINISHED,ncaam,2026-08-23T20:56:10+00:00
ncaam-359021,NCAAM,2025-26,2026-03-04T02:15:00Z,Regular,Davey L. Whitney Complex,Alcorn State,AS,Mississippi Valley State,MVS,67,64,FINISHED,ncaam,2026-08-23T20:56:10+00:00
ncaam-215186,NCAAM,2025-26,2026-03-04T02:20:00Z,Regular,Event Center,Alabama A&M,AA,Grambling,G,77,63,FINISHED,ncaam,2026-08-23T20:56:10+00:00
ncaam-212061,NCAAM,2025-26,2026-03-04T03:00:00Z,Regular,Neville Arena,Auburn,A,LSU,L,88,74,FINISHED,ncaam,2026-08-23T20:56:10+00:00
ncaam-359017,NCAAM,2025-26,2026-03-04T03:00:00Z,Regular,Arena-Auditorium,Wyoming,W,Nevada,N,83,73,FINISHED,ncaam,2026-08-23T20:56:10+00:00
ncaam-215171,NCAAM,2025-26,2026-03-04T04:00:00Z,Regular,Pauley Pavilion,UCLA,U,Nebraska,N,72,52,FINISHED,ncaam,2026-08-23T20:56:10+00:00
ncaam-359022,NCAAM,2025-26,2026-03-04T04:00:00Z,Regular,Thomas & Mack Center,UNLV,U,Utah State,US,92,65,FINISHED,ncaam,2026-08-23T20:56:10+00:00
ncaam-372155,NCAAM,2025-26,2026-03-04T17:00:00Z,Regular,UNF Arena,Bellarmine,B,Jacksonville,J,82,79,FINISHED,ncaam,2026-08-23T20:56:10+00:00
ncaam-372156,NCAAM,2025-26,2026-03-04T19:30:00Z,Regular,UNF Arena,Florida Gulf Coast,FGC,North Alabama,NA,69,58,FINISHED,ncaam,2026-08-23T20:56:10+00:00
ncaam-372157,NCAAM,2025-26,2026-03-04T22:00:00Z,Regular,UNF Arena,Eastern Kentucky,EK,Stetson,S,76,92,FINISHED,ncaam,2026-08-23T20:56:10+00:00
ncaam-215195,NCAAM,2025-26,2026-03-04T23:00:00Z,Regular,Hinkle Fieldhouse,Butler,B,Creighton,C,59,76,FINISHED,ncaam,2026-08-23T20:56:10+00:00
ncaam-372199,NCAAM,2025-26,2026-03-04T23:00:00Z,Regular,Pensacola Bay Center,James Madison,JM,Louisiana,L,87,72,FINISHED,ncaam,2026-08-23T20:56:10+00:00
ncaam-215192,NCAAM,2025-26,2026-03-04T23:30:00Z,Regular,Simon Skjodt Assembly Hall,Indiana,I,Minnesota,M,77,47,FINISHED,ncaam,2026-08-23T20:56:10+00:00
ncaam-359023,NCAAM,2025-26,2026-03-04T23:30:00Z,Regular,John Glaser Arena,La Salle,LS,Fordham,F,87,84,FINISHED,ncaam,2026-08-23T20:56:10+00:00
ncaam-212064,NCAAM,2025-26,2026-03-05T00:00:00Z,Regular,Bud Walton Arena,Arkansas,A,Texas,T,105,85,FINISHED,ncaam,2026-08-23T20:56:10+00:00
ncaam-215178,NCAAM,2025-26,2026-03-05T00:00:00Z,Regular,Moody Coliseum,SMU,S,Miami,M,69,77,FINISHED,ncaam,2026-08-23T20:56:10+00:00
ncaam-215182,NCAAM,2025-26,2026-03-05T00:00:00Z,Regular,McCamish Pavilion,Georgia Tech,GT,California,C,65,76,FINISHED,ncaam,2026-08-23T20:56:10+00:00
ncaam-215193,NCAAM,2025-26,2026-03-05T00:00:00Z,Regular,Amica Mutual Pavilion,Providence,P,Marquette,M,56,78,FINISHED,ncaam,2026-08-23T20:56:10+00:00
ncaam-359024,NCAAM,2025-26,2026-03-05T00:00:00Z,Regular,Charles E. Smith Center,George Washington,GW,St. Bonaventure,SB,91,82,FINISHED,ncaam,2026-08-23T20:56:10+00:00
ncaam-359025,NCAAM,2025-26,2026-03-05T00:00:00Z,Regular,Thomas M. Ryan Center,Rhode Island,RI,Duquesne,D,64,52,FINISHED,ncaam,2026-08-23T20:56:10+00:00
ncaam-359026,NCAAM,2025-26,2026-03-05T00:00:00Z,Regular,John M. Belk Arena,Davidson,D,Saint Joseph's,SJ,67,70,FINISHED,ncaam,2026-08-23T20:56:10+00:00
ncaam-359027,NCAAM,2025-26,2026-03-05T00:00:00Z,Regular,Halton Arena,Charlotte,C,UAB,U,74,80,FINISHED,ncaam,2026-08-23T20:56:10+00:00
ncaam-372158,NCAAM,2025-26,2026-03-05T00:00:00Z,Regular,Ford Center,SIU Edwardsville,SE,Eastern Illinois,EI,71,77,FINISHED,ncaam,2026-08-23T20:56:10+00:00
ncaam-372159,NCAAM,2025-26,2026-03-05T00:00:00Z,Regular,Ted Grant Court,Le Moyne,LM,Stonehill,S,71,81,FINISHED,ncaam,2026-08-23T20:56:10+00:00
ncaam-372160,NCAAM,2025-26,2026-03-05T00:00:00Z,Regular,Mercyhurst Athletic Center,Mercyhurst,M,Fairleigh Dickinson,FD,70,61,FINISHED,ncaam,2026-08-23T20:56:10+00:00
ncaam-372161,NCAAM,2025-26,2026-03-05T00:00:00Z,Regular,Detrick Gymnasium,Central Connecticut,CC,Wagner,W,60,70,FINISHED,ncaam,2026-08-23T20:56:10+00:00
ncaam-372162,NCAAM,2025-26,2026-03-05T00:00:00Z,Regular,Steinberg Wellness Center,Long Island University,LIU,Chicago State,CS,79,75,FINISHED,ncaam,2026-08-23T20:56:10+00:00
ncaam-372163,NCAAM,2025-26,2026-03-05T00:00:00Z,Regular,OU Credit Union O'rena,Oakland,O,Northern Kentucky,NK,84,85,FINISHED,ncaam,2026-08-23T20:56:10+00:00
ncaam-372164,NCAAM,2025-26,2026-03-05T00:00:00Z,Regular,Calihan Hall,Detroit Mercy,DM,Milwaukee,M,84,63,FINISHED,ncaam,2026-08-23T20:56:10+00:00
ncaam-372165,NCAAM,2025-26,2026-03-05T00:00:00Z,Regular,UPMC Events Center,Robert Morris,RM,Youngstown State,YS,68,53,FINISHED,ncaam,2026-08-23T20:56:10+00:00
ncaam-372200,NCAAM,2025-26,2026-03-05T00:00:00Z,Regular,Nutter Center,Wright State,WS,Cleveland State,CS,90,61,FINISHED,ncaam,2026-08-23T20:56:10+00:00
ncaam-215190,NCAAM,2025-26,2026-03-05T00:30:00Z,Regular,Bryce Jordan Center,Penn State,PS,Ohio State,OS,62,94,FINISHED,ncaam,2026-08-23T20:56:10+00:00
ncaam-372166,NCAAM,2025-26,2026-03-05T00:30:00Z,Regular,Freedom Hall (TN),South Carolina Upstate,SCU,Gardner-Webb,GW,64,65,FINISHED,ncaam,2026-08-23T20:56:10+00:00
ncaam-372167,NCAAM,2025-26,2026-03-05T00:30:00Z,Regular,UNF Arena,West Georgia,WG,North Florida,NF,93,85,FINISHED,ncaam,2026-08-23T20:56:10+00:00
ncaam-215188,NCAAM,2025-26,2026-03-05T01:00:00Z,Regular,Kohl Center,Wisconsin,W,Maryland,M,78,45,FINISHED,ncaam,2026-08-23T20:56:10+00:00
ncaam-215194,NCAAM,2025-26,2026-03-05T01:00:00Z,Regular,Wintrust Arena,DePaul,D,Villanova,V,57,76,FINISHED,ncaam,2026-08-23T20:56:10+00:00
ncaam-359028,NCAAM,2025-26,2026-03-05T01:00:00Z,Regular,Chaifetz Arena,Saint Louis,SL,Loyola Chicago,LC,79,65,FINISHED,ncaam,2026-08-23T20:56:10+00:00
ncaam-359029,NCAAM,2025-26,2026-03-05T01:00:00Z,Regular,The Super Pit,North Texas,NT,Rice,R,62,58,FINISHED,ncaam,2026-08-23T20:56:10+00:00
ncaam-372168,NCAAM,2025-26,2026-03-05T01:00:00Z,Regular,Denny Sanford Premier Center,Oral Roberts,OR,Kansas City,KC,84,62,FINISHED,ncaam,2026-08-23T20:56:10+00:00
ncaam-215191,NCAAM,2025-26,2026-03-05T01:30:00Z,Regular,Welsh-Ryan Arena,Northwestern,N,Purdue,P,66,70,FINISHED,ncaam,2026-08-23T20:56:10+00:00
ncaam-372201,NCAAM,2025-26,2026-03-05T01:30:00Z,Regular,Pensacola Bay Center,Georgia Southern,GS,Old Dominion,OD,88,84,FINISHED,ncaam,2026-08-23T20:56:10+00:00
ncaam-215179,NCAAM,2025-26,2026-03-05T02:00:00Z,Regular,Petersen Events Center,Pittsburgh,P,Florida State,FS,74,75,FINISHED,ncaam,2026-08-23T20:56:10+00:00
ncaam-215180,NCAAM,2025-26,2026-03-05T02:00:00Z,Regular,Purcell Pavilion,Notre Dame,ND,Stanford,S,78,86,FINISHED,ncaam,2026-08-23T20:56:10+00:00
ncaam-215187,NCAAM,2025-26,2026-03-05T02:00:00Z,Regular,Fertitta Center,Houston,H,Baylor,B,77,64,FINISHED,ncaam,2026-08-23T20:56:10+00:00
ncaam-372170,NCAAM,2025-26,2026-03-05T02:30:00Z,Regular,Ford Center,Lindenwood,L,Little Rock,LR,72,62,FINISHED,ncaam,2026-08-23T20:56:10+00:00
ncaam-359030,NCAAM,2025-26,2026-03-05T03:00:00Z,Regular,The Pit,New Mexico,NM,Colorado State,CS,74,82,FINISHED,ncaam,2026-08-23T20:56:10+00:00
ncaam-215189,NCAAM,2025-26,2026-03-05T03:30:00Z,Regular,Alaska Airlines Arena,Washington,W,USC,U,91,72,FINISHED,ncaam,2026-08-23T20:56:10+00:00
ncaam-372189,NCAAM,2025-26,2026-03-05T21:30:00Z,Regular,Enterprise Center,Southern Illinois,SI,Drake,D,63,67,FINISHED,ncaam,2026-08-23T20:56:10+00:00
ncaam-359035,NCAAM,2025-26,2026-03-05T22:00:00Z,Regular,McDougald-McLendon Arena,North Carolina Central,NCC,South Carolina State,SCS,64,80,FINISHED,ncaam,2026-08-23T20:56:10+00:00
ncaam-372183,NCAAM,2025-26,2026-03-05T23:00:00Z,Regular,Jim Whelan Boardwalk Hall,Iona,I,Sacred Heart,SH,80,91,FINISHED,ncaam,2026-08-23T20:56:10+00:00
ncaam-372212,NCAAM,2025-26,2026-03-05T23:00:00Z,Regular,Pensacola Bay Center,Southern Miss,SM,James Madison,JM,86,80,FINISHED,ncaam,2026-08-23T20:56:10+00:00
ncaam-212072,NCAAM,2025-26,2026-03-06T00:00:00Z,Regular,Ocean Bank Convocation Center,Florida International,FI,Middle Tennessee,MT,67,73,FINISHED,ncaam,2026-08-23T20:56:10+00:00
ncaam-212076,NCAAM,2025-26,2026-03-06T00:00:00Z,Regular,Liberty Arena,Liberty,L,Louisiana Tech,LT,71,76,FINISHED,ncaam,2026-08-23T20:56:10+00:00
ncaam-212077,NCAAM,2025-26,2026-03-06T00:00:00Z,Regular,Bob Carpenter Center,Delaware,D,Sam Houston,SH,83,80,FINISHED,ncaam,2026-08-23T20:56:10+00:00
ncaam-359033,NCAAM,2025-26,2026-03-06T00:00:00Z,Regular,Liacouras Center,Temple,T,Tulane,T,89,60,FINISHED,ncaam,2026-08-23T20:56:10+00:00
ncaam-359034,NCAAM,2025-26,2026-03-06T00:00:00Z,Regular,Minges Coliseum,East Carolina,EC,Tulsa,T,66,93,FINISHED,ncaam,2026-08-23T20:56:10+00:00
ncaam-372171,NCAAM,2025-26,2026-03-06T00:00:00Z,Regular,Cotterell Court,Colgate,C,Loyola Maryland,LM,90,77,FINISHED,ncaam,2026-08-23T20:56:10+00:00
ncaam-372172,NCAAM,2025-26,2026-03-06T00:00:00Z,Regular,Case Gym,Boston University,BU,American University,AU,75,73,FINISHED,ncaam,2026-08-23T20:56:10+00:00
ncaam-372190,NCAAM,2025-26,2026-03-06T00:00:00Z,Regular,Enterprise Center,Valparaiso,V,Indiana State,IS,63,62,FINISHED,ncaam,2026-08-23T20:56:10+00:00
ncaam-372202,NCAAM,2025-26,2026-03-06T00:00:00Z,Regular,Stabler Arena,Lehigh,L,Holy Cross,HC,69,66,FINISHED,ncaam,2026-08-23T20:56:10+00:00
ncaam-372203,NCAAM,2025-26,2026-03-06T00:00:00Z,Regular,Alumni Hall (Navy),Navy,N,Bucknell,B,74,69,FINISHED,ncaam,2026-08-23T20:56:10+00:00
ncaam-372213,NCAAM,2025-26,2026-03-06T00:00:00Z,Regular,Denny Sanford Premier Center,North Dakota State,NDS,Oral Roberts,OR,76,65,FINISHED,ncaam,2026-08-23T20:56:10+00:00
ncaam-372214,NCAAM,2025-26,2026-03-06T00:00:00Z,Regular,Ford Center,UT Martin,UM,Eastern Illinois,EI,66,63,FINISHED,ncaam,2026-08-23T20:56:10+00:00
ncaam-215197,NCAAM,2025-26,2026-03-06T00:30:00Z,Regular,Al Lawson Center,Florida A&M,FA,Bethune-Cookman,BC,81,77,FINISHED,ncaam,2026-08-23T20:56:10+00:00
ncaam-212070,NCAAM,2025-26,2026-03-06T01:00:00Z,Regular,Wisdom Gym,Tarleton State,TS,UT Arlington,UA,60,65,FINISHED,ncaam,2026-08-23T20:56:10+00:00
ncaam-212073,NCAAM,2025-26,2026-03-06T01:00:00Z,Regular,Great Southern Bank Arena,Missouri State,MS,Western Kentucky,WK,87,74,FINISHED,ncaam,2026-08-23T20:56:10+00:00
ncaam-215198,NCAAM,2025-26,2026-03-06T01:00:00Z,Regular,H&PE Arena,Texas Southern,TS,Prairie View A&M,PVA,59,70,FINISHED,ncaam,2026-08-23T20:56:10+00:00
ncaam-215199,NCAAM,2025-26,2026-03-06T01:00:00Z,Regular,Breslin Center,Michigan State,MS,Rutgers,R,91,87,FINISHED,ncaam,2026-08-23T20:56:10+00:00
ncaam-215200,NCAAM,2025-26,2026-03-06T01:00:00Z,Regular,Carver-Hawkeye Arena,Iowa,I,Michigan,M,68,71,FINISHED,ncaam,2026-08-23T20:56:10+00:00
ncaam-215202,NCAAM,2025-26,2026-03-06T01:00:00Z,Regular,Dunn-Oliver Acadome,Alabama State,AS,Grambling,G,63,65,FINISHED,ncaam,2026-08-23T20:56:10+00:00
ncaam-215203,NCAAM,2025-26,2026-03-06T01:00:00Z,Regular,Hytche Center,Maryland Eastern Shore,MES,Delaware State,DS,56,57,FINISHED,ncaam,2026-08-23T20:56:10+00:00
ncaam-359031,NCAAM,2025-26,2026-03-06T01:00:00Z,Regular,Joseph G. Echols Hall,Norfolk State,NS,Howard,H,76,84,FINISHED,ncaam,2026-08-23T20:56:10+00:00
ncaam-212069,NCAAM,2025-26,2026-03-06T01:30:00Z,Regular,America First Events Center,Southern Utah,SU,Utah Valley,UV,88,92,FINISHED,ncaam,2026-08-23T20:56:10+00:00
ncaam-215204,NCAAM,2025-26,2026-03-06T01:30:00Z,Regular,Hill Field House,Morgan State,MS,Coppin State,CS,70,66,FINISHED,ncaam,2026-08-23T20:56:10+00:00
ncaam-359032,NCAAM,2025-26,2026-03-06T01:30:00Z,Regular,Lee E. Williams Athletics and Assembly Center,Jackson State,JS,Mississippi Valley State,MVS,85,77,FINISHED,ncaam,2026-08-23T20:56:10+00:00
ncaam-372184,NCAAM,2025-26,2026-03-06T01:30:00Z,Regular,Jim Whelan Boardwalk Hall,Fairfield,F,Manhattan,M,71,60,FINISHED,ncaam,2026-08-23T20:56:10+00:00
ncaam-372215,NCAAM,2025-26,2026-03-06T01:30:00Z,Regular,Pensacola Bay Center,Arkansas State,AS,Georgia Southern,GS,77,80,FINISHED,ncaam,2026-08-23T20:56:10+00:00
ncaam-212074,NCAAM,2025-26,2026-03-06T02:00:00Z,Regular,Don Haskins Center,UTEP,U,Kennesaw State,KS,78,71,FINISHED,ncaam,2026-08-23T20:56:10+00:00
ncaam-212075,NCAAM,2025-26,2026-03-06T02:00:00Z,Regular,Pan American Center,New Mexico State,NMS,Jacksonville State,JS,77,75,FINISHED,ncaam,2026-08-23T20:56:10+00:00
ncaam-215196,NCAAM,2025-26,2026-03-06T02:00:00Z,Regular,Davey L. Whitney Complex,Alcorn State,AS,Arkansas-Pine Bluff,APB,48,83,FINISHED,ncaam,2026-08-23T20:56:10+00:00
ncaam-372185,NCAAM,2025-26,2026-03-06T02:00:00Z,Regular,Orleans Arena,Portland,P,Pepperdine,P,77,68,FINISHED,ncaam,2026-08-23T20:56:10+00:00
ncaam-359036,NCAAM,2025-26,2026-03-06T02:05:00Z,Regular,FedExForum,Memphis,M,South Florida,SF,89,96,FINISHED,ncaam,2026-08-23T20:56:10+00:00
ncaam-215205,NCAAM,2025-26,2026-03-06T02:20:00Z,Regular,Event Center,Alabama A&M,AA,Southern,S,85,88,FINISHED,ncaam,2026-08-23T20:56:10+00:00
ncaam-215201,NCAAM,2025-26,2026-03-06T02:30:00Z,Regular,Icardo Center,Cal State Bakersfield,CSB,Cal State Northridge,CSN,84,86,FINISHED,ncaam,2026-08-23T20:56:10+00:00
ncaam-372173,NCAAM,2025-26,2026-03-06T02:30:00Z,Regular,Denny Sanford Premier Center,St. Thomas-Minnesota,STM,South Dakota State,SDS,80,67,FINISHED,ncaam,2026-08-23T20:56:10+00:00
ncaam-372191,NCAAM,2025-26,2026-03-06T02:30:00Z,Regular,Enterprise Center,Northern Iowa,NI,Evansville,E,68,59,FINISHED,ncaam,2026-08-23T20:56:10+00:00
ncaam-372216,NCAAM,2025-26,2026-03-06T02:30:00Z,Regular,Ford Center,Southeast Missouri State,SMS,Lindenwood,L,68,66,FINISHED,ncaam,2026-08-23T20:56:10+00:00
ncaam-212066,NCAAM,2025-26,2026-03-06T03:00:00Z,Regular,Walter Pyramid,Long Beach State,LBS,UC Davis,UD,70,76,FINISHED,ncaam,2026-08-23T20:56:10+00:00
ncaam-212067,NCAAM,2025-26,2026-03-06T03:00:00Z,Regular,Bren Events Center,UC Irvine,UI,Cal Poly,CP,107,85,FINISHED,ncaam,2026-08-23T20:56:10+00:00
ncaam-212068,NCAAM,2025-26,2026-03-06T03:00:00Z,Regular,Titan Gym,Cal State Fullerton,CSF,UC San Diego,USD,75,71,FINISHED,ncaam,2026-08-23T20:56:10+00:00
ncaam-212071,NCAAM,2025-26,2026-03-06T03:00:00Z,Regular,Dale E. and Sarah Ann Fowler Events Center,California Baptist,CB,Abilene Christian,AC,87,48,FINISHED,ncaam,2026-08-23T20:56:10+00:00
ncaam-372186,NCAAM,2025-26,2026-03-06T04:30:00Z,Regular,Orleans Arena,Loyola Marymount,LM,San Diego,SD,62,66,FINISHED,ncaam,2026-08-23T20:56:10+00:00
ncaam-212065,NCAAM,2025-26,2026-03-06T04:59:00Z,Regular,Stan Sheriff Center,Hawai'i,H,UC Riverside,UR,93,74,FINISHED,ncaam,2026-08-23T20:56:10+00:00
ncaam-372217,NCAAM,2025-26,2026-03-06T17:00:00Z,Regular,Freedom Hall (TN),High Point,HP,Gardner-Webb,GW,81,59,FINISHED,ncaam,2026-08-23T20:56:10+00:00
ncaam-372218,NCAAM,2025-26,2026-03-06T17:00:00Z,Regular,VyStar Veterans Memorial Arena,Central Arkansas,CA,Bellarmine,B,86,73,FINISHED,ncaam,2026-08-23T20:56:10+00:00
ncaam-372226,NCAAM,2025-26,2026-03-06T18:00:00Z,Regular,Enterprise Center,Belmont,B,Drake,D,79,100,FINISHED,ncaam,2026-08-23T20:56:10+00:00
ncaam-372204,NCAAM,2025-26,2026-03-06T19:00:00Z,Regular,Entertainment & Sports Arena,North Carolina A&T,NCA,Northeastern,N,72,88,FINISHED,ncaam,2026-08-23T20:56:10+00:00
ncaam-372174,NCAAM,2025-26,2026-03-06T19:30:00Z,Regular,Freedom Hall (TN),Winthrop,W,Charleston Southern,CS,86,81,FINISHED,ncaam,2026-08-23T20:56:10+00:00
ncaam-372219,NCAAM,2025-26,2026-03-06T19:30:00Z,Regular,VyStar Veterans Memorial Arena,Lipscomb,L,Florida Gulf Coast,FGC,53,77,FINISHED,ncaam,2026-08-23T20:56:10+00:00
ncaam-372192,NCAAM,2025-26,2026-03-06T20:30:00Z,Regular,Enterprise Center,Murray State,MS,UIC,U,79,92,FINISHED,ncaam,2026-08-23T20:56:10+00:00
ncaam-372175,NCAAM,2025-26,2026-03-06T22:00:00Z,Regular,Harrah's Cherokee Center,Chattanooga,C,The Citadel,TC,85,88,FINISHED,ncaam,2026-08-23T20:56:10+00:00
ncaam-372220,NCAAM,2025-26,2026-03-06T22:00:00Z,Regular,VyStar Veterans Memorial Arena,Austin Peay,AP,Stetson,S,69,60,FINISHED,ncaam,2026-08-23T20:56:10+00:00
ncaam-212079,NCAAM,2025-26,2026-03-06T23:00:00Z,Regular,James A. Rhodes Arena,Akron,A,Northern Illinois,NI,94,55,FINISHED,ncaam,2026-08-23T20:56:10+00:00
ncaam-372176,NCAAM,2025-26,2026-03-06T23:00:00Z,Regular,Freedom Hall (TN),UNC Asheville,UA,Longwood,L,85,82,FINISHED,ncaam,2026-08-23T20:56:10+00:00
ncaam-372227,NCAAM,2025-26,2026-03-06T23:00:00Z,Regular,Pensacola Bay Center,Texas State,TS,Southern Miss,SM,77,81,FINISHED,ncaam,2026-08-23T20:56:10+00:00
ncaam-372228,NCAAM,2025-26,2026-03-06T23:00:00Z,Regular,Jim Whelan Boardwalk Hall,Merrimack,M,Sacred Heart,SH,70,48,FINISHED,ncaam,2026-08-23T20:56:10+00:00
ncaam-212083,NCAAM,2025-26,2026-03-06T23:30:00Z,Regular,Gervin GameAbove Center,Eastern Michigan,EM,Bowling Green,BG,69,77,FINISHED,ncaam,2026-08-23T20:56:10+00:00
ncaam-212078,NCAAM,2025-26,2026-03-07T00:00:00Z,Regular,M.A.C. Center,Kent State,KS,Western Michigan,WM,86,78,FINISHED,ncaam,2026-08-23T20:56:10+00:00
ncaam-212081,NCAAM,2025-26,2026-03-07T00:00:00Z,Regular,Worthen Arena,Ball State,BS,Central Michigan,CM,85,69,FINISHED,ncaam,2026-08-23T20:56:10+00:00
ncaam-212082,NCAAM,2025-26,2026-03-07T00:00:00Z,Regular,Savage Arena,Toledo,T,Buffalo,B,98,78,FINISHED,ncaam,2026-08-23T20:56:10+00:00
ncaam-212084,NCAAM,2025-26,2026-03-07T00:00:00Z,Regular,Pizzitola Sports Center,Brown,B,Pennsylvania,P,61,82,FINISHED,ncaam,2026-08-23T20:56:10+00:00
ncaam-212107,NCAAM,2025-26,2026-03-07T00:00:00Z,Regular,Lavietes Pavilion,Harvard,H,Columbia,C,81,71,FINISHED,ncaam,2026-08-23T20:56:10+00:00
ncaam-359037,NCAAM,2025-26,2026-03-07T00:00:00Z,Regular,UD Arena,Dayton,D,VCU,V,62,68,FINISHED,ncaam,2026-08-23T20:56:10+00:00
ncaam-372177,NCAAM,2025-26,2026-03-07T00:00:00Z,Regular,Denny Sanford Premier Center,South Dakota,SD,Omaha,O,62,76,FINISHED,ncaam,2026-08-23T20:56:10+00:00
ncaam-372229,NCAAM,2025-26,2026-03-07T00:00:00Z,Regular,Enterprise Center,Bradley,B,Valparaiso,V,90,84,FINISHED,ncaam,2026-08-23T20:56:10+00:00
ncaam-372178,NCAAM,2025-26,2026-03-07T00:30:00Z,Regular,Harrah's Cherokee Center,UNC Greensboro,UG,VMI,V,84,70,FINISHED,ncaam,2026-08-23T20:56:10+00:00
ncaam-372221,NCAAM,2025-26,2026-03-07T00:30:00Z,Regular,VyStar Veterans Memorial Arena,Queens University,QU,West Georgia,WG,71,63,FINISHED,ncaam,2026-08-23T20:56:10+00:00
ncaam-215206,NCAAM,2025-26,2026-03-07T01:00:00Z,Regular,WVU Coliseum,West Virginia,WV,UCF,U,77,62,FINISHED,ncaam,2026-08-23T20:56:10+00:00
ncaam-372230,NCAAM,2025-26,2026-03-07T01:00:00Z,Regular,Ford Center,Tennessee State,TS,UT Martin,UM,68,55,FINISHED,ncaam,2026-08-23T20:56:10+00:00
ncaam-372232,NCAAM,2025-26,2026-03-07T01:30:00Z,Regular,Jim Whelan Boardwalk Hall,Saint Peter's,SP,Fairfield,F,55,74,FINISHED,ncaam,2026-08-23T20:56:10+00:00
ncaam-372231,NCAAM,2025-26,2026-03-07T01:50:00Z,Regular,Pensacola Bay Center,South Alabama,SA,Georgia Southern,GS,85,94,FINISHED,ncaam,2026-08-23T20:56:10+00:00
ncaam-215207,NCAAM,2025-26,2026-03-07T02:00:00Z,Regular,Prudential Center,Seton Hall,SH,St. John's,SJ,65,72,FINISHED,ncaam,2026-08-23T20:56:10+00:00
ncaam-372233,NCAAM,2025-26,2026-03-07T02:00:00Z,Regular,Orleans Arena,Washington State,WS,Portland,P,68,74,FINISHED,ncaam,2026-08-23T20:56:10+00:00
ncaam-212080,NCAAM,2025-26,2026-03-07T02:10:00Z,Regular,Convocation Center (OH),Ohio,O,Miami (OH),M(,108,110,FINISHED,ncaam,2026-08-23T20:56:10+00:00
ncaam-372179,NCAAM,2025-26,2026-03-07T02:30:00Z,Regular,Freedom Hall (TN),Radford,R,Presbyterian,P,85,91,FINISHED,ncaam,2026-08-23T20:56:10+00:00
ncaam-372180,NCAAM,2025-26,2026-03-07T02:30:00Z,Regular,Denny Sanford Premier Center,North Dakota,ND,Denver,D,83,67,FINISHED,ncaam,2026-08-23T20:56:10+00:00
ncaam-215222,NCAAM,2025-26,2026-03-07T03:00:00Z,Regular,Viejas Arena,San Diego State,SDS,UNLV,U,89,86,FINISHED,ncaam,2026-08-23T20:56:10+00:00
ncaam-372234,NCAAM,2025-26,2026-03-07T03:25:00Z,Regular,Enterprise Center,Illinois State,IS,Northern Iowa,NI,52,74,FINISHED,ncaam,2026-08-23T20:56:10+00:00
ncaam-372235,NCAAM,2025-26,2026-03-07T03:30:00Z,Regular,Ford Center,Morehead State,MS,Southeast Missouri State,SMS,66,61,FINISHED,ncaam,2026-08-23T20:56:10+00:00
ncaam-372236,NCAAM,2025-26,2026-03-07T04:30:00Z,Regular,Orleans Arena,Seattle U,SU,San Diego,SD,58,56,FINISHED,ncaam,2026-08-23T20:56:10+00:00
ncaam-212092,NCAAM,2025-26,2026-03-07T17:00:00Z,Regular,Mizzou Arena,Missouri,M,Arkansas,A,84,88,FINISHED,ncaam,2026-08-23T20:56:10+00:00
ncaam-212104,NCAAM,2025-26,2026-03-07T17:00:00Z,Regular,Bob Carpenter Center,Delaware,D,Louisiana Tech,LT,38,81,FINISHED,ncaam,2026-08-23T20:56:10+00:00
ncaam-215209,NCAAM,2025-26,2026-03-07T17:00:00Z,Regular,Gallagher-Iba Arena,Oklahoma State,OS,Houston,H,75,82,FINISHED,ncaam,2026-08-23T20:56:10+00:00
ncaam-215224,NCAAM,2025-26,2026-03-07T17:00:00Z,Regular,Wintrust Arena,DePaul,D,Butler,B,71,81,FINISHED,ncaam,2026-08-23T20:56:10+00:00
ncaam-215225,NCAAM,2025-26,2026-03-07T17:00:00Z,Regular,Finneran Pavilion,Villanova,V,Xavier,X,91,78,FINISHED,ncaam,2026-08-23T20:56:10+00:00
ncaam-215228,NCAAM,2025-26,2026-03-07T17:00:00Z,Regular,John Paul Jones Arena,Virginia,V,Virginia Tech,VT,76,72,FINISHED,ncaam,2026-08-23T20:56:10+00:00
ncaam-215229,NCAAM,2025-26,2026-03-07T17:00:00Z,Regular,Conte Forum,Boston College,BC,Notre Dame,ND,77,69,FINISHED,ncaam,2026-08-23T20:56:10+00:00
ncaam-215235,NCAAM,2025-26,2026-03-07T17:00:00Z,Regular,Littlejohn Coliseum,Clemson,C,Georgia Tech,GT,79,76,FINISHED,ncaam,2026-08-23T20:56:10+00:00
ncaam-359038,NCAAM,2025-26,2026-03-07T17:00:00Z,Regular,Reilly Center,St. Bonaventure,SB,Davidson,D,63,68,FINISHED,ncaam,2026-08-23T20:56:10+00:00
ncaam-372205,NCAAM,2025-26,2026-03-07T17:00:00Z,Regular,Entertainment & Sports Arena,Stony Brook,SB,Campbell,C,89,96,FINISHED,ncaam,2026-08-23T20:56:10+00:00
ncaam-372222,NCAAM,2025-26,2026-03-07T17:00:00Z,Regular,Mercyhurst Athletic Center,Mercyhurst,M,Stonehill,S,56,51,FINISHED,ncaam,2026-08-23T20:56:10+00:00
ncaam-372239,NCAAM,2025-26,2026-03-07T17:00:00Z,Regular,Harrah's Cherokee Center,East Tennessee State,ETS,The Citadel,TC,83,76,FINISHED,ncaam,2026-08-23T20:56:10+00:00
ncaam-372240,NCAAM,2025-26,2026-03-07T17:00:00Z,Regular,Freedom Hall (TN),High Point,HP,UNC Asheville,UA,75,71,FINISHED,ncaam,2026-08-23T20:56:10+00:00
ncaam-215226,NCAAM,2025-26,2026-03-07T17:30:00Z,Regular,Fiserv Forum,Marquette,M,UConn,U,68,62,FINISHED,ncaam,2026-08-23T20:56:10+00:00
ncaam-212094,NCAAM,2025-26,2026-03-07T18:00:00Z,Regular,The Sandy and John Black Pavilion at Ole Miss,Ole Miss,OM,South Carolina,SC,61,64,FINISHED,ncaam,2026-08-23T20:56:10+00:00
ncaam-359039,NCAAM,2025-26,2026-03-07T18:00:00Z,Regular,Michael J. Hagan '85 Arena,Saint Joseph's,SJ,La Salle,LS,88,76,FINISHED,ncaam,2026-08-23T20:56:10+00:00
ncaam-372206,NCAAM,2025-26,2026-03-07T18:00:00Z,Regular,Costello Athletic Center,UMass Lowell,UL,UAlbany,U,81,76,FINISHED,ncaam,2026-08-23T20:56:10+00:00
ncaam-372207,NCAAM,2025-26,2026-03-07T18:00:00Z,Regular,Chesapeake Employers Insurance Arena,UMBC,U,New Hampshire,NH,84,69,FINISHED,ncaam,2026-08-23T20:56:10+00:00
ncaam-212091,NCAAM,2025-26,2026-03-07T19:00:00Z,Regular,Food City Center,Tennessee,T,Vanderbilt,V,82,86,FINISHED,ncaam,2026-08-23T20:56:10+00:00
ncaam-212101,NCAAM,2025-26,2026-03-07T19:00:00Z,Regular,Ocean Bank Convocation Center,Florida International,FI,Western Kentucky,WK,92,67,FINISHED,ncaam,2026-08-23T20:56:10+00:00
ncaam-212105,NCAAM,2025-26,2026-03-07T19:00:00Z,Regular,Liberty Arena,Liberty,L,Sam Houston,SH,79,72,FINISHED,ncaam,2026-08-23T20:56:10+00:00
ncaam-212106,NCAAM,2025-26,2026-03-07T19:00:00Z,Regular,John J. Lee Amphitheater,Yale,Y,Princeton,P,78,53,FINISHED,ncaam,2026-08-23T20:56:10+00:00
ncaam-215208,NCAAM,2025-26,2026-03-07T19:00:00Z,Regular,Schollmaier Arena,TCU,T,Cincinnati,C,73,63,FINISHED,ncaam,2026-08-23T20:56:10+00:00
ncaam-215210,NCAAM,2025-26,2026-03-07T19:00:00Z,Regular,Allen Fieldhouse,Kansas,K,Kansas State,KS,104,85,FINISHED,ncaam,2026-08-23T20:56:10+00:00
ncaam-215211,NCAAM,2025-26,2026-03-07T19:00:00Z,Regular,Hilton Coliseum,Iowa State,IS,Arizona State,AS,86,65,FINISHED,ncaam,2026-08-23T20:56:10+00:00
ncaam-215232,NCAAM,2025-26,2026-03-07T19:00:00Z,Regular,Watsco Center,Miami,M,Louisville,L,89,92,FINISHED,ncaam,2026-08-23T20:56:10+00:00
ncaam-215233,NCAAM,2025-26,2026-03-07T19:00:00Z,Regular,Tucker Center,Florida State,FS,SMU,S,91,78,FINISHED,ncaam,2026-08-23T20:56:10+00:00
ncaam-359040,NCAAM,2025-26,2026-03-07T19:00:00Z,Regular,Leede Arena,Dartmouth,D,Cornell,C,90,111,FINISHED,ncaam,2026-08-23T20:56:10+00:00
ncaam-359041,NCAAM,2025-26,2026-03-07T19:00:00Z,Regular,Gentile Arena,Loyola Chicago,LC,George Washington,GW,68,62,FINISHED,ncaam,2026-08-23T20:56:10+00:00
ncaam-359042,NCAAM,2025-26,2026-03-07T19:00:00Z,Regular,Rose Hill Gym,Fordham,F,Rhode Island,RI,61,49,FINISHED,ncaam,2026-08-23T20:56:10+00:00
ncaam-359043,NCAAM,2025-26,2026-03-07T19:00:00Z,Regular,UPMC Cooper Fieldhouse,Duquesne,D,Richmond,R,79,77,FINISHED,ncaam,2026-08-23T20:56:10+00:00
ncaam-372208,NCAAM,2025-26,2026-03-07T19:00:00Z,Regular,Patrick Gymnasium,Vermont,V,Bryant,B,77,57,FINISHED,ncaam,2026-08-23T20:56:10+00:00
ncaam-372223,NCAAM,2025-26,2026-03-07T19:00:00Z,Regular,Steinberg Wellness Center,Long Island University,LIU,Wagner,W,64,56,FINISHED,ncaam,2026-08-23T20:56:10+00:00
ncaam-215231,NCAAM,2025-26,2026-03-07T19:15:00Z,Regular,Lenovo Center,NC State,NS,Stanford,S,84,85,FINISHED,ncaam,2026-08-23T20:56:10+00:00
ncaam-372241,NCAAM,2025-26,2026-03-07T19:30:00Z,Regular,Entertainment & Sports Arena,Drexel,D,Northeastern,N,84,77,FINISHED,ncaam,2026-08-23T20:56:10+00:00
ncaam-372242,NCAAM,2025-26,2026-03-07T19:30:00Z,Regular,Harrah's Cherokee Center,Wofford,W,UNC Greensboro,UG,72,75,FINISHED,ncaam,2026-08-23T20:56:10+00:00
ncaam-372243,NCAAM,2025-26,2026-03-07T19:30:00Z,Regular,Freedom Hall (TN),Winthrop,W,Presbyterian,P,73,71,FINISHED,ncaam,2026-08-23T20:56:10+00:00
ncaam-212100,NCAAM,2025-26,2026-03-07T20:00:00Z,Regular,Great Southern Bank Arena,Missouri State,MS,Middle Tennessee,MT,63,75,FINISHED,ncaam,2026-08-23T20:56:10+00:00
ncaam-212103,NCAAM,2025-26,2026-03-07T20:00:00Z,Regular,Don Haskins Center,UTEP,U,Jacksonville State,JS,61,64,FINISHED,ncaam,2026-08-23T20:56:10+00:00
ncaam-212093,NCAAM,2025-26,2026-03-07T20:30:00Z,Regular,Humphrey Coliseum,Mississippi State,MS,Georgia,G,96,102,FINISHED,ncaam,2026-08-23T20:56:10+00:00
ncaam-372244,NCAAM,2025-26,2026-03-07T20:30:00Z,Regular,Enterprise Center,UIC,U,Drake,D,72,51,FINISHED,ncaam,2026-08-23T20:56:10+00:00
ncaam-212096,NCAAM,2025-26,2026-03-07T21:00:00Z,Regular,Rupp Arena,Kentucky,K,Florida,F,77,84,FINISHED,ncaam,2026-08-23T20:56:10+00:00
ncaam-212102,NCAAM,2025-26,2026-03-07T21:00:00Z,Regular,Pan American Center,New Mexico State,NMS,Kennesaw State,KS,79,76,FINISHED,ncaam,2026-08-23T20:56:10+00:00
ncaam-215216,NCAAM,2025-26,2026-03-07T21:00:00Z,Regular,Mackey Arena,Purdue,P,Wisconsin,W,93,97,FINISHED,ncaam,2026-08-23T20:56:10+00:00
ncaam-215220,NCAAM,2025-26,2026-03-07T21:00:00Z,Regular,Moby Arena,Colorado State,CS,Boise State,BS,67,78,FINISHED,ncaam,2026-08-23T20:56:10+00:00
ncaam-215227,NCAAM,2025-26,2026-03-07T21:00:00Z,Regular,LJVM Coliseum,Wake Forest,WF,California,C,80,73,FINISHED,ncaam,2026-08-23T20:56:10+00:00
ncaam-359044,NCAAM,2025-26,2026-03-07T21:00:00Z,Regular,Dee Glen Smith Spectrum,Utah State,US,New Mexico,NM,94,90,FINISHED,ncaam,2026-08-23T20:56:10+00:00
ncaam-359045,NCAAM,2025-26,2026-03-07T21:00:00Z,Regular,EagleBank Arena,George Mason,GM,Saint Louis,SL,86,57,FINISHED,ncaam,2026-08-23T20:56:10+00:00
ncaam-359046,NCAAM,2025-26,2026-03-07T21:00:00Z,Regular,Charles Koch Arena,Wichita State,WS,Florida Atlantic,FA,88,70,FINISHED,ncaam,2026-08-23T20:56:10+00:00
ncaam-372209,NCAAM,2025-26,2026-03-07T21:00:00Z,Regular,Joel & Diane Bloom Wellness and Events Center,NJIT,N,Maine,M,60,58,FINISHED,ncaam,2026-08-23T20:56:10+00:00
ncaam-215230,NCAAM,2025-26,2026-03-07T21:30:00Z,Regular,JMA Wireless Dome,Syracuse,S,Pittsburgh,P,69,71,FINISHED,ncaam,2026-08-23T20:56:10+00:00
ncaam-215214,NCAAM,2025-26,2026-03-07T22:00:00Z,Regular,Foster Pavilion,Baylor,B,Utah,U,101,75,FINISHED,ncaam,2026-08-23T20:56:10+00:00
ncaam-359047,NCAAM,2025-26,2026-03-07T22:00:00Z,Regular,Provident Credit Union Event Center,San José State,SJS,Wyoming,W,78,88,FINISHED,ncaam,2026-08-23T20:56:10+00:00
ncaam-372245,NCAAM,2025-26,2026-03-07T22:00:00Z,Regular,VyStar Veterans Memorial Arena,Central Arkansas,CA,Florida Gulf Coast,FGC,73,63,FINISHED,ncaam,2026-08-23T20:56:10+00:00
ncaam-215218,NCAAM,2025-26,2026-03-07T22:30:00Z,Regular,Schottenstein Center,Ohio State,OS,Indiana,I,91,78,FINISHED,ncaam,2026-08-23T20:56:10+00:00
ncaam-212095,NCAAM,2025-26,2026-03-07T23:00:00Z,Regular,Pete Maravich Assembly Center,LSU,L,Texas A&M,TA,91,94,FINISHED,ncaam,2026-08-23T20:56:10+00:00
ncaam-372181,NCAAM,2025-26,2026-03-07T23:00:00Z,Regular,Harrah's Cherokee Center,Samford,S,Furman,F,81,86,FINISHED,ncaam,2026-08-23T20:56:10+00:00
ncaam-372187,NCAAM,2025-26,2026-03-07T23:00:00Z,Regular,Jim Whelan Boardwalk Hall,Quinnipiac,Q,Marist,M,75,77,FINISHED,ncaam,2026-08-23T20:56:10+00:00
ncaam-372210,NCAAM,2025-26,2026-03-07T23:00:00Z,Regular,Entertainment & Sports Arena,Towson,T,Hampton,H,74,68,FINISHED,ncaam,2026-08-23T20:56:10+00:00
ncaam-372246,NCAAM,2025-26,2026-03-07T23:00:00Z,Regular,Enterprise Center,Bradley,B,Northern Iowa,NI,69,73,FINISHED,ncaam,2026-08-23T20:56:10+00:00
ncaam-215234,NCAAM,2025-26,2026-03-07T23:30:00Z,Regular,Cameron Indoor Stadium,Duke,D,North Carolina,NC,76,61,FINISHED,ncaam,2026-08-23T20:56:10+00:00
ncaam-372247,NCAAM,2025-26,2026-03-07T23:30:00Z,Regular,Pensacola Bay Center,App State,AS,Southern Miss,SM,73,86,FINISHED,ncaam,2026-08-23T20:56:10+00:00
ncaam-212085,NCAAM,2025-26,2026-03-08T00:00:00Z,Regular,Mott Athletics Center,Cal Poly,CP,Cal State Bakersfield,CSB,108,76,FINISHED,ncaam,2026-08-23T20:56:10+00:00
ncaam-212099,NCAAM,2025-26,2026-03-08T00:00:00Z,Regular,Moody Coliseum (Abilene),Abilene Christian,AC,UT Arlington,UA,57,64,FINISHED,ncaam,2026-08-23T20:56:10+00:00
ncaam-372193,NCAAM,2025-26,2026-03-08T00:30:00Z,Regular,Idaho Central Arena,Idaho State,IS,Northern Arizona,NA,73,65,FINISHED,ncaam,2026-08-23T20:56:10+00:00
ncaam-372248,NCAAM,2025-26,2026-03-08T00:45:00Z,Regular,VyStar Veterans Memorial Arena,Austin Peay,AP,Queens University,QU,83,90,FINISHED,ncaam,2026-08-23T20:56:10+00:00
ncaam-212087,NCAAM,2025-26,2026-03-08T01:00:00Z,Regular,Bren Events Center,UC Irvine,UI,UC Davis,UD,79,69,FINISHED,ncaam,2026-08-23T20:56:10+00:00
ncaam-215221,NCAAM,2025-26,2026-03-08T01:00:00Z,Regular,Global Credit Union Arena,Grand Canyon,GC,Fresno State,FS,85,60,FINISHED,ncaam,2026-08-23T20:56:10+00:00
ncaam-215223,NCAAM,2025-26,2026-03-08T01:00:00Z,Regular,Capital One Arena,Georgetown,G,Providence,P,80,79,FINISHED,ncaam,2026-08-23T20:56:10+00:00
ncaam-215237,NCAAM,2025-26,2026-03-08T01:00:00Z,Regular,Premier America Credit Union Arena,Cal State Northridge,CSN,Cal State Fullerton,CSF,77,90,FINISHED,ncaam,2026-08-23T20:56:10+00:00
ncaam-372249,NCAAM,2025-26,2026-03-08T01:00:00Z,Regular,Denny Sanford Premier Center,North Dakota State,NDS,Omaha,O,74,50,FINISHED,ncaam,2026-08-23T20:56:10+00:00
ncaam-212089,NCAAM,2025-26,2026-03-08T01:30:00Z,Regular,Coleman Coliseum,Alabama,A,Auburn,A,96,84,FINISHED,ncaam,2026-08-23T20:56:10+00:00
ncaam-212090,NCAAM,2025-26,2026-03-08T01:30:00Z,Regular,Moody Center,Texas,T,Oklahoma,O,85,88,FINISHED,ncaam,2026-08-23T20:56:10+00:00
ncaam-212097,NCAAM,2025-26,2026-03-08T01:30:00Z,Regular,America First Events Center,Southern Utah,SU,California Baptist,CB,75,82,FINISHED,ncaam,2026-08-23T20:56:10+00:00
ncaam-372182,NCAAM,2025-26,2026-03-08T01:30:00Z,Regular,Harrah's Cherokee Center,Mercer,M,Western Carolina,WC,73,77,FINISHED,ncaam,2026-08-23T20:56:10+00:00
ncaam-372211,NCAAM,2025-26,2026-03-08T01:30:00Z,Regular,Entertainment & Sports Arena,William & Mary,W&M,Elon,E,72,62,FINISHED,ncaam,2026-08-23T20:56:10+00:00
ncaam-372188,NCAAM,2025-26,2026-03-08T01:48:00Z,Regular,Jim Whelan Boardwalk Hall,Siena,S,Mount St. Mary's,MSM,63,58,FINISHED,ncaam,2026-08-23T20:56:10+00:00
ncaam-212088,NCAAM,2025-26,2026-03-08T02:00:00Z,Regular,The Thunderdome,UC Santa Barbara,USB,UC San Diego,USD,63,64,FINISHED,ncaam,2026-08-23T20:56:10+00:00
ncaam-212098,NCAAM,2025-26,2026-03-08T02:00:00Z,Regular,Burns Arena,Utah Tech,UT,Utah Valley,UV,101,104,FINISHED,ncaam,2026-08-23T20:56:10+00:00
ncaam-215215,NCAAM,2025-26,2026-03-08T02:00:00Z,Regular,Galen Center,USC,U,UCLA,U,68,89,FINISHED,ncaam,2026-08-23T20:56:10+00:00
ncaam-215219,NCAAM,2025-26,2026-03-08T02:00:00Z,Regular,Williams Arena,Minnesota,M,Northwestern,N,67,66,FINISHED,ncaam,2026-08-23T20:56:10+00:00
ncaam-372250,NCAAM,2025-26,2026-03-08T02:00:00Z,Regular,Orleans Arena,San Francisco,SF,Portland,P,82,65,FINISHED,ncaam,2026-08-23T20:56:10+00:00
ncaam-372252,NCAAM,2025-26,2026-03-08T02:00:00Z,Regular,Ford Center,Tennessee State,TS,Morehead State,MS,93,67,FINISHED,ncaam,2026-08-23T20:56:10+00:00
ncaam-372251,NCAAM,2025-26,2026-03-08T02:24:00Z,Regular,Pensacola Bay Center,Coastal Carolina,CC,Georgia Southern,GS,72,96,FINISHED,ncaam,2026-08-23T20:56:10+00:00
ncaam-215236,NCAAM,2025-26,2026-03-08T03:00:00Z,Regular,Lawlor Events Center,Nevada,N,Air Force,AF,74,59,FINISHED,ncaam,2026-08-23T20:56:10+00:00
ncaam-372194,NCAAM,2025-26,2026-03-08T03:00:00Z,Regular,Idaho Central Arena,Idaho,I,Sacramento State,SS,68,45,FINISHED,ncaam,2026-08-23T20:56:10+00:00
ncaam-215213,NCAAM,2025-26,2026-03-08T03:30:00Z,Regular,Marriott Center,BYU,B,Texas Tech,TT,82,76,FINISHED,ncaam,2026-08-23T20:56:10+00:00
ncaam-372253,NCAAM,2025-26,2026-03-08T03:30:00Z,Regular,Denny Sanford Premier Center,St. Thomas-Minnesota,STM,North Dakota,ND,66,67,FINISHED,ncaam,2026-08-23T20:56:10+00:00
ncaam-215212,NCAAM,2025-26,2026-03-08T04:00:00Z,Regular,CU Events Center,Colorado,C,Arizona,A,79,89,FINISHED,ncaam,2026-08-23T20:56:10+00:00
ncaam-215217,NCAAM,2025-26,2026-03-08T04:00:00Z,Regular,Matthew Knight Arena,Oregon,O,Washington,W,85,79,FINISHED,ncaam,2026-08-23T20:56:10+00:00
ncaam-372254,NCAAM,2025-26,2026-03-08T04:40:00Z,Regular,Orleans Arena,Pacific,P,Seattle U,SU,61,58,FINISHED,ncaam,2026-08-23T20:56:10+00:00
ncaam-212086,NCAAM,2025-26,2026-03-08T04:59:00Z,Regular,Stan Sheriff Center,Hawai'i,H,Long Beach State,LBS,75,84,FINISHED,ncaam,2026-08-23T20:56:10+00:00
ncaam-215238,NCAAM,2025-26,2026-03-08T16:00:00Z,Regular,Jersey Mike’s Arena,Rutgers,R,Penn State,PS,74,62,FINISHED,ncaam,2026-08-23T20:56:10+00:00
ncaam-372237,NCAAM,2025-26,2026-03-08T16:00:00Z,Regular,Stabler Arena,Lehigh,L,Colgate,C,76,69,FINISHED,ncaam,2026-08-23T20:56:10+00:00
ncaam-372263,NCAAM,2025-26,2026-03-08T16:00:00Z,Regular,Entertainment & Sports Arena,UNC Wilmington,UW,Campbell,C,70,85,FINISHED,ncaam,2026-08-23T20:56:10+00:00
ncaam-372264,NCAAM,2025-26,2026-03-08T16:00:00Z,Regular,Enterprise Center,UIC,U,Northern Iowa,NI,69,84,FINISHED,ncaam,2026-08-23T20:56:10+00:00
ncaam-372265,NCAAM,2025-26,2026-03-08T16:00:00Z,Regular,Freedom Hall (TN),High Point,HP,Winthrop,W,91,76,FINISHED,ncaam,2026-08-23T20:56:10+00:00
ncaam-359048,NCAAM,2025-26,2026-03-08T18:00:00Z,Regular,Devlin Fieldhouse,Tulane,T,Memphis,M,95,96,FINISHED,ncaam,2026-08-23T20:56:10+00:00
ncaam-359049,NCAAM,2025-26,2026-03-08T18:00:00Z,Regular,Yuengling Center,South Florida,SF,Charlotte,C,83,60,FINISHED,ncaam,2026-08-23T20:56:10+00:00
ncaam-372238,NCAAM,2025-26,2026-03-08T18:00:00Z,Regular,Alumni Hall (Navy),Navy,N,Boston University,BU,72,73,FINISHED,ncaam,2026-08-23T20:56:10+00:00
ncaam-372266,NCAAM,2025-26,2026-03-08T18:00:00Z,Regular,VyStar Veterans Memorial Arena,Central Arkansas,CA,Queens University,QU,93,98,FINISHED,ncaam,2026-08-23T20:56:10+00:00
ncaam-215241,NCAAM,2025-26,2026-03-08T19:00:00Z,Regular,XFINITY Center,Maryland,M,Illinois,I,72,78,FINISHED,ncaam,2026-08-23T20:56:10+00:00
ncaam-359050,NCAAM,2025-26,2026-03-08T19:00:00Z,Regular,Reynolds Center,Tulsa,T,Temple,T,78,76,FINISHED,ncaam,2026-08-23T20:56:10+00:00
ncaam-359051,NCAAM,2025-26,2026-03-08T19:00:00Z,Regular,Tudor Fieldhouse,Rice,R,UTSA,U,80,71,FINISHED,ncaam,2026-08-23T20:56:10+00:00
ncaam-359052,NCAAM,2025-26,2026-03-08T19:00:00Z,Regular,Bartow Arena,UAB,U,East Carolina,EC,90,83,FINISHED,ncaam,2026-08-23T20:56:10+00:00
ncaam-372267,NCAAM,2025-26,2026-03-08T19:00:00Z,Regular,Entertainment & Sports Arena,Monmouth,M,Drexel,D,65,57,FINISHED,ncaam,2026-08-23T20:56:10+00:00
ncaam-372224,NCAAM,2025-26,2026-03-08T19:30:00Z,Regular,Corteva Coliseum,Green Bay,GB,Northern Kentucky,NK,76,96,FINISHED,ncaam,2026-08-23T20:56:10+00:00
ncaam-372268,NCAAM,2025-26,2026-03-08T20:00:00Z,Regular,Harrah's Cherokee Center,East Tennessee State,ETS,Western Carolina,WC,69,67,FINISHED,ncaam,2026-08-23T20:56:10+00:00
ncaam-215240,NCAAM,2025-26,2026-03-08T20:30:00Z,Regular,Crisler Center,Michigan,M,Michigan State,MS,90,80,FINISHED,ncaam,2026-08-23T20:56:10+00:00
ncaam-215239,NCAAM,2025-26,2026-03-08T21:00:00Z,Regular,Pinnacle Bank Arena,Nebraska,N,Iowa,I,84,75,FINISHED,ncaam,2026-08-23T20:56:10+00:00
ncaam-372195,NCAAM,2025-26,2026-03-08T22:00:00Z,Regular,Legacy Center,New Orleans,NO,Houston Christian,HC,73,60,FINISHED,ncaam,2026-08-23T20:56:10+00:00
ncaam-372269,NCAAM,2025-26,2026-03-08T22:00:00Z,Regular,Entertainment & Sports Arena,Charleston,C,Towson,T,56,81,FINISHED,ncaam,2026-08-23T20:56:10+00:00
ncaam-372270,NCAAM,2025-26,2026-03-08T22:00:00Z,Regular,Pensacola Bay Center,Troy,T,Southern Miss,SM,78,70,FINISHED,ncaam,2026-08-23T20:56:10+00:00
ncaam-372271,NCAAM,2025-26,2026-03-08T22:00:00Z,Regular,Jim Whelan Boardwalk Hall,Merrimack,M,Marist,M,58,57,FINISHED,ncaam,2026-08-23T20:56:10+00:00
ncaam-372272,NCAAM,2025-26,2026-03-08T22:30:00Z,Regular,Harrah's Cherokee Center,Furman,F,UNC Greensboro,UG,81,75,FINISHED,ncaam,2026-08-23T20:56:10+00:00
ncaam-372273,NCAAM,2025-26,2026-03-08T23:30:00Z,Regular,Idaho Central Arena,Portland State,PS,Idaho State,IS,85,78,FINISHED,ncaam,2026-08-23T20:56:10+00:00
ncaam-372196,NCAAM,2025-26,2026-03-09T00:30:00Z,Regular,Legacy Center,Nicholls,N,Northwestern State,NS,61,47,FINISHED,ncaam,2026-08-23T20:56:10+00:00
ncaam-372274,NCAAM,2025-26,2026-03-09T00:30:00Z,Regular,Entertainment & Sports Arena,Hofstra,H,William & Mary,W&M,92,61,FINISHED,ncaam,2026-08-23T20:56:10+00:00
ncaam-372275,NCAAM,2025-26,2026-03-09T00:30:00Z,Regular,Orleans Arena,Oregon State,OS,San Francisco,SF,78,77,FINISHED,ncaam,2026-08-23T20:56:10+00:00
ncaam-372277,NCAAM,2025-26,2026-03-09T00:30:00Z,Regular,Jim Whelan Boardwalk Hall,Siena,S,Fairfield,F,76,61,FINISHED,ncaam,2026-08-23T20:56:10+00:00
ncaam-372276,NCAAM,2025-26,2026-03-09T01:00:00Z,Regular,Pensacola Bay Center,Marshall,M,Georgia Southern,GS,78,82,FINISHED,ncaam,2026-08-23T20:56:10+00:00
ncaam-372278,NCAAM,2025-26,2026-03-09T01:00:00Z,Regular,Denny Sanford Premier Center,North Dakota State,NDS,North Dakota,ND,70,62,FINISHED,ncaam,2026-08-23T20:56:10+00:00
ncaam-372279,NCAAM,2025-26,2026-03-09T02:20:00Z,Regular,Idaho Central Arena,Montana State,MS,Idaho,I,74,78,FINISHED,ncaam,2026-08-23T20:56:10+00:00
ncaam-372280,NCAAM,2025-26,2026-03-09T03:20:00Z,Regular,Orleans Arena,Santa Clara,SC,Pacific,P,76,68,FINISHED,ncaam,2026-08-23T20:56:10+00:00
ncaam-372255,NCAAM,2025-26,2026-03-09T18:00:00Z,Regular,Gateway Center,Alabama State,AS,Alcorn State,AS,65,77,FINISHED,ncaam,2026-08-23T20:56:10+00:00
ncaam-372321,NCAAM,2025-26,2026-03-09T22:00:00Z,Regular,Entertainment & Sports Arena,Monmouth,M,Campbell,C,74,64,FINISHED,ncaam,2026-08-23T20:56:10+00:00
ncaam-372322,NCAAM,2025-26,2026-03-09T22:00:00Z,Regular,Legacy Center,Texas A&M-Corpus Christi,TACC,New Orleans,NO,74,61,FINISHED,ncaam,2026-08-23T20:56:10+00:00
ncaam-372323,NCAAM,2025-26,2026-03-09T23:00:00Z,Regular,Pensacola Bay Center,Troy,T,Georgia Southern,GS,77,61,FINISHED,ncaam,2026-08-23T20:56:10+00:00
ncaam-372324,NCAAM,2025-26,2026-03-09T23:00:00Z,Regular,Harrah's Cherokee Center,East Tennessee State,ETS,Furman,F,61,76,FINISHED,ncaam,2026-08-23T20:56:10+00:00
ncaam-372325,NCAAM,2025-26,2026-03-09T23:00:00Z,Regular,Corteva Coliseum,Wright State,WS,Northern Kentucky,NK,103,90,FINISHED,ncaam,2026-08-23T20:56:10+00:00
ncaam-372197,NCAAM,2025-26,2026-03-09T23:30:00Z,Regular,Idaho Central Arena,Montana,M,Northern Colorado,NC,95,89,FINISHED,ncaam,2026-08-23T20:56:10+00:00
ncaam-372256,NCAAM,2025-26,2026-03-10T00:30:00Z,Regular,Gateway Center,Grambling,G,Mississippi Valley State,MVS,77,52,FINISHED,ncaam,2026-08-23T20:56:10+00:00
ncaam-372326,NCAAM,2025-26,2026-03-10T00:30:00Z,Regular,Entertainment & Sports Arena,Hofstra,H,Towson,T,68,65,FINISHED,ncaam,2026-08-23T20:56:10+00:00
ncaam-372327,NCAAM,2025-26,2026-03-10T00:50:00Z,Regular,Legacy Center,UT Rio Grande Valley,URGV,Nicholls,N,86,68,FINISHED,ncaam,2026-08-23T20:56:10+00:00
ncaam-372328,NCAAM,2025-26,2026-03-10T01:00:00Z,Regular,Orleans Arena,Gonzaga,G,Oregon State,OS,65,56,FINISHED,ncaam,2026-08-23T20:56:10+00:00
ncaam-372225,NCAAM,2025-26,2026-03-10T01:50:00Z,Regular,Corteva Coliseum,Robert Morris,RM,Detroit Mercy,DM,64,70,FINISHED,ncaam,2026-08-23T20:56:10+00:00
ncaam-372198,NCAAM,2025-26,2026-03-10T02:00:00Z,Regular,Idaho Central Arena,Eastern Washington,EW,Weber State,WS,84,79,FINISHED,ncaam,2026-08-23T20:56:10+00:00
ncaam-372329,NCAAM,2025-26,2026-03-10T03:45:00Z,Regular,Orleans Arena,Saint Mary's,SM,Santa Clara,SC,71,76,FINISHED,ncaam,2026-08-23T20:56:10+00:00
ncaam-372281,NCAAM,2025-26,2026-03-10T16:30:00Z,Regular,T-Mobile Center,Arizona State,AS,Baylor,B,83,79,FINISHED,ncaam,2026-08-23T20:56:10+00:00
ncaam-372282,NCAAM,2025-26,2026-03-10T18:00:00Z,Regular,Spectrum Center,Stanford,S,Pittsburgh,P,63,64,FINISHED,ncaam,2026-08-23T20:56:10+00:00
ncaam-372338,NCAAM,2025-26,2026-03-10T18:00:00Z,Regular,Gateway Center,Prairie View A&M,PVA,Alcorn State,AS,65,56,FINISHED,ncaam,2026-08-23T20:56:10+00:00
ncaam-372283,NCAAM,2025-26,2026-03-10T19:00:00Z,Regular,T-Mobile Center,Cincinnati,C,Utah,U,73,66,FINISHED,ncaam,2026-08-23T20:56:10+00:00
ncaam-372284,NCAAM,2025-26,2026-03-10T20:30:00Z,Regular,Spectrum Center,SMU,S,Syracuse,S,86,69,FINISHED,ncaam,2026-08-23T20:56:10+00:00
ncaam-372330,NCAAM,2025-26,2026-03-10T21:00:00Z,Regular,United Center,Oregon,O,Maryland,M,60,70,FINISHED,ncaam,2026-08-23T20:56:10+00:00
ncaam-372285,NCAAM,2025-26,2026-03-10T22:00:00Z,Regular,Chesapeake Employers Insurance Arena,UMBC,U,UMass Lowell,UL,91,69,FINISHED,ncaam,2026-08-23T20:56:10+00:00
ncaam-372286,NCAAM,2025-26,2026-03-10T22:30:00Z,Regular,Propst Arena,Florida International,FI,Missouri State,MS,72,75,FINISHED,ncaam,2026-08-23T20:56:10+00:00
ncaam-372287,NCAAM,2025-26,2026-03-10T23:00:00Z,Regular,Steinberg Wellness Center,Long Island University,LIU,Mercyhurst,M,79,70,FINISHED,ncaam,2026-08-23T20:56:10+00:00
ncaam-372288,NCAAM,2025-26,2026-03-10T23:00:00Z,Regular,T-Mobile Center,BYU,B,Kansas State,KS,105,91,FINISHED,ncaam,2026-08-23T20:56:10+00:00
ncaam-372289,NCAAM,2025-26,2026-03-10T23:00:00Z,Regular,Patrick Gymnasium,Vermont,V,NJIT,N,63,54,FINISHED,ncaam,2026-08-23T20:56:10+00:00
ncaam-372290,NCAAM,2025-26,2026-03-10T23:00:00Z,Regular,Spectrum Center,Virginia Tech,VT,Wake Forest,WF,89,95,FINISHED,ncaam,2026-08-23T20:56:10+00:00
ncaam-372339,NCAAM,2025-26,2026-03-10T23:00:00Z,Regular,Entertainment & Sports Arena,Hofstra,H,Monmouth,M,75,69,FINISHED,ncaam,2026-08-23T20:56:10+00:00
ncaam-372340,NCAAM,2025-26,2026-03-10T23:00:00Z,Regular,Legacy Center,Stephen F. Austin,SFA,Texas A&M-Corpus Christi,TACC,60,58,FINISHED,ncaam,2026-08-23T20:56:10+00:00
ncaam-372341,NCAAM,2025-26,2026-03-10T23:00:00Z,Regular,Corteva Coliseum,Wright State,WS,Detroit Mercy,DM,66,63,FINISHED,ncaam,2026-08-23T20:56:10+00:00
ncaam-372331,NCAAM,2025-26,2026-03-10T23:30:00Z,Regular,United Center,Northwestern,N,Penn State,PS,76,66,FINISHED,ncaam,2026-08-23T20:56:10+00:00
ncaam-372342,NCAAM,2025-26,2026-03-11T00:30:00Z,Regular,Gateway Center,Jackson State,JS,Grambling,G,68,65,FINISHED,ncaam,2026-08-23T20:56:10+00:00
ncaam-372332,NCAAM,2025-26,2026-03-11T01:00:00Z,Regular,Jim Whelan Boardwalk Hall,Merrimack,M,Siena,S,54,64,FINISHED,ncaam,2026-08-23T20:56:10+00:00
ncaam-372344,NCAAM,2025-26,2026-03-11T01:00:00Z,Regular,Idaho Central Arena,Portland State,PS,Montana,M,72,75,FINISHED,ncaam,2026-08-23T20:56:10+00:00
ncaam-372343,NCAAM,2025-26,2026-03-11T01:07:00Z,Regular,Orleans Arena,Gonzaga,G,Santa Clara,SC,79,68,FINISHED,ncaam,2026-08-23T20:56:10+00:00
ncaam-372291,NCAAM,2025-26,2026-03-11T01:17:00Z,Regular,Propst Arena,Jacksonville State,JS,New Mexico State,NMS,63,68,FINISHED,ncaam,2026-08-23T20:56:10+00:00
ncaam-372345,NCAAM,2025-26,2026-03-11T01:30:00Z,Regular,Legacy Center,McNeese,M,UT Rio Grande Valley,URGV,84,80,FINISHED,ncaam,2026-08-23T20:56:10+00:00
ncaam-372292,NCAAM,2025-26,2026-03-11T01:43:00Z,Regular,T-Mobile Center,Colorado,C,Oklahoma State,OS,83,92,FINISHED,ncaam,2026-08-23T20:56:10+00:00
ncaam-372346,NCAAM,2025-26,2026-03-11T03:50:00Z,Regular,Idaho Central Arena,Eastern Washington,EW,Idaho,I,68,81,FINISHED,ncaam,2026-08-23T20:56:10+00:00
ncaam-372293,NCAAM,2025-26,2026-03-11T15:30:00Z,Regular,PPG Paints Arena,La Salle,LS,St. Bonaventure,SB,80,99,FINISHED,ncaam,2026-08-23T20:56:10+00:00
ncaam-372347,NCAAM,2025-26,2026-03-11T16:00:00Z,Regular,United Center,Iowa,I,Maryland,M,75,64,FINISHED,ncaam,2026-08-23T20:56:10+00:00
ncaam-372348,NCAAM,2025-26,2026-03-11T16:00:00Z,Regular,Spectrum Center,NC State,NS,Pittsburgh,P,98,88,FINISHED,ncaam,2026-08-23T20:56:10+00:00
ncaam-372294,NCAAM,2025-26,2026-03-11T16:30:00Z,Regular,Bridgestone Arena,Kentucky,K,LSU,L,87,82,FINISHED,ncaam,2026-08-23T20:56:10+00:00
ncaam-372349,NCAAM,2025-26,2026-03-11T16:30:00Z,Regular,T-Mobile Center,Iowa State,IS,Arizona State,AS,91,42,FINISHED,ncaam,2026-08-23T20:56:10+00:00
ncaam-372295,NCAAM,2025-26,2026-03-11T18:00:00Z,Regular,PPG Paints Arena,Richmond,R,Loyola Chicago,LC,67,75,FINISHED,ncaam,2026-08-23T20:56:10+00:00
ncaam-372350,NCAAM,2025-26,2026-03-11T18:00:00Z,Regular,Gateway Center,Bethune-Cookman,BC,Prairie View A&M,PVA,67,71,FINISHED,ncaam,2026-08-23T20:56:10+00:00
ncaam-372333,NCAAM,2025-26,2026-03-11T18:30:00Z,Regular,United Center,Washington,W,USC,U,83,79,FINISHED,ncaam,2026-08-23T20:56:10+00:00
ncaam-372351,NCAAM,2025-26,2026-03-11T18:45:00Z,Regular,Spectrum Center,Louisville,L,SMU,S,62,58,FINISHED,ncaam,2026-08-23T20:56:10+00:00
ncaam-372297,NCAAM,2025-26,2026-03-11T19:00:00Z,Regular,Thomas & Mack Center,UNLV,U,Wyoming,W,73,70,FINISHED,ncaam,2026-08-23T20:56:10+00:00
ncaam-372296,NCAAM,2025-26,2026-03-11T19:15:00Z,Regular,Bridgestone Arena,Auburn,A,Mississippi State,MS,79,61,FINISHED,ncaam,2026-08-23T20:56:10+00:00
ncaam-372352,NCAAM,2025-26,2026-03-11T19:15:00Z,Regular,T-Mobile Center,UCF,U,Cincinnati,C,66,65,FINISHED,ncaam,2026-08-23T20:56:10+00:00
ncaam-372298,NCAAM,2025-26,2026-03-11T20:00:00Z,Regular,Madison Square Garden,Butler,B,Providence,P,81,91,FINISHED,ncaam,2026-08-23T20:56:10+00:00
ncaam-372353,NCAAM,2025-26,2026-03-11T21:00:00Z,Regular,Legacy Center,Stephen F. Austin,SFA,McNeese,M,59,76,FINISHED,ncaam,2026-08-23T20:56:10+00:00
ncaam-372299,NCAAM,2025-26,2026-03-11T21:30:00Z,Regular,Thomas & Mack Center,Nevada,N,Air Force,AF,80,45,FINISHED,ncaam,2026-08-23T20:56:10+00:00
ncaam-372257,NCAAM,2025-26,2026-03-11T22:00:00Z,Regular,Norfolk Scope Arena,Morgan State,MS,Delaware State,DS,70,75,FINISHED,ncaam,2026-08-23T20:56:10+00:00
ncaam-372300,NCAAM,2025-26,2026-03-11T22:30:00Z,Regular,Madison Square Garden,Marquette,M,Xavier,X,87,89,FINISHED,ncaam,2026-08-23T20:56:10+00:00
ncaam-372354,NCAAM,2025-26,2026-03-11T22:30:00Z,Regular,Propst Arena,Liberty,L,Missouri State,MS,69,77,FINISHED,ncaam,2026-08-23T20:56:10+00:00
ncaam-372355,NCAAM,2025-26,2026-03-11T22:30:00Z,Regular,United Center,Indiana,I,Northwestern,N,61,74,FINISHED,ncaam,2026-08-23T20:56:10+00:00
ncaam-372301,NCAAM,2025-26,2026-03-11T23:00:00Z,Regular,Bridgestone Arena,Texas,T,Ole Miss,OM,66,76,FINISHED,ncaam,2026-08-23T20:56:10+00:00
ncaam-372302,NCAAM,2025-26,2026-03-11T23:00:00Z,Regular,Spectrum Center,Florida State,FS,California,C,95,89,FINISHED,ncaam,2026-08-23T20:56:10+00:00
ncaam-372334,NCAAM,2025-26,2026-03-11T23:00:00Z,Regular,Stabler Arena,Lehigh,L,Boston University,BU,74,60,FINISHED,ncaam,2026-08-23T20:56:10+00:00
ncaam-372335,NCAAM,2025-26,2026-03-11T23:00:00Z,Regular,Legacy Arena at BJCC,Memphis,M,Tulane,T,69,81,FINISHED,ncaam,2026-08-23T20:56:10+00:00
ncaam-372356,NCAAM,2025-26,2026-03-11T23:00:00Z,Regular,T-Mobile Center,West Virginia,WV,BYU,B,48,68,FINISHED,ncaam,2026-08-23T20:56:10+00:00
ncaam-372303,NCAAM,2025-26,2026-03-12T00:30:00Z,Regular,Orleans Arena,Abilene Christian,AC,Tarleton State,TS,84,78,FINISHED,ncaam,2026-08-23T20:56:10+00:00
ncaam-372357,NCAAM,2025-26,2026-03-12T00:30:00Z,Regular,Gateway Center,Florida A&M,FA,Jackson State,JS,70,60,FINISHED,ncaam,2026-08-23T20:56:10+00:00
ncaam-372304,NCAAM,2025-26,2026-03-12T01:00:00Z,Regular,Thomas & Mack Center,Colorado State,CS,Fresno State,FS,67,63,FINISHED,ncaam,2026-08-23T20:56:10+00:00
ncaam-372305,NCAAM,2025-26,2026-03-12T01:00:00Z,Regular,Lee's Family Forum,UC San Diego,USD,Cal Poly,CP,72,69,FINISHED,ncaam,2026-08-23T20:56:10+00:00
ncaam-372336,NCAAM,2025-26,2026-03-12T01:00:00Z,Regular,United Center,Minnesota,M,Rutgers,R,67,72,FINISHED,ncaam,2026-08-23T20:56:10+00:00
ncaam-372358,NCAAM,2025-26,2026-03-12T01:00:00Z,Regular,Propst Arena,Sam Houston,SH,New Mexico State,NMS,69,61,FINISHED,ncaam,2026-08-23T20:56:10+00:00
ncaam-372306,NCAAM,2025-26,2026-03-12T01:15:00Z,Regular,Madison Square Garden,DePaul,D,Georgetown,G,56,63,FINISHED,ncaam,2026-08-23T20:56:10+00:00
ncaam-372360,NCAAM,2025-26,2026-03-12T01:38:00Z,Regular,Spectrum Center,Clemson,C,Wake Forest,WF,71,62,FINISHED,ncaam,2026-08-23T20:56:10+00:00
ncaam-372307,NCAAM,2025-26,2026-03-12T01:40:00Z,Regular,Bridgestone Arena,Oklahoma,O,South Carolina,SC,86,74,FINISHED,ncaam,2026-08-23T20:56:10+00:00
ncaam-372337,NCAAM,2025-26,2026-03-12T01:40:00Z,Regular,Legacy Arena at BJCC,Florida Atlantic,FA,Temple,T,63,59,FINISHED,ncaam,2026-08-23T20:56:10+00:00
ncaam-372359,NCAAM,2025-26,2026-03-12T01:43:00Z,Regular,T-Mobile Center,TCU,T,Oklahoma State,OS,95,88,FINISHED,ncaam,2026-08-23T20:56:10+00:00
ncaam-372308,NCAAM,2025-26,2026-03-12T03:30:00Z,Regular,Thomas & Mack Center,Boise State,BS,San José State,SJS,74,84,FINISHED,ncaam,2026-08-23T20:56:10+00:00
ncaam-372309,NCAAM,2025-26,2026-03-12T03:30:00Z,Regular,Lee's Family Forum,UC Davis,UD,UC Santa Barbara,USB,79,73,FINISHED,ncaam,2026-08-23T20:56:10+00:00
ncaam-372361,NCAAM,2025-26,2026-03-12T03:40:00Z,Regular,Idaho Central Arena,Montana,M,Idaho,I,66,77,FINISHED,ncaam,2026-08-23T20:56:10+00:00
ncaam-372258,NCAAM,2025-26,2026-03-12T15:00:00Z,Regular,Rocket Mortgage FieldHouse,Miami (OH),M(,Massachusetts,M,83,87,FINISHED,ncaam,2026-08-23T20:56:10+00:00
ncaam-372310,NCAAM,2025-26,2026-03-12T15:30:00Z,Regular,PPG Paints Arena,Fordham,F,George Washington,GW,62,66,FINISHED,ncaam,2026-08-23T20:56:10+00:00
ncaam-372363,NCAAM,2025-26,2026-03-12T16:00:00Z,Regular,Spectrum Center,Virginia,V,NC State,NS,81,74,FINISHED,ncaam,2026-08-23T20:56:10+00:00
ncaam-372364,NCAAM,2025-26,2026-03-12T16:00:00Z,Regular,Madison Square Garden,St. John's,SJ,Providence,P,85,72,FINISHED,ncaam,2026-08-23T20:56:10+00:00
ncaam-372365,NCAAM,2025-26,2026-03-12T16:00:00Z,Regular,United Center,Ohio State,OS,Iowa,I,72,69,FINISHED,ncaam,2026-08-23T20:56:10+00:00
ncaam-372366,NCAAM,2025-26,2026-03-12T16:30:00Z,Regular,T-Mobile Center,Texas Tech,TT,Iowa State,IS,53,75,FINISHED,ncaam,2026-08-23T20:56:10+00:00
ncaam-372367,NCAAM,2025-26,2026-03-12T16:30:00Z,Regular,Bridgestone Arena,Missouri,M,Kentucky,K,72,78,FINISHED,ncaam,2026-08-23T20:56:10+00:00
ncaam-372311,NCAAM,2025-26,2026-03-12T17:30:00Z,Regular,Rocket Mortgage FieldHouse,Toledo,T,Bowling Green,BG,77,76,FINISHED,ncaam,2026-08-23T20:56:10+00:00
ncaam-372259,NCAAM,2025-26,2026-03-12T18:00:00Z,Regular,Gateway Center,Texas Southern,TS,Alabama A&M,AA,74,85,FINISHED,ncaam,2026-08-23T20:56:10+00:00
ncaam-372368,NCAAM,2025-26,2026-03-12T18:00:00Z,Regular,PPG Paints Arena,George Mason,GM,St. Bonaventure,SB,57,63,FINISHED,ncaam,2026-08-23T20:56:10+00:00
ncaam-372312,NCAAM,2025-26,2026-03-12T18:30:00Z,Regular,Madison Square Garden,Seton Hall,SH,Creighton,C,72,61,FINISHED,ncaam,2026-08-23T20:56:10+00:00
ncaam-372369,NCAAM,2025-26,2026-03-12T18:30:00Z,Regular,United Center,Wisconsin,W,Washington,W,85,82,FINISHED,ncaam,2026-08-23T20:56:10+00:00
ncaam-372370,NCAAM,2025-26,2026-03-12T18:30:00Z,Regular,Spectrum Center,Miami,M,Louisville,L,78,73,FINISHED,ncaam,2026-08-23T20:56:10+00:00
ncaam-372371,NCAAM,2025-26,2026-03-12T19:00:00Z,Regular,T-Mobile Center,Arizona,A,UCF,U,81,59,FINISHED,ncaam,2026-08-23T20:56:10+00:00
ncaam-372373,NCAAM,2025-26,2026-03-12T19:00:00Z,Regular,Thomas & Mack Center,Utah State,US,UNLV,U,80,60,FINISHED,ncaam,2026-08-23T20:56:10+00:00
ncaam-372372,NCAAM,2025-26,2026-03-12T19:25:00Z,Regular,Bridgestone Arena,Tennessee,T,Auburn,A,72,62,FINISHED,ncaam,2026-08-23T20:56:10+00:00
ncaam-372313,NCAAM,2025-26,2026-03-12T20:00:00Z,Regular,Rocket Mortgage FieldHouse,Akron,A,Buffalo,B,73,70,FINISHED,ncaam,2026-08-23T20:56:10+00:00
ncaam-372314,NCAAM,2025-26,2026-03-12T21:00:00Z,Regular,PPG Paints Arena,Duquesne,D,Rhode Island,RI,67,61,FINISHED,ncaam,2026-08-23T20:56:10+00:00
ncaam-372374,NCAAM,2025-26,2026-03-12T21:30:00Z,Regular,Thomas & Mack Center,Grand Canyon,GC,Nevada,N,80,84,FINISHED,ncaam,2026-08-23T20:56:10+00:00
ncaam-372260,NCAAM,2025-26,2026-03-12T22:00:00Z,Regular,Norfolk Scope Arena,Norfolk State,NS,South Carolina State,SCS,82,88,FINISHED,ncaam,2026-08-23T20:56:10+00:00
ncaam-372315,NCAAM,2025-26,2026-03-12T22:30:00Z,Regular,Rocket Mortgage FieldHouse,Kent State,KS,Ohio,O,86,75,FINISHED,ncaam,2026-08-23T20:56:10+00:00
ncaam-372316,NCAAM,2025-26,2026-03-12T22:30:00Z,Regular,Propst Arena,Louisiana Tech,LT,Middle Tennessee,MT,80,69,FINISHED,ncaam,2026-08-23T20:56:10+00:00
ncaam-372375,NCAAM,2025-26,2026-03-12T22:30:00Z,Regular,United Center,Purdue,P,Northwestern,N,81,68,FINISHED,ncaam,2026-08-23T20:56:10+00:00
ncaam-372376,NCAAM,2025-26,2026-03-12T23:00:00Z,Regular,Spectrum Center,Duke,D,Florida State,FS,80,79,FINISHED,ncaam,2026-08-23T20:56:10+00:00
ncaam-372377,NCAAM,2025-26,2026-03-12T23:00:00Z,Regular,T-Mobile Center,Houston,H,BYU,B,73,66,FINISHED,ncaam,2026-08-23T20:56:10+00:00
ncaam-372378,NCAAM,2025-26,2026-03-12T23:00:00Z,Regular,Madison Square Garden,UConn,U,Xavier,X,93,68,FINISHED,ncaam,2026-08-23T20:56:10+00:00
ncaam-372379,NCAAM,2025-26,2026-03-12T23:00:00Z,Regular,Bridgestone Arena,Georgia,G,Ole Miss,OM,72,76,FINISHED,ncaam,2026-08-23T20:56:10+00:00
ncaam-372380,NCAAM,2025-26,2026-03-12T23:00:00Z,Regular,Legacy Arena at BJCC,Charlotte,C,Tulane,T,74,60,FINISHED,ncaam,2026-08-23T20:56:10+00:00
ncaam-372381,NCAAM,2025-26,2026-03-12T23:30:00Z,Regular,PPG Paints Arena,Davidson,D,Loyola Chicago,LC,64,59,FINISHED,ncaam,2026-08-23T20:56:10+00:00
ncaam-372262,NCAAM,2025-26,2026-03-13T00:30:00Z,Regular,Gateway Center,Southern,S,Arkansas-Pine Bluff,APB,84,81,FINISHED,ncaam,2026-08-23T20:56:10+00:00
ncaam-372317,NCAAM,2025-26,2026-03-13T01:00:00Z,Regular,Orleans Arena,UT Arlington,UA,Southern Utah,SU,69,63,FINISHED,ncaam,2026-08-23T20:56:10+00:00
ncaam-372318,NCAAM,2025-26,2026-03-13T01:00:00Z,Regular,Propst Arena,Western Kentucky,WK,Kennesaw State,KS,87,96,FINISHED,ncaam,2026-08-23T20:56:10+00:00
ncaam-372382,NCAAM,2025-26,2026-03-13T01:00:00Z,Regular,Thomas & Mack Center,San Diego State,SDS,Colorado State,CS,71,62,FINISHED,ncaam,2026-08-23T20:56:10+00:00
ncaam-372383,NCAAM,2025-26,2026-03-13T01:00:00Z,Regular,Lee's Family Forum,Cal State Northridge,CSN,UC San Diego,USD,80,70,FINISHED,ncaam,2026-08-23T20:56:10+00:00
ncaam-372384,NCAAM,2025-26,2026-03-13T01:00:00Z,Regular,United Center,UCLA,U,Rutgers,R,72,59,FINISHED,ncaam,2026-08-23T20:56:10+00:00
ncaam-372261,NCAAM,2025-26,2026-03-13T01:10:00Z,Regular,Norfolk Scope Arena,North Carolina Central,NCC,Maryland Eastern Shore,MES,83,76,FINISHED,ncaam,2026-08-23T20:56:10+00:00
ncaam-372386,NCAAM,2025-26,2026-03-13T01:30:00Z,Regular,Spectrum Center,North Carolina,NC,Clemson,C,79,80,FINISHED,ncaam,2026-08-23T20:56:10+00:00
ncaam-372388,NCAAM,2025-26,2026-03-13T01:30:00Z,Regular,Madison Square Garden,Villanova,V,Georgetown,G,64,78,FINISHED,ncaam,2026-08-23T20:56:10+00:00
ncaam-372389,NCAAM,2025-26,2026-03-13T01:30:00Z,Regular,Legacy Arena at BJCC,North Texas,NT,Florida Atlantic,FA,74,70,FINISHED,ncaam,2026-08-23T20:56:10+00:00
ncaam-372385,NCAAM,2025-26,2026-03-13T01:49:00Z,Regular,T-Mobile Center,Kansas,K,TCU,T,78,73,FINISHED,ncaam,2026-08-23T20:56:10+00:00
ncaam-372387,NCAAM,2025-26,2026-03-13T01:50:00Z,Regular,Bridgestone Arena,Texas A&M,TA,Oklahoma,O,63,83,FINISHED,ncaam,2026-08-23T20:56:10+00:00
ncaam-372390,NCAAM,2025-26,2026-03-13T03:30:00Z,Regular,Orleans Arena,Utah Tech,UT,Abilene Christian,AC,80,74,FINISHED,ncaam,2026-08-23T20:56:10+00:00
ncaam-372392,NCAAM,2025-26,2026-03-13T03:30:00Z,Regular,Lee's Family Forum,Cal State Fullerton,CSF,UC Davis,UD,82,70,FINISHED,ncaam,2026-08-23T20:56:10+00:00
ncaam-372391,NCAAM,2025-26,2026-03-13T03:57:00Z,Regular,Thomas & Mack Center,New Mexico,NM,San José State,SJS,93,77,FINISHED,ncaam,2026-08-23T20:56:10+00:00
ncaam-372393,NCAAM,2025-26,2026-03-13T15:30:00Z,Regular,PPG Paints Arena,Saint Louis,SL,George Washington,GW,88,81,FINISHED,ncaam,2026-08-23T20:56:10+00:00
ncaam-372394,NCAAM,2025-26,2026-03-13T16:00:00Z,Regular,United Center,Michigan,M,Ohio State,OS,71,67,FINISHED,ncaam,2026-08-23T20:56:10+00:00
ncaam-372395,NCAAM,2025-26,2026-03-13T16:30:00Z,Regular,Propst Arena,Louisiana Tech,LT,Missouri State,MS,69,66,FINISHED,ncaam,2026-08-23T20:56:10+00:00
ncaam-372396,NCAAM,2025-26,2026-03-13T17:00:00Z,Regular,Bridgestone Arena,Florida,F,Kentucky,K,71,63,FINISHED,ncaam,2026-08-23T20:56:10+00:00
ncaam-372397,NCAAM,2025-26,2026-03-13T17:00:00Z,Regular,Legacy Arena at BJCC,UAB,U,Charlotte,C,78,83,FINISHED,ncaam,2026-08-23T20:56:10+00:00
ncaam-372398,NCAAM,2025-26,2026-03-13T18:00:00Z,Regular,Gateway Center,Alabama A&M,AA,Prairie View A&M,PVA,55,74,FINISHED,ncaam,2026-08-23T20:56:10+00:00
ncaam-372399,NCAAM,2025-26,2026-03-13T18:20:00Z,Regular,PPG Paints Arena,Dayton,D,St. Bonaventure,SB,68,63,FINISHED,ncaam,2026-08-23T20:56:10+00:00
ncaam-372400,NCAAM,2025-26,2026-03-13T18:30:00Z,Regular,United Center,Illinois,I,Wisconsin,W,88,91,FINISHED,ncaam,2026-08-23T20:56:10+00:00
ncaam-372401,NCAAM,2025-26,2026-03-13T19:15:00Z,Regular,Propst Arena,Sam Houston,SH,Kennesaw State,KS,73,79,FINISHED,ncaam,2026-08-23T20:56:10+00:00
ncaam-372403,NCAAM,2025-26,2026-03-13T19:30:00Z,Regular,Legacy Arena at BJCC,Tulsa,T,North Texas,NT,90,84,FINISHED,ncaam,2026-08-23T20:56:10+00:00
ncaam-372402,NCAAM,2025-26,2026-03-13T20:00:00Z,Regular,Bridgestone Arena,Vanderbilt,V,Tennessee,T,75,68,FINISHED,ncaam,2026-08-23T20:56:10+00:00
ncaam-372404,NCAAM,2025-26,2026-03-13T21:00:00Z,Regular,Rocket Mortgage FieldHouse,Toledo,T,Massachusetts,M,77,67,FINISHED,ncaam,2026-08-23T20:56:10+00:00
ncaam-372405,NCAAM,2025-26,2026-03-13T21:15:00Z,Regular,PPG Paints Arena,VCU,V,Duquesne,D,71,66,FINISHED,ncaam,2026-08-23T20:56:10+00:00
ncaam-372406,NCAAM,2025-26,2026-03-13T21:30:00Z,Regular,Madison Square Garden,St. John's,SJ,Seton Hall,SH,78,68,FINISHED,ncaam,2026-08-23T20:56:10+00:00
ncaam-372407,NCAAM,2025-26,2026-03-13T22:00:00Z,Regular,Norfolk Scope Arena,Howard,H,South Carolina State,SCS,78,61,FINISHED,ncaam,2026-08-23T20:56:10+00:00
ncaam-372408,NCAAM,2025-26,2026-03-13T22:30:00Z,Regular,United Center,Nebraska,N,Purdue,P,58,74,FINISHED,ncaam,2026-08-23T20:56:10+00:00
ncaam-372409,NCAAM,2025-26,2026-03-13T23:00:00Z,Regular,T-Mobile Center,Arizona,A,Iowa State,IS,82,80,FINISHED,ncaam,2026-08-23T20:56:10+00:00
ncaam-372410,NCAAM,2025-26,2026-03-13T23:00:00Z,Regular,Spectrum Center,Virginia,V,Miami,M,84,62,FINISHED,ncaam,2026-08-23T20:56:10+00:00
ncaam-372411,NCAAM,2025-26,2026-03-13T23:00:00Z,Regular,Bridgestone Arena,Alabama,A,Ole Miss,OM,79,80,FINISHED,ncaam,2026-08-23T20:56:10+00:00
ncaam-372412,NCAAM,2025-26,2026-03-13T23:30:00Z,Regular,Rocket Mortgage FieldHouse,Akron,A,Kent State,KS,75,68,FINISHED,ncaam,2026-08-23T20:56:10+00:00
ncaam-372413,NCAAM,2025-26,2026-03-13T23:30:00Z,Regular,PPG Paints Arena,Saint Joseph's,SJ,Davidson,D,70,58,FINISHED,ncaam,2026-08-23T20:56:10+00:00
ncaam-372414,NCAAM,2025-26,2026-03-14T00:00:00Z,Regular,Madison Square Garden,UConn,U,Georgetown,G,67,51,FINISHED,ncaam,2026-08-23T20:56:10+00:00
ncaam-372416,NCAAM,2025-26,2026-03-14T00:30:00Z,Regular,Gateway Center,Florida A&M,FA,Southern,S,70,73,FINISHED,ncaam,2026-08-23T20:56:10+00:00
ncaam-372417,NCAAM,2025-26,2026-03-14T01:00:00Z,Regular,United Center,Michigan State,MS,UCLA,U,84,88,FINISHED,ncaam,2026-08-23T20:56:10+00:00
ncaam-372418,NCAAM,2025-26,2026-03-14T01:00:00Z,Regular,Orleans Arena,Utah Valley,UV,UT Arlington,UA,67,65,FINISHED,ncaam,2026-08-23T20:56:10+00:00
ncaam-372419,NCAAM,2025-26,2026-03-14T01:00:00Z,Regular,Lee's Family Forum,UC Irvine,UI,Cal State Northridge,CSN,93,78,FINISHED,ncaam,2026-08-23T20:56:10+00:00
ncaam-372415,NCAAM,2025-26,2026-03-14T01:20:00Z,Regular,Norfolk Scope Arena,North Carolina Central,NCC,Delaware State,DS,59,53,FINISHED,ncaam,2026-08-23T20:56:10+00:00
ncaam-372423,NCAAM,2025-26,2026-03-14T01:30:00Z,Regular,Thomas & Mack Center,Utah State,US,Nevada,N,79,66,FINISHED,ncaam,2026-08-23T20:56:10+00:00
ncaam-372420,NCAAM,2025-26,2026-03-14T01:35:00Z,Regular,Spectrum Center,Duke,D,Clemson,C,73,61,FINISHED,ncaam,2026-08-23T20:56:10+00:00
ncaam-372421,NCAAM,2025-26,2026-03-14T01:50:00Z,Regular,T-Mobile Center,Houston,H,Kansas,K,69,47,FINISHED,ncaam,2026-08-23T20:56:10+00:00
ncaam-372422,NCAAM,2025-26,2026-03-14T02:10:00Z,Regular,Bridgestone Arena,Arkansas,A,Oklahoma,O,82,79,FINISHED,ncaam,2026-08-23T20:56:10+00:00
ncaam-372424,NCAAM,2025-26,2026-03-14T03:30:00Z,Regular,Orleans Arena,California Baptist,CB,Utah Tech,UT,86,72,FINISHED,ncaam,2026-08-23T20:56:10+00:00
ncaam-372425,NCAAM,2025-26,2026-03-14T03:30:00Z,Regular,Lee's Family Forum,Hawai'i,H,Cal State Fullerton,CSF,78,63,FINISHED,ncaam,2026-08-23T20:56:10+00:00
ncaam-372426,NCAAM,2025-26,2026-03-14T03:59:00Z,Regular,Thomas & Mack Center,San Diego State,SDS,New Mexico,NM,64,62,FINISHED,ncaam,2026-08-23T20:56:10+00:00
ncaam-372319,NCAAM,2025-26,2026-03-14T15:00:00Z,Regular,Newman Arena,Yale,Y,Cornell,C,88,76,FINISHED,ncaam,2026-08-23T20:56:10+00:00
ncaam-372362,NCAAM,2025-26,2026-03-14T15:00:00Z,Regular,Chesapeake Employers Insurance Arena,UMBC,U,Vermont,V,74,59,FINISHED,ncaam,2026-08-23T20:56:10+00:00
ncaam-372427,NCAAM,2025-26,2026-03-14T17:00:00Z,Regular,United Center,Michigan,M,Wisconsin,W,68,65,FINISHED,ncaam,2026-08-23T20:56:10+00:00
ncaam-372428,NCAAM,2025-26,2026-03-14T17:00:00Z,Regular,Bridgestone Arena,Florida,F,Vanderbilt,V,74,91,FINISHED,ncaam,2026-08-23T20:56:10+00:00
ncaam-372429,NCAAM,2025-26,2026-03-14T17:00:00Z,Regular,Norfolk Scope Arena,Howard,H,North Carolina Central,NCC,70,63,FINISHED,ncaam,2026-08-23T20:56:10+00:00
ncaam-372430,NCAAM,2025-26,2026-03-14T17:00:00Z,Regular,PPG Paints Arena,Saint Louis,SL,Dayton,D,69,70,FINISHED,ncaam,2026-08-23T20:56:10+00:00
ncaam-372320,NCAAM,2025-26,2026-03-14T18:00:00Z,Regular,Newman Arena,Harvard,H,Pennsylvania,P,60,62,FINISHED,ncaam,2026-08-23T20:56:10+00:00
ncaam-372431,NCAAM,2025-26,2026-03-14T19:00:00Z,Regular,Legacy Arena at BJCC,South Florida,SF,Charlotte,C,86,64,FINISHED,ncaam,2026-08-23T20:56:10+00:00
ncaam-372432,NCAAM,2025-26,2026-03-14T19:30:00Z,Regular,Bridgestone Arena,Arkansas,A,Ole Miss,OM,93,90,FINISHED,ncaam,2026-08-23T20:56:10+00:00
ncaam-372433,NCAAM,2025-26,2026-03-14T19:30:00Z,Regular,United Center,UCLA,U,Purdue,P,66,73,FINISHED,ncaam,2026-08-23T20:56:10+00:00
ncaam-372434,NCAAM,2025-26,2026-03-14T20:00:00Z,Regular,PPG Paints Arena,VCU,V,Saint Joseph's,SJ,77,64,FINISHED,ncaam,2026-08-23T20:56:10+00:00
ncaam-372435,NCAAM,2025-26,2026-03-14T21:40:00Z,Regular,Legacy Arena at BJCC,Wichita State,WS,Tulsa,T,81,68,FINISHED,ncaam,2026-08-23T20:56:10+00:00
ncaam-372437,NCAAM,2025-26,2026-03-14T22:00:00Z,Regular,Thomas & Mack Center,Utah State,US,San Diego State,SDS,73,62,FINISHED,ncaam,2026-08-23T20:56:10+00:00
ncaam-372436,NCAAM,2025-26,2026-03-14T22:10:00Z,Regular,T-Mobile Center,Arizona,A,Houston,H,79,74,FINISHED,ncaam,2026-08-23T20:56:10+00:00
ncaam-372438,NCAAM,2025-26,2026-03-14T22:30:00Z,Regular,Madison Square Garden,St. John's,SJ,UConn,U,72,52,FINISHED,ncaam,2026-08-23T20:56:10+00:00
ncaam-372439,NCAAM,2025-26,2026-03-14T23:30:00Z,Regular,Gateway Center,Southern,S,Prairie View A&M,PVA,66,72,FINISHED,ncaam,2026-08-23T20:56:10+00:00
ncaam-372440,NCAAM,2025-26,2026-03-15T00:00:00Z,Regular,Rocket Mortgage FieldHouse,Akron,A,Toledo,T,79,76,FINISHED,ncaam,2026-08-23T20:56:10+00:00
ncaam-372442,NCAAM,2025-26,2026-03-15T00:30:00Z,Regular,Propst Arena,Louisiana Tech,LT,Kennesaw State,KS,60,71,FINISHED,ncaam,2026-08-23T20:56:10+00:00
ncaam-372441,NCAAM,2025-26,2026-03-15T00:40:00Z,Regular,Spectrum Center,Duke,D,Virginia,V,74,70,FINISHED,ncaam,2026-08-23T20:56:10+00:00
ncaam-372443,NCAAM,2025-26,2026-03-15T02:05:00Z,Regular,Lee's Family Forum,UC Irvine,UI,Hawai'i,H,64,71,FINISHED,ncaam,2026-08-23T20:56:10+00:00
ncaam-372444,NCAAM,2025-26,2026-03-15T03:59:00Z,Regular,Orleans Arena,Utah Valley,UV,California Baptist,CB,61,63,FINISHED,ncaam,2026-08-23T20:56:10+00:00
ncaam-372445,NCAAM,2025-26,2026-03-15T16:00:00Z,Regular,Newman Arena,Yale,Y,Pennsylvania,P,84,88,FINISHED,ncaam,2026-08-23T20:56:10+00:00
ncaam-372446,NCAAM,2025-26,2026-03-15T17:00:00Z,Regular,Bridgestone Arena,Arkansas,A,Vanderbilt,V,86,75,FINISHED,ncaam,2026-08-23T20:56:10+00:00
ncaam-372447,NCAAM,2025-26,2026-03-15T17:00:00Z,Regular,PPG Paints Arena,VCU,V,Dayton,D,70,62,FINISHED,ncaam,2026-08-23T20:56:10+00:00
ncaam-372448,NCAAM,2025-26,2026-03-15T19:15:00Z,Regular,Legacy Arena at BJCC,South Florida,SF,Wichita State,WS,70,55,FINISHED,ncaam,2026-08-23T20:56:10+00:00
ncaam-372449,NCAAM,2025-26,2026-03-15T19:30:00Z,Regular,United Center,Michigan,M,Purdue,P,72,80,FINISHED,ncaam,2026-08-23T20:56:10+00:00
ncaam-372546,NCAAM,2025-26,2026-03-17T22:00:00Z,Postseason,EagleBank Arena,George Mason,GM,Liberty,L,71,77,FINISHED,ncaam,2026-08-23T20:56:10+00:00
ncaam-372511,NCAAM,2025-26,2026-03-17T22:40:00Z,Postseason,UD Arena,Howard,H,UMBC,U,86,83,FINISHED,ncaam,2026-08-23T20:56:10+00:00
ncaam-372547,NCAAM,2025-26,2026-03-17T23:00:00Z,Postseason,John J. Lee Amphitheater,Yale,Y,UNC Wilmington,UW,67,68,FINISHED,ncaam,2026-08-23T20:56:10+00:00
ncaam-372548,NCAAM,2025-26,2026-03-17T23:00:00Z,Postseason,Charles Koch Arena,Wichita State,WS,Wyoming,W,74,70,FINISHED,ncaam,2026-08-23T20:56:10+00:00
ncaam-372549,NCAAM,2025-26,2026-03-18T00:00:00Z,Postseason,Gallagher-Iba Arena,Oklahoma State,OS,Davidson,D,84,80,FINISHED,ncaam,2026-08-23T20:56:10+00:00
ncaam-372550,NCAAM,2025-26,2026-03-18T01:00:00Z,Postseason,Reynolds Center,Tulsa,T,Stephen F. Austin,SFA,89,84,FINISHED,ncaam,2026-08-23T20:56:10+00:00
ncaam-372510,NCAAM,2025-26,2026-03-18T01:29:00Z,Postseason,UD Arena,NC State,NS,Texas,T,66,68,FINISHED,ncaam,2026-08-23T20:56:10+00:00
ncaam-372551,NCAAM,2025-26,2026-03-18T02:00:00Z,Postseason,Redhawk Center,Seattle U,SU,St. Thomas-Minnesota,STM,67,52,FINISHED,ncaam,2026-08-23T20:56:10+00:00
ncaam-372552,NCAAM,2025-26,2026-03-18T02:05:00Z,Postseason,Neville Arena,Auburn,A,South Alabama,SA,78,67,FINISHED,ncaam,2026-08-23T20:56:10+00:00
ncaam-372553,NCAAM,2025-26,2026-03-18T03:00:00Z,Postseason,Bren Events Center,UC Irvine,UI,UNLV,U,72,75,FINISHED,ncaam,2026-08-23T20:56:10+00:00
ncaam-372513,NCAAM,2025-26,2026-03-18T22:40:00Z,Postseason,UD Arena,Lehigh,L,Prairie View A&M,PVA,55,67,FINISHED,ncaam,2026-08-23T20:56:10+00:00
ncaam-372554,NCAAM,2025-26,2026-03-18T23:00:00Z,Postseason,LJVM Coliseum,Wake Forest,WF,Navy,N,82,72,FINISHED,ncaam,2026-08-23T20:56:10+00:00
ncaam-372555,NCAAM,2025-26,2026-03-19T00:00:00Z,Postseason,CEFCU Arena,Illinois State,IS,Kent State,KS,79,58,FINISHED,ncaam,2026-08-23T20:56:10+00:00
ncaam-372556,NCAAM,2025-26,2026-03-19T00:00:00Z,Postseason,UCCU Center,Utah Valley,UV,George Washington,GW,78,79,FINISHED,ncaam,2026-08-23T20:56:10+00:00
ncaam-372557,NCAAM,2025-26,2026-03-19T01:00:00Z,Postseason,Carver Arena,Bradley,B,Dayton,D,66,80,FINISHED,ncaam,2026-08-23T20:56:10+00:00
ncaam-372558,NCAAM,2025-26,2026-03-19T01:00:00Z,Postseason,The Pit,New Mexico,NM,Sam Houston,SH,107,83,FINISHED,ncaam,2026-08-23T20:56:10+00:00
ncaam-372512,NCAAM,2025-26,2026-03-19T01:15:00Z,Postseason,UD Arena,SMU,S,Miami (OH),M(,79,89,FINISHED,ncaam,2026-08-23T20:56:10+00:00
ncaam-372559,NCAAM,2025-26,2026-03-19T02:00:00Z,Postseason,Lawlor Events Center,Nevada,N,Murray State,MS,89,75,FINISHED,ncaam,2026-08-23T20:56:10+00:00
ncaam-372560,NCAAM,2025-26,2026-03-19T03:05:00Z,Postseason,Moby Arena,Colorado State,CS,Saint Joseph's,SJ,64,69,FINISHED,ncaam,2026-08-23T20:56:10+00:00
ncaam-372561,NCAAM,2025-26,2026-03-19T03:05:00Z,Postseason,Haas Pavilion,California,C,UIC,U,91,73,FINISHED,ncaam,2026-08-23T20:56:10+00:00
ncaam-372529,NCAAM,2025-26,2026-03-19T16:15:00Z,Postseason,Bon Secours Wellness Arena,Ohio State,OS,TCU,T,64,66,FINISHED,ncaam,2026-08-23T20:56:10+00:00
ncaam-372520,NCAAM,2025-26,2026-03-19T16:40:00Z,Postseason,Paycom Center,Nebraska,N,Troy,T,76,47,FINISHED,ncaam,2026-08-23T20:56:10+00:00
ncaam-372526,NCAAM,2025-26,2026-03-19T17:30:00Z,Postseason,KeyBank Center,Louisville,L,South Florida,SF,83,79,FINISHED,ncaam,2026-08-23T20:56:10+00:00
ncaam-372523,NCAAM,2025-26,2026-03-19T17:50:00Z,Postseason,Moda Center,Wisconsin,W,High Point,HP,82,83,FINISHED,ncaam,2026-08-23T20:56:10+00:00
ncaam-372515,NCAAM,2025-26,2026-03-19T19:00:00Z,Postseason,Bon Secours Wellness Arena,Duke,D,Siena,S,71,65,FINISHED,ncaam,2026-08-23T20:56:10+00:00
ncaam-372522,NCAAM,2025-26,2026-03-19T19:15:00Z,Postseason,Paycom Center,Vanderbilt,V,McNeese,M,78,68,FINISHED,ncaam,2026-08-23T20:56:10+00:00
ncaam-372519,NCAAM,2025-26,2026-03-19T20:27:00Z,Postseason,KeyBank Center,Michigan State,MS,North Dakota State,NDS,92,67,FINISHED,ncaam,2026-08-23T20:56:10+00:00
ncaam-372521,NCAAM,2025-26,2026-03-19T20:27:00Z,Postseason,Moda Center,Arkansas,A,Hawai'i,H,97,78,FINISHED,ncaam,2026-08-23T20:56:10+00:00
ncaam-372524,NCAAM,2025-26,2026-03-19T22:50:00Z,Postseason,Bon Secours Wellness Arena,North Carolina,NC,VCU,V,78,82,FINISHED,ncaam,2026-08-23T20:56:10+00:00
ncaam-372514,NCAAM,2025-26,2026-03-19T23:30:00Z,Postseason,KeyBank Center,Michigan,M,Howard,H,101,80,FINISHED,ncaam,2026-08-23T20:56:10+00:00
ncaam-372525,NCAAM,2025-26,2026-03-19T23:35:00Z,Postseason,Moda Center,BYU,B,Texas,T,71,79,FINISHED,ncaam,2026-08-23T20:56:10+00:00
ncaam-372527,NCAAM,2025-26,2026-03-19T23:35:00Z,Postseason,Paycom Center,Saint Mary's,SM,Texas A&M,TA,50,63,FINISHED,ncaam,2026-08-23T20:56:10+00:00
ncaam-372517,NCAAM,2025-26,2026-03-20T01:55:00Z,Postseason,Bon Secours Wellness Arena,Illinois,I,Pennsylvania,P,105,70,FINISHED,ncaam,2026-08-23T20:56:10+00:00
ncaam-372528,NCAAM,2025-26,2026-03-20T02:10:00Z,Postseason,KeyBank Center,Georgia,G,Saint Louis,SL,77,102,FINISHED,ncaam,2026-08-23T20:56:10+00:00
ncaam-372516,NCAAM,2025-26,2026-03-20T02:15:00Z,Postseason,Paycom Center,Houston,H,Idaho,I,78,47,FINISHED,ncaam,2026-08-23T20:56:10+00:00
ncaam-372518,NCAAM,2025-26,2026-03-20T02:24:00Z,Postseason,Moda Center,Gonzaga,G,Kennesaw State,KS,73,64,FINISHED,ncaam,2026-08-23T20:56:10+00:00
ncaam-372541,NCAAM,2025-26,2026-03-20T16:15:00Z,Postseason,Enterprise Center,Kentucky,K,Santa Clara,SC,89,84,FINISHED,ncaam,2026-08-23T20:56:10+00:00
ncaam-372538,NCAAM,2025-26,2026-03-20T16:40:00Z,Postseason,Amalie Arena,Texas Tech,TT,Akron,A,91,71,FINISHED,ncaam,2026-08-23T20:56:10+00:00
ncaam-372530,NCAAM,2025-26,2026-03-20T17:35:00Z,Postseason,Viejas Arena,Arizona,A,Long Island University,LIU,92,58,FINISHED,ncaam,2026-08-23T20:56:10+00:00
ncaam-372535,NCAAM,2025-26,2026-03-20T17:50:00Z,Postseason,Wells Fargo Center,Virginia,V,Wright State,WS,82,73,FINISHED,ncaam,2026-08-23T20:56:10+00:00
ncaam-372532,NCAAM,2025-26,2026-03-20T19:07:00Z,Postseason,Enterprise Center,Iowa State,IS,Tennessee State,TS,108,74,FINISHED,ncaam,2026-08-23T20:56:10+00:00
ncaam-372536,NCAAM,2025-26,2026-03-20T19:15:00Z,Postseason,Amalie Arena,Alabama,A,Hofstra,H,90,70,FINISHED,ncaam,2026-08-23T20:56:10+00:00
ncaam-372544,NCAAM,2025-26,2026-03-20T20:10:00Z,Postseason,Viejas Arena,Villanova,V,Utah State,US,76,86,FINISHED,ncaam,2026-08-23T20:56:10+00:00
ncaam-372540,NCAAM,2025-26,2026-03-20T20:25:00Z,Postseason,Wells Fargo Center,Tennessee,T,Miami (OH),M(,78,56,FINISHED,ncaam,2026-08-23T20:56:10+00:00
ncaam-372545,NCAAM,2025-26,2026-03-20T22:50:00Z,Postseason,Amalie Arena,Clemson,C,Iowa,I,61,67,FINISHED,ncaam,2026-08-23T20:56:10+00:00
ncaam-372539,NCAAM,2025-26,2026-03-20T23:25:00Z,Postseason,Viejas Arena,St. John's,SJ,Northern Iowa,NI,79,53,FINISHED,ncaam,2026-08-23T20:56:10+00:00
ncaam-372543,NCAAM,2025-26,2026-03-20T23:31:00Z,Postseason,Wells Fargo Center,UCLA,U,UCF,U,75,71,FINISHED,ncaam,2026-08-23T20:56:10+00:00
ncaam-372533,NCAAM,2025-26,2026-03-20T23:35:00Z,Postseason,Enterprise Center,Purdue,P,Queens University,QU,104,71,FINISHED,ncaam,2026-08-23T20:56:10+00:00
ncaam-372531,NCAAM,2025-26,2026-03-21T01:25:00Z,Postseason,Amalie Arena,Florida,F,Prairie View A&M,PVA,114,55,FINISHED,ncaam,2026-08-23T20:56:10+00:00
ncaam-372537,NCAAM,2025-26,2026-03-21T02:07:00Z,Postseason,Viejas Arena,Kansas,K,California Baptist,CB,68,60,FINISHED,ncaam,2026-08-23T20:56:10+00:00
ncaam-372542,NCAAM,2025-26,2026-03-21T02:07:00Z,Postseason,Enterprise Center,Miami,M,Missouri,M,80,66,FINISHED,ncaam,2026-08-23T20:56:10+00:00
ncaam-372534,NCAAM,2025-26,2026-03-21T02:31:00Z,Postseason,Wells Fargo Center,UConn,U,Furman,F,82,71,FINISHED,ncaam,2026-08-23T20:56:10+00:00
ncaam-372562,NCAAM,2025-26,2026-03-21T16:10:00Z,Postseason,KeyBank Center,Michigan,M,Saint Louis,SL,95,72,FINISHED,ncaam,2026-08-23T20:56:10+00:00
ncaam-372563,NCAAM,2025-26,2026-03-21T18:45:00Z,Postseason,KeyBank Center,Michigan State,MS,Louisville,L,77,69,FINISHED,ncaam,2026-08-23T20:56:10+00:00
ncaam-372564,NCAAM,2025-26,2026-03-21T21:25:00Z,Postseason,Bon Secours Wellness Arena,Duke,D,TCU,T,81,58,FINISHED,ncaam,2026-08-23T20:56:10+00:00
ncaam-372565,NCAAM,2025-26,2026-03-21T22:10:00Z,Postseason,Paycom Center,Houston,H,Texas A&M,TA,88,57,FINISHED,ncaam,2026-08-23T20:56:10+00:00
ncaam-372570,NCAAM,2025-26,2026-03-21T23:00:00Z,Postseason,Trask Coliseum,UNC Wilmington,UW,Dayton,D,61,80,FINISHED,ncaam,2026-08-23T20:56:10+00:00
ncaam-372566,NCAAM,2025-26,2026-03-21T23:10:00Z,Postseason,Moda Center,Gonzaga,G,Texas,T,68,74,FINISHED,ncaam,2026-08-23T20:56:10+00:00
ncaam-372567,NCAAM,2025-26,2026-03-22T00:15:00Z,Postseason,Bon Secours Wellness Arena,Illinois,I,VCU,V,76,55,FINISHED,ncaam,2026-08-23T20:56:10+00:00
ncaam-372571,NCAAM,2025-26,2026-03-22T01:00:00Z,Postseason,Lawlor Events Center,Nevada,N,Liberty,L,73,63,FINISHED,ncaam,2026-08-23T20:56:10+00:00
ncaam-372568,NCAAM,2025-26,2026-03-22T01:02:00Z,Postseason,Paycom Center,Nebraska,N,Vanderbilt,V,74,72,FINISHED,ncaam,2026-08-23T20:56:10+00:00
ncaam-372569,NCAAM,2025-26,2026-03-22T01:45:00Z,Postseason,Moda Center,Arkansas,A,High Point,HP,94,88,FINISHED,ncaam,2026-08-23T20:56:10+00:00
ncaam-372578,NCAAM,2025-26,2026-03-22T16:10:00Z,Postseason,Enterprise Center,Purdue,P,Miami,M,79,69,FINISHED,ncaam,2026-08-23T20:56:10+00:00
ncaam-372579,NCAAM,2025-26,2026-03-22T18:45:00Z,Postseason,Enterprise Center,Iowa State,IS,Kentucky,K,82,63,FINISHED,ncaam,2026-08-23T20:56:10+00:00
ncaam-372572,NCAAM,2025-26,2026-03-22T20:30:00Z,Postseason,LJVM Coliseum,Wake Forest,WF,Illinois State,IS,75,78,FINISHED,ncaam,2026-08-23T20:56:10+00:00
ncaam-372580,NCAAM,2025-26,2026-03-22T21:15:00Z,Postseason,Viejas Arena,Kansas,K,St. John's,SJ,65,67,FINISHED,CollegeBasketballData,2026-08-23T20:49:44+00:00
ncaam-372581,NCAAM,2025-26,2026-03-22T22:10:00Z,Postseason,Wells Fargo Center,Virginia,V,Tennessee,T,72,79,FINISHED,CollegeBasketballData,2026-08-23T20:49:44+00:00
ncaam-372573,NCAAM,2025-26,2026-03-22T22:30:00Z,Postseason,Neville Arena,Auburn,A,Seattle U,SU,91,85,FINISHED,CollegeBasketballData,2026-08-23T20:49:44+00:00
ncaam-372574,NCAAM,2025-26,2026-03-22T23:00:00Z,Postseason,Reynolds Center,Tulsa,T,UNLV,U,77,66,FINISHED,CollegeBasketballData,2026-08-23T20:49:44+00:00
ncaam-372582,NCAAM,2025-26,2026-03-22T23:10:00Z,Postseason,Amalie Arena,Florida,F,Iowa,I,72,73,FINISHED,CollegeBasketballData,2026-08-23T20:49:44+00:00
ncaam-372575,NCAAM,2025-26,2026-03-23T00:00:00Z,Postseason,The Pit,New Mexico,NM,George Washington,GW,86,61,FINISHED,CollegeBasketballData,2026-08-23T20:49:44+00:00
ncaam-372583,NCAAM,2025-26,2026-03-23T00:11:00Z,Postseason,Viejas Arena,Arizona,A,Utah State,US,78,66,FINISHED,CollegeBasketballData,2026-08-23T20:49:44+00:00
ncaam-372576,NCAAM,2025-26,2026-03-23T00:30:00Z,Postseason,Gallagher-Iba Arena,Oklahoma State,OS,Wichita State,WS,70,96,FINISHED,CollegeBasketballData,2026-08-23T20:49:44+00:00
ncaam-372577,NCAAM,2025-26,2026-03-23T01:00:00Z,Postseason,Haas Pavilion,California,C,Saint Joseph's,SJ,75,76,FINISHED,CollegeBasketballData,2026-08-23T20:49:44+00:00
ncaam-372584,NCAAM,2025-26,2026-03-23T01:10:00Z,Postseason,Wells Fargo Center,UConn,U,UCLA,U,73,57,FINISHED,CollegeBasketballData,2026-08-23T20:49:44+00:00
ncaam-372585,NCAAM,2025-26,2026-03-23T02:08:00Z,Postseason,Amalie Arena,Alabama,A,Texas Tech,TT,90,65,FINISHED,CollegeBasketballData,2026-08-23T20:49:44+00:00
ncaam-372590,NCAAM,2025-26,2026-03-24T23:00:00Z,Postseason,Reynolds Center,Tulsa,T,Wichita State,WS,83,79,FINISHED,CollegeBasketballData,2026-08-23T20:49:44+00:00
ncaam-372591,NCAAM,2025-26,2026-03-25T01:00:00Z,Postseason,The Pit,New Mexico,NM,Saint Joseph's,SJ,84,69,FINISHED,CollegeBasketballData,2026-08-23T20:49:44+00:00
ncaam-372592,NCAAM,2025-26,2026-03-25T23:00:00Z,Postseason,UD Arena,Dayton,D,Illinois State,IS,55,61,FINISHED,CollegeBasketballData,2026-08-23T20:49:44+00:00
ncaam-372593,NCAAM,2025-26,2026-03-26T01:00:00Z,Postseason,Neville Arena,Auburn,A,Nevada,N,75,69,FINISHED,CollegeBasketballData,2026-08-23T20:49:44+00:00
ncaam-372587,NCAAM,2025-26,2026-03-26T23:10:00Z,Postseason,SAP Center at San Jose,Purdue,P,Texas,T,79,77,FINISHED,CollegeBasketballData,2026-08-23T20:49:44+00:00
ncaam-372594,NCAAM,2025-26,2026-03-26T23:30:00Z,Postseason,Toyota Center (Houston),Nebraska,N,Iowa,I,71,77,FINISHED,CollegeBasketballData,2026-08-23T20:49:44+00:00
ncaam-372586,NCAAM,2025-26,2026-03-27T02:05:00Z,Postseason,Toyota Center (Houston),Houston,H,Illinois,I,55,65,FINISHED,CollegeBasketballData,2026-08-23T20:49:44+00:00
ncaam-372595,NCAAM,2025-26,2026-03-27T02:06:00Z,Postseason,SAP Center at San Jose,Arizona,A,Arkansas,A,109,88,FINISHED,CollegeBasketballData,2026-08-23T20:49:44+00:00
ncaam-372589,NCAAM,2025-26,2026-03-27T23:10:00Z,Postseason,Capital One Arena,Duke,D,St. John's,SJ,80,75,FINISHED,CollegeBasketballData,2026-08-23T20:49:44+00:00
ncaam-372588,NCAAM,2025-26,2026-03-27T23:35:00Z,Postseason,United Center,Michigan,M,Alabama,A,90,77,FINISHED,CollegeBasketballData,2026-08-23T20:49:44+00:00
ncaam-372596,NCAAM,2025-26,2026-03-28T01:55:00Z,Postseason,Capital One Arena,UConn,U,Michigan State,MS,67,63,FINISHED,CollegeBasketballData,2026-08-23T20:49:44+00:00
ncaam-372597,NCAAM,2025-26,2026-03-28T02:35:00Z,Postseason,United Center,Iowa State,IS,Tennessee,T,62,76,FINISHED,CollegeBasketballData,2026-08-23T20:49:44+00:00
ncaam-372604,NCAAM,2025-26,2026-03-28T22:09:00Z,Postseason,Toyota Center (Houston),Illinois,I,Iowa,I,71,59,FINISHED,CollegeBasketballData,2026-08-23T20:49:44+00:00
ncaam-372605,NCAAM,2025-26,2026-03-29T00:59:00Z,Postseason,SAP Center at San Jose,Arizona,A,Purdue,P,79,64,FINISHED,CollegeBasketballData,2026-08-23T20:49:44+00:00
ncaam-372606,NCAAM,2025-26,2026-03-29T18:15:00Z,Postseason,United Center,Michigan,M,Tennessee,T,95,62,FINISHED,CollegeBasketballData,2026-08-23T20:49:44+00:00
ncaam-372607,NCAAM,2025-26,2026-03-29T21:05:00Z,Postseason,Capital One Arena,Duke,D,UConn,U,72,73,FINISHED,CollegeBasketballData,2026-08-23T20:49:44+00:00
ncaam-372598,NCAAM,2025-26,2026-04-02T00:00:00Z,Postseason,MGM Grand Garden Arena,Colorado,C,Oklahoma,O,86,90,FINISHED,CollegeBasketballData,2026-08-23T20:49:44+00:00
ncaam-372599,NCAAM,2025-26,2026-04-02T03:15:00Z,Postseason,MGM Grand Garden Arena,Minnesota,M,Baylor,B,48,67,FINISHED,CollegeBasketballData,2026-08-23T20:49:44+00:00
ncaam-372602,NCAAM,2025-26,2026-04-02T23:00:00Z,Postseason,Hinkle Fieldhouse,New Mexico,NM,Tulsa,T,69,74,FINISHED,CollegeBasketballData,2026-08-23T20:49:44+00:00
ncaam-372600,NCAAM,2025-26,2026-04-03T00:00:00Z,Postseason,MGM Grand Garden Arena,West Virginia,WV,Stanford,S,82,77,FINISHED,CollegeBasketballData,2026-08-23T20:49:44+00:00
ncaam-372603,NCAAM,2025-26,2026-04-03T01:47:00Z,Postseason,Hinkle Fieldhouse,Auburn,A,Illinois State,IS,88,66,FINISHED,CollegeBasketballData,2026-08-23T20:49:44+00:00
ncaam-372601,NCAAM,2025-26,2026-04-03T02:54:00Z,Postseason,MGM Grand Garden Arena,Creighton,C,Rutgers,R,82,69,FINISHED,CollegeBasketballData,2026-08-23T20:49:44+00:00
ncaam-372610,NCAAM,2025-26,2026-04-04T17:30:00Z,Postseason,T-Mobile Arena,Baylor,B,Oklahoma,O,69,82,FINISHED,CollegeBasketballData,2026-08-23T20:49:44+00:00
ncaam-372611,NCAAM,2025-26,2026-04-04T20:14:00Z,Postseason,T-Mobile Arena,Creighton,C,West Virginia,WV,70,87,FINISHED,CollegeBasketballData,2026-08-23T20:49:44+00:00
ncaam-372609,NCAAM,2025-26,2026-04-04T22:09:00Z,Postseason,Lucas Oil Stadium,UConn,U,Illinois,I,71,62,FINISHED,CollegeBasketballData,2026-08-23T20:49:44+00:00
ncaam-372608,NCAAM,2025-26,2026-04-05T01:19:00Z,Postseason,Lucas Oil Stadium,Arizona,A,Michigan,M,73,91,FINISHED,CollegeBasketballData,2026-08-23T20:49:44+00:00
ncaam-372613,NCAAM,2025-26,2026-04-05T21:30:00Z,Postseason,T-Mobile Arena,West Virginia,WV,Oklahoma,O,89,82,FINISHED,CollegeBasketballData,2026-08-23T20:49:44+00:00
ncaam-372612,NCAAM,2025-26,2026-04-06T00:00:00Z,Postseason,Gainbridge Fieldhouse,Auburn,A,Tulsa,T,92,86,FINISHED,CollegeBasketballData,2026-08-23T20:49:44+00:00
ncaam-372614,NCAAM,2025-26,2026-04-07T00:50:00Z,Postseason,Lucas Oil Stadium,Michigan,M,UConn,U,69,63,FINISHED,CollegeBasketballData,2026-08-23T20:49:44+00:00
